#{"t_start": 1780823610.8346288, "env_id": "None"}
r,l,t
-1.481813,16,2.460328
-1.675984,27,2.487459
-2.857738,22,2.510527
-4.624269,22,2.531136
3.145044,30,2.559323
2.766791,21,2.578708
-6.606795,26,2.602171
-3.487791,30,2.630098
-0.210659,16,2.645088
-5.7186,27,2.672069
-4.131254,18,2.689607
-2.737991,19,2.707064
-5.734368,18,2.7247
0.401538,30,2.752451
-2.121409,30,2.78178
-4.027535,12,2.793114
-6.271109,30,2.822213
-8.535867,29,2.848455
-1.21713,30,2.874572
-0.855916,15,2.88819
-2.676234,25,2.910481
1.554334,30,2.938043
2.606681,14,2.951674
-6.145051,30,2.988649
1.972945,16,3.017306
-0.695592,22,3.053795
1.085932,29,3.084851
-4.512382,29,3.113962
-2.404189,28,3.149143
-4.211065,23,3.178442
1.935853,19,3.199941
-3.746941,19,3.220504
1.561193,19,3.241356
-2.532757,13,3.25473
-0.767435,19,3.27222
-0.399188,20,3.29118
1.054614,30,3.320539
-0.193171,17,3.336469
-4.675497,30,3.36301
1.064482,25,3.386412
-1.02176,16,3.40245
-0.958831,30,3.429889
0.089774,15,3.443362
1.888596,18,3.459764
1.770788,19,3.47876
2.693661,30,3.505371
3.755249,18,3.520947
2.078009,30,3.546544
-2.48135,22,3.567141
-0.509582,30,3.593682
-4.759269,21,3.612978
-3.101085,30,3.638812
-1.474747,30,3.666167
0.432363,30,3.692212
0.114467,21,3.710872
1.195158,27,3.733606
0.020975,30,3.759813
-10.721302,30,3.785809
-0.908563,22,3.806238
-2.269497,30,3.830909
-5.667763,30,3.859376
-0.580831,27,3.883025
1.685186,12,3.894499
0.031966,30,3.921351
-1.994733,21,3.941515
1.485603,21,3.959869
-4.747105,24,3.983064
-0.17282,16,3.998818
2.510658,15,4.018938
0.124074,30,4.05602
2.09684,30,4.092937
1.561525,22,4.122749
0.13008,19,4.148331
2.824149,27,4.186133
0.429921,12,4.201489
-0.582468,11,4.215225
2.024035,30,4.246538
-1.255579,22,4.269467
-2.879872,16,4.284488
-10.281411,26,4.311315
-2.930122,30,4.341493
-3.910135,16,4.356965
0.846408,28,4.381732
-3.412198,17,4.396797
0.949967,21,4.415763
-1.710189,17,4.430368
-3.10924,26,4.454568
-3.046487,21,4.473594
-0.262312,26,4.498195
0.233939,28,4.523611
-4.966596,28,4.549191
-4.553708,18,4.563846
-10.635935,25,4.584277
-0.641476,22,4.600885
0.295145,21,4.618574
-0.201003,29,4.643308
-2.101757,30,4.671762
-4.733338,30,4.699871
0.075991,28,4.723845
-3.650477,24,4.745017
-0.582827,22,4.764619
-4.084459,19,4.78174
-3.288345,28,4.806602
0.96852,15,4.820515
-3.053437,19,4.83803
0.858142,10,4.847797
-0.152435,30,4.873334
-0.903512,16,4.887301
-0.582723,21,4.906486
1.067071,30,4.931343
-5.745098,28,4.95512
0.469514,30,4.978439
0.704571,30,4.999824
1.98891,30,5.026193
1.336841,30,5.051008
3.324109,30,5.076154
-1.909871,14,5.087474
-6.663041,29,5.110341
-1.402628,30,5.13206
-3.761428,26,5.152562
2.384707,25,5.173443
1.238289,30,5.198362
-3.889292,26,5.21845
-4.543565,17,5.231948
1.508503,30,5.258286
1.858386,30,5.284026
-3.1524,24,5.304292
1.755635,14,5.316656
1.628231,13,5.329479
0.639179,25,5.3525
2.176127,30,5.381241
-6.103707,21,5.39948
-11.868365,30,5.425995
0.706169,15,5.439098
1.780882,30,5.464467
1.25484,30,5.490626
-2.267122,30,5.515566
2.606995,30,5.541476
1.265405,21,5.560055
-1.244773,30,5.583067
-3.001205,30,5.609468
1.066446,17,5.624664
-2.873892,23,5.644467
1.01899,30,5.669532
2.840553,26,5.693857
-1.129721,24,5.714833
-6.542415,18,5.730449
-4.444993,26,5.749809
-2.237424,20,5.765228
-3.214825,18,5.780786
-1.69692,25,5.799407
-4.461711,30,5.82379
-2.512932,22,5.840865
-5.574556,27,5.865527
-3.424764,26,5.888287
-0.1404,29,5.91284
-3.759605,23,5.932058
2.284587,30,5.954857
-1.729409,24,5.973943
2.167316,24,5.995543
-11.33253,30,6.023292
-2.291928,30,6.049562
0.649599,26,6.071526
-2.122272,25,6.090973
-2.935687,29,6.114383
-1.352243,26,6.135468
1.078056,30,6.158262
-2.3858,30,6.181894
-1.951057,30,6.205011
2.187209,23,6.226134
0.752459,30,6.252546
1.229798,20,6.270487
-1.871686,28,6.296595
-2.287272,30,6.323359
2.263729,28,6.348589
0.183603,23,6.367697
-0.343436,23,6.385708
-8.012175,30,6.408529
-0.1423,16,6.421016
0.373128,23,6.438586
-0.709871,14,6.450516
-0.52699,16,6.464436
1.556476,30,6.490104
-1.82001,17,6.505503
-5.779379,18,6.521963
-0.718306,30,6.549488
2.021278,23,6.568511
-3.245583,30,6.593586
-0.015535,21,6.611726
-1.786552,29,6.636644
-1.532277,17,6.651356
-0.065021,30,6.676857
-4.142206,29,6.704308
-2.477873,30,6.730911
-0.486555,10,6.740242
1.025913,30,6.763426
-6.402496,30,6.789183
-9.638807,30,6.81635
-1.189569,13,6.828509
-6.329715,19,6.84503
0.718627,14,6.856892
0.922113,30,6.880657
-0.378876,10,6.889211
3.574602,23,6.90713
-6.363406,15,6.919437
0.282944,30,6.943203
-0.880528,30,6.965443
2.672936,30,6.998355
0.885958,14,7.011861
-1.356781,24,7.034248
2.649667,16,7.049152
0.417919,23,7.070479
-11.741866,30,7.097474
4.017285,29,7.122862
0.357121,24,7.143852
-3.888371,15,7.158188
-1.224728,30,7.192731
-4.332223,25,7.222489
0.8759,23,7.251605
-1.983754,30,7.290296
0.481849,30,7.330559
-5.894265,27,7.369987
-2.976071,22,7.399159
1.158791,17,7.421781
1.924774,30,7.46061
-1.324096,30,7.495285
-2.253175,14,7.513009
-0.380775,17,7.533383
1.193482,24,7.562323
1.936013,30,7.608121
-2.088398,13,7.623792
-3.804739,19,7.644896
2.049492,30,7.677445
-1.384776,30,7.711086
-3.215679,30,7.743635
-0.579911,30,7.771819
-1.972137,27,7.796917
-0.876298,18,7.813828
-0.296977,30,7.842313
0.519869,21,7.862054
2.924046,23,7.883277
-0.856842,30,7.911784
0.073648,13,7.923629
1.804264,26,7.946781
-3.673706,23,7.969373
0.119616,23,7.990416
-1.931043,20,8.009056
1.844845,18,8.025596
2.584004,17,8.041395
0.857326,30,8.066475
-0.178315,11,8.076473
-4.608044,22,8.097501
-2.332356,30,8.12392
1.361864,21,8.143804
1.243561,20,8.167625
1.265635,26,8.20085
-2.38769,25,8.235928
2.039221,26,8.268407
-3.471976,30,8.307056
1.608718,15,8.329627
-3.613448,30,8.374068
0.534484,30,8.41618
-2.291507,28,8.455483
-3.5612,21,8.494359
0.548617,11,8.508827
-1.792484,22,8.536532
1.608689,27,8.567567
-3.086347,22,8.590583
-1.932711,30,8.620923
0.503084,15,8.634915
-3.427568,30,8.661682
-3.613945,30,8.687762
-2.373605,19,8.706044
-1.525719,21,8.725642
1.467077,30,8.754581
1.382154,23,8.776145
0.475731,25,8.80002
-1.02242,30,8.827392
-1.934163,28,8.854428
-0.532767,25,8.876918
-0.910023,25,8.900208
-0.554831,13,8.912199
-3.238181,22,8.93103
1.039467,16,8.944088
1.886418,13,8.954916
-0.030435,13,8.967009
0.265474,24,8.988929
-1.41153,15,9.002604
2.777926,26,9.027013
-0.005034,16,9.041675
0.947922,18,9.058847
2.033321,17,9.074156
0.584354,19,9.091405
-1.963744,22,9.110928
-2.598453,21,9.130067
1.179048,24,9.152045
-7.095761,20,9.171381
-0.184047,30,9.197464
0.925117,30,9.224894
0.404131,30,9.250727
-1.868863,19,9.268766
2.291607,14,9.281775
-1.315783,30,9.306948
-2.063009,20,9.325031
-1.189071,19,9.343654
-7.997047,30,9.371828
0.525263,17,9.387478
-1.376018,30,9.414197
1.73837,14,9.427284
2.002739,30,9.453865
-6.3759,24,9.475107
1.368423,30,9.502157
0.496212,12,9.513326
1.29069,27,9.540448
0.656385,16,9.555594
-0.83793,30,9.580501
-1.563163,21,9.599079
-0.1716,30,9.625001
-0.394294,15,9.638539
-2.018429,23,9.659647
1.067341,30,9.686532
1.428045,30,9.712885
0.495854,24,9.733492
-4.534354,25,9.755634
-5.003762,30,9.783516
-3.066074,25,9.806926
1.977925,20,9.837048
2.260976,29,9.876013
-3.6337,15,9.892897
-1.01192,20,9.913162
3.014965,20,9.93169
-4.002379,30,9.958108
-2.92404,28,9.983468
-6.258187,25,10.007673
-1.075221,30,10.034279
0.47202,17,10.048392
3.505966,23,10.069433
1.947602,20,10.087736
-4.973288,26,10.110616
-1.062555,13,10.122317
-0.938124,30,10.14899
1.653588,22,10.170878
1.751261,21,10.194212
-3.139701,27,10.225071
0.874861,30,10.260459
1.41093,24,10.287164
2.347589,26,10.316548
-0.422949,30,10.348544
2.014244,30,10.380227
-2.121767,30,10.409627
1.671117,18,10.426605
-0.930725,30,10.451436
0.974947,26,10.475465
1.205097,30,10.501968
-3.555349,19,10.518684
-3.333596,30,10.542297
-0.633416,22,10.56045
-0.908419,16,10.576007
-0.906504,29,10.601196
-0.744073,28,10.626544
-3.267521,30,10.653594
-6.234135,23,10.673848
1.080296,16,10.688315
-4.253653,28,10.7132
0.780865,28,10.741104
-3.892251,24,10.762686
-2.884332,20,10.782971
-0.492605,14,10.795372
-0.810925,17,10.81478
-0.318391,30,10.841733
-3.353294,28,10.866039
-3.412711,30,10.889606
-4.749762,30,10.912306
0.377917,30,10.935543
2.007089,20,10.951164
0.84143,23,10.969223
0.792496,30,10.99472
2.669537,30,11.020721
-2.891169,30,11.047232
-4.132837,22,11.066635
-5.734044,30,11.094909
-2.40592,19,11.111938
-3.796612,27,11.135499
-6.48199,30,11.160145
-2.855947,20,11.177726
-1.685347,24,11.198823
-0.79723,18,11.21548
-1.667452,27,11.238208
1.391848,27,11.262403
-1.17541,25,11.284506
-2.379865,24,11.305702
1.071234,30,11.331611
-4.834517,18,11.348951
-0.628645,30,11.377736
-0.291959,27,11.401642
-3.624247,26,11.424339
-2.898744,30,11.450847
-3.689245,25,11.472572
-4.523912,30,11.499129
-1.644704,30,11.524391
-8.35483,27,11.548598
-0.182418,16,11.56291
-0.071446,30,11.588105
-4.259526,14,11.600365
1.034929,26,11.62337
-2.077773,26,11.646935
1.32703,30,11.671419
-0.324393,23,11.689926
0.422029,30,11.713547
2.848346,19,11.729515
-8.930946,23,11.747093
0.165557,16,11.75958
-2.940731,22,11.782072
-4.052279,30,11.810034
-2.315521,12,11.821655
-0.953401,20,11.839677
-2.997125,30,11.867249
2.903612,30,12.033881
-7.236743,24,12.072181
2.644416,15,12.095634
0.266283,10,12.114123
-0.773473,21,12.148078
-4.100115,30,12.195394
-1.359803,14,12.21679
0.795567,15,12.242459
-5.759894,22,12.276533
0.228836,24,12.314618
-0.582133,17,12.344413
0.404707,17,12.373169
0.051088,30,12.420092
1.025701,30,12.468005
2.767034,27,12.510716
-0.000546,18,12.539317
1.835043,30,12.587672
-5.98116,26,12.627902
-0.438269,25,12.665498
-0.02124,30,12.71691
-3.948427,30,12.765579
-0.811673,30,12.81464
-7.247211,22,12.847309
2.635125,16,12.874385
-5.273443,26,12.916814
-1.717851,30,12.962335
0.019653,30,13.010427
-3.367505,23,13.052331
-2.883374,14,13.073681
1.846556,11,13.092738
-4.88367,26,13.135804
-3.494426,28,13.187542
-2.963648,30,13.236168
0.851661,18,13.26504
-6.129228,30,13.31433
-2.000468,20,13.349843
-6.399355,30,13.394689
-1.915678,26,13.439466
2.913547,27,13.47998
2.26576,29,13.527668
0.827239,23,13.56426
1.719925,16,13.589461
-0.472737,27,13.627578
-2.56267,17,13.658763
1.4263,27,13.699654
1.103605,19,13.730051
-1.309912,14,13.752421
-1.448421,30,13.797415
1.744629,26,13.841285
-3.265111,30,13.885048
-2.694839,21,13.916568
1.007813,30,13.964672
-0.04857,23,14.000028
0.929118,29,14.043755
0.678437,19,14.072948
-0.879098,30,14.119096
4.258039,24,14.155538
0.641718,19,14.186107
-0.567051,22,14.217663
-0.543356,17,14.248142
0.333678,14,14.268642
-4.036715,30,14.31574
-2.736288,18,14.344217
-1.876373,24,14.384005
-0.585969,16,14.40817
-0.024901,30,14.454496
2.028972,30,14.500685
-0.005246,30,14.549515
-1.296682,23,14.583453
-3.031052,28,14.626371
-0.462862,30,14.673984
-1.226295,30,14.720095
0.228487,30,14.769032
0.603016,30,14.814194
-6.009079,30,14.862077
1.974515,30,14.908347
0.274979,10,14.925157
1.8969,30,14.96985
-0.338328,16,14.994677
2.766125,30,15.043412
-2.953535,12,15.063506
0.047498,28,15.107796
2.058854,30,15.152126
-4.479922,30,15.20118
1.057755,25,15.238923
-2.335452,23,15.276179
0.576541,30,15.322461
-6.840722,26,15.36627
-5.164863,27,15.408271
-0.452751,30,15.451058
-0.541569,19,15.481042
-5.790651,30,15.527703
1.236048,26,15.568818
-2.376495,24,15.603887
3.288609,28,15.647114
-1.236292,21,15.681548
-6.406288,30,15.727755
2.228534,19,15.753812
-8.628375,30,15.797961
-4.40886,20,15.830372
-3.647025,30,15.874846
-2.448156,30,15.919576
-3.088354,30,15.961795
1.944689,22,15.9969
0.987504,30,16.039141
-5.109939,30,16.09357
-2.069897,15,16.121103
-5.126289,29,16.175925
-1.761099,25,16.218005
-1.827736,19,16.252622
-6.260835,20,16.287018
-0.594368,30,16.337987
0.358418,17,16.369195
-4.066019,23,16.40227
-9.980263,30,16.451559
0.885316,22,16.487572
-6.722007,24,16.525578
-1.081211,30,16.572854
-3.17809,19,16.602139
-4.213035,30,16.649104
-0.869963,30,16.697709
-3.711023,30,16.742386
-0.935921,30,16.794652
-2.03718,30,16.842076
-0.324021,8,16.855943
1.821373,14,16.87926
2.905325,27,16.920082
-1.978969,15,16.945821
2.287325,20,16.977309
-3.456137,16,17.002239
1.505966,13,17.023117
0.379683,30,17.074326
-2.898292,26,17.118612
-1.067921,30,17.169573
0.525949,13,17.189543
-0.460478,17,17.218071
0.251926,14,17.241548
1.396215,18,17.27068
-2.320757,20,17.302694
0.419851,25,17.345768
2.035266,17,17.371576
-3.090712,29,17.416406
0.856852,28,17.458961
-9.596869,30,17.508541
2.762318,21,17.541261
-7.255068,30,17.586705
2.452723,27,17.629538
-5.472626,28,17.674547
0.440737,26,17.717663
0.594602,18,17.753795
-3.347034,26,17.818475
-1.529971,30,17.902275
-2.650961,12,17.937931
3.860047,22,17.99605
-0.883169,17,18.036072
-1.83075,25,18.098144
-0.974745,30,18.165473
-1.328459,26,18.209536
-2.9356,16,18.234982
-2.557926,30,18.284232
-2.553573,17,18.312736
1.840594,30,18.357279
-2.025327,30,18.403618
1.338329,30,18.452636
-4.93689,20,18.48544
2.484347,13,18.508615
2.644114,20,18.541772
3.164195,26,18.584098
0.762894,9,18.59777
0.766459,16,18.623796
3.172452,21,18.659017
-3.943937,30,18.707203
-5.075357,29,18.760911
2.541281,30,18.833249
0.290298,18,18.875437
-3.639233,30,18.948116
0.362312,18,18.995952
0.596799,10,19.031907
-6.292285,30,19.101583
-0.32401,19,19.150411
2.663637,27,19.200118
-2.435147,23,19.238013
-1.524035,29,19.281438
-3.431132,30,19.333259
-9.878799,30,19.383133
-1.657424,24,19.420735
0.934963,17,19.446168
-2.220642,17,19.475866
-1.751287,30,19.525061
-3.995903,24,19.563492
0.525692,30,19.61071
-2.509309,22,19.664073
-3.617921,23,19.708452
2.14181,19,19.739558
-8.831344,14,19.763695
-2.088204,30,19.811143
2.16206,30,19.86046
-1.521384,26,19.89874
2.081293,30,19.946209
-4.813024,30,19.995321
-5.064285,20,20.027998
0.048271,24,20.065585
-0.781889,22,20.1009
2.360206,28,20.148252
-3.197137,25,20.188894
1.179762,25,20.228638
-6.300361,30,20.285105
-0.667917,12,20.310472
-3.954597,19,20.346587
1.749647,22,20.385275
0.347596,28,20.432161
2.497001,13,20.454278
-2.779014,20,20.485078
-2.390465,30,20.533225
1.455101,30,20.577793
-0.935956,21,20.617039
-1.59774,30,20.662337
2.168234,25,20.700958
2.078931,25,20.74177
2.203229,30,20.800482
1.998982,30,20.866774
-2.15557,30,20.931374
-1.388386,30,20.993369
-4.590065,30,21.044067
-1.073025,20,21.077173
-2.7279,30,21.126032
-6.922656,23,21.160045
1.576278,18,21.190918
0.108415,28,21.235582
-0.767116,30,21.28071
-6.105962,30,21.329824
-0.528633,21,21.364268
1.303748,25,21.403433
1.79176,30,21.45163
-0.512908,19,21.481264
-4.569011,30,21.528309
-5.738142,24,21.567278
-2.897109,30,21.614794
-13.483976,27,21.654062
2.059402,30,21.703214
-0.292658,15,21.728044
-11.186872,22,21.761006
-0.142805,26,21.802117
3.64434,17,21.830237
-2.784781,30,21.875222
0.349243,30,21.921508
2.6171,19,21.951616
-1.668513,23,21.987181
0.945543,13,22.010309
-0.175933,30,22.053258
2.378052,21,22.08396
-8.417363,30,22.134674
1.318303,17,22.160616
-2.760007,26,22.202668
2.156635,27,22.242404
1.537241,19,22.274705
-0.518239,20,22.306026
-0.290162,30,22.352708
1.306282,29,22.396886
0.101016,30,22.443147
-2.10113,28,22.488112
2.476099,25,22.528537
1.423832,30,22.573722
-1.697972,30,22.624353
-0.402364,30,22.67006
0.23549,23,22.706794
2.879054,30,22.75626
-0.776085,14,22.7826
-3.959419,28,22.827952
-8.414817,30,22.874642
-1.175801,22,22.912148
1.903553,16,22.941689
-4.893502,18,22.968065
-0.870413,10,22.986177
-2.913267,26,23.02597
1.085119,22,23.063193
-0.873593,18,23.08954
-0.020449,30,23.138434
-6.930949,25,23.179579
-0.403549,14,23.204446
2.135544,12,23.225425
-2.18609,28,23.270612
0.309455,12,23.290587
2.095939,30,23.338331
-1.255018,30,23.389038
-2.774906,15,23.412372
-4.820431,30,23.461521
-5.166059,21,23.497803
0.331698,21,23.52998
-3.581921,21,23.563866
-3.928576,28,23.606388
0.049709,15,23.631243
-4.537831,30,23.682185
-1.584632,25,23.720816
-1.350566,23,23.759792
-1.506489,22,23.796243
1.063479,9,23.812575
-3.722489,21,23.84588
-8.955915,30,23.895368
-1.889874,21,23.930727
-3.917718,21,23.962683
2.910108,20,23.99482
-0.643397,17,24.022043
-1.124032,24,24.060407
-0.954018,23,24.098657
0.642906,25,24.137251
-9.052934,30,24.183146
0.696698,23,24.220031
-3.347773,26,24.262902
-4.186396,16,24.287702
2.394526,19,24.317928
-2.032833,30,24.369449
-1.358642,30,24.415756
-1.384757,30,24.460775
-2.636096,20,24.492069
-0.189816,30,24.541406
1.569783,30,24.587748
1.450636,30,24.63636
2.320626,26,24.675476
-1.384475,19,24.709095
1.457388,24,24.746614
0.705772,20,24.778089
0.49785,19,24.808344
0.926489,24,24.849908
-5.569472,30,24.8956
-2.264286,30,24.943305
-0.150235,14,24.963607
-4.634228,24,25.003117
2.71088,28,25.047505
-8.057035,22,25.081706
-1.104063,26,25.12261
0.131574,28,25.168905
-0.150105,13,25.189012
2.015422,30,25.236335
-1.292261,24,25.272505
-1.986505,26,25.314605
1.430497,18,25.346552
2.364268,15,25.370462
0.914371,30,25.415756
2.740537,15,25.441447
0.775286,14,25.463715
-12.5502,30,25.510342
0.100369,17,25.538285
-0.581769,30,25.588912
1.32461,26,25.628527
-6.868617,30,25.675431
-5.312333,14,25.696831
-15.058395,30,25.746004
-0.093574,28,25.789637
1.112026,30,25.835331
3.169061,18,25.865695
-0.167792,15,25.88878
2.651672,11,25.907521
-4.863533,22,25.94332
0.082561,17,25.969044
-1.340985,23,26.008569
0.580563,12,26.02723
0.878936,14,26.047603
-0.069228,30,26.094302
2.866954,27,26.136487
0.948179,13,26.159021
2.149055,25,26.198116
-1.887308,23,26.234445
0.872381,19,26.264105
1.981425,26,26.305035
1.964391,30,26.348814
0.666877,18,26.378589
0.402686,24,26.417696
-3.355233,30,26.462381
-11.808228,30,26.510843
1.996655,20,26.54273
-0.982615,25,26.582426
-7.290276,18,26.612586
2.343716,30,26.657294
2.961872,23,26.694455
-0.533672,27,26.739451
-3.718182,30,26.784453
1.259476,21,26.818281
1.301408,30,26.863486
-1.741244,30,26.90952
-6.429036,27,26.953455
-4.600117,25,26.990653
-4.120834,30,27.03706
1.076601,28,27.079995
1.57888,18,27.108514
1.094302,28,27.152514
-7.771735,30,27.199551
-0.455497,24,27.23872
2.001125,19,27.269968
-2.49444,30,27.313399
-0.451351,28,27.357372
-2.2659,16,27.384472
1.006167,12,27.403054
-2.698981,19,27.434078
0.899115,30,27.478257
-2.851208,27,27.522168
0.475832,30,27.568236
1.084279,23,27.601499
1.783875,21,27.636592
0.714205,30,27.681902
2.597506,30,27.73107
-2.058643,17,27.756846
3.081972,30,27.801975
2.190266,30,27.850531
-0.957967,28,27.893917
-0.935617,20,27.923671
0.553219,22,27.956816
-3.5105,17,27.986908
-1.007514,25,28.024945
-0.792289,30,28.068798
-2.982762,23,28.105191
1.5745,26,28.148685
-0.486102,17,28.176037
1.643988,21,28.207242
-2.197987,16,28.232386
-6.470838,30,28.281069
3.050145,30,28.328081
-3.056081,18,28.356581
1.572162,30,28.399631
0.505532,10,28.419251
1.360997,17,28.446167
0.748138,28,28.490718
-3.240445,18,28.516734
0.675938,23,28.556069
2.420022,19,28.586819
-1.528438,24,28.624089
2.405891,19,28.652367
1.109693,14,28.674905
-3.457669,27,28.716664
1.167831,25,28.754621
0.533814,13,28.774647
2.13061,21,28.812233
-0.677864,17,28.838592
0.805821,27,28.88139
-0.546939,11,28.898485
1.733778,14,28.923469
-1.028383,25,28.963826
-4.551562,30,29.012334
0.604916,30,29.05662
2.129214,12,29.077528
-1.842505,17,29.105512
-1.809479,22,29.140527
1.999286,30,29.185227
-1.179017,18,29.219688
-8.091092,23,29.255955
-5.096385,30,29.299519
0.606198,30,29.345166
1.744914,27,29.406069
0.676836,30,29.45889
1.400539,24,29.498253
-1.869927,23,29.535034
-0.372236,14,29.557175
0.013824,15,29.584004
-4.623129,30,29.628782
-0.445906,30,29.674484
-5.856438,12,29.695236
-0.337394,25,29.734025
-1.91806,17,29.759644
-5.078771,29,29.806732
1.154795,30,29.854307
-0.133968,30,29.901403
-0.637854,30,29.944067
0.073822,26,29.984958
-2.902299,30,30.033816
1.965478,29,30.078923
-4.353899,19,30.107855
-6.367915,30,30.153492
-0.575347,19,30.184294
-2.161591,30,30.229735
-1.574458,30,30.272452
-4.957388,30,30.320066
1.514224,30,30.369095
-14.682998,30,30.415335
0.835644,21,30.44616
1.71952,29,30.492654
0.352101,12,30.514594
1.789625,18,30.544603
-8.465019,27,30.587707
-4.914713,21,30.620111
-1.025557,22,30.65525
-0.211899,30,30.702793
-12.429151,30,30.747474
1.630231,30,30.794485
-7.896947,30,30.841612
-1.759692,30,30.888347
-0.792135,16,30.912724
-1.419832,30,30.956029
2.520144,22,30.992733
-0.934131,19,31.023893
0.468429,21,31.056773
-0.232978,21,31.087548
0.720311,19,31.120408
-1.037835,23,31.157485
2.253833,22,31.191626
0.509007,30,31.236342
-6.575372,25,31.275516
-2.234143,20,31.308221
-4.085646,30,31.352258
-3.719358,27,31.392904
0.911948,27,31.436643
-1.099625,28,31.479972
-7.666481,30,31.522677
1.016989,16,31.547541
-0.127085,24,31.587246
-1.130217,11,31.605881
-3.568317,30,31.655227
1.630678,22,31.685424
-0.765975,28,31.730642
-2.820214,22,31.76606
1.531214,23,31.799311
2.319032,30,31.846578
-0.478984,30,31.893402
-1.851396,25,31.933462
-4.122855,28,31.977108
-5.773388,30,32.0211
1.965342,30,32.068795
-3.714035,24,32.106046
-0.860392,30,32.152522
-2.333697,30,32.197653
-0.564031,30,32.24419
-6.976418,26,32.286595
0.826818,22,32.319437
0.557188,27,32.362067
2.875884,30,32.410022
-2.516291,22,32.445495
2.602967,30,32.491396
0.381223,30,32.538503
-0.805222,16,32.565546
-0.111741,28,32.609477
-1.028899,30,32.651273
1.36749,22,32.684307
-0.792252,25,32.726786
0.050727,29,32.773526
0.902482,30,32.819674
-0.826477,19,32.851078
-0.16867,16,32.878219
-3.238231,24,32.917003
2.581031,20,32.949602
-0.570195,17,32.976849
2.446601,25,33.018805
-3.167751,29,33.062325
-0.301656,21,33.096339
0.864187,30,33.140203
2.776616,14,33.165167
-6.071828,24,33.204453
-5.663623,30,33.253798
-3.215093,23,33.288396
-0.04261,30,33.336781
0.703045,9,33.353307
1.33427,24,33.390487
-1.141702,13,33.41151
-6.572757,19,33.443079
1.454844,29,33.489418
-0.652003,22,33.522196
-17.903809,30,33.574205
-2.906011,22,33.609417
-5.960306,22,33.645509
0.561024,30,33.69007
-0.142148,27,33.732666
1.190295,30,33.781782
-2.144331,30,33.8267
-1.073365,30,33.873669
1.940523,30,33.918064
-0.003051,26,33.958895
-0.656094,28,34.003731
0.082892,30,34.047624
2.126622,17,34.073128
-0.361458,28,34.116207
-5.078908,27,34.159075
-4.989565,17,34.186931
-3.647278,16,34.212606
-1.445053,24,34.251631
-8.399039,30,34.301613
-1.302696,29,34.345935
1.383903,30,34.3922
2.877566,20,34.425586
-6.111724,30,34.471023
-4.644243,25,34.509242
1.523721,16,34.534227
-7.365805,20,34.566536
1.985016,18,34.595427
-2.850919,30,34.63984
-0.795853,28,34.681221
-2.187054,30,34.730099
-5.987435,24,34.767421
-0.363179,14,34.788992
2.205624,30,34.834294
1.104717,22,34.870029
2.934105,29,34.915448
-7.097996,29,34.959557
-0.757632,24,34.997237
-9.482585,30,35.043392
1.10235,25,35.084495
-1.036029,30,35.129611
0.299471,30,35.176904
2.792494,17,35.203671
-3.415076,21,35.23786
-2.423826,30,35.28382
-5.836366,30,35.330447
-1.132218,22,35.367333
2.051017,30,35.41286
-10.126255,30,35.460408
1.08763,8,35.473002
0.6413,30,35.518302
-1.176138,15,35.54248
-1.99261,26,35.581425
1.2766,30,35.62861
-6.722044,26,35.669148
-3.016036,29,35.714397
1.122878,15,35.736316
-0.32502,21,35.771899
0.097909,27,35.816459
-1.788249,12,35.834717
-0.183098,13,35.857194
2.483313,30,35.900922
2.065476,30,35.951016
-2.350363,22,35.985085
-2.413106,28,36.027301
-0.853775,22,36.062228
-1.118978,30,36.109509
-5.550752,29,36.152485
0.609844,22,36.188307
-3.258863,27,36.229514
0.522776,29,36.275803
2.607272,30,36.319206
0.088748,27,36.361129
-0.396901,26,36.403001
1.452744,30,36.450045
-1.878269,30,36.498409
1.048581,20,36.529438
-1.216397,15,36.55089
0.966694,19,36.583886
-0.492845,11,36.601137
-3.107085,30,36.645506
2.493985,27,36.687791
1.233096,22,36.724555
1.455843,19,36.752367
1.215801,16,36.777739
-4.327919,14,36.799549
-4.566504,30,36.847691
-6.222096,30,36.897093
-3.016745,30,36.941629
-0.315684,12,36.960309
2.713614,16,36.987394
-12.960118,30,37.034947
-1.033529,25,37.072514
-2.589843,24,37.107853
2.350878,21,37.14417
-3.477212,22,37.180932
-0.090055,16,37.204465
2.761616,19,37.235441
0.780283,22,37.270506
-2.553854,14,37.292959
-2.978202,30,37.33748
1.866263,20,37.369455
-0.304515,20,37.402166
2.268336,25,37.441343
-4.187524,16,37.466862
-1.23973,30,37.513838
-0.342064,30,37.561702
-2.039883,26,37.602515
-2.652403,14,37.624065
1.834154,12,37.642753
-1.271463,26,37.68771
-0.103085,30,37.734499
-3.591887,30,37.781189
-0.339127,16,37.80569
4.346428,24,37.845355
3.658376,26,37.88435
-9.197589,30,37.930299
-3.113001,25,37.966478
1.764054,17,37.993926
1.050073,30,38.04156
4.016361,26,38.080437
0.477741,30,38.127211
-6.074423,24,38.168618
2.096474,23,38.204462
-2.156268,20,38.23691
0.732634,24,38.273386
2.093349,29,38.319005
-3.04348,28,38.361774
0.32133,30,38.405569
-3.834235,17,38.433772
0.362348,30,38.484237
-4.77373,30,38.533363
-4.306625,30,38.578728
0.297296,18,38.608264
-0.186944,7,38.618726
-2.422394,25,38.663323
-3.337672,30,38.709198
-1.855622,30,38.754102
1.366412,23,38.789818
-0.132193,21,38.824456
0.913203,14,38.84475
-4.077319,30,38.893529
-2.761958,28,38.937094
1.079147,26,38.975723
1.567989,30,39.023586
-0.513944,27,39.06235
-0.839128,30,39.112914
2.137086,30,39.158554
0.637907,17,39.187038
2.119385,30,39.231572
-0.229526,30,39.280611
0.089176,27,39.321604
1.863655,25,39.360581
-0.564652,30,39.405089
-3.482761,26,39.451209
-3.46039,30,39.497272
0.763558,29,39.540661
-6.206287,30,39.58707
-0.059636,16,39.616439
-0.185319,13,39.6366
-5.116617,30,39.683702
-0.988782,21,39.715812
2.254702,26,39.757638
1.607513,9,39.774579
1.76001,30,39.820137
-7.699661,18,39.849006
-0.349518,19,39.879409
0.863264,30,39.927427
-3.596298,30,39.971562
1.937973,20,40.001436
-2.761462,11,40.023676
0.586633,13,40.043622
-2.490787,23,40.082795
-6.055154,20,40.114706
-3.957727,30,40.164853
-1.879939,15,40.186782
-0.987625,17,40.215323
-1.856803,30,40.261108
0.247216,12,40.283979
2.571997,30,40.335503
2.421393,30,40.387427
-1.093425,26,40.434997
-4.279861,26,40.479516
-1.616168,30,40.529021
-5.739598,25,40.567271
0.059986,30,40.611781
1.938755,30,40.659754
-0.02262,17,40.686862
-2.561921,30,40.733994
-0.768116,18,40.759832
0.119852,30,40.808906
-0.574074,24,40.845475
-0.230012,30,40.89108
3.682636,24,40.927338
2.193607,27,40.969789
0.494373,27,41.012404
0.517038,20,41.042716
-2.585724,28,41.085179
-0.617539,26,41.124241
1.921806,20,41.154852
0.46459,20,41.185455
2.225739,30,41.233462
-0.463449,14,41.256421
-4.296933,26,41.298602
-1.369946,19,41.325876
0.649347,30,41.377577
1.501101,17,41.421443
-1.126447,30,41.47496
2.270331,30,41.524684
0.104393,30,41.573998
-9.70914,30,41.622014
2.145922,25,41.660628
-1.023156,24,41.698287
1.082709,30,41.745546
-1.215264,30,41.794482
0.087212,13,41.819629
2.528507,30,41.866127
-5.432714,14,41.888793
-1.707293,14,41.912268
-1.378692,21,41.943944
-8.168404,27,41.986609
1.894926,30,42.03212
-5.508892,30,42.081151
-3.37606,19,42.11203
0.08443,30,42.159178
-0.191944,26,42.200599
-0.538415,22,42.236717
-1.761722,11,42.256041
-3.66173,20,42.286935
1.752485,23,42.3237
-1.333345,14,42.347129
0.105161,19,42.378019
1.721839,14,42.400189
-0.843931,15,42.422056
0.969374,17,42.45191
0.67713,16,42.48004
-0.205857,18,42.513599
-5.809325,23,42.5574
-3.227322,19,42.598443
0.992367,25,42.649181
3.289534,21,42.682894
-1.062273,27,42.728599
-2.329907,20,42.766341
3.704836,27,42.815127
-6.399453,21,42.849019
-0.289122,23,42.885183
-5.859635,17,42.914733
-3.302178,18,42.943072
-7.881069,30,42.990087
0.790498,30,43.031459
1.954418,25,43.082875
1.627252,15,43.107813
-1.697213,15,43.133423
-0.627157,30,43.181928
-0.09043,30,43.228471
2.664642,27,43.270352
-4.421753,25,43.309616
1.623058,24,43.346839
0.428984,16,43.37318
0.730943,24,43.411832
1.505038,25,43.450874
0.036794,30,43.500664
-4.558405,15,43.527777
-1.717544,30,43.574337
-1.312621,26,43.63285
0.219352,25,43.678825
-1.645909,22,43.715889
-2.105791,30,43.766413
2.849571,22,43.798948
-1.455303,30,43.848871
-0.468108,30,43.897395
-3.367866,30,43.946031
1.012864,24,43.98366
-0.119518,29,44.026593
1.872941,30,44.090295
-1.645652,26,44.131045
-2.205089,19,44.16545
-2.746911,15,44.196368
-3.206324,26,44.2437
1.037179,30,44.298448
-1.208469,30,44.342825
-3.876115,25,44.383241
-1.085704,14,44.412964
-2.568207,16,44.438184
-3.864254,30,44.484878
-4.564462,30,44.532393
-2.460798,17,44.559222
-11.286882,30,44.60804
2.643409,11,44.624872
3.304351,29,44.674031
-2.161373,21,44.708724
-1.19108,23,44.75178
1.427018,30,44.797846
-0.678149,30,44.843841
1.884028,30,44.892308
1.052749,20,44.922286
-1.533682,13,44.943973
-1.739412,19,44.973134
-1.267103,30,45.021959
-0.842319,26,45.076619
1.870934,30,45.133408
-4.784883,22,45.167267
-4.122547,26,45.212363
-1.410276,16,45.237656
1.283876,30,45.282172
2.300411,30,45.329294
2.548851,30,45.376119
-5.206598,27,45.419168
0.784638,30,45.463933
-6.294749,30,45.51003
-7.162827,30,45.555444
0.36698,8,45.568077
2.462489,16,45.593888
-0.049066,25,45.638075
2.519607,18,45.669235
-0.193437,26,45.712921
-3.286046,12,45.734184
-0.481529,30,45.778976
1.615066,30,45.827913
1.624863,30,45.87636
-2.207134,16,45.902612
-6.259833,28,45.94828
0.813973,21,45.982979
-3.434235,28,46.027109
-1.050642,25,46.067078
-0.670951,21,46.100084
-1.865036,25,46.151942
-1.421917,30,46.199669
0.109862,26,46.239945
-3.36892,30,46.292382
-3.394708,25,46.337343
0.469748,21,46.369843
1.728309,26,46.411638
-1.037605,20,46.443056
3.049567,25,46.483489
-4.496699,21,46.517004
-6.279308,27,46.559987
-0.391481,27,46.602085
-0.580515,30,46.64926
-1.833061,30,46.697594
3.156418,30,46.742015
0.790095,29,46.784676
2.03448,30,46.835637
-0.369976,30,46.88088
-2.696435,30,46.927889
1.840879,17,46.95482
1.176178,17,46.98534
-1.536682,22,47.022607
-7.469248,28,47.066044
1.746911,14,47.08667
-1.091393,30,47.139655
-2.166651,25,47.182432
-0.272708,30,47.230626
-0.448464,27,47.269997
0.181135,28,47.316856
-0.869631,30,47.364302
-7.710309,19,47.394375
-2.359559,30,47.440173
0.8815,22,47.478216
1.566879,22,47.511911
2.010076,30,47.558764
-0.402139,30,47.602928
1.293537,30,47.655735
2.900983,21,47.689472
0.109735,16,47.716533
0.510368,30,47.763043
1.137309,30,47.814347
0.382323,18,47.841305
-8.948689,19,47.871365
-1.537115,30,47.916442
-5.683885,30,47.961579
-0.683894,12,47.980921
-4.072832,30,48.0267
-0.295857,30,48.072561
-1.679181,26,48.117124
-0.410021,30,48.162963
-7.392676,23,48.199371
-1.458717,15,48.22451
-0.889546,25,48.264008
-7.446912,29,48.311842
0.741725,30,48.361394
-1.630404,16,48.390683
1.025022,25,48.434615
-3.925049,30,48.485163
1.968647,30,48.53685
0.702686,29,48.583802
-1.810043,26,48.630311
2.199407,30,48.676899
4.071867,17,48.706152
0.227923,20,48.739725
2.444346,23,48.781775
-0.072536,21,48.815356
-1.500363,18,48.844688
0.89017,29,48.89002
1.936626,18,48.921274
1.332029,20,48.953177
-3.060371,30,48.997796
-4.618415,30,49.044532
-0.23568,30,49.091147
3.211465,21,49.124094
2.90665,16,49.150121
-5.925243,25,49.191334
1.079909,30,49.238079
-2.800772,29,49.279381
2.421347,18,49.309747
1.851001,28,49.354083
1.745867,30,49.401643
-2.821256,27,49.444674
-0.420367,30,49.492469
-2.063243,30,49.536723
-0.321524,22,49.573002
-1.690681,30,49.617595
-1.097451,26,49.660022
-3.109559,12,49.67824
0.248266,24,49.716516
0.092158,13,49.736948
2.760207,27,49.778993
0.266469,9,49.791973
1.31591,15,49.81859
0.934473,21,49.849389
-1.757963,30,49.892752
3.807389,23,49.927564
-2.154077,13,49.950193
0.74913,29,49.998466
0.211617,30,50.041529
2.468778,29,50.083123
-0.643357,12,50.104362
0.698924,30,50.150962
0.521691,20,50.183933
-3.429692,26,50.221301
-5.21846,28,50.267422
-3.936214,21,50.303619
-0.99104,19,50.330833
-1.298716,23,50.367562
-2.323474,29,50.41546
-9.1e-05,17,50.443759
-0.151055,17,50.471506
2.524228,30,50.51639
1.688366,28,50.563308
-11.187493,28,50.63119
1.771534,26,50.70669
1.643521,15,50.751127
2.321059,24,50.823383
-0.342435,22,50.884876
0.940793,30,50.95911
-0.001012,30,51.018063
-4.497392,25,51.063978
-2.419051,18,51.095723
2.087018,30,51.138884
-0.281329,25,51.181487
-4.772802,30,51.232942
1.696891,22,51.271154
-3.653756,19,51.299995
-7.213663,28,51.351314
-4.404892,19,51.386263
0.020886,12,51.404446
-3.782245,19,51.435837
-0.490407,30,51.479576
-3.0136,30,51.529623
-1.186056,18,51.555705
3.012658,21,51.604229
0.291915,27,51.667247
0.183468,28,51.743877
-0.95593,30,51.821596
2.886567,18,51.862618
-4.74876,15,51.901427
1.840615,30,51.975501
1.458774,10,51.996981
2.936038,22,52.038468
3.517424,21,52.073231
-0.210299,16,52.102118
-5.185898,19,52.132349
1.546334,24,52.171586
2.579834,19,52.202833
-1.673189,30,52.25542
-0.449668,25,52.301186
-2.497658,24,52.341114
-4.074733,21,52.373404
-5.094114,28,52.419917
0.428546,30,52.468315
-4.362138,14,52.494123
2.299608,16,52.51879
-3.050818,30,52.570097
0.906961,16,52.595788
1.874428,22,52.63057
0.103013,10,52.647754
-1.88855,24,52.688109
-2.192906,26,52.731795
-0.545463,26,52.779004
1.19753,17,52.806173
-8.041027,20,52.840784
1.019697,17,52.868402
2.978374,30,52.91649
3.255338,29,52.961097
2.266883,23,52.999981
-2.33327,30,53.047005
4.055984,30,53.097905
0.977433,22,53.129516
2.400676,22,53.169221
-7.176198,30,53.21976
0.322507,9,53.235659
-4.375321,30,53.2798
-1.405598,24,53.32159
2.239116,22,53.35952
0.572284,30,53.402824
2.997789,26,53.445087
0.471036,25,53.488518
2.609739,20,53.518648
1.403779,20,53.550756
2.128584,29,53.604974
-2.7719,20,53.65824
-0.852507,13,53.69159
-10.731106,30,53.765324
2.81595,23,53.817512
-5.734335,30,53.872658
-4.267642,25,53.913171
1.03334,18,53.94359
-2.648409,28,53.9873
1.780974,30,54.034427
0.175073,14,54.059536
-5.412777,27,54.103904
-0.00556,24,54.141599
2.344882,30,54.18897
-4.629912,30,54.238659
-3.348643,20,54.272162
-2.475233,30,54.316387
-6.291284,26,54.359721
3.121888,25,54.39871
-4.704306,18,54.425996
-0.830601,29,54.471893
-5.368572,30,54.541314
1.716269,19,54.574589
-2.577541,30,54.622474
-2.730249,27,54.66386
1.433114,19,54.695224
-10.649597,30,54.738217
1.62135,23,54.773711
0.694601,30,54.82184
2.114546,22,54.857085
0.145939,30,54.906073
-6.181776,21,54.937802
-1.615675,30,54.980834
-1.90058,30,55.029132
1.026668,12,55.04824
-0.882623,30,55.092934
2.328863,17,55.121244
-10.529053,24,55.160712
-3.420989,26,55.200764
3.30903,30,55.248399
-5.021033,30,55.290751
-3.239352,20,55.32418
4.148478,30,55.373825
-0.296443,16,55.3984
2.042425,22,55.430251
-4.107842,30,55.478138
0.738703,17,55.504907
-4.174751,30,55.549177
-0.836794,27,55.591822
0.661794,30,55.641994
-3.017239,29,55.68795
-0.867067,30,55.734071
-2.174774,30,55.779255
0.814723,30,55.824938
-2.055471,26,55.865218
0.443872,20,55.896641
-1.02212,18,55.922969
2.886371,29,55.972866
2.117149,18,55.999479
-2.580121,19,56.029279
-7.459355,16,56.053616
-3.982641,30,56.098833
-9.854129,30,56.144564
-4.42766,21,56.176975
-1.856928,20,56.207424
2.539138,30,56.258168
1.612374,28,56.302445
-1.377694,22,56.335732
-1.107064,28,56.378813
-1.173141,22,56.416677
-5.918437,22,56.449625
-3.100641,30,56.49683
-8.207188,30,56.53925
0.933245,21,56.572947
-10.003931,30,56.619971
-0.005901,30,56.662812
-0.19586,15,56.685876
-3.372417,30,56.736579
0.660536,19,56.76348
0.886817,18,56.792806
0.960142,12,56.811166
0.827883,30,56.859024
-9.993643,30,56.905839
-1.450253,26,56.942884
-1.74516,20,56.972794
-9.320386,22,57.01138
-2.043482,28,57.053529
3.060821,29,57.098205
2.009851,30,57.142883
-1.125585,30,57.195406
0.675116,28,57.238588
-1.77439,30,57.285845
0.878311,13,57.305467
-8.652451,30,57.35386
-2.167644,30,57.399897
1.447146,13,57.422158
-0.645143,30,57.4681
-3.983918,30,57.514106
0.470953,29,57.558156
-4.648138,19,57.588001
0.998419,27,57.630164
-2.421125,21,57.663987
-0.226509,22,57.69899
-0.065584,30,57.74553
-3.636175,30,57.794252
-0.987735,29,57.84266
-3.604473,30,57.886181
-1.001153,26,57.92665
-4.376155,30,57.970727
-0.631682,30,58.020639
0.694702,24,58.058491
-0.507866,21,58.088454
-2.029459,22,58.122611
-1.277794,30,58.168031
-2.183475,12,58.188323
-7.444306,29,58.2327
2.720558,20,58.263864
0.72538,30,58.314688
-3.164833,21,58.348309
-3.240431,16,58.373188
1.183257,21,58.405169
1.651801,30,58.456895
1.546749,30,58.504042
-6.878806,30,58.552582
2.295862,29,58.597492
3.306339,16,58.625233
1.779811,23,58.661973
-0.107548,30,58.707244
-2.091383,28,58.750116
-8.273744,28,58.796993
-4.935668,16,58.823397
-1.03661,21,58.85808
2.320947,30,58.90267
0.621423,17,58.929714
-4.778976,30,58.977509
-0.06429,30,59.021806
-2.256597,30,59.070605
-0.187848,30,59.116818
-1.148553,30,59.162663
2.274776,15,59.187282
0.191454,16,59.215034
-2.231502,11,59.234991
1.446178,17,59.26614
-1.134824,30,59.314152
-0.273923,23,59.351162
1.822778,30,59.401178
-5.206121,30,59.448814
-2.405331,30,59.494085
2.135347,21,59.526598
1.659834,21,59.562279
2.919275,20,59.593519
0.123028,30,59.638097
-8.985237,30,59.68606
0.25234,30,59.735966
-3.395383,27,59.780105
-1.916143,18,59.808346
0.794448,25,59.846666
-2.232267,12,59.8702
0.738121,21,59.902479
0.112533,30,59.950318
1.649681,13,59.969043
-3.377629,30,60.020726
-1.999808,30,60.067283
0.573707,27,60.110726
-1.244351,30,60.15488
-0.727811,30,60.204256
-4.856011,30,60.250771
-2.019564,30,60.299376
2.519592,30,60.342522
-0.003669,30,60.391318
-0.026089,28,60.435628
-3.023851,30,60.480176
-12.904384,30,60.529244
0.756754,22,60.564445
2.41121,30,60.614675
2.403819,15,60.636977
0.683018,16,60.663015
3.158352,30,60.713821
-0.103533,30,60.759931
-2.351964,30,60.808264
2.658562,17,60.833813
-3.852275,26,60.879005
2.325967,13,60.900494
0.547869,30,60.946503
0.158995,15,60.970453
1.764271,30,61.021761
-0.827872,30,61.066772
-7.801586,30,61.114445
0.060576,21,61.146853
-3.841111,25,61.18837
0.735318,21,61.221302
-1.494583,30,61.270065
0.427024,30,61.314913
-1.545255,18,61.346219
-0.392194,30,61.391156
0.688327,25,61.430923
-7.54403,30,61.477547
-1.206863,30,61.524178
0.316403,30,61.566535
-0.636743,13,61.586367
-1.062316,12,61.606152
-4.694748,30,61.659243
-5.394549,24,61.697607
0.993396,30,61.74274
-2.715506,30,61.78819
-3.127458,30,61.835367
-5.007866,30,61.880929
0.748847,25,61.920068
-6.506425,23,61.956117
-0.223356,26,61.99684
0.040108,30,62.046261
-0.92431,30,62.091822
-1.266492,30,62.139075
-0.366015,12,62.159394
-4.907563,30,62.206979
1.217262,30,62.257851
-5.078815,18,62.284872
0.928275,23,62.323885
-5.451498,27,62.368847
-1.042653,24,62.404513
1.716003,30,62.449239
1.041315,28,62.49669
-2.622317,30,62.545372
-2.425038,29,62.590087
-2.509738,13,62.608886
-9.249231,30,62.660451
-8.123881,24,62.698506
-1.634358,14,62.722382
3.956401,24,62.763009
0.902606,16,62.79035
-1.948071,25,62.831622
-0.132962,30,62.876139
-4.863806,30,62.924731
-3.269932,26,62.966182
-5.485029,23,63.004967
0.132851,24,63.0401
1.766997,22,63.075161
1.90365,18,63.1067
1.292558,27,63.151065
-3.755245,27,63.194824
-0.773147,15,63.2201
0.268159,16,63.246322
-0.460339,12,63.267399
-0.34456,30,63.316498
-5.646863,30,63.361115
-1.503568,18,63.392796
-2.09792,23,63.427563
-2.755316,30,63.475835
2.058833,12,63.498915
-2.874407,22,63.535022
1.461609,27,63.5774
1.9423,22,63.61132
2.381272,26,63.650588
-3.862492,22,63.688949
-7.359565,25,63.727066
1.354308,29,63.772812
-4.439056,19,63.802051
-0.399651,24,63.843812
-3.9024,25,63.881945
0.676648,13,63.90318
1.974286,30,63.951133
-0.854227,26,63.993695
1.206749,21,64.027165
0.412353,29,64.070043
1.229631,12,64.088571
0.925439,25,64.12955
0.455629,18,64.158807
-7.145336,30,64.20237
-0.871814,19,64.231835
-8.174661,21,64.266934
-7.733018,30,64.315723
0.850056,14,64.338892
-0.692211,26,64.389432
-0.043358,28,64.445699
-0.476753,30,64.502816
-0.795891,14,64.528385
-5.834294,30,64.579049
-1.590341,16,64.606987
0.082445,16,64.634901
1.588199,27,64.678201
-2.67999,20,64.709589
0.212397,30,64.7575
-3.506147,29,64.80583
-0.871796,30,64.850648
0.981898,18,64.878856
-2.069963,26,64.923064
0.008556,30,64.971318
0.431233,26,65.009963
-0.425578,30,65.056808
0.857856,30,65.103525
0.617279,14,65.126062
0.306973,20,65.15692
-0.573975,18,65.184616
-1.584599,17,65.215573
2.085384,30,65.26333
-6.00361,24,65.300026
-0.93898,30,65.343224
1.537411,25,65.386735
-3.352393,30,65.432393
1.793641,30,65.481313
2.623221,20,65.512533
0.073805,30,65.559128
-9.369402,25,65.59706
-2.651361,19,65.629483
0.225836,29,65.674287
-0.722596,25,65.719369
-3.705499,18,65.7468
0.171399,28,65.790464
-1.344589,30,65.835727
-0.889117,30,65.881364
3.319354,29,65.925479
-5.599498,19,65.955899
-6.334982,23,65.991578
-4.713504,30,66.038695
-2.630204,30,66.086319
-0.554729,30,66.130459
-2.425813,29,66.178702
-11.337771,30,66.227727
1.596643,30,66.279389
0.790616,29,66.326985
0.925901,22,66.360128
-9.591163,30,66.410544
-1.256736,30,66.456822
1.333798,13,66.478653
2.497066,19,66.50752
-6.873342,30,66.557566
-8.314916,30,66.602309
-1.834317,30,66.651844
2.63005,23,66.686988
-1.127738,30,66.736066
2.286976,30,66.781943
1.207811,30,66.826527
-5.902381,21,66.85855
-8.396381,27,66.905826
2.159748,19,66.936615
-2.570024,23,66.971457
-6.735203,25,67.00945
-3.254805,26,67.052263
-0.119259,30,67.099203
-0.058031,30,67.146667
-0.675133,27,67.189227
-1.301478,30,67.239712
-6.105872,25,67.278432
-2.432663,27,67.324489
1.491298,30,67.371282
0.150123,13,67.392864
-4.028104,30,67.44178
0.254493,17,67.468437
-3.680602,18,67.498936
1.778442,27,67.544053
0.803604,21,67.577955
-4.809526,15,67.598295
-2.422847,18,67.627438
4.105588,14,67.650104
1.895841,21,67.683338
0.829419,19,67.7108
0.561737,24,67.749958
-3.598468,30,67.799613
2.980661,29,67.843713
1.815712,30,67.890263
-0.63108,28,67.932664
2.123034,15,67.955361
-1.310611,24,67.992894
2.098899,30,68.04146
-4.257452,23,68.077018
1.373886,17,68.104583
-0.792088,24,68.142812
-0.517554,28,68.184797
4.279336,20,68.216074
-0.396253,27,68.26141
-0.389066,11,68.276492
-2.357533,30,68.323395
-4.164608,30,68.368236
-0.551899,19,68.418346
-2.816403,19,68.453557
0.631372,11,68.47314
-8.308121,29,68.520131
-3.701957,30,68.568206
-1.868727,24,68.605808
1.781324,26,68.649531
1.490487,24,68.686504
-0.435867,30,68.734064
0.989147,24,68.773481
1.497038,28,68.81696
-2.270741,28,68.859574
-3.047727,22,68.89689
-1.386617,19,68.925739
2.066086,24,68.962809
-5.932502,30,69.007259
0.150529,26,69.050975
-5.535916,22,69.083719
2.156391,18,69.112816
-0.301216,30,69.156143
-6.502117,30,69.204374
0.762256,13,69.225734
0.077278,30,69.270534
2.611845,30,69.316808
1.782237,15,69.344077
-3.34009,30,69.389301
-2.704095,25,69.425516
-1.607016,30,69.471496
2.002786,30,69.517721
-1.020687,19,69.549325
2.290453,24,69.587849
-6.039982,30,69.635067
-0.470791,30,69.680278
-4.890055,30,69.728146
-1.837045,11,69.744529
0.65874,12,69.762599
-3.439827,25,69.804041
0.436256,30,69.848759
1.589644,13,69.8692
-1.919945,30,69.917381
-0.968036,30,69.964951
0.046359,24,70.003657
-1.528498,27,70.046987
-3.66873,30,70.095013
-5.066089,30,70.142608
0.928361,30,70.188045
-0.063309,30,70.233191
-3.048588,30,70.279373
0.327789,30,70.330521
-1.215894,30,70.380349
-0.451342,22,70.414134
-6.875657,30,70.461824
0.906509,21,70.4966
-0.290244,12,70.515384
2.466649,23,70.553326
-1.403617,20,70.584636
1.159012,22,70.620547
-0.822948,18,70.65196
0.594188,18,70.678281
-0.137978,16,70.703849
-4.928368,23,70.742628
0.214606,19,70.773957
2.518485,18,70.800938
-1.653352,26,70.842837
-4.80174,30,70.889185
-3.614321,19,70.91956
-1.474059,30,70.965246
-2.228606,30,71.011956
1.679885,26,71.054301
1.617181,30,71.102932
-0.066509,15,71.126285
2.044059,30,71.17077
0.406102,30,71.221423
-0.16018,24,71.259403
-3.230989,25,71.29592
-7.454249,30,71.340793
0.767148,23,71.380299
2.387384,17,71.407993
-5.050468,24,71.447315
-2.528787,23,71.483998
-2.365319,22,71.5269
-0.605428,25,71.566297
-0.602178,18,71.59295
-0.947661,17,71.621569
1.715966,19,71.653944
3.51876,24,71.692201
-5.041014,17,71.720126
-0.242834,14,71.741775
-0.275267,25,71.78343
-0.932182,12,71.802243
-2.191216,30,71.849076
3.1694,24,71.884871
-5.808504,18,71.914497
1.02066,30,71.963149
-0.597364,25,71.999993
-6.372667,29,72.044996
-2.443799,18,72.077554
0.333216,30,72.122733
3.43201,30,72.170646
-6.699805,30,72.215719
0.250805,30,72.265103
1.017195,30,72.31114
-0.588464,30,72.358002
-3.264593,30,72.404014
-0.202732,23,72.443998
-3.493113,30,72.496127
3.100816,21,72.528619
1.916934,13,72.548328
-0.858567,18,72.580511
-3.845221,30,72.62479
-1.026207,17,72.651642
1.076342,30,72.697987
0.267041,21,72.735567
2.231499,30,72.78369
-3.464668,30,72.829601
-3.160972,30,72.876988
-0.175855,15,72.901728
-5.010258,22,72.936973
-1.088749,15,72.959911
-3.099952,19,72.988501
1.094451,30,73.03872
0.240249,21,73.07172
-7.713343,30,73.1192
-0.494169,17,73.146858
-11.129376,25,73.186975
2.73668,30,73.234643
0.0605,30,73.27921
-0.139745,23,73.315657
1.278441,19,73.34764
-6.698618,23,73.382501
2.010446,16,73.4082
1.55216,30,73.455358
2.209699,27,73.50586
-2.164236,22,73.543468
-6.099221,28,73.589891
-0.416309,16,73.616027
-3.086052,14,73.64156
0.88999,25,73.680506
-0.17054,24,73.718219
0.319947,27,73.761147
2.232432,29,73.809534
3.1112,27,73.853369
0.803838,30,73.898276
-1.714805,14,73.920499
2.026096,30,73.969563
2.211631,19,73.999612
-4.536359,23,74.036106
1.544724,15,74.058952
-3.053684,25,74.101112
0.775407,16,74.126465
3.816394,29,74.171827
1.147209,21,74.20351
0.419827,27,74.246462
-0.693438,19,74.277991
-1.27035,24,74.315893
-4.529964,26,74.354899
2.103668,26,74.398991
-2.791812,25,74.439161
-2.366494,21,74.471797
-3.051167,30,74.519063
1.427601,30,74.566034
2.535555,26,74.607742
1.59119,30,74.654527
-0.190229,30,74.701139
-3.241875,30,74.749068
-2.204853,19,74.780389
-3.41865,27,74.822019
-2.138586,25,74.859021
0.766091,25,74.900853
0.697721,30,74.948753
0.504392,30,74.993654
0.283101,26,75.034381
0.121074,29,75.080725
-0.367311,23,75.117123
-2.061071,30,75.163562
-0.133841,21,75.1957
-6.449929,23,75.2347
-2.735829,30,75.286454
-0.136778,13,75.307606
-6.485094,30,75.352018
1.417576,14,75.378495
0.029449,30,75.426045
-2.738307,30,75.473893
-3.348647,26,75.513116
1.264321,16,75.54054
-2.944061,26,75.581809
-1.02145,19,75.611593
-13.868819,26,75.651525
1.440846,28,75.698601
-8.629843,24,75.737518
1.637702,30,75.78337
0.012846,23,75.815659
2.113511,12,75.836303
-4.441641,23,75.872325
-3.872724,18,75.90244
-6.305235,30,75.949973
-1.7179,30,76.000213
-6.728456,30,76.044505
-2.464502,30,76.091889
0.161807,30,76.136827
-1.036805,30,76.187218
0.205281,30,76.230205
-2.329941,19,76.261318
-3.406664,18,76.288197
1.670027,23,76.325377
0.024405,27,76.367887
-0.23602,17,76.393595
0.222548,21,76.424417
-2.507476,30,76.475896
-1.100364,23,76.512508
1.512184,15,76.535074
-11.943636,28,76.583717
-1.476564,23,76.628185
1.382714,27,76.676314
-3.185039,30,76.72404
-3.154972,28,76.768529
-1.128639,30,76.819727
-0.175091,11,76.837065
-2.661144,30,76.880351
-3.971536,28,76.924479
-4.46643,11,76.945687
-0.261356,25,76.984981
-2.576003,27,77.027699
-0.371894,30,77.072517
-1.268342,30,77.122317
2.162581,22,77.15666
1.650163,30,77.20399
-1.611308,19,77.234929
-6.576967,23,77.27055
-1.402953,21,77.306053
-1.365043,28,77.348612
-7.289863,14,77.369608
-6.596324,30,77.41995
2.518012,26,77.462316
-3.241559,24,77.499686
-7.982414,30,77.547501
-2.191421,27,77.593051
2.092588,15,77.618026
0.859159,18,77.647548
1.718474,28,77.691248
-5.404433,30,77.742597
1.229803,27,77.786368
1.875136,30,77.832029
1.849275,24,77.868822
2.804244,30,77.91951
-0.976868,26,77.957435
-4.22611,21,77.992038
-0.59804,23,78.025463
1.43989,26,78.068413
2.894254,30,78.112874
2.098647,30,78.160178
-6.268617,30,78.203875
-0.464557,18,78.235914
2.905115,19,78.267404
1.672454,21,78.301314
-2.127794,20,78.333107
1.739513,30,78.380115
-3.78756,24,78.418073
-2.472451,30,78.466958
-0.421857,24,78.50376
-4.567576,23,78.545089
0.963644,25,78.585022
0.347288,30,78.631305
-1.429155,25,78.670725
0.087456,30,78.716387
-6.634224,22,78.753767
-4.942112,30,78.800868
-0.77354,30,78.847463
2.322479,27,78.889246
-4.772217,30,78.937373
1.164369,22,78.969885
0.627421,16,78.994666
-1.417783,30,79.044532
0.223693,26,79.084992
-3.141381,20,79.116048
1.618262,30,79.16273
-0.681262,18,79.192713
0.759778,26,79.234902
-4.817919,30,79.279706
2.550755,30,79.328688
-4.811708,30,79.376964
-3.56212,30,79.426718
2.29875,30,79.470973
-4.023347,30,79.518077
2.763618,27,79.563704
-3.338509,30,79.607387
-0.617837,30,79.653822
0.443432,27,79.692589
0.7386,30,79.743164
-0.757591,18,79.769298
1.838344,17,79.797235
1.689153,30,79.842205
-2.924552,30,79.891055
0.536342,30,79.936228
1.118592,30,79.983054
0.070441,30,80.026783
-1.743459,29,80.07355
-2.548137,18,80.103775
-3.235487,15,80.127247
-0.685977,27,80.16788
3.442513,21,80.204253
1.758021,30,80.249712
0.201907,30,80.295472
-0.582186,20,80.325802
-0.479947,23,80.361141
-0.17051,30,80.408741
-4.967214,30,80.454397
-2.383087,30,80.504223
-2.431021,20,80.539207
2.371015,27,80.580955
-4.387461,30,80.628151
1.945378,30,80.67383
-3.551347,30,80.726921
-5.222199,30,80.782905
-4.312359,21,80.820212
1.739568,28,80.868945
-3.3381,30,80.929655
-1.380996,30,80.983874
0.590055,26,81.024597
-2.07124,30,81.072215
1.08415,30,81.120734
-0.390273,30,81.168936
-0.83213,21,81.199623
-3.855476,30,81.248126
-8.185826,16,81.274656
-5.963724,21,81.306931
3.251328,22,81.340902
-2.898169,23,81.377922
-2.602369,24,81.416943
0.075626,18,81.44584
-2.449391,30,81.48923
1.562168,24,81.526932
-9.210697,30,81.580014
-3.471,27,81.621349
0.679566,22,81.656786
-0.27705,25,81.694804
-0.865225,19,81.726273
-1.25904,19,81.757928
-1.512574,26,81.798486
1.515137,10,81.816499
2.342479,30,81.863539
0.726861,30,81.912993
1.739679,18,81.941686
-5.266267,30,81.987355
-0.942041,18,82.016051
2.426422,13,82.035892
2.4932,23,82.073228
-0.042385,19,82.104397
-5.671615,29,82.150097
-4.359386,24,82.188739
1.418763,17,82.215681
-2.477384,17,82.244105
1.042661,13,82.266637
-0.953833,30,82.311198
2.29001,27,82.352728
1.291794,15,82.378356
-0.964648,15,82.403768
-2.476652,25,82.44318
-4.552279,21,82.476008
0.404004,30,82.525365
-7.825547,28,82.569668
-3.081177,25,82.606527
0.689457,26,82.64457
-0.058998,30,82.691221
-1.926645,19,82.728591
-0.388374,26,82.76872
2.061739,18,82.797391
0.971321,21,82.82959
-5.183528,14,82.852315
2.472658,19,82.881737
-2.329717,30,82.929103
-1.215979,27,82.969405
3.212394,30,83.019371
3.031056,22,83.052761
-2.499706,25,83.092538
1.556669,25,83.130054
-1.271196,12,83.150728
-0.035381,30,83.211402
-1.449466,18,83.254844
2.524571,16,83.290282
-6.143121,30,83.363179
2.984528,20,83.4227
1.657569,26,83.505178
-2.751643,30,83.578044
-2.119271,30,83.634329
-4.119347,30,83.68497
-2.009881,20,83.716443
0.355595,28,83.758571
2.333855,30,83.807688
1.643993,17,83.834201
-2.49451,30,83.880814
-1.049784,22,83.913731
-1.162408,30,83.962716
-1.704702,30,84.006922
-0.711832,15,84.031326
2.198413,22,84.06426
-1.650127,24,84.10387
0.837036,30,84.150493
-2.741779,21,84.187985
-2.143415,30,84.260122
3.224402,15,84.295284
0.333802,30,84.366751
-6.408787,30,84.43215
-1.669571,30,84.506006
2.357905,30,84.577471
-0.584377,23,84.619535
2.2774,30,84.666687
-5.241958,23,84.701028
0.233255,17,84.733011
-2.701828,20,84.763781
-4.887214,27,84.802005
-3.257372,26,84.844232
-5.509143,30,84.894393
-1.918578,30,84.942234
2.433448,16,84.966628
2.845456,30,85.014803
-3.223348,28,85.062365
-10.117713,24,85.09974
0.294982,30,85.146919
-7.670731,28,85.188452
-0.221523,28,85.235714
-4.002064,22,85.270412
0.326427,30,85.31661
4.267168,20,85.349389
-0.061351,30,85.397381
-0.765195,26,85.437933
1.975912,30,85.483417
0.105721,11,85.50169
-6.323333,30,85.551487
-2.760721,30,85.596179
1.660744,30,85.641445
-0.506664,28,85.685295
0.674833,17,85.712833
-0.061502,16,85.738892
-4.453308,23,85.775487
2.327325,30,85.820764
-1.134111,30,85.868448
-1.616019,15,85.89008
-2.041976,24,85.926558
1.029378,26,85.967814
-0.938175,16,85.994546
-4.691072,30,86.038081
-0.105174,30,86.085645
1.520182,30,86.129562
2.786988,21,86.165196
-8.629491,25,86.211988
2.522873,24,86.26602
0.830074,14,86.296303
0.823309,25,86.355427
-0.822007,22,86.399496
-1.379178,14,86.426499
0.151277,26,86.468165
-10.675038,30,86.517508
1.645705,28,86.563521
-5.761812,21,86.598331
-3.431031,21,86.632777
-3.618619,23,86.672109
-1.292851,18,86.699968
-3.140706,20,86.730202
1.400659,30,86.776246
-5.751372,23,86.814689
-1.808518,14,86.83492
3.695873,27,86.878379
1.440674,14,86.900835
-1.815926,21,86.938808
0.04262,9,86.952615
2.684794,30,86.997907
-0.546229,30,87.043421
2.235898,30,87.091085
-0.199346,11,87.109149
-4.502799,20,87.139065
-0.022864,18,87.168166
-1.461247,30,87.214974
-2.482468,27,87.258831
2.95595,24,87.294384
-1.512936,23,87.331586
-4.868218,24,87.373145
0.513333,10,87.387927
0.279921,24,87.425937
-4.271516,24,87.462106
2.376435,30,87.510979
1.601346,15,87.534123
0.079158,17,87.560784
1.587985,14,87.582255
-1.388948,30,87.629277
-6.351461,25,87.667104
2.047069,30,87.711804
-1.090813,28,87.756704
1.950589,30,87.803904
0.646857,30,87.850009
-0.565591,15,87.873466
1.701466,14,87.897759
-5.103188,11,87.914822
0.20077,15,87.940912
1.207801,26,87.982539
-0.893287,23,88.016415
1.107895,14,88.040598
0.808415,23,88.078485
1.458254,21,88.111736
1.65758,30,88.156045
-6.681508,20,88.188483
3.045677,30,88.238163
1.558338,18,88.267025
2.520069,19,88.297235
-2.316244,28,88.344445
-1.731096,16,88.369045
-2.102411,30,88.416611
-3.400321,30,88.460882
-4.638829,25,88.501926
-1.580896,30,88.550017
1.98806,20,88.581015
1.618241,24,88.617285
-1.266497,18,88.646888
-2.029323,23,88.684207
2.849899,26,88.725475
1.639853,29,88.771832
-1.930205,25,88.813261
-7.034879,22,88.847575
-4.422347,30,88.893085
-2.767726,14,88.915642
0.551068,21,88.950797
0.290956,21,88.984548
-3.028379,30,89.032881
-0.506309,10,89.047833
-6.3686,28,89.092538
-0.733509,30,89.142176
-0.794076,30,89.186119
-1.138584,20,89.216651
-0.742754,23,89.256245
-3.53972,30,89.303407
-4.297087,27,89.347074
-1.050321,19,89.377683
0.555167,30,89.421375
1.805627,18,89.449716
-0.244837,30,89.495505
0.792097,15,89.519464
-6.833758,25,89.560936
-6.237406,28,89.606594
0.141497,30,89.656465
-1.181659,20,89.686953
-1.836483,22,89.721044
-8.856239,30,89.769438
1.607341,13,89.789852
0.082124,30,89.835081
-4.510187,21,89.868643
-4.637792,20,89.900595
0.025531,20,89.932296
2.931795,30,89.977921
1.39599,16,90.004255
-3.204811,11,90.023423
1.42113,27,90.067002
-0.147038,17,90.093868
-2.44108,14,90.118248
2.20681,26,90.158823
-5.157325,19,90.188628
-2.763527,26,90.228276
-0.719101,26,90.273223
2.329047,30,90.319919
-1.653914,30,90.366118
1.554689,21,90.398947
-0.45951,20,90.434765
-2.520151,26,90.476486
-5.021282,15,90.4989
-1.904344,18,90.527609
-1.820797,17,90.556422
1.916878,21,90.590532
-1.944612,17,90.621241
-2.412268,30,90.66921
-1.109899,16,90.696418
2.519607,19,90.726322
-0.522856,30,90.772875
1.019318,22,90.807463
1.424979,27,90.853808
-0.612093,15,90.875759
-1.097042,11,90.894975
1.596944,19,90.925464
3.272902,30,90.975439
2.789019,21,91.011002
2.115874,15,91.032413
-3.190184,29,91.078964
2.231957,24,91.118315
0.240225,29,91.162899
0.917379,30,91.206595
-0.513008,10,91.22379
2.329475,30,91.273324
2.110238,30,91.320225
-0.524249,19,91.350208
1.057545,27,91.389131
-4.620664,24,91.428052
0.908109,30,91.476498
-3.01696,19,91.506273
-1.7957,30,91.551958
0.616854,30,91.603072
-0.008998,30,91.650114
1.010598,20,91.681116
-9.465695,30,91.729792
2.116791,22,91.764297
-1.415394,30,91.812764
0.433401,21,91.84376
-2.21452,22,91.877674
2.786268,22,91.915765
-1.568683,25,91.954049
0.628273,29,91.997846
2.651635,17,92.026148
-2.215745,30,92.072884
3.085758,22,92.109282
0.063122,15,92.13046
-2.825973,22,92.166546
-1.464941,30,92.211574
-5.930208,30,92.260275
-2.03153,30,92.305521
1.141415,30,92.352278
-0.820759,19,92.38489
-4.915548,30,92.431395
-6.126708,30,92.478734
-2.002483,20,92.509422
0.38727,23,92.544524
-5.148783,30,92.590329
-6.748637,30,92.635673
0.471689,30,92.684277
-7.103794,30,92.735826
2.888495,18,92.764773
-3.005194,29,92.809755
0.158576,27,92.853139
-1.266745,14,92.884351
0.244233,22,92.937351
0.826923,30,92.985643
0.031691,15,93.011024
-6.703543,30,93.063576
-1.823784,17,93.089754
3.271274,30,93.134977
-1.91473,30,93.183542
0.919319,21,93.219838
1.945,21,93.253697
-4.027189,21,93.289358
-1.513605,30,93.334413
-3.051095,18,93.365221
-2.53209,19,93.394273
0.528248,15,93.419026
-3.717073,30,93.467788
-2.708994,30,93.514731
2.78816,28,93.560452
0.636411,30,93.608462
-6.205741,19,93.637947
-0.024083,30,93.687241
-0.531069,19,93.717895
-11.005283,24,93.756586
-10.348063,26,93.796876
1.00958,19,93.830606
-6.433597,30,93.877911
-4.823251,25,93.918258
-1.522003,30,93.963271
-1.837646,29,94.010191
-0.962767,21,94.045837
-0.753524,17,94.07227
1.586995,22,94.105007
-4.109698,30,94.155765
-2.048085,24,94.194248
0.938792,15,94.21814
-0.641748,16,94.241818
-0.835256,11,94.260092
-0.631206,28,94.304332
1.127675,30,94.351719
0.025147,28,94.393477
-1.100627,27,94.437567
1.739804,19,94.466711
-0.430319,18,94.496037
-2.741339,30,94.539916
-11.22476,30,94.588921
-0.320086,30,94.633526
-0.332907,23,94.670025
1.401056,22,94.705246
-6.706205,19,94.734711
1.30396,30,94.783428
-0.023575,30,94.828682
2.31825,30,94.875857
-0.444619,30,94.92476
-0.452721,30,94.974586
-8.664551,23,95.01198
1.208107,23,95.045875
-0.301429,30,95.09603
1.822378,30,95.14327
-4.962353,26,95.185658
-0.794255,30,95.232189
-6.441293,30,95.282675
-7.48753,30,95.328769
-0.236219,30,95.377779
-6.348338,30,95.423525
-2.004225,19,95.455369
-3.139944,30,95.504125
2.567422,29,95.549074
2.56533,25,95.588237
-5.766324,30,95.639567
1.266578,25,95.679636
-6.213529,28,95.723553
-2.015175,27,95.764721
-0.403158,12,95.785373
0.692451,30,95.831345
-1.572631,17,95.85853
-2.789115,30,95.905979
-1.210637,23,95.94393
-0.21873,23,95.979605
-2.094355,29,96.025851
1.105723,17,96.051878
-0.55807,19,96.083565
1.591918,19,96.112933
1.393347,14,96.137131
0.464285,30,96.179823
0.345246,14,96.206343
-2.999542,29,96.253228
-5.432807,30,96.300831
0.273252,26,96.338467
-1.822721,25,96.37991
0.567518,28,96.422936
1.173282,19,96.45312
-4.503656,19,96.482482
-3.647769,30,96.52823
-3.719911,23,96.564288
2.101321,30,96.612427
-4.257527,18,96.638438
3.281728,24,96.678522
-3.037597,20,96.709631
1.937112,30,96.754933
2.188077,26,96.795076
-6.23126,30,96.846897
1.417968,26,96.884676
1.633523,28,96.927413
-1.755698,16,96.95295
-6.901137,22,96.98928
-0.218627,14,97.009
-2.310907,24,97.045913
-0.179042,28,97.086584
-1.085034,10,97.10478
-0.149953,23,97.139486
-8.026918,30,97.186158
-2.80337,30,97.23053
-5.436606,23,97.270884
1.631148,19,97.305177
-6.221101,30,97.350069
3.029587,18,97.379679
-0.36469,30,97.42697
2.392567,24,97.467408
-0.890097,24,97.504793
1.835945,21,97.539384
-6.33854,30,97.587472
-7.695674,30,97.635518
0.345888,27,97.679184
-2.380886,30,97.729298
1.527422,27,97.775887
-4.439802,22,97.809401
0.889811,23,97.844913
-10.791696,30,97.889453
-7.405844,30,97.939716
-2.246849,19,97.969813
0.28416,19,97.996863
-4.498085,30,98.046057
-3.204446,25,98.08675
0.620845,30,98.135594
2.425213,18,98.161309
-2.281495,24,98.199681
2.815841,30,98.250263
-2.037823,24,98.288519
-1.661915,30,98.334585
0.12036,17,98.359345
0.730127,30,98.408516
1.85453,24,98.444671
-0.11077,30,98.488666
-2.066384,30,98.537285
0.496824,18,98.567278
-2.567908,18,98.597931
2.698291,30,98.6432
-0.069508,26,98.686736
-1.242773,25,98.726519
0.323323,30,98.774822
-2.597176,15,98.795832
-0.477551,25,98.836551
-1.589871,19,98.868895
-0.536138,30,98.915757
3.436277,27,98.958584
0.173989,30,99.002237
3.151993,18,99.033821
0.216514,30,99.079526
2.985317,26,99.121362
-1.868747,20,99.152083
2.064706,25,99.191095
-2.182925,28,99.235529
2.920149,28,99.279652
1.174899,29,99.321815
-3.610257,19,99.354377
-1.296985,30,99.399195
-4.646899,30,99.445297
-1.672711,23,99.48013
-0.007829,21,99.514594
1.034796,13,99.53502
-2.000393,28,99.576924
0.010869,19,99.606785
-2.683091,30,99.657959
-3.956347,19,99.689532
-0.059885,30,99.73768
-5.155271,30,99.781366
-2.505679,28,99.827555
-1.099093,24,99.864532
-0.896522,20,99.895971
2.144028,20,99.926085
-1.048059,16,99.954201
-1.792365,30,100.000047
1.239759,22,100.033391
-12.854358,28,100.077189
3.105843,20,100.111771
-6.148456,25,100.148429
2.259219,18,100.17815
-2.006697,21,100.210487
-1.427002,26,100.25484
1.547278,21,100.288116
-4.866518,13,100.308608
0.507343,22,100.343374
1.019997,15,100.36726
-1.090829,15,100.391837
2.56123,14,100.414847
-0.836507,23,100.448672
-3.981535,15,100.474655
0.72184,22,100.510664
-5.436503,30,100.555255
-0.533096,30,100.600185
1.495943,20,100.634027
1.687749,30,100.680045
-2.460541,16,100.706608
-2.50118,25,100.743016
-0.068031,21,100.778821
0.768924,29,100.822175
-0.503628,21,100.853464
-2.266936,27,100.893968
-1.657986,30,100.941462
0.646327,15,100.966184
-0.622522,18,100.99603
1.286882,19,101.02694
1.345283,17,101.056854
1.726361,30,101.100896
-5.595119,23,101.137414
-0.490309,30,101.180732
2.149657,30,101.230919
-1.30416,30,101.275111
1.970667,30,101.319688
-0.657677,25,101.357557
-0.933064,25,101.396249
-5.576204,22,101.430134
-0.316867,30,101.475468
1.957156,30,101.534632
1.77057,30,101.606641
1.441115,17,101.658503
1.519485,26,101.734124
0.74895,30,101.822367
0.013277,26,101.891649
-5.913125,30,101.953254
-1.403364,18,101.983867
-7.972836,30,102.034296
3.210646,30,102.081063
-1.047188,19,102.113183
0.634299,30,102.156999
-4.656907,30,102.207384
-1.916947,30,102.259776
-4.561016,21,102.298975
-0.199766,30,102.345232
0.0974,30,102.393822
-5.939928,30,102.440185
-0.422756,15,102.46502
-0.513492,21,102.502057
-1.657029,30,102.550035
-1.527853,10,102.566299
2.892597,20,102.599001
-1.155401,24,102.638262
-0.933667,30,102.690273
-0.87991,11,102.711292
-3.147836,30,102.765961
0.213638,19,102.805299
-2.474324,30,102.877701
2.648155,28,102.948336
-1.756812,25,103.004866
-0.755465,23,103.058662
-0.459305,30,103.132689
-1.054683,30,103.199605
-1.941058,30,103.256018
0.706402,30,103.302781
0.860077,30,103.354263
-5.553446,30,103.402114
0.844509,16,103.428009
0.718426,26,103.471841
-3.725591,30,103.518001
-3.37701,22,103.554721
2.283594,30,103.600036
1.748093,19,103.632468
1.530053,18,103.660739
-4.075675,30,103.713351
-1.441615,30,103.760082
1.472242,16,103.785483
1.674742,19,103.815703
1.333742,28,103.86116
-4.110988,30,103.906478
1.293677,30,103.952322
0.916563,30,104.000827
-1.090499,26,104.040887
0.873201,28,104.085658
-4.135733,24,104.12306
2.671423,30,104.170223
1.898953,28,104.220031
-6.479628,30,104.264502
1.96433,30,104.311921
-0.425965,30,104.356946
0.61604,30,104.404905
-8.5192,30,104.449811
0.100403,24,104.490238
1.898954,30,104.536447
1.576253,18,104.565464
1.851317,27,104.609289
0.101911,22,104.643446
1.516791,22,104.679185
2.216497,21,104.712749
3.516799,25,104.751528
-1.20447,27,104.805275
-1.246176,30,104.877047
-4.306284,30,104.952971
0.087255,30,105.018052
-1.851412,18,105.049586
-0.704038,14,105.074371
0.091607,30,105.122752
-1.12747,19,105.15284
-0.70121,11,105.170144
1.770444,30,105.212222
-2.894731,30,105.261243
2.173832,19,105.28767
-0.408149,17,105.316333
-3.13804,27,105.356271
0.310942,26,105.397734
-0.576515,30,105.442005
0.419743,14,105.465245
1.184402,17,105.489632
2.267199,30,105.538072
3.219027,24,105.575576
1.444869,19,105.602104
1.612082,30,105.651407
0.74569,20,105.684089
0.31546,22,105.717511
-1.10801,28,105.760166
2.171615,19,105.790635
0.606993,22,105.82813
-2.312883,30,105.8727
-4.623249,30,105.920023
0.286567,20,105.951892
-2.272905,22,106.007046
1.765379,28,106.0633
-0.287207,12,106.083911
-0.901223,12,106.105426
-0.135464,30,106.156094
3.100432,30,106.202162
-1.383828,22,106.238289
1.010495,24,106.27645
1.576579,17,106.303174
-0.141554,30,106.348888
0.836025,30,106.395331
-0.040749,30,106.440295
-0.132531,9,106.458319
-1.285314,27,106.499798
-7.864582,22,106.535777
-0.289004,16,106.559524
-3.541614,26,106.602844
0.348336,21,106.637808
-2.70303,29,106.684398
-0.991463,13,106.704924
-7.049896,30,106.755049
-4.189816,30,106.802295
-0.619535,30,106.849258
-3.217179,30,106.895422
-4.264065,30,106.946721
0.480527,20,106.97863
-1.511914,13,106.99724
-1.656433,22,107.032072
1.465063,30,107.083295
0.829366,21,107.115332
1.134625,30,107.161385
1.88699,23,107.195414
1.75266,30,107.244061
-0.343527,15,107.26869
-1.955317,19,107.296001
1.467884,24,107.334341
-2.401246,27,107.378414
0.033472,30,107.42696
1.193572,14,107.449996
0.945881,27,107.493407
0.868435,14,107.515915
-12.474122,30,107.565831
-0.112657,20,107.597293
1.018184,30,107.642871
1.016337,26,107.689877
1.951311,17,107.717632
-0.189006,30,107.771867
0.144345,26,107.812336
0.700632,30,107.865887
0.803767,30,107.911951
-14.061387,30,107.959363
-7.54315,29,108.004089
-1.590552,15,108.030232
0.504898,25,108.069726
1.117565,26,108.108601
-5.107071,30,108.153695
-9.065273,29,108.199504
-4.467363,30,108.24746
-3.17521,18,108.275083
2.375614,21,108.308217
-2.185291,27,108.356003
-7.669515,27,108.405442
-3.923648,30,108.456993
-2.232719,28,108.505552
-5.584744,30,108.559891
0.71446,30,108.60988
2.218218,30,108.66114
-3.280483,26,108.702346
1.41465,19,108.737676
-3.838885,30,108.791658
0.301176,23,108.849647
-6.641781,30,108.901328
-1.033101,30,108.951324
0.097077,27,108.995979
0.530756,19,109.027771
0.994275,30,109.074739
0.169836,30,109.125243
-2.331367,25,109.164419
-3.671936,30,109.21195
-3.290777,30,109.257917
2.033183,22,109.296569
-3.243166,26,109.337571
-1.159645,30,109.384855
-2.507639,16,109.4109
0.360576,30,109.460054
-0.613082,30,109.508272
2.795559,30,109.552103
1.219098,27,109.595257
2.069945,30,109.644678
-0.887404,22,109.680127
0.817252,20,109.711738
2.030114,23,109.750767
-1.220811,27,109.795937
-0.021096,30,109.851441
-1.105526,14,109.878054
-12.172472,29,109.930706
-0.837534,18,109.961769
-1.422848,20,109.994689
1.976596,30,110.038995
1.267108,25,110.077267
-0.048132,30,110.124896
0.909408,25,110.167014
2.951553,25,110.233641
2.931973,19,110.295578
1.765138,30,110.404364
-7.192283,30,110.490144
-3.643656,19,110.533889
-7.874756,20,110.580489
0.938626,15,110.608769
-1.386249,16,110.637368
-4.524956,27,110.69446
-0.168596,19,110.725835
2.83907,14,110.750059
0.777999,19,110.783441
2.762673,28,110.826942
-0.560678,15,110.852116
0.678507,30,110.90146
-1.574831,25,110.941768
-3.421691,30,110.994395
-1.678211,29,111.040627
-3.187258,29,111.089011
1.646435,22,111.126044
2.959666,30,111.172695
-0.469223,21,111.20887
-0.527876,13,111.234717
-0.392691,17,111.262965
3.160504,30,111.311076
-3.026689,20,111.343444
2.200865,20,111.377655
-3.461738,30,111.420936
1.354735,12,111.43929
2.756612,22,111.475816
-0.010975,30,111.525149
2.037244,30,111.576819
3.959708,21,111.60867
2.25401,30,111.65725
-3.650725,30,111.710326
0.720369,30,111.756036
-2.2166,21,111.793614
-0.445664,21,111.842299
-2.74331,26,111.894161
1.94682,16,111.919156
-0.479969,22,111.954079
-2.066479,30,112.000557
-0.582516,30,112.048592
-3.98903,22,112.083321
0.93699,20,112.115559
1.559312,25,112.155719
-6.41101,22,112.190395
0.59323,13,112.209956
-2.486701,30,112.259443
0.435618,30,112.304151
2.018379,21,112.339696
2.348023,21,112.375438
-3.991845,30,112.419926
-6.086273,30,112.466349
2.102594,24,112.5082
1.27364,15,112.533102
-4.621975,22,112.580693
0.996989,15,112.618981
-0.755456,23,112.670927
-5.93834,25,112.727752
1.79974,16,112.765019
-2.094809,30,112.833858
0.029846,30,112.910516
-4.241515,30,112.975985
-0.574872,18,113.007331
0.102953,25,113.045433
2.406482,9,113.061078
-0.011303,30,113.109663
1.674991,13,113.129027
-0.706762,25,113.164112
-1.244055,30,113.218616
-6.831531,30,113.26719
2.497931,14,113.290667
1.670526,24,113.327981
-1.442153,30,113.373055
-9.776022,30,113.418906
-4.877848,20,113.448218
-2.460275,30,113.49392
0.704359,28,113.541363
2.0798,30,113.588373
1.685238,13,113.606757
-7.280456,30,113.655233
-3.171358,20,113.687875
-6.008196,30,113.733899
0.974215,30,113.783759
-1.262383,21,113.817585
-2.097577,22,113.853806
-7.519669,30,113.903454
-0.545888,15,113.9262
-1.020625,30,113.972162
-0.171775,30,114.021358
-0.082536,30,114.068035
0.262195,19,114.100082
-2.062044,30,114.143849
2.234499,18,114.174035
-2.026325,22,114.205758
2.893915,30,114.255423
-0.373953,28,114.317477
-0.228549,30,114.406965
1.252544,30,114.47831
0.083376,28,114.54125
1.621021,20,114.58809
2.098389,10,114.612648
-10.259863,29,114.679773
1.505352,20,114.715603
-2.503448,30,114.764616
2.571408,30,114.817767
-9.705081,20,114.84974
-6.467116,12,114.868143
1.630412,28,114.914075
2.755061,17,114.957434
-6.953069,30,115.027171
2.382634,21,115.079181
1.4262,17,115.119073
-1.826927,30,115.181526
3.067002,30,115.234617
1.423625,23,115.273722
2.581042,30,115.3183
1.729207,30,115.36669
-0.143902,30,115.411177
-0.603498,30,115.4586
-4.618902,30,115.504841
1.571056,20,115.539334
-1.518762,21,115.571139
-1.080509,17,115.598523
-2.250224,20,115.630271
-4.005404,30,115.676363
1.65108,30,115.723424
-2.364592,30,115.76649
-2.576445,30,115.815271
-0.355612,16,115.841206
-0.883805,16,115.867556
1.619678,11,115.883035
-0.670873,16,115.908826
-0.85491,18,115.94027
3.060413,25,115.979247
2.464125,30,116.025002
2.416127,30,116.072043
0.689605,19,116.105227
0.053364,16,116.129873
2.136833,24,116.166755
-3.57341,30,116.211019
3.136877,18,116.241432
2.834438,21,116.275385
-3.263652,24,116.310865
2.275859,30,116.359746
-1.144511,22,116.406214
-0.104336,26,116.457957
1.759064,26,116.499573
-8.886061,30,116.548887
-1.535583,30,116.597254
-0.224334,15,116.622423
0.050532,30,116.669822
0.646999,30,116.71693
-0.390881,19,116.749793
0.753605,28,116.793864
0.890938,18,116.821883
2.576848,29,116.865381
-3.029865,17,116.89626
0.801047,22,116.934825
-0.545089,30,116.984272
-3.297234,30,117.030101
-1.115047,28,117.078166
-2.661898,26,117.121485
-0.06953,30,117.16836
-1.253601,27,117.214542
-1.479336,25,117.256958
-1.311197,30,117.305829
-0.515393,11,117.322694
-1.247965,29,117.370687
-10.123131,30,117.417293
-1.786119,30,117.468609
2.448302,26,117.510404
-0.442468,17,117.537007
-1.441887,10,117.5562
-0.512828,30,117.603187
-2.255552,23,117.642947
-2.659231,30,117.695749
0.163148,23,117.735281
1.679985,22,117.771851
0.627045,26,117.816064
1.88386,30,117.864354
-1.003927,30,117.914944
-0.515498,30,117.965935
-0.024065,15,117.991271
-0.290561,20,118.025878
0.362163,18,118.05636
-0.084097,24,118.092834
-1.291958,28,118.137055
1.627149,26,118.177265
-2.070856,30,118.22404
0.879499,23,118.262264
1.728304,20,118.297353
-9.756728,25,118.335705
-1.902815,17,118.361951
-1.009169,30,118.411267
1.789362,30,118.455975
0.302703,28,118.498541
0.69219,30,118.54737
-1.368608,21,118.583168
-0.861384,25,118.621141
-1.139422,24,118.660684
-0.572661,30,118.709713
0.428407,30,118.755727
-1.922612,15,118.780849
-0.59808,24,118.819062
-5.46378,30,118.870991
3.495256,24,118.909142
2.376081,29,118.9527
1.720706,29,118.995583
0.333309,30,119.044472
-1.666808,28,119.08929
-4.668758,24,119.125097
-4.136999,21,119.158502
2.630997,30,119.203429
-0.354052,24,119.241097
1.106584,15,119.265489
0.645154,24,119.301788
1.311305,18,119.332963
-0.180339,20,119.364156
-2.419235,13,119.384483
1.961644,16,119.408655
1.789733,28,119.457499
-0.898471,15,119.482541
-1.302607,27,119.523617
2.933302,21,119.556288
-4.077488,14,119.578369
0.625065,11,119.59671
-4.637022,30,119.641919
-4.103001,27,119.683268
1.007761,30,119.733073
1.101202,12,119.752429
1.634486,19,119.781332
-5.637911,26,119.823771
-4.800121,16,119.85348
0.990373,20,119.888101
1.787601,29,119.932898
-7.86338,30,119.981607
1.384401,25,120.026009
1.541056,22,120.06067
1.189767,30,120.105121
-1.248959,24,120.141357
1.141484,30,120.189659
-10.312139,30,120.236425
-1.270014,16,120.262635
2.142073,30,120.309489
-4.198245,21,120.345739
1.049784,18,120.373768
2.722809,17,120.399169
2.781628,20,120.430074
-1.711327,24,120.468704
2.264487,30,120.515464
-2.690817,18,120.541645
3.50227,29,120.589396
-4.803261,26,120.631622
1.888168,27,120.67379
2.733927,30,120.716845
3.14532,30,120.762927
1.198842,21,120.796191
-3.627095,30,120.846768
-1.987798,26,120.887987
-2.604745,24,120.926549
2.846908,22,120.963077
-1.287371,28,121.006049
0.029073,30,121.052342
0.216015,13,121.07089
-5.146887,23,121.109044
-5.545333,18,121.140871
-1.612144,16,121.165574
-0.207605,14,121.185981
0.598983,12,121.206502
-3.529625,30,121.255459
-4.036436,19,121.283175
0.603353,28,121.326644
4.010542,22,121.364494
2.465715,30,121.411292
-0.876163,27,121.455294
1.867519,23,121.491489
-1.686888,20,121.522968
-0.464309,24,121.560364
2.674497,29,121.604409
-4.729305,22,121.638257
-6.453467,28,121.685952
1.254548,22,121.719171
2.153026,30,121.765162
0.517987,30,121.809527
-0.054291,30,121.859179
1.63281,27,121.899534
-0.75831,26,121.940262
2.270227,30,121.988197
-2.368537,23,122.029182
1.435607,30,122.076693
0.67496,30,122.121455
3.702656,26,122.161918
-2.319518,30,122.209463
1.685414,19,122.238619
-2.406821,15,122.264663
-2.125178,20,122.296242
-1.795278,30,122.350891
0.842088,30,122.420027
-1.535316,18,122.461409
1.862555,20,122.508387
3.257205,25,122.567132
0.760579,20,122.613848
-1.533069,20,122.658498
-2.477171,26,122.719539
1.17209,19,122.756698
-1.276573,30,122.809516
0.303808,14,122.833491
1.329671,20,122.865287
0.060994,12,122.885909
0.378402,30,122.932762
-1.249623,28,122.976382
-2.273478,17,123.001612
-3.766005,29,123.051144
-0.086258,23,123.086686
0.001744,24,123.124428
-5.029832,25,123.165616
-8.471447,30,123.212038
0.21222,30,123.259809
1.059029,19,123.286355
0.332893,21,123.321541
0.928486,30,123.376289
2.706893,18,123.421548
-3.161869,28,123.495591
3.600832,30,123.54698
0.226982,10,123.567797
1.593527,30,123.616634
-2.309666,13,123.64051
-1.767068,26,123.683284
0.552961,30,123.728967
1.841809,24,123.768275
-0.250622,15,123.792828
0.075624,29,123.836624
-1.660743,19,123.868661
3.962604,14,123.893097
-2.060641,16,123.91908
-3.359685,30,123.964412
-0.410997,30,124.014504
-0.153535,30,124.058272
2.878286,20,124.088058
0.551362,17,124.11524
2.623869,22,124.152245
-0.107338,12,124.171506
-0.516348,30,124.216444
2.636788,21,124.249933
0.498263,14,124.272282
-6.67272,27,124.328857
-2.080571,16,124.373247
-3.794249,30,124.459532
-0.412346,30,124.548787
-0.266653,30,124.616629
-6.381264,30,124.687818
-2.328789,17,124.719437
-9.52449,26,124.76746
-1.336636,30,124.817733
1.373165,18,124.847177
-0.250753,30,124.891938
3.070669,30,124.941108
-3.131279,30,124.98607
0.052575,30,125.032219
2.505676,30,125.082218
2.106152,30,125.134437
0.856245,25,125.17442
-2.35403,30,125.21925
2.234014,17,125.247822
-0.444567,16,125.275222
2.141306,29,125.326221
-3.05908,24,125.379388
1.987706,18,125.420356
1.595512,15,125.45869
2.195945,30,125.530392
-0.83757,22,125.583289
-1.646745,23,125.636083
-1.962696,30,125.705047
-7.723546,30,125.762297
0.802439,30,125.80971
1.760995,18,125.839581
-0.331091,27,125.884781
1.903619,18,125.917623
-0.030074,30,125.966616
2.083481,30,126.011673
2.378599,22,126.049467
3.264603,30,126.0964
1.759517,20,126.129648
-3.79146,27,126.170861
3.056427,30,126.221816
-0.409572,30,126.268068
-3.925646,25,126.306007
1.213876,19,126.337152
1.394908,27,126.386715
1.014517,16,126.413058
-5.372067,30,126.458553
-0.911887,30,126.510774
2.976508,30,126.558343
1.473847,22,126.596038
-0.892513,24,126.633833
-0.882145,30,126.678873
-2.855493,28,126.724657
2.25298,16,126.752845
2.906601,26,126.797402
-2.288164,28,126.843762
2.90779,30,126.891415
1.957833,22,126.926568
1.845605,22,126.959045
0.04272,12,126.979034
1.591666,22,127.017162
-0.098987,30,127.067077
0.697071,23,127.104131
2.102009,30,127.150776
-0.938918,20,127.183778
-3.955134,28,127.228114
0.520138,25,127.269034
-1.023195,13,127.289454
2.293249,30,127.38312
2.366524,30,127.466791
-2.256273,25,127.519962
0.313696,30,127.584384
1.108156,16,127.613378
-8.954072,30,127.662657
0.769596,30,127.709497
3.288437,18,127.738303
2.382491,30,127.790487
-4.930564,24,127.828653
-3.648423,30,127.873493
-0.311329,28,127.923383
-8.516057,20,127.957513
1.303279,27,128.005276
-1.933956,21,128.037621
-3.195918,17,128.065011
-3.166573,30,128.113249
2.969862,21,128.146387
-0.269793,19,128.177721
2.855761,27,128.219879
-3.767732,21,128.25407
-1.243727,23,128.291179
-4.272286,30,128.33576
-4.734505,24,128.373193
-2.966347,29,128.420593
-0.003492,30,128.467201
-0.201514,15,128.496839
1.758398,30,128.594783
1.476515,22,128.690097
-0.268825,30,128.780721
1.333384,18,128.829022
-1.253485,21,128.884268
2.081752,16,128.917983
-2.73259,18,128.950183
-0.084153,30,129.006279
1.449474,30,129.097278
0.596808,30,129.204941
1.47244,30,129.313224
-1.382104,24,129.380339
-0.549019,30,129.476298
2.325642,30,129.569393
2.932335,19,129.620096
-0.144223,30,129.681992
0.089889,19,129.726994
0.034106,16,129.76439
-1.760614,30,129.832099
0.151382,12,129.857667
0.023041,30,129.925191
-1.366028,26,129.984957
-2.486677,27,130.039418
-1.58873,22,130.077799
1.156034,10,130.096821
-2.677707,29,130.150368
-10.837448,30,130.200322
0.396003,13,130.227282
1.386765,30,130.276928
1.512827,30,130.336867
0.268259,30,130.391064
-2.308412,29,130.439272
-1.545711,27,130.485826
-1.397083,30,130.535913
1.1769,26,130.581605
-2.841187,30,130.635836
0.382459,29,130.682652
2.152982,27,130.733426
1.179601,19,130.763052
1.299583,30,130.809741
1.136559,17,130.835665
-7.040839,30,130.886856
-1.138955,28,130.932028
0.950671,30,130.975715
-0.230403,19,131.008681
2.504443,13,131.032422
-2.411282,30,131.081747
-1.131157,13,131.104507
-1.457712,30,131.152362
-1.969826,21,131.190565
-2.994585,30,131.235957
0.929682,26,131.279598
-2.377964,22,131.315364
-2.996,27,131.362271
3.368119,17,131.391778
-1.095946,15,131.416412
1.51289,30,131.460916
0.947178,24,131.502308
-0.299448,20,131.533778
0.742386,30,131.581979
1.664031,30,131.629861
0.396311,30,131.682193
-1.508931,20,131.714229
-1.966376,30,131.761292
-6.015374,23,131.798713
-4.497368,30,131.850847
-2.113243,19,131.881399
-0.107886,30,131.932693
2.720466,30,131.979944
-1.714582,30,132.031868
3.670957,24,132.070573
0.715003,30,132.116064
-2.3497,16,132.144486
0.06809,30,132.196587
2.304231,30,132.243464
1.827214,30,132.294183
-2.836915,30,132.338996
-0.775712,30,132.389567
2.038971,18,132.420707
-0.893905,30,132.472153
1.32104,30,132.518264
-5.193128,30,132.568971
-10.537724,29,132.614648
-2.243908,30,132.663462
1.454975,30,132.709873
-10.882093,30,132.779355
-3.064359,30,132.844618
1.616218,30,132.91699
-0.222527,30,132.989172
-1.336804,30,133.070863
2.100306,22,133.138953
1.166311,26,133.1887
-2.298128,30,133.240366
-3.380231,27,133.291553
-6.01888,28,133.337258
0.030777,29,133.383411
-3.668689,29,133.428157
-0.427554,30,133.480149
-0.486316,30,133.529021
-6.472384,30,133.58197
0.247841,30,133.630873
2.145454,30,133.68394
0.821192,16,133.710613
0.819981,25,133.752159
-2.178009,14,133.776851
2.831316,20,133.815539
-0.403326,14,133.838384
1.935544,24,133.878777
1.143783,18,133.90952
2.99018,28,133.960817
-3.103448,23,133.999021
0.086128,30,134.048939
-0.620221,28,134.094965
-4.324259,23,134.134878
-0.45989,20,134.16594
0.683065,21,134.197453
1.732821,17,134.222652
-3.824269,30,134.272179
2.844252,22,134.305551
2.16696,30,134.352523
-4.383608,22,134.389398
-2.397121,30,134.439942
1.475862,19,134.468601
-0.77259,17,134.50102
-0.650881,15,134.532254
-2.442254,30,134.640976
-2.012551,30,134.726857
-1.574006,30,134.807548
0.051507,14,134.839573
-2.196777,17,134.886994
-2.878699,25,134.939008
1.647571,24,134.981794
3.056204,23,135.021657
1.206087,25,135.066662
0.371355,30,135.114325
-1.519101,30,135.163914
3.267898,29,135.208854
1.650064,20,135.24387
-1.186159,8,135.259107
1.371616,23,135.300322
3.350719,29,135.350408
-2.316552,30,135.400985
-3.892793,11,135.418232
0.019997,27,135.460804
-3.155054,29,135.505933
1.349918,19,135.542142
2.383397,19,135.579649
2.214378,19,135.615981
2.360445,27,135.675775
-1.19499,15,135.71786
3.031081,23,135.774784
-1.720146,19,135.822468
-0.936392,30,135.891279
1.969659,17,135.931516
-9.813242,26,135.99204
2.197157,30,136.05054
-5.536321,28,136.100608
-2.484081,29,136.153234
2.41346,30,136.199378
2.091697,21,136.232845
1.050985,16,136.257941
-2.491238,30,136.309153
-5.955812,30,136.355648
-4.261485,30,136.40357
1.54605,22,136.437454
-0.745677,28,136.483811
-3.792032,25,136.529024
-3.55689,30,136.573292
0.697478,30,136.62398
-4.131125,30,136.672403
-0.399667,19,136.703233
-0.496773,30,136.748758
-3.70782,16,136.77375
0.319477,17,136.804657
-0.389233,22,136.838554
0.609629,23,136.874599
-5.032198,28,136.917603
-1.29213,25,136.958125
1.501054,23,136.995375
2.802838,23,137.032654
-14.352314,30,137.077646
-0.309452,20,137.110699
1.124487,14,137.134881
2.906532,22,137.16858
-0.339816,30,137.215095
-8.451749,28,137.2606
-2.509738,14,137.280562
-0.9632,19,137.311977
-1.388716,24,137.34998
1.488607,20,137.398608
-7.774191,30,137.455199
1.254819,25,137.498013
-0.482539,22,137.53233
-8.898096,30,137.584154
1.560926,23,137.620351
0.523448,18,137.651078
2.224042,16,137.67616
0.358228,30,137.724553
-0.357729,30,137.77638
-1.457896,24,137.813977
-2.798813,22,137.846389
-1.159383,25,137.89253
-1.093064,30,137.939183
-5.338937,30,137.988385
1.686802,16,138.013859
1.431856,19,138.043072
-0.534864,24,138.081077
1.374057,18,138.112053
-0.647332,26,138.152159
-3.131695,24,138.193505
0.709949,30,138.244155
-0.995932,14,138.266035
2.961433,25,138.309203
-3.939381,30,138.358392
1.908201,28,138.403192
0.783897,21,138.436447
-0.155608,30,138.484249
1.856372,30,138.533536
-5.476986,19,138.564161
-1.0829,22,138.600283
2.251863,30,138.646923
-6.38078,30,138.700682
-0.587389,30,138.746353
0.539489,9,138.760216
-0.517583,30,138.810001
-4.875322,22,138.846306
-1.631297,15,138.871734
0.366362,23,138.909838
-8.323139,30,138.953412
0.211561,30,139.003714
1.886726,30,139.048627
2.197088,30,139.097938
-1.313481,30,139.143097
2.051749,20,139.178142
-2.987474,24,139.215118
-4.642429,15,139.238584
0.947994,19,139.269625
1.610207,22,139.307938
0.131021,26,139.350061
2.459479,30,139.394394
1.797837,22,139.429735
0.67659,19,139.464403
2.238595,22,139.497837
2.646645,29,139.541651
-7.679591,20,139.571527
1.771615,30,139.62365
-0.284809,30,139.670208
-0.277774,30,139.716486
1.891531,25,139.75443
1.696891,14,139.781529
0.787012,20,139.81324
-7.857008,30,139.856962
-2.009763,30,139.904929
-0.309484,30,139.952432
0.792122,15,139.977707
-2.314109,17,140.002449
-1.273377,30,140.049777
-2.40183,19,140.07996
-0.771193,12,140.10015
2.886616,17,140.129179
0.46325,24,140.165607
0.894911,30,140.211804
-8.145379,30,140.259968
0.165029,28,140.302931
2.668243,30,140.34761
-6.147241,28,140.392727
-3.249259,16,140.418475
0.168421,30,140.467225
-0.879187,30,140.511681
-0.704264,11,140.531457
-2.933781,23,140.56941
-1.198035,18,140.596995
-1.404585,16,140.625212
1.116548,30,140.675808
2.317833,24,140.714808
2.683906,29,140.760815
3.160328,30,140.806921
0.691856,14,140.833333
0.905145,30,140.878046
0.856852,28,140.921402
1.513788,12,140.942055
-4.124617,20,140.977675
0.137583,20,141.009665
-1.437469,30,141.082433
-0.106317,26,141.127685
1.800369,21,141.171625
2.413049,20,141.204643
-0.700947,30,141.254035
-7.134067,19,141.28362
0.669248,13,141.305471
0.416348,30,141.356284
-5.512027,22,141.390168
-2.133188,30,141.438087
2.266948,18,141.469635
1.777938,18,141.501269
2.057072,24,141.5397
2.871027,20,141.571209
-2.829667,30,141.621691
-0.666876,30,141.671204
-2.4919,17,141.698408
-2.747475,25,141.736715
-2.138401,30,141.785524
1.619336,24,141.824331
-1.238368,27,141.864396
2.094272,30,141.910988
1.677306,23,141.95233
1.889239,30,141.999252
-0.413347,29,142.049294
-2.250205,30,142.098623
-1.784832,15,142.124763
0.458954,27,142.165007
-0.943386,30,142.211875
0.692707,19,142.241042
-6.265802,27,142.283458
-0.701089,28,142.329417
-0.198901,30,142.377962
0.874086,22,142.411152
-5.464309,27,142.456922
-0.472749,22,142.493692
1.063774,27,142.535986
1.576193,22,142.571332
0.496199,30,142.620044
-13.545912,30,142.668684
-0.790223,30,142.715928
-3.36517,30,142.767186
2.736814,21,142.801266
-1.288799,27,142.845196
0.460649,17,142.871544
2.67161,30,142.920063
-0.071569,21,142.95792
-6.377995,16,142.983691
-1.144712,22,143.018163
-1.442565,25,143.061053
2.573837,30,143.108602
0.902144,13,143.128998
-0.510427,30,143.17802
-2.529724,30,143.221274
-1.837427,30,143.270806
1.556948,30,143.318161
-0.3017,30,143.366649
-4.189413,30,143.413925
3.005639,30,143.464054
0.595987,30,143.51003
0.616196,26,143.552354
-8.355877,30,143.597581
-1.980816,25,143.643919
-4.388915,29,143.693758
2.72023,18,143.720164
-2.34299,21,143.755501
-1.677057,30,143.804279
-1.805552,30,143.852683
-6.172561,30,143.897233
3.029345,30,143.944223
-2.617425,30,143.992733
0.392328,30,144.040144
3.287852,30,144.087357
-1.70436,30,144.136612
2.957617,30,144.186679
0.926414,20,144.220647
-1.534391,30,144.27121
-0.786075,21,144.306004
-2.228984,30,144.356994
-1.398683,17,144.389764
1.166948,30,144.438742
0.077628,21,144.474664
1.531843,29,144.524011
0.21384,25,144.564952
-6.116057,29,144.611812
-1.96898,26,144.655226
2.241367,20,144.69068
1.333096,25,144.728679
1.502904,30,144.773668
2.928785,30,144.82156
-0.616561,27,144.866934
-1.983196,30,144.91471
1.096973,15,144.941166
-2.487881,21,144.97507
1.238243,27,145.021752
-0.319645,29,145.068102
-2.856463,30,145.116901
1.37846,19,145.145632
-0.43061,30,145.19551
3.285076,27,145.239306
-0.739029,11,145.255983
2.067709,19,145.28654
0.204742,24,145.326297
-2.681631,30,145.376038
-2.23151,22,145.408937
-1.089999,18,145.438454
-9.86824,27,145.483085
-1.524274,18,145.514081
-8.177761,26,145.553897
-0.353883,26,145.594808
-8.171891,30,145.642271
0.796009,29,145.691797
2.073745,23,145.727526
-6.228761,30,145.780467
-0.438239,30,145.82891
-3.765419,21,145.865331
1.88313,10,145.879856
-3.77792,12,145.900171
2.831373,12,145.922115
-2.012539,15,145.949781
-1.015189,30,145.996439
3.122918,30,146.047123
-6.849585,29,146.098419
2.07426,16,146.125441
-2.861938,30,146.17493
-2.32365,20,146.206969
2.997624,21,146.244456
2.064441,18,146.274241
-0.060225,30,146.32457
-7.027738,29,146.372676
-0.464667,30,146.428427
-2.713565,30,146.478993
2.330599,30,146.529779
2.215756,17,146.556702
1.981068,19,146.589255
-0.153436,22,146.625529
0.883427,13,146.64602
-3.774632,25,146.688711
1.810818,30,146.736592
-8.489992,27,146.780327
-5.137068,24,146.818071
2.164846,30,146.864218
3.267941,15,146.891451
-0.439436,26,146.935846
1.871874,23,146.970852
2.437587,15,146.996056
0.446171,30,147.050426
-0.221985,30,147.098531
-0.760252,19,147.130078
-1.03724,12,147.149776
-1.731101,9,147.167399
2.719301,26,147.211412
0.125798,30,147.259032
-2.606201,21,147.291035
2.10331,30,147.344245
-1.176651,30,147.390662
1.577666,30,147.441547
0.994733,29,147.487912
-1.382385,30,147.540303
-5.149555,25,147.581437
-4.845908,25,147.620109
-2.152289,30,147.668529
3.037633,29,147.718568
-0.796633,26,147.760433
2.344393,29,147.808459
-3.628732,30,147.854996
1.737431,30,147.904028
0.590746,19,147.934293
2.428873,22,147.971786
1.55698,20,148.003438
-1.414149,27,148.050658
1.763503,23,148.087949
-5.608088,30,148.138833
-12.233633,30,148.184989
3.189432,29,148.236042
-3.935524,30,148.27966
-1.607001,22,148.318317
-2.640017,30,148.364252
-0.823773,12,148.388621
-5.712424,13,148.409297
-0.573697,20,148.442838
-10.521851,24,148.481399
-3.009342,28,148.531332
-6.596888,30,148.581945
0.478688,20,148.612271
-0.901595,25,148.655258
-0.248901,30,148.729445
-0.166723,30,148.780339
2.732693,19,148.812447
-1.98858,30,148.859831
2.439319,28,148.906912
1.87421,17,148.937244
-4.577666,30,148.986012
0.279584,30,149.036909
-1.837499,27,149.081022
3.399673,25,149.123633
1.846117,26,149.162422
2.084519,30,149.211719
2.603604,15,149.236525
1.132833,23,149.274301
3.18429,30,149.319937
0.688912,20,149.351842
-0.835865,28,149.39792
-1.522489,30,149.444574
-6.349708,30,149.493486
-2.931388,19,149.522418
0.029203,30,149.572836
0.901678,30,149.618311
1.331987,28,149.666014
-2.524774,19,149.697093
1.943335,26,149.741735
-2.153536,30,149.787887
0.122636,30,149.835526
1.910396,26,149.875244
-3.416846,27,149.921788
-2.166463,16,149.948579
0.163803,30,149.995632
2.056843,30,150.045818
-2.605259,28,150.092216
3.032726,30,150.138417
-1.262341,29,150.184101
4.074908,23,150.219586
2.439668,30,150.270072
2.148293,27,150.313846
0.421539,20,150.347674
0.263458,21,150.38229
-7.790086,30,150.430299
1.05383,30,150.478465
1.900531,30,150.523836
-0.263636,24,150.561583
-3.430259,29,150.615369
0.66897,25,150.65746
-1.050282,22,150.6903
-0.937521,19,150.721254
-0.45411,30,150.772952
-3.633777,30,150.821144
1.537402,30,150.868754
2.318909,13,150.889444
-0.566184,24,150.930713
2.574948,18,150.959079
-2.465114,30,151.006666
0.614459,23,151.041318
2.730677,23,151.080412
4.006189,21,151.120256
2.101033,23,151.158026
1.916006,22,151.195466
-2.179328,30,151.241151
-3.776009,29,151.28942
0.988862,30,151.337127
-0.20263,30,151.384713
-2.536534,30,151.43259
2.220769,18,151.464552
2.639083,18,151.494418
1.624173,30,151.541378
-1.566724,22,151.575786
-0.630204,27,151.62198
-6.102648,30,151.669825
-4.047298,21,151.705215
0.047089,17,151.733115
0.180255,20,151.76578
1.651381,20,151.797134
2.829192,28,151.843856
-2.156123,25,151.885678
-3.270098,30,151.936106
-6.887051,27,151.978883
2.589532,26,152.022914
3.051372,30,152.073993
1.172864,14,152.100153
-5.724467,30,152.149163
0.257793,23,152.186255
3.510998,23,152.225512
3.089445,26,152.265416
1.035711,30,152.310402
1.27464,30,152.35488
0.233137,17,152.384588
0.616578,28,152.429849
0.865959,26,152.470435
-0.029786,30,152.518418
0.767836,30,152.56499
-13.38957,25,152.604262
-1.735076,30,152.653944
-5.867571,24,152.690052
-1.21331,20,152.724702
-1.309971,29,152.773244
2.829501,21,152.805537
2.075924,26,152.848986
0.426345,30,152.895543
1.374087,19,152.92533
-1.470208,26,152.968383
-6.175118,21,153.000573
0.262445,19,153.034931
-0.171106,30,153.081875
3.078641,30,153.130302
-0.455265,29,153.173878
-3.018464,28,153.220112
-5.253012,30,153.266218
-2.04946,30,153.315571
-0.274682,26,153.355273
-6.956597,27,153.400257
-0.320315,17,153.427918
2.051936,30,153.476598
0.044889,25,153.51415
-4.724419,18,153.545484
0.572718,21,153.5778
1.597947,30,153.622398
-3.482708,20,153.656685
1.27991,11,153.676543
-2.24129,22,153.713426
2.984546,29,153.760808
-5.059323,30,153.806581
-8.379461,20,153.84397
-6.592671,30,153.894784
1.6531,28,153.938417
-3.585769,19,153.969201
0.888012,16,153.998819
0.495191,21,154.033473
-6.951337,20,154.06708
-0.8599,30,154.113429
-1.981354,30,154.164252
-4.212597,30,154.211598
0.144452,19,154.244973
-0.703903,20,154.276424
4.222837,23,154.317825
-3.579928,28,154.361426
-1.054461,21,154.396962
-2.890618,30,154.448046
0.70842,28,154.496779
-3.404647,22,154.532114
-3.283357,24,154.571659
1.226274,13,154.591859
2.043553,25,154.637346
0.541727,19,154.669461
0.887096,19,154.705675
1.367288,30,154.754619
-0.438434,18,154.786057
-1.899086,20,154.818081
-6.141536,20,154.849769
-1.596577,26,154.893386
0.186835,25,154.938288
-2.703103,30,154.984318
-1.330504,30,155.032479
-4.080982,30,155.078227
-4.062979,29,155.129124
-0.079809,30,155.175171
1.117981,30,155.224411
-4.004821,30,155.268122
-1.87798,14,155.292977
-4.775582,28,155.337437
2.881118,26,155.376657
0.089001,20,155.408458
-0.216655,30,155.459069
-5.198979,16,155.483689
3.706084,26,155.521448
-1.190849,30,155.571154
2.553657,20,155.60916
-0.360821,16,155.635071
-4.324751,21,155.669259
-7.295758,28,155.71407
-8.156749,30,155.76129
1.956206,30,155.81534
-0.043397,30,155.860853
-2.944136,18,155.888766
1.553829,16,155.91691
0.591028,30,155.961414
3.464602,22,155.999198
0.345954,14,156.022031
0.207859,30,156.07198
-3.548754,30,156.117653
-2.511688,19,156.148179
1.330089,11,156.165633
2.024003,15,156.191145
1.231436,22,156.224857
-10.338213,30,156.272983
1.479979,29,156.315938
-11.786146,30,156.360688
2.366314,14,156.3843
3.639442,26,156.426679
0.906144,30,156.478594
-0.866033,30,156.529762
0.580469,27,156.5738
-1.065341,30,156.623004
-0.95738,11,156.638892
-3.142373,16,156.666942
3.349199,24,156.704632
1.419804,12,156.722649
-6.25285,27,156.766435
1.706647,25,156.809066
-2.456266,27,156.852774
2.920767,23,156.888957
-1.227873,23,156.923369
-0.271235,30,156.972156
0.283975,30,157.019958
-1.604692,24,157.058427
-2.311745,25,157.097289
-3.09181,24,157.137104
-1.251624,20,157.167862
2.650684,22,157.200238
-1.191585,19,157.231532
0.33527,28,157.277537
0.147583,30,157.322665
1.059944,25,157.361123
-1.210706,20,157.392904
-2.057482,13,157.414313
1.69125,30,157.464191
-1.184115,20,157.514187
2.188775,15,157.542596
-1.660363,30,157.599747
0.0692,28,157.646553
-3.722088,30,157.694769
3.142009,30,157.74701
2.505184,22,157.785446
-4.604663,25,157.828577
2.86727,24,157.867308
-1.401705,22,157.901767
-4.432544,16,157.930021
3.39627,21,157.963756
-7.188411,26,158.006696
1.862419,30,158.051749
1.837719,15,158.081376
1.886121,23,158.119176
-9.421389,26,158.158911
-1.232802,30,158.207022
-10.573031,30,158.256236
-3.085217,29,158.305575
-9.296625,30,158.356097
0.950439,21,158.388592
0.739586,23,158.428975
1.716841,30,158.482334
-2.623647,30,158.528577
0.232708,25,158.56791
-1.606221,30,158.622261
-3.415212,17,158.649262
-0.911101,12,158.669811
-5.084265,22,158.706771
-0.848556,30,158.757054
1.314191,21,158.790009
2.236574,24,158.827626
1.958958,15,158.853618
1.868579,24,158.895181
2.021446,30,158.944514
-7.352786,30,158.988019
0.657865,19,159.018703
3.673846,18,159.05015
-2.631332,30,159.100156
0.572394,15,159.124976
0.86409,19,159.152898
2.11955,30,159.204071
1.836858,22,159.237722
-0.966212,13,159.26217
-1.291641,27,159.304617
-1.521324,18,159.339257
1.708516,30,159.38501
2.132779,18,159.414033
-8.009825,23,159.450129
-2.69791,26,159.495546
0.053972,21,159.529622
-0.778559,17,159.558908
-1.886033,21,159.592275
-0.893863,30,159.642246
-0.072354,18,159.673169
3.162077,30,159.71869
2.951595,17,159.74856
1.295693,21,159.785199
-3.284217,26,159.826128
-0.495469,15,159.849959
1.989167,23,159.886216
2.771768,23,159.926767
-2.025847,15,159.950263
-3.381106,22,159.986763
-8.107925,25,160.02543
-2.848071,27,160.071796
3.128911,30,160.117825
-2.234159,30,160.164326
-2.561319,30,160.210928
-1.212654,30,160.262885
-2.134452,30,160.307851
0.277295,28,160.352313
2.389111,30,160.399
-3.793445,30,160.447236
-4.915404,30,160.496663
3.267912,18,160.521886
0.461569,21,160.556201
2.28126,17,160.584793
-10.206271,30,160.629544
1.705473,22,160.665151
-0.28441,30,160.70802
1.645677,22,160.743647
2.730678,28,160.786782
-3.66721,19,160.816063
-3.05346,30,160.861637
0.979966,30,160.910534
-7.100198,23,160.943466
0.95481,30,160.990126
0.950551,17,161.017397
1.134979,22,161.056464
-5.363484,21,161.087811
-5.858473,25,161.126684
-1.338756,30,161.172702
0.870694,18,161.19956
2.982193,30,161.248336
-0.597633,28,161.292768
-5.559526,27,161.332575
-0.166213,25,161.394261
-0.12936,18,161.426515
2.585388,21,161.462161
2.282082,30,161.510618
0.837515,29,161.557151
-8.4465,30,161.608829
2.772002,23,161.659865
-1.304021,30,161.716554
0.348369,25,161.760179
1.297405,17,161.786428
-2.633452,30,161.833981
-0.322564,30,161.877258
-0.654672,27,161.92072
-0.292397,11,161.9401
-1.037063,17,161.96449
-0.160694,18,161.993676
0.050242,30,162.040728
1.048681,28,162.087852
2.848054,24,162.127075
-4.712493,16,162.152013
1.481163,16,162.17953
0.105347,16,162.204041
0.79158,23,162.239764
-2.045815,30,162.284294
2.296789,25,162.328985
2.947852,30,162.375452
2.817849,30,162.421783
-0.95866,18,162.447128
-1.303091,29,162.495193
-0.151312,25,162.536568
-0.463828,23,162.571457
-3.446935,28,162.615026
-6.288564,29,162.66325
-6.12332,29,162.706775
-1.028969,10,162.723892
2.631044,21,162.760498
1.335366,20,162.793515
-3.024222,21,162.826009
-0.874906,24,162.862568
0.299158,13,162.880924
1.135765,30,162.928782
-6.124017,30,162.973342
-2.305174,30,163.022241
-1.021356,15,163.042162
1.185291,30,163.093468
1.661001,30,163.137329
1.209115,30,163.185366
-1.015878,24,163.223995
-3.208616,14,163.247102
-1.314944,25,163.293755
0.541977,24,163.335794
0.228679,19,163.363175
2.686302,25,163.405182
-0.935078,20,163.437512
-7.702755,24,163.475735
-4.663617,15,163.498127
0.228578,23,163.538184
-0.064727,18,163.567496
-7.102982,30,163.611978
-4.136936,29,163.65952
-5.256598,17,163.693959
-0.323599,13,163.716531
-0.205698,22,163.7555
-0.408685,20,163.789944
2.034763,30,163.842674
1.769656,27,163.898116
-2.694057,29,163.95643
0.985271,12,163.97985
-8.466784,29,164.033916
-0.715589,12,164.058132
2.008329,26,164.110247
1.484096,30,164.160246
2.377534,15,164.190901
-1.358417,30,164.241173
-2.561898,21,164.281482
2.380255,27,164.326753
-1.035026,18,164.360543
-7.348036,30,164.405197
-2.338237,15,164.430527
2.496059,29,164.472729
-4.53847,20,164.504824
-5.643118,19,164.537327
2.586274,17,164.566838
-1.528398,30,164.620964
0.796686,30,164.674168
-7.639495,30,164.725827
-2.323314,30,164.772789
-1.925761,30,164.832099
-0.847802,29,164.908916
-1.030843,25,164.985033
2.651376,30,165.055362
0.074974,30,165.112359
-8.801431,30,165.166182
0.296837,30,165.215503
-6.551506,24,165.2541
-1.208183,12,165.273398
-2.844021,22,165.312305
0.75566,12,165.333911
-2.47803,30,165.386758
0.825204,30,165.435804
2.550632,15,165.465392
2.467764,23,165.502284
0.097037,22,165.540614
-0.418645,30,165.591336
2.828375,30,165.650292
-2.209288,27,165.701224
0.929429,21,165.742285
-1.19714,30,165.800058
0.853843,23,165.849666
-4.242926,20,165.888306
1.991834,24,165.935887
-3.55116,29,165.990601
0.758445,28,166.052557
-3.392793,30,166.108565
-1.213706,30,166.1598
0.43294,20,166.197315
-2.005091,22,166.240569
-0.14372,30,166.293691
-0.619544,30,166.348125
0.045752,25,166.391308
-1.243581,13,166.41586
0.704013,30,166.471101
2.880563,30,166.522817
-2.390775,20,166.557684
1.293306,17,166.5932
2.515208,18,166.627437
0.190273,17,166.659137
-0.112111,21,166.701215
2.023414,24,166.748814
-2.622252,30,166.808554
1.894707,30,166.86711
1.208194,14,166.891699
0.638012,30,166.949374
0.411844,30,167.004303
1.04012,26,167.051956
-1.477105,30,167.106283
-0.154172,29,167.167544
-1.140576,30,167.223131
2.932247,25,167.265381
1.165768,30,167.314257
1.267621,30,167.366389
-1.387191,30,167.423066
-2.857061,16,167.454004
-0.252489,24,167.496373
-0.952654,30,167.548625
0.453352,10,167.566637
4.103018,19,167.596503
-3.608505,22,167.634885
-3.014597,22,167.675189
0.819475,30,167.755423
1.667453,30,167.859829
2.650138,30,167.95254
0.06905,16,167.985818
3.64023,25,168.036692
1.856235,24,168.114832
0.130158,30,168.240102
-0.197618,30,168.340414
0.702718,16,168.402014
-2.780978,19,168.45705
-1.515801,27,168.512242
2.463359,30,168.568129
1.297317,21,168.60947
0.387665,19,168.643477
0.914821,27,168.692782
-2.420176,30,168.744689
2.240353,26,168.793727
-4.20947,24,168.842161
1.243534,30,168.898703
-3.596937,29,168.952041
-6.366491,29,168.999201
-0.149899,30,169.048497
0.844761,30,169.105658
-1.521945,30,169.152013
-15.126413,27,169.19537
0.886505,30,169.24362
0.487656,30,169.290409
1.755165,23,169.328892
2.597133,30,169.383202
-0.826005,30,169.433233
2.585656,25,169.472817
-0.81872,22,169.509554
-2.495828,11,169.524681
1.518605,17,169.554751
-1.312472,17,169.583028
-1.666502,25,169.622023
-4.438793,30,169.67314
0.584181,28,169.72035
-3.643572,21,169.753109
-0.722698,29,169.797418
-2.304345,30,169.847283
-3.073821,28,169.912216
2.829787,25,169.974082
0.528529,20,170.027174
-0.778016,20,170.075409
-1.145622,22,170.125721
-0.604619,20,170.171719
-0.34676,27,170.240136
-2.408673,30,170.296402
-2.007899,17,170.325691
-2.006044,30,170.36922
-0.138982,30,170.416434
-0.253181,30,170.46154
2.845731,30,170.509582
-0.25796,18,170.53723
-0.171549,30,170.58727
1.622068,9,170.601186
1.063503,18,170.631641
-2.173329,22,170.670145
-1.350299,30,170.717962
-0.230582,11,170.734109
0.696989,30,170.781173
-6.936489,30,170.828313
1.375782,24,170.866767
4.0516,22,170.902208
-0.673989,29,170.946882
1.88985,21,170.979624
0.684607,28,171.024123
3.069075,28,171.070715
-0.809844,24,171.10857
0.317875,30,171.155698
3.652686,17,171.183799
-0.257522,27,171.229475
1.393735,17,171.25666
1.008477,21,171.290334
1.37997,27,171.338173
1.118274,26,171.379092
1.015521,30,171.423966
2.236802,12,171.442532
0.783871,29,171.488608
-0.449583,20,171.519942
1.591127,30,171.565335
0.942822,24,171.605221
-1.277074,27,171.649565
2.06875,30,171.698383
0.235474,30,171.770455
2.271324,30,171.839431
1.496967,30,171.920865
2.804785,25,171.986104
-1.493134,30,172.062752
2.075623,30,172.138341
-3.14466,26,172.186919
-0.126639,20,172.22642
0.192799,14,172.252239
3.509056,27,172.299242
-4.193199,17,172.331455
2.666922,21,172.369594
3.09285,20,172.406041
-0.784152,24,172.446453
-0.311822,28,172.497914
1.945093,30,172.549939
0.998572,15,172.571808
-1.069826,30,172.623903
2.622066,18,172.652508
-11.048008,30,172.700895
2.50451,17,172.73349
-3.82999,30,172.787515
-0.348089,23,172.82469
3.534864,22,172.860361
1.410497,17,172.886111
-5.00181,30,172.936145
-6.800398,30,172.981004
2.127969,23,173.019006
-0.287501,21,173.053875
1.597389,13,173.075229
0.450791,11,173.095667
2.789356,30,173.145024
1.588996,25,173.185296
0.160949,26,173.230301
-0.986274,30,173.278384
-0.070763,28,173.3273
1.010024,19,173.359792
2.885001,28,173.405966
-1.590116,20,173.439186
2.402216,30,173.501005
0.485419,21,173.552079
1.353273,24,173.612295
-3.242438,23,173.67215
0.308244,30,173.752681
-4.160746,27,173.814122
-1.607846,25,173.874021
-2.278672,26,173.921388
-3.575119,22,173.960815
1.832325,18,173.989492
2.812499,30,174.039014
2.595354,24,174.077904
0.220045,26,174.119009
-0.653649,15,174.144928
-4.606082,25,174.187315
-3.330851,18,174.21846
1.780408,20,174.250154
2.870692,17,174.27946
-1.452198,30,174.328026
-0.295678,30,174.377584
-0.43742,19,174.407418
0.377815,29,174.454157
2.494077,22,174.48919
-0.263386,30,174.540454
-1.481341,30,174.587126
-3.0305,17,174.616556
1.618433,22,174.652894
-0.218083,23,174.690092
-1.204182,20,174.727148
-1.661573,18,174.757368
-0.574641,21,174.794473
1.107811,27,174.835927
2.366373,30,174.886606
-2.344356,30,174.93303
3.294673,28,174.979327
1.324554,21,175.015617
-1.622932,17,175.042488
1.550079,30,175.090829
-2.626231,26,175.133708
-1.390927,30,175.181216
-7.28037,30,175.226278
2.959023,15,175.250057
1.910304,20,175.281944
-3.661683,22,175.320184
0.828867,27,175.363486
-0.501785,22,175.39714
-2.669344,24,175.434777
-0.400429,20,175.488415
-0.221901,30,175.573167
1.581094,27,175.641425
3.109122,30,175.702694
2.815822,26,175.750208
2.467048,30,175.798373
-1.343052,14,175.822182
-2.130547,30,175.866961
0.726401,20,175.898396
2.732748,30,175.945394
0.250059,23,175.979501
0.211255,23,176.016781
-2.175161,30,176.066604
-1.671536,30,176.112366
-6.613395,30,176.158386
-1.011312,25,176.197548
-3.299159,29,176.24189
-1.304192,15,176.268612
2.683298,26,176.307714
2.676408,30,176.354838
3.182147,30,176.400576
-1.214219,8,176.413416
1.024938,20,176.443017
-1.118991,27,176.485176
-1.30314,30,176.551417
-0.648826,27,176.597304
-5.244819,28,176.646712
-1.411838,20,176.682964
1.201689,23,176.731051
-0.064956,30,176.783736
-6.724302,30,176.828506
4.148458,24,176.864935
2.251986,10,176.882964
-7.572577,30,176.928335
-4.310574,30,176.975286
1.254058,17,176.999829
0.167229,29,177.045653
-0.381679,12,177.064653
1.448255,30,177.1106
-7.97621,30,177.1551
1.093356,27,177.197661
1.148422,30,177.242195
-4.350792,27,177.284987
-2.182242,30,177.329483
0.775629,18,177.356439
-1.843222,25,177.395523
-4.190052,22,177.431046
3.529712,24,177.469171
-3.13408,30,177.513168
-0.230648,30,177.561551
-1.646919,17,177.588056
0.564732,22,177.624184
-2.116223,30,177.66845
-1.582972,15,177.692325
-1.362817,17,177.71926
3.121717,23,177.758534
0.774345,24,177.796874
-2.404855,24,177.834021
0.752548,25,177.872148
-0.576367,30,177.920707
2.176661,14,177.943908
-0.261786,21,177.976113
-0.842279,25,178.016044
-1.477742,23,178.049483
-2.451464,23,178.088403
-4.787109,30,178.137845
-13.719441,30,178.184053
-12.622812,30,178.231576
-2.750453,28,178.27434
-1.11539,18,178.301292
-0.460225,30,178.349533
1.835818,30,178.396782
-0.716898,30,178.444955
1.569553,19,178.472412
-0.847524,29,178.516021
0.409005,24,178.552218
-6.124787,30,178.598065
0.953077,17,178.623984
-2.378221,28,178.66746
1.598219,30,178.714152
-0.559124,30,178.759904
-2.108461,30,178.805939
1.054893,24,178.84158
2.715178,20,178.873374
-2.330826,21,178.906386
2.179189,16,178.930972
-0.959268,19,178.961137
-2.773822,25,178.999668
0.970626,30,179.048271
3.268451,25,179.087193
4.159457,27,179.131214
2.571499,18,179.157921
-0.039216,30,179.203703
2.725445,17,179.229681
1.973544,30,179.27367
-0.002832,15,179.2991
0.991645,22,179.334153
3.713968,24,179.370353
-0.076432,30,179.417142
-3.036214,28,179.460826
-0.199536,22,179.497284
-5.374064,30,179.540891
-3.861042,27,179.582517
-0.3267,19,179.613403
0.235177,22,179.6442
3.546746,19,179.675337
-0.969681,17,179.702479
-4.557581,30,179.750428
1.067456,21,179.784506
1.696807,11,179.802594
0.96509,30,179.84944
1.844634,30,179.894959
0.633351,30,179.940151
0.877004,30,179.987728
0.020957,30,180.033766
2.88112,17,180.060367
-2.634232,30,180.107883
-6.982771,30,180.154121
-2.711727,30,180.200846
-0.811998,30,180.245927
-0.364541,30,180.295927
2.439237,13,180.315825
1.886992,16,180.339996
-2.309406,28,180.381936
0.09955,17,180.407424
-3.204284,17,180.435921
-1.248613,20,180.468182
0.225107,30,180.513561
0.985929,30,180.560222
-2.482982,30,180.606005
1.017376,17,180.633793
-4.435008,30,180.683149
1.602069,18,180.711471
-0.563527,19,180.743014
2.166917,30,180.795295
1.812592,27,180.837793
0.642478,30,180.888416
-1.839166,28,180.933348
-2.545826,30,180.978824
-0.566526,26,181.020182
3.051995,30,181.065685
2.919005,24,181.104644
0.67101,16,181.130724
-0.71512,30,181.176353
1.482143,30,181.220202
-1.792151,22,181.257061
-2.204158,30,181.303169
3.771318,25,181.345289
2.783031,30,181.392814
-1.198517,20,181.424016
-0.443994,27,181.465433
0.605304,30,181.513519
-1.14976,18,181.544106
0.550554,30,181.588506
-0.100822,22,181.624184
1.085466,30,181.672144
2.319536,23,181.709169
2.88074,28,181.75188
-4.566866,24,181.790137
1.522112,27,181.831768
-3.481466,26,181.872937
-1.022293,18,181.902382
-1.110589,23,181.939276
-4.483604,27,181.979962
-0.476554,21,182.017634
-1.043303,14,182.037926
3.098173,18,182.069205
1.142881,24,182.108817
0.298361,12,182.129581
1.988007,19,182.15781
-0.204198,28,182.202736
2.324659,14,182.22679
-0.524234,13,182.246957
-0.957623,30,182.295185
-0.467234,20,182.325854
3.762564,26,182.369864
-2.849911,26,182.412371
1.246544,30,182.461692
-0.729068,12,182.479727
-1.072682,30,182.529043
-0.37702,30,182.576065
3.409264,26,182.618608
1.646617,15,182.640142
-4.312177,30,182.690546
3.028216,30,182.740539
-3.363239,30,182.790649
2.211273,30,182.837513
2.000916,19,182.869089
1.008615,20,182.90023
2.857037,30,182.946565
-12.727556,28,182.989626
-0.919076,30,183.0356
-0.349664,30,183.086019
1.541404,16,183.112485
-3.583609,16,183.139696
-2.068529,30,183.185259
1.783675,14,183.209219
-1.695529,30,183.254112
-2.954422,25,183.293881
-3.400981,29,183.339867
1.532853,30,183.385507
-0.086689,30,183.433925
-2.627489,25,183.473282
0.145036,16,183.498331
-4.523848,30,183.544433
-3.679913,30,183.591567
-0.299713,20,183.623856
0.443002,26,183.66434
0.14803,30,183.717917
1.864916,30,183.76453
3.036281,30,183.815964
1.314419,11,183.833836
0.005739,26,183.871827
0.76417,29,183.926769
-0.050329,30,183.975727
2.508417,25,184.013022
4.046567,29,184.057356
-5.201519,30,184.104866
0.353228,30,184.148551
3.851318,22,184.185399
2.00739,14,184.20622
-0.681829,19,184.237973
3.263306,30,184.287277
3.05099,17,184.312954
-2.424583,30,184.358241
0.412191,18,184.388002
1.417383,30,184.432629
0.288426,13,184.456396
3.640634,26,184.495927
-0.182253,9,184.509037
0.504963,15,184.534151
3.271374,17,184.559265
0.751086,28,184.603483
-2.236823,30,184.652909
-4.95278,25,184.691452
3.099987,27,184.735101
2.920323,29,184.780986
-1.045606,30,184.829212
1.669035,18,184.859296
0.89099,30,184.910215
3.204397,23,184.945807
2.675967,11,184.964692
3.051157,30,185.016773
-1.91115,19,185.046304
-2.649471,24,185.085665
-1.629575,30,185.138126
1.39626,30,185.186657
-3.587724,30,185.235926
0.201469,27,185.280664
0.147571,26,185.31866
-8.649008,30,185.365551
-0.674008,13,185.385904
1.082175,26,185.425982
0.481296,26,185.467626
1.659595,30,185.513471
0.842115,30,185.559915
2.975255,22,185.59513
-1.663547,30,185.642606
2.300722,23,185.679192
-1.786703,28,185.724362
2.515164,24,185.761697
0.387621,16,185.787741
3.217536,14,185.810822
1.701789,24,185.849139
0.004525,30,185.900773
-3.260701,23,185.934488
1.054997,30,185.982517
3.772355,19,186.015339
2.780872,26,186.055089
1.634676,30,186.102598
-2.013941,27,186.143832
1.586183,21,186.179175
1.036566,19,186.206444
1.853351,16,186.233201
-2.266577,25,186.273738
-0.731725,26,186.31319
-2.106079,29,186.359883
-0.256365,30,186.406458
2.732853,14,186.427501
0.729366,25,186.468549
3.045546,28,186.512618
0.933653,29,186.5585
-2.919945,30,186.604652
-0.258358,30,186.653458
-4.993564,30,186.702367
-1.325107,12,186.721224
4.089042,24,186.759553
-0.457601,25,186.8024
-6.117538,30,186.850785
2.457659,27,186.896785
-1.585685,22,186.932327
1.821261,10,186.949758
-1.226632,22,186.987264
-2.049981,23,187.024289
1.991467,20,187.056495
0.56045,23,187.095522
3.012195,30,187.142679
0.951308,26,187.184752
0.607874,30,187.231919
1.449484,27,187.274628
-1.667669,19,187.305396
-0.56643,30,187.351173
0.103453,23,187.388103
1.729439,17,187.415013
-0.137114,30,187.46184
-4.453225,24,187.500066
0.778186,30,187.545984
3.983917,30,187.594375
1.538797,26,187.634003
-2.208696,30,187.680281
2.354547,16,187.706134
-1.308045,25,187.747273
-0.968362,30,187.796276
1.99674,29,187.841639
-0.608233,30,187.885867
-5.572481,23,187.921622
-2.205631,22,187.957629
-2.333262,24,187.995384
2.941595,23,188.030064
2.138629,25,188.070848
-0.554776,24,188.109665
-0.688807,30,188.152244
-2.932769,30,188.197221
2.120036,26,188.237876
-2.815473,30,188.28737
0.231419,16,188.313134
1.879377,25,188.353739
-3.807931,18,188.382711
1.572174,23,188.420875
-0.901229,30,188.471088
-2.013332,30,188.515912
-2.212609,19,188.547684
-0.619057,16,188.575301
3.161761,25,188.615786
1.485645,30,188.663977
1.876313,30,188.71188
-0.251022,24,188.753914
-1.240366,15,188.779233
-0.981417,18,188.806148
0.503175,18,188.835849
1.427059,30,188.882185
-1.047871,21,188.918592
-2.326559,22,188.952069
0.99694,17,188.978883
-1.43557,13,189.001115
2.239581,23,189.040018
2.075684,30,189.091246
-1.038635,23,189.127963
0.2485,30,189.174378
2.274546,30,189.222994
2.580267,29,189.27073
-0.155535,30,189.31361
2.185687,24,189.354446
-1.207366,22,189.391831
1.753166,12,189.410735
2.228558,20,189.442728
0.405988,24,189.480342
1.258539,22,189.514201
0.852932,30,189.559124
2.351154,22,189.592399
-2.94701,30,189.639053
0.925926,30,189.685102
1.859795,22,189.721052
1.204068,16,189.74711
-0.251609,9,189.760999
-1.202648,15,189.786175
-0.316979,22,189.820138
1.399267,30,189.867289
-10.675947,30,189.913782
-1.554626,19,189.945266
0.961748,30,189.991417
1.918991,16,190.018629
2.433061,21,190.051853
1.551089,21,190.085414
-1.77628,25,190.123469
-5.584973,30,190.170602
1.952395,22,190.204881
0.691017,30,190.253263
-1.381816,17,190.27792
-1.633321,19,190.310026
2.008287,30,190.356169
-0.071623,18,190.38579
-1.554828,29,190.431069
0.858164,27,190.473636
-0.099981,30,190.520429
2.206246,18,190.551095
2.58765,28,190.593909
2.214821,30,190.639036
-1.94912,17,190.66875
-5.692833,30,190.71405
0.064035,30,190.761477
0.660358,14,190.782804
-0.54827,30,190.83114
0.364511,23,190.865008
1.922878,30,190.914018
-1.795387,27,190.956999
0.436379,30,191.007391
1.67377,30,191.055938
-2.668238,30,191.102627
-1.834716,20,191.134766
2.105367,23,191.17431
-3.862294,21,191.205464
2.08238,28,191.249731
1.055096,26,191.294684
1.370083,30,191.342957
1.271965,30,191.391602
-1.724718,30,191.437646
0.461203,14,191.463721
2.171617,29,191.509259
-0.184657,30,191.553276
0.470914,19,191.584594
-6.392616,21,191.619189
-0.055383,20,191.650738
-0.737349,23,191.686769
-2.302192,17,191.712929
1.962604,19,191.74534
2.121969,20,191.779611
2.442316,20,191.810996
-1.512749,23,191.844782
1.307709,30,191.890628
1.260326,21,191.929033
3.65933,30,191.975729
0.905487,18,192.003371
2.033749,28,192.047771
4.064747,19,192.075932
-5.26105,20,192.107961
-0.918573,15,192.132119
1.969677,19,192.160406
0.016018,21,192.194536
1.237256,19,192.225331
4.057358,26,192.266948
1.223436,22,192.303054
-7.468283,20,192.33568
-5.826411,22,192.368517
-4.409994,18,192.399362
0.350266,28,192.443307
2.528722,29,192.488323
1.625033,20,192.518668
-3.457261,30,192.567647
-3.550459,30,192.614667
-2.966618,30,192.661855
-0.419309,20,192.693223
-0.975008,24,192.73194
-3.059053,30,192.780604
1.807758,30,192.829767
2.160415,25,192.87123
-1.973246,11,192.889127
-0.021788,30,192.93698
0.949426,28,192.985255
-1.766335,29,193.030081
-1.635901,22,193.065418
-0.898207,25,193.106194
0.633181,29,193.151657
0.200796,9,193.168766
0.807972,21,193.201504
-2.303174,30,193.246661
0.149328,30,193.295779
-2.05868,23,193.331998
3.225586,30,193.376866
2.269027,23,193.412481
2.171171,10,193.428102
1.703336,17,193.457335
-0.031234,30,193.50235
1.468194,30,193.550535
-0.463985,15,193.575062
-0.502808,30,193.623834
3.430202,27,193.667483
0.751494,26,193.707878
-0.334515,13,193.72837
1.682827,18,193.759304
2.105187,30,193.801867
-5.867334,30,193.850551
-0.309181,17,193.876762
-0.513852,30,193.927272
-2.599787,30,193.974353
2.900374,22,194.009806
-0.79386,30,194.056247
2.019927,30,194.106857
-3.584558,30,194.15307
0.86828,11,194.171862
-0.881965,20,194.208967
-3.432334,19,194.242693
-4.354184,16,194.26964
-8.213091,30,194.316492
-2.351459,26,194.360682
3.274632,26,194.401922
-2.577615,30,194.450459
0.222297,19,194.477864
1.410662,30,194.525768
-0.959052,30,194.570552
-0.366481,26,194.613923
0.871443,28,194.65685
3.205947,30,194.704499
-0.978285,30,194.75153
0.937467,18,194.778785
-2.124378,24,194.81546
-2.974064,30,194.864445
1.800477,30,194.908577
1.330635,20,194.940576
3.318715,30,194.989015
0.971318,13,195.009656
-1.33421,30,195.056494
-4.246724,29,195.10025
-0.650532,19,195.12928
1.856106,27,195.170303
-0.32478,24,195.208328
-2.002358,26,195.251252
0.74541,30,195.297175
-2.433041,25,195.338713
-3.766365,30,195.383888
4.127833,24,195.421327
-1.255911,30,195.468591
-1.032532,25,195.510325
0.513127,17,195.538126
1.047567,30,195.587274
1.204427,20,195.618129
0.748152,16,195.645473
-0.732894,15,195.668572
-4.772632,25,195.711859
-5.042344,30,195.759278
2.856405,27,195.80506
-0.123407,30,195.851956
-5.781644,30,195.90005
0.903498,20,195.930629
1.938111,30,195.979849
0.642176,20,196.010858
2.832009,30,196.06248
-1.136795,30,196.107947
-1.085815,19,196.139529
1.026456,30,196.188005
2.722463,23,196.223097
-2.281901,22,196.257664
-1.666442,30,196.303064
3.293123,26,196.345609
0.055426,20,196.37911
-1.483887,27,196.422696
-0.231418,16,196.448805
1.546555,26,196.488644
0.948219,23,196.523433
3.083381,30,196.568765
-0.476089,18,196.598604
0.89138,19,196.628861
0.287504,21,196.663008
2.648224,30,196.708906
-2.489678,19,196.739645
-3.023431,27,196.782688
-0.240416,19,196.81395
1.365856,26,196.852369
-2.943716,18,196.881008
-0.940513,30,196.928123
-4.426327,27,196.972523
2.20168,30,197.018218
4.312655,24,197.058029
-2.377945,24,197.0976
-3.615833,28,197.141289
1.400516,22,197.177103
-0.95938,16,197.202837
-2.284217,30,197.24827
-1.461766,30,197.296721
-1.850213,11,197.314089
0.743389,19,197.341673
-13.05882,26,197.381312
2.734352,26,197.420833
-0.562048,12,197.438966
-2.172453,30,197.488829
1.182013,30,197.534142
0.510754,14,197.557019
1.044381,30,197.601157
-2.167921,18,197.632624
-0.078969,25,197.672345
1.991121,30,197.725849
2.354994,30,197.774763
1.639543,30,197.824296
-0.309189,30,197.869317
-8.097807,30,197.917816
-4.78509,15,197.941295
-0.01705,30,197.989439
1.28106,29,198.033542
0.291662,25,198.073085
2.529181,27,198.118437
-9.201662,30,198.168007
2.515079,30,198.215104
-0.579567,30,198.262114
-0.183949,30,198.307111
-0.495681,11,198.325007
-1.15351,25,198.36482
-2.131058,24,198.404239
-3.630687,16,198.43043
-6.067107,30,198.4786
3.061093,14,198.500136
-1.584411,30,198.546568
-2.493455,19,198.575278
-0.185412,21,198.611001
1.569577,30,198.655936
0.773878,17,198.680857
4.228444,30,198.729879
-1.664266,29,198.777166
1.09934,30,198.826318
-0.976897,30,198.871575
-1.019142,23,198.909037
1.223343,25,198.950079
3.650228,29,198.994604
1.255841,20,199.025582
-1.675589,30,199.076182
2.15867,30,199.121436
-1.968723,30,199.170782
-0.71362,30,199.217007
-0.269128,24,199.254106
1.693268,20,199.289072
-3.839252,12,199.307924
-0.136228,18,199.33778
1.037979,18,199.363704
1.671972,20,199.396392
-0.433066,22,199.435823
-4.004756,20,199.468026
2.045632,30,199.513975
-1.664792,18,199.545402
0.304499,24,199.582769
2.434504,30,199.628323
2.955313,30,199.678235
1.266987,20,199.710441
-4.386345,30,199.75786
-0.631496,16,199.784216
-1.268128,16,199.809281
0.373649,30,199.858123
3.572413,17,199.883837
1.614624,30,199.93264
3.152974,30,199.97885
-0.449567,28,200.024709
-7.419394,30,200.073549
1.960024,30,200.120116
-3.848492,26,200.161613
-3.68592,24,200.200456
3.002236,22,200.235222
3.007873,30,200.283988
1.954676,30,200.330289
1.177445,17,200.356819
0.04839,28,200.402154
3.257646,30,200.452301
1.5407,28,200.496902
2.303864,30,200.544034
1.95582,30,200.592548
2.031041,29,200.637302
-1.356947,30,200.691247
4.004452,16,200.718029
2.160569,28,200.763364
0.673422,25,200.803407
0.832278,22,200.838999
-5.430906,30,200.88824
1.680506,16,200.91391
0.518902,28,200.957615
0.917976,20,200.990306
-2.253063,18,201.018246
1.903951,30,201.068232
-2.775197,28,201.113914
0.753775,30,201.161182
-2.924827,30,201.211622
-8.794582,24,201.249001
0.10557,16,201.275122
1.944229,29,201.321781
1.007088,30,201.370026
-4.73082,30,201.414238
1.678685,28,201.457868
-3.010404,12,201.477106
-0.104667,30,201.525196
-0.72953,30,201.572233
1.643633,22,201.608698
0.453515,24,201.645279
1.78684,27,201.686779
0.738638,30,201.733279
2.050026,30,201.777296
-0.170247,11,201.7948
0.147476,30,201.845763
2.675846,29,201.88953
1.211749,21,201.920641
-2.494729,23,201.958799
-0.958633,27,202.001634
1.194344,26,202.04274
-2.251409,29,202.091747
-4.903834,28,202.136077
0.772207,28,202.180968
0.762565,29,202.228777
0.587229,30,202.275877
2.749194,25,202.313295
0.924934,14,202.338792
-2.922322,12,202.356971
-0.403443,22,202.391013
0.351458,30,202.439327
-0.619653,15,202.464466
1.030043,30,202.509623
-4.750741,26,202.55089
-0.899102,23,202.586718
-4.575437,22,202.624823
-0.337304,30,202.669662
-2.01593,30,202.718385
-1.780413,30,202.766773
-9.308948,23,202.803198
-5.215331,19,202.833757
1.238871,30,202.878301
-0.696304,17,202.907172
-1.323709,30,202.953426
-1.701202,17,202.980856
-0.337164,30,203.02893
0.117807,9,203.042425
1.961791,29,203.087887
2.247434,29,203.137683
-0.098694,21,203.169816
0.880707,26,203.21121
-0.073668,30,203.261848
1.843684,29,203.306819
1.287612,26,203.348435
1.337647,14,203.370732
-1.216781,28,203.416898
-1.287227,15,203.441414
-6.317899,30,203.486691
2.271314,21,203.521553
1.779836,27,203.563008
2.067349,30,203.61294
-2.014279,30,203.660945
1.335508,24,203.699767
-4.302634,30,203.749507
1.645803,30,203.795565
1.932965,30,203.841244
2.20475,24,203.879474
2.356205,30,203.927573
-0.283457,30,203.975574
2.097971,30,204.02047
-3.974057,19,204.051503
2.113522,27,204.117683
1.024792,30,204.211033
-5.891929,16,204.264412
-0.338926,21,204.341203
-1.466833,29,204.410482
0.975355,30,204.475408
-0.529535,17,204.510261
1.66294,15,204.535593
0.190427,19,204.567197
2.921866,27,204.615122
-3.72237,10,204.63025
0.90526,30,204.677799
-3.992611,30,204.72538
-0.100343,30,204.776082
-2.484291,27,204.820037
4.051059,29,204.871297
2.841327,27,204.916627
1.200955,30,204.963493
1.248972,30,205.010861
1.925231,19,205.03969
3.67444,29,205.100616
1.679413,24,205.159511
0.386531,15,205.193872
0.664272,21,205.2506
1.24785,23,205.308499
-4.191138,20,205.35399
0.752004,18,205.401227
-0.174302,15,205.440153
0.380083,30,205.506449
1.851027,25,205.549381
-1.41348,30,205.600365
-4.330421,29,205.64843
-0.32219,26,205.694989
0.714818,28,205.739837
-0.732957,30,205.785244
0.978778,30,205.833113
-3.493938,19,205.86262
-0.709861,24,205.90038
1.239879,13,205.92512
-2.049956,19,205.955337
-1.153864,17,205.985644
-2.697705,19,206.014963
2.8129,16,206.039532
0.386978,29,206.087381
1.250923,28,206.13631
-1.775551,30,206.183681
2.603537,28,206.231487
2.650041,18,206.265093
1.126081,30,206.312933
-2.169964,30,206.362202
0.68666,20,206.397158
1.672696,30,206.445399
2.057776,26,206.496162
2.266919,30,206.547953
1.85939,25,206.589475
3.063553,25,206.632523
0.802152,25,206.671968
-4.174587,27,206.716214
1.550148,30,206.76687
1.444762,25,206.81345
2.807753,28,206.864152
-0.571101,30,206.916576
-0.212048,30,206.966838
-1.050381,25,207.015221
2.047949,27,207.062884
0.657293,30,207.14349
-2.773643,30,207.222052
1.887,21,207.277987
-1.154665,30,207.341122
3.641408,29,207.394509
1.280411,16,207.423303
-0.050324,23,207.464368
-0.289944,21,207.501156
0.808291,12,207.520965
1.949559,14,207.548061
0.476637,27,207.595776
1.551654,29,207.645662
3.178918,19,207.678986
-4.905814,30,207.729961
2.598467,29,207.782002
2.981941,26,207.827013
-2.712265,24,207.86493
-1.879843,30,207.909141
2.267708,20,207.941059
-2.66875,13,207.963212
2.5816,16,207.989509
2.870104,30,208.036098
-1.516824,30,208.082285
2.112155,16,208.110262
1.060879,30,208.156131
0.53031,22,208.195364
0.408854,27,208.239397
0.471569,30,208.292845
-3.030019,30,208.343372
1.773492,30,208.394843
-0.129184,30,208.44982
0.549897,25,208.529992
1.478505,21,208.592741
2.668575,19,208.659261
2.965393,19,208.7125
1.110809,29,208.795044
2.771695,14,208.831191
1.84701,30,208.888176
0.80098,25,208.928749
0.428543,30,208.976117
-6.647226,16,209.00166
1.866628,30,209.053871
-0.209175,24,209.093325
-0.08565,19,209.125978
0.860643,30,209.174389
1.623524,20,209.205848
1.475914,14,209.230028
2.298806,28,209.275205
3.470352,26,209.316217
1.188413,26,209.362522
-4.77593,27,209.405015
-1.395824,30,209.454421
2.761462,27,209.507849
0.49386,14,209.540649
-5.075305,30,209.620722
2.949234,23,209.675737
-0.964254,30,209.749633
-0.401956,24,209.806803
2.656615,17,209.848695
-1.251799,30,209.917708
-1.733819,28,209.965613
1.325415,13,209.9877
-8.299462,18,210.015603
-4.502477,18,210.045802
2.603099,27,210.090832
1.417256,24,210.131213
0.232736,30,210.179691
-0.243218,30,210.230512
-0.016449,30,210.277377
-1.517739,23,210.316283
1.166947,30,210.364133
-2.724667,29,210.412959
-7.772545,24,210.455195
-0.316504,13,210.475177
-0.342074,18,210.504006
1.336284,18,210.535969
-3.423061,15,210.56071
-3.194416,26,210.605061
-3.39475,22,210.642065
2.676615,24,210.681586
1.480972,29,210.732715
-2.409036,14,210.755433
0.839379,30,210.805286
1.160246,12,210.82671
0.505606,30,210.875802
2.631221,30,210.925391
-1.914285,26,210.9654
-1.14163,30,211.016425
-2.679154,30,211.064636
-2.493562,26,211.108967
-0.709183,25,211.150319
3.231779,25,211.190384
2.523218,30,211.237368
0.490962,19,211.269445
-4.324516,30,211.317654
2.583233,29,211.363845
-5.92454,27,211.404981
-2.306853,11,211.424686
-0.653196,19,211.455675
-2.095095,13,211.475664
0.420066,21,211.532076
2.600093,30,211.614356
4.010281,26,211.670197
0.745928,22,211.715293
-0.741524,15,211.741168
0.370125,17,211.776568
-4.174256,30,211.82453
4.105461,29,211.868364
1.206377,26,211.911312
0.343599,17,211.938581
0.573498,25,211.975961
3.006689,18,212.005808
0.011152,27,212.049751
2.344266,21,212.082548
0.838133,24,212.120582
2.362923,22,212.156358
-4.519124,15,212.180966
-0.427035,12,212.20003
2.740538,23,212.23801
1.902088,26,212.278083
0.504141,29,212.325766
-0.619673,29,212.371093
-0.992837,11,212.389434
0.444117,30,212.436788
-1.164526,19,212.469127
-1.642431,14,212.48904
2.077843,30,212.53845
-1.896627,25,212.579417
0.911447,30,212.628606
-1.299536,23,212.663702
-2.459212,20,212.695188
-2.044463,18,212.729145
-2.217781,30,212.778091
-0.774809,17,212.805303
0.610902,30,212.850352
0.010578,30,212.897959
3.137102,16,212.922607
1.124992,29,212.967126
1.952019,20,212.998591
3.035034,30,213.047792
2.751257,13,213.071226
3.043675,19,213.100422
-4.696727,28,213.144269
1.847918,30,213.192489
-1.788099,14,213.212229
-0.366397,30,213.26143
-5.217088,30,213.309011
-3.948152,27,213.352031
1.907698,27,213.395329
1.571982,30,213.439584
-4.144596,26,213.480549
-1.926575,22,213.515738
-0.902435,19,213.546579
-3.399021,30,213.594321
2.02296,30,213.641184
0.157876,22,213.67773
0.622054,17,213.703553
2.137251,17,213.729101
1.107006,27,213.77657
1.893391,30,213.822361
-6.340497,30,213.871378
1.970914,25,213.911685
3.383528,30,213.962145
-1.279704,21,213.99607
-1.577228,29,214.042638
-1.725181,22,214.078908
0.837168,30,214.124913
2.807583,21,214.158418
-14.071442,30,214.205222
0.857496,30,214.251607
-3.014076,27,214.294608
0.094477,30,214.342155
-0.535766,25,214.381059
1.499082,14,214.403256
1.337123,24,214.439991
2.251665,18,214.469497
3.133638,30,214.514316
2.18159,26,214.556611
0.688361,27,214.601004
-0.681269,28,214.646256
3.801567,30,214.692235
2.413471,28,214.735664
0.675879,16,214.759003
-6.607309,30,214.80766
-4.23055,24,214.844568
-2.618973,19,214.872884
-1.220251,20,214.905478
3.417186,23,214.943465
2.872116,18,214.972071
3.181343,30,215.015976
-0.683249,22,215.053309
-1.655614,25,215.091802
-2.569864,20,215.124216
1.141888,30,215.172964
1.092601,30,215.222546
-0.682526,16,215.248626
2.869372,29,215.294114
-3.577677,21,215.325387
-6.067702,27,215.36948
-2.330644,30,215.420403
-4.404191,29,215.466898
-0.043507,27,215.510593
0.381391,30,215.555207
1.753086,30,215.605002
3.402347,30,215.652126
-0.203308,22,215.687615
1.264636,30,215.733582
2.536629,28,215.778717
3.908601,20,215.81006
3.196028,30,215.857985
1.84174,19,215.885044
2.249161,24,215.921885
-7.653505,23,215.958068
3.965018,29,216.004313
-3.244217,27,216.050128
0.921905,29,216.095899
1.439292,17,216.123887
-0.450632,16,216.150588
4.24753,30,216.197267
-0.402534,17,216.225814
2.319934,30,216.272968
0.547431,18,216.300712
0.578089,29,216.347809
-0.961618,30,216.394037
-2.758862,24,216.43191
1.257955,30,216.480656
-9.913001,22,216.513997
1.285283,30,216.562082
-1.834154,29,216.607206
1.010137,30,216.653937
-0.288452,21,216.689228
-3.947231,21,216.721958
3.127403,23,216.760252
1.940396,30,216.814479
-3.755496,29,216.860456
2.097418,19,216.89159
0.848599,12,216.910736
-3.238234,21,216.944566
1.786182,30,216.994893
1.840326,15,217.021621
3.128291,27,217.062081
-2.386522,28,217.110423
-0.219387,20,217.148494
2.277481,24,217.192219
0.376721,12,217.214562
-3.979317,30,217.269889
3.056233,24,217.314238
3.268156,25,217.357047
1.291391,14,217.38174
1.781758,23,217.417472
1.49077,17,217.447025
-0.420959,24,217.483426
3.379721,30,217.529632
1.187343,30,217.576921
3.044758,21,217.614489
0.010566,30,217.667866
-2.427994,30,217.724145
1.795465,17,217.753275
-0.335191,30,217.802344
-2.028212,30,217.851007
-1.397434,30,217.900426
3.571118,27,217.944145
0.483753,25,217.985084
1.48307,22,218.019671
-0.39208,29,218.065339
-1.422297,20,218.094627
-1.849224,30,218.143683
-3.398885,30,218.188912
-1.336824,30,218.236052
-4.335111,17,218.263734
4.289237,18,218.293936
-0.279766,30,218.340794
1.684591,28,218.385894
0.934759,14,218.409815
1.694145,30,218.45758
3.957762,29,218.501951
3.062659,25,218.543136
-2.331448,30,218.58735
0.512945,29,218.632287
1.505957,30,218.679279
-3.753533,29,218.724828
0.237065,30,218.774081
0.131307,16,218.797981
0.997002,17,218.82591
2.685684,20,218.856729
1.592302,28,218.899271
1.761354,26,218.939332
1.085932,30,218.990466
-0.335979,17,219.017278
2.908228,19,219.048608
-2.173199,23,219.084318
2.384115,11,219.102632
-3.553154,30,219.151173
-1.230732,30,219.199592
0.637597,30,219.250931
-1.423141,30,219.299147
0.837439,27,219.344398
1.539734,12,219.363414
-2.255048,17,219.389436
-0.342874,30,219.436412
2.313538,22,219.472125
-1.281391,16,219.49874
-4.191653,21,219.533287
1.70469,21,219.564821
2.582842,29,219.611326
3.22563,21,219.643415
3.287097,30,219.69176
-4.504058,28,219.734899
-0.323519,30,219.78019
1.18491,30,219.82694
-0.037882,30,219.870987
3.190569,30,219.919097
-0.076003,30,219.960537
0.434064,20,219.992674
2.396086,22,220.026951
-1.360379,22,220.061197
3.333461,30,220.108539
1.493363,22,220.142916
-4.076176,16,220.166541
-0.165922,12,220.186726
0.567044,26,220.228751
-4.221791,18,220.258531
2.838145,27,220.302088
1.074198,25,220.339437
1.640436,19,220.369594
0.970331,26,220.410151
0.724072,16,220.435076
0.508768,16,220.461314
-1.416854,20,220.491996
3.564403,24,220.527422
2.452896,30,220.57243
-4.601955,22,220.60918
0.42807,17,220.635164
0.322365,28,220.677429
-1.767985,19,220.707229
2.329203,15,220.729098
3.509415,28,220.770998
-2.27166,26,220.811984
0.712679,22,220.84234
1.799729,30,220.888448
2.840978,14,220.910232
2.969955,15,220.935788
0.87685,21,220.966427
-2.665646,26,221.008765
-4.825518,26,221.048015
0.323987,30,221.09674
1.685415,28,221.139508
1.11523,21,221.173369
1.8699,30,221.221241
1.628785,26,221.259979
2.470514,25,221.298342
0.551354,25,221.340666
0.70839,11,221.355772
-0.337689,28,221.399395
0.595496,30,221.447416
2.249844,25,221.487706
1.058737,19,221.517307
1.43933,22,221.549634
-1.716526,30,221.596719
1.09636,12,221.617582
-0.408774,27,221.660192
1.493992,30,221.706043
-3.986939,23,221.74328
-2.483809,17,221.770357
-0.696336,30,221.819045
3.043235,30,221.866325
2.182018,18,221.894919
-2.357837,25,221.934691
1.456952,13,221.955444
3.465681,30,222.003406
1.10578,24,222.038475
-2.316085,24,222.075965
-2.685579,25,222.115071
-0.231354,29,222.159405
1.085682,20,222.190382
2.065458,20,222.223114
-0.640002,25,222.261732
3.303821,30,222.30852
1.178183,24,222.346782
1.025832,22,222.379818
0.316336,20,222.411282
-2.136442,24,222.447696
-2.25829,30,222.497549
2.674121,26,222.537337
1.574325,25,222.577398
-3.435862,18,222.602937
1.822384,23,222.641873
3.247952,25,222.681756
0.857264,26,222.726076
1.45655,23,222.762582
0.110027,24,222.79929
1.070874,18,222.829108
-5.187921,30,222.874752
2.498174,30,222.922822
-1.951085,19,222.955727
0.360725,23,222.990403
-2.057573,30,223.039057
1.236265,30,223.084995
0.377366,14,223.109051
0.397734,10,223.123524
1.104939,30,223.172814
2.933856,24,223.210266
-7.864071,20,223.241077
-2.664967,28,223.284804
2.242704,18,223.311923
1.943773,30,223.359333
-8.593997,25,223.398222
3.415504,23,223.436952
2.339301,12,223.457768
-0.944601,30,223.501632
1.523497,26,223.544807
2.257004,21,223.578408
1.319434,22,223.614863
0.512153,21,223.646415
-0.600904,24,223.683526
-6.005629,30,223.729827
1.272632,20,223.762956
-5.675186,28,223.806286
1.089548,17,223.834737
0.544407,30,223.880957
0.996479,18,223.911353
-2.818095,30,223.955677
-6.430511,28,223.998045
-1.409075,23,224.037075
3.21611,26,224.076762
0.27702,30,224.12521
-0.205008,30,224.171437
2.522221,26,224.214459
-0.680316,21,224.245803
1.995224,30,224.296958
1.410737,30,224.340262
1.434943,30,224.388236
2.27665,30,224.434514
-0.764765,24,224.472311
2.016597,30,224.520205
3.00861,28,224.563705
0.318552,17,224.590697
1.300101,12,224.610092
-1.750759,25,224.649367
0.066472,25,224.689012
-1.699898,30,224.738241
-0.062774,25,224.777742
-1.637931,22,224.811589
-1.040466,13,224.831709
1.844573,15,224.856438
0.802161,14,224.876618
-0.289699,18,224.905716
3.075376,30,224.952741
-0.365596,28,224.996668
-1.167325,15,225.02195
-1.522798,30,225.068939
0.877182,28,225.115516
2.731479,28,225.159879
2.974135,17,225.189438
3.106929,30,225.234076
1.419042,21,225.266278
-0.700813,30,225.313821
2.317785,17,225.340898
-5.909906,30,225.389724
-4.862989,26,225.432698
-0.40672,19,225.463955
-1.863693,26,225.503536
-0.050469,30,225.551392
0.054023,28,225.596073
-9.204996,30,225.641451
3.808257,28,225.687187
1.541801,30,225.73363
-1.001051,30,225.779407
3.156555,30,225.825776
0.912573,23,225.860528
0.031894,30,225.906808
-3.011576,23,225.943603
-3.386372,20,225.973644
-2.127652,19,226.002368
1.769428,11,226.020207
0.888187,30,226.066902
2.095609,24,226.102858
2.074413,23,226.139627
-1.84431,26,226.179592
-1.586749,30,226.227793
-5.9848,30,226.272295
-0.964563,30,226.320246
1.533795,30,226.36682
0.364394,24,226.404992
1.061177,22,226.442214
1.392223,24,226.481206
2.146275,30,226.526913
3.362488,29,226.573223
-4.459915,16,226.597906
1.345011,30,226.646409
2.42008,26,226.688187
0.628613,30,226.739165
2.23734,27,226.782039
2.028593,30,226.827421
0.479275,30,226.877199
2.964019,29,226.922067
1.574687,30,226.965386
1.209857,19,226.996323
0.764796,16,227.022784
-0.806396,30,227.070635
-6.247894,30,227.115929
-6.262264,22,227.151551
2.502933,17,227.179633
-1.197144,30,227.22682
2.884314,15,227.251236
0.951841,24,227.288897
3.459691,26,227.331826
-1.106681,23,227.366978
1.425798,20,227.398796
-2.824928,25,227.440216
0.533975,21,227.472529
-0.540427,30,227.518532
1.355738,30,227.56724
1.594375,27,227.610635
0.570827,20,227.641962
1.010868,30,227.689405
-1.505116,20,227.726689
-0.202322,15,227.753219
2.181429,30,227.798436
2.887882,18,227.828422
-0.502238,30,227.87571
1.878887,30,227.923657
0.846922,14,227.947098
1.312264,25,227.989541
0.520817,23,228.025594
2.082716,30,228.073323
1.605619,30,228.11792
1.133652,20,228.151016
0.114611,17,228.179279
-5.62698,20,228.209528
0.501516,20,228.240546
-5.993604,30,228.288022
2.893021,27,228.330117
1.074933,30,228.378603
-0.721698,30,228.436838
0.709608,23,228.479182
1.116502,23,228.515287
2.421032,21,228.553843
3.621719,16,228.580533
0.227785,9,228.59552
2.292311,21,228.630406
2.735293,30,228.679737
3.013881,23,228.716573
-0.748491,15,228.74413
1.253239,30,228.796061
0.788026,26,228.838889
1.975358,29,228.885374
0.702177,17,228.915393
0.088557,14,228.937009
1.036985,20,228.968143
-0.371006,26,229.010484
-5.241355,21,229.044494
-0.527301,11,229.063828
-0.624695,23,229.100405
4.123934,30,229.149708
0.600932,30,229.193056
-8.516412,21,229.228703
-6.656339,21,229.262425
-1.370418,30,229.308035
2.395463,30,229.357076
1.956575,12,229.37669
3.49758,29,229.422924
-0.760265,30,229.47071
-0.078639,30,229.517779
2.17976,30,229.565726
0.743866,30,229.612107
-3.753704,25,229.649543
1.015473,30,229.698938
2.869228,21,229.73104
-1.093555,27,229.77386
2.973936,30,229.817894
2.090218,22,229.853003
1.939403,30,229.896696
1.179856,30,229.944209
-3.783369,30,229.98854
-0.231917,19,230.020128
-5.687724,30,230.067439
1.561611,30,230.111323
-3.262222,30,230.157478
-3.636686,22,230.190687
1.266109,30,230.237566
-0.206597,28,230.281894
2.387642,27,230.324614
-0.835408,13,230.347641
-1.198309,23,230.382303
-2.238381,10,230.399017
-4.658078,26,230.439366
3.014892,30,230.492805
-2.863674,30,230.537539
0.863211,30,230.587537
1.482631,30,230.63211
0.44287,19,230.664633
-3.250417,13,230.68389
1.351938,17,230.713631
-7.96639,30,230.759903
1.566045,24,230.799139
2.112,25,230.83874
1.56863,30,230.887326
2.357922,30,230.933561
2.343776,30,230.981595
-1.687896,30,231.026793
2.593802,17,231.055944
3.736708,17,231.08173
2.252939,29,231.131741
2.237651,30,231.180162
2.515903,19,231.207652
-1.786665,16,231.234387
-1.3696,30,231.284936
0.391936,23,231.322389
2.691485,21,231.354991
-0.035167,23,231.391529
-3.234251,27,231.431053
-2.220065,30,231.478922
-2.171152,29,231.523471
-4.604933,30,231.571522
2.613566,29,231.618993
1.456996,30,231.666805
-3.983025,27,231.710676
-6.765947,30,231.758038
0.537775,27,231.797754
-0.396972,30,231.842563
-5.309346,29,231.889654
-0.449018,17,231.917435
1.400028,24,231.955808
-0.924271,30,232.004019
0.73822,24,232.042619
-0.019593,30,232.089403
-1.234543,30,232.140491
2.014361,16,232.167601
-0.302251,26,232.209001
1.349021,20,232.242269
1.87407,30,232.293184
-2.952885,16,232.31879
2.309876,25,232.358323
2.339756,20,232.391705
-2.702544,30,232.439547
-1.389033,13,232.461693
0.378921,30,232.506804
1.470269,30,232.554034
-3.537105,30,232.600362
-0.597486,20,232.632678
1.858238,20,232.665755
-4.278989,30,232.714781
-2.796598,19,232.74871
-0.102973,26,232.789338
-2.917616,30,232.835977
2.151502,30,232.880861
2.739095,26,232.927499
-0.234687,30,232.976519
0.365705,30,233.02371
1.483729,29,233.069014
2.836882,30,233.115922
1.119301,21,233.151984
3.128986,28,233.19554
0.762752,25,233.234993
1.365257,22,233.271621
2.588894,11,233.291772
-0.046766,15,233.31529
2.574809,27,233.357372
2.148351,17,233.384659
2.448024,25,233.424507
0.828917,30,233.475033
3.347066,30,233.523075
-2.117859,30,233.575183
-2.937816,27,233.617371
-6.666721,30,233.666693
2.441842,30,233.711944
1.194352,12,233.73139
0.147955,18,233.763383
-6.612907,30,233.809442
-1.509037,30,233.857203
0.408308,17,233.883386
3.209742,30,233.934974
0.768729,30,233.979901
-0.518425,14,234.002683
0.191085,19,234.032429
-2.072181,30,234.080452
2.067754,30,234.12534
-1.793648,30,234.171674
-0.876284,26,234.21249
3.249622,29,234.262419
1.151345,30,234.312038
4.022636,20,234.34589
2.001126,30,234.39396
2.16416,26,234.434229
-2.6606,30,234.480797
3.535999,26,234.52236
-0.586727,30,234.572345
-0.038875,23,234.608125
2.672151,30,234.657178
-7.639527,22,234.690964
0.720655,19,234.721605
0.512377,11,234.740774
-0.015671,30,234.786138
2.622437,18,234.81641
0.867729,27,234.86049
1.94922,22,234.892836
-3.476671,30,234.93992
-1.201153,28,234.984089
2.531257,19,235.011681
1.91504,30,235.060375
-4.584176,21,235.09212
0.532427,27,235.13497
1.189768,30,235.183295
-4.824036,23,235.219702
-0.205262,30,235.266546
3.909908,29,235.311029
-2.022988,22,235.344692
3.038621,30,235.392221
0.449475,10,235.407135
1.946038,30,235.456435
-2.684414,30,235.503734
-0.677447,23,235.542143
2.976189,20,235.573413
-0.269557,18,235.602839
0.80296,18,235.631077
0.817241,30,235.676631
-1.919678,30,235.722757
2.676433,27,235.766668
-1.357955,29,235.813582
1.904506,30,235.86168
1.20184,30,235.909447
-2.065315,14,235.933451
0.154679,30,235.979898
3.600133,28,236.026119
1.51163,25,236.065438
0.349884,25,236.106665
2.823528,17,236.133062
0.265045,15,236.157514
-3.069483,29,236.202766
-0.359429,24,236.242207
2.343087,17,236.270805
-0.754118,28,236.314762
2.804678,21,236.347369
-1.037699,12,236.365779
-4.681595,30,236.41621
-0.017443,21,236.448061
1.907837,29,236.492556
-0.304758,30,236.54298
-0.383728,24,236.581064
-2.482594,18,236.607507
-2.959102,30,236.658138
-1.298679,13,236.677631
2.869547,22,236.714135
-0.035951,23,236.748888
2.813919,19,236.780722
-6.013371,30,236.828695
1.095099,30,236.872919
1.587234,20,236.904072
2.73533,30,236.952389
-6.98318,30,236.998848
-0.704298,17,237.026783
-6.571462,20,237.060246
0.586338,30,237.107734
2.34073,17,237.1345
2.635324,17,237.160628
-0.113435,18,237.192033
-2.694407,26,237.231663
-1.702451,25,237.273401
1.796055,29,237.318958
1.061628,15,237.344698
0.606823,29,237.390949
1.284121,14,237.412284
-0.685591,30,237.459513
-0.711005,30,237.508079
0.288607,24,237.551299
0.190204,14,237.577386
-2.732783,30,237.625601
-0.91747,30,237.675846
3.373234,23,237.714657
-7.289416,28,237.762591
-1.649629,30,237.810984
-0.18328,25,237.849697
2.010202,25,237.891874
1.573244,23,237.927199
1.444864,22,237.964439
-1.628241,30,238.008994
2.348265,11,238.028453
3.187816,30,238.076925
1.855889,30,238.130915
1.529471,28,238.180977
-4.13691,30,238.230842
2.698091,27,238.270937
2.333777,20,238.305232
-2.553146,26,238.346952
0.288043,30,238.392161
3.513575,21,238.427157
1.397083,30,238.476207
2.176208,30,238.524041
2.32286,29,238.570905
-5.184738,28,238.618263
-2.046817,15,238.642448
2.669217,22,238.677925
2.572682,26,238.721427
2.289707,30,238.767656
1.441353,19,238.799787
-3.50173,30,238.846898
1.162033,30,238.895946
-4.165959,30,238.941674
-0.330155,24,238.979993
2.624355,19,239.00888
2.079264,30,239.058095
2.12346,30,239.104359
-4.253589,19,239.13619
3.446366,25,239.176148
-0.207071,30,239.222554
3.134338,30,239.268609
0.211588,20,239.299851
-2.123237,30,239.348613
0.71709,30,239.394759
0.287436,19,239.424667
-0.599919,20,239.457078
-0.673844,29,239.502424
2.747074,24,239.541152
3.373622,24,239.583378
-0.280959,30,239.630417
2.322104,22,239.665009
-1.266557,15,239.689984
0.151828,26,239.730213
0.257296,27,239.776147
0.065574,24,239.813912
1.205034,30,239.862691
-3.511824,26,239.901961
2.400174,12,239.920963
-7.148125,30,239.968828
2.828453,14,239.989326
1.105228,13,240.00854
1.578217,30,240.057698
2.707213,25,240.09843
2.186917,28,240.141383
0.090278,30,240.188706
-2.453196,30,240.232438
1.157199,30,240.27867
-3.285274,23,240.313558
-3.955652,30,240.360703
-2.163121,28,240.407801
-1.676769,15,240.432282
-1.538269,19,240.46068
3.777361,24,240.498961
-1.598343,30,240.54809
1.226518,11,240.568805
-0.010944,26,240.610596
0.28903,25,240.64694
-2.696165,30,240.697808
0.187986,30,240.74325
1.96673,30,240.790489
-1.905882,30,240.836078
0.847357,30,240.883629
-1.562612,30,240.930786
2.864433,19,240.960147
2.693266,27,241.000528
2.355976,26,241.041326
-3.846729,24,241.078954
1.230623,30,241.126201
1.90969,30,241.169921
2.882281,27,241.21399
0.956416,30,241.261308
4.117441,16,241.286246
3.151667,30,241.335183
3.585886,27,241.37972
2.946861,26,241.418498
2.712599,30,241.465253
-3.272021,30,241.509067
1.438235,30,241.558739
1.56012,20,241.590918
-2.568437,28,241.63387
2.95686,27,241.676837
0.625987,30,241.721135
-1.963052,8,241.73449
-0.302376,30,241.781999
-2.130098,29,241.827647
2.193299,29,241.872657
-12.539895,30,241.919918
-2.407195,24,241.957262
3.036524,23,241.993129
3.416694,30,242.042611
2.650396,30,242.086684
-3.186368,23,242.121815
2.929626,26,242.166389
-1.633596,22,242.198741
-1.944473,30,242.245503
0.271473,29,242.289086
1.784117,30,242.335819
2.958095,23,242.372524
3.670153,23,242.409193
1.016604,30,242.454151
-2.215404,30,242.502288
-8.100734,30,242.549741
0.963006,28,242.592903
-2.143366,30,242.642607
3.429334,30,242.690825
2.258104,12,242.71109
-0.952969,21,242.749125
-3.7154,30,242.794804
-4.659513,17,242.822174
2.273164,30,242.871076
-0.908089,30,242.914598
2.160597,30,242.961405
1.999888,24,243.000391
1.068902,30,243.05173
0.238258,17,243.080934
2.404495,29,243.124726
-3.496446,30,243.170935
0.337482,30,243.219736
1.430606,30,243.266145
3.248946,30,243.315274
-0.465313,30,243.360307
0.947746,30,243.408281
0.37392,30,243.45568
2.593433,22,243.490497
-1.530293,30,243.535367
-0.574357,29,243.584137
2.158868,18,243.612047
1.085945,14,243.634769
-1.500889,30,243.680525
-6.124046,30,243.728447
1.817642,30,243.780319
2.285308,30,243.828466
-0.506369,18,243.855402
-0.701563,30,243.904249
-0.941579,30,243.951708
1.491651,23,243.989811
-4.12716,30,244.035909
-4.993072,30,244.084222
1.814904,30,244.130984
1.666342,25,244.171357
-2.206381,26,244.209437
1.452891,19,244.240967
1.002601,20,244.272848
1.921478,21,244.306498
-0.446867,20,244.336563
-1.354156,25,244.376561
2.419394,23,244.415658
1.395392,30,244.463127
2.015498,20,244.495226
0.86754,16,244.520467
1.981978,15,244.543326
-1.709999,21,244.57845
0.819891,28,244.622763
-1.32206,19,244.653008
3.005814,19,244.683306
3.633051,25,244.720871
2.86421,17,244.750872
0.189652,30,244.795551
1.154344,19,244.825756
-4.209634,30,244.868697
-0.081681,30,244.914259
0.747887,30,244.959861
-2.09059,30,245.00789
-0.4,30,245.052277
2.0774,26,245.094985
2.276086,30,245.142003
-0.445506,30,245.190276
-1.061826,24,245.228371
1.667984,10,245.243192
-1.817704,12,245.264485
2.912458,26,245.307363
1.034981,25,245.347453
-1.817527,22,245.384847
-1.06807,19,245.41256
0.413981,18,245.443304
0.803566,20,245.47516
-2.745787,30,245.520816
-3.780807,25,245.561282
-0.106691,15,245.584497
1.377666,25,245.625518
1.561645,21,245.65894
2.728978,19,245.689759
2.846144,14,245.711653
3.269439,30,245.759104
0.137209,27,245.799978
0.253201,30,245.848103
3.062157,22,245.88272
-2.453872,29,245.929132
0.839317,23,245.963903
-0.69567,30,246.013154
0.988831,12,246.031332
1.211325,30,246.076473
0.724084,30,246.122953
-0.302267,23,246.159077
2.761141,16,246.185987
-2.240266,30,246.231691
-1.780559,30,246.279097
0.250825,30,246.326139
2.700953,30,246.374043
-2.488747,30,246.419448
-2.350355,30,246.468211
0.488355,30,246.51558
2.480861,26,246.557709
0.167884,23,246.591423
3.597323,27,246.633892
-1.952499,22,246.670453
1.248437,30,246.717813
2.192737,13,246.739452
2.697493,30,246.787222
3.187068,30,246.832134
2.637154,21,246.866837
3.577042,26,246.908453
0.632924,22,246.94464
1.724979,30,246.990967
1.909637,30,247.04165
-4.155304,13,247.063053
1.202424,30,247.107916
-1.956223,30,247.157866
1.044053,30,247.202507
1.054066,21,247.238078
-3.93037,30,247.282115
-0.813218,30,247.33178
-1.198179,22,247.365229
2.199221,30,247.414721
0.821075,25,247.454202
-8.294284,27,247.498722
0.541008,28,247.543185
2.127932,30,247.587152
1.557406,30,247.637794
-12.860148,30,247.686852
-0.18296,30,247.750358
1.732929,30,247.796414
3.528542,23,247.835656
1.88073,30,247.881643
0.354102,25,247.923979
0.365457,30,247.96902
2.771312,21,248.001442
0.39963,25,248.044009
-0.821082,26,248.083491
1.80892,23,248.119316
-2.703885,30,248.16433
0.545252,27,248.207026
1.402098,27,248.249803
0.682148,30,248.294214
-0.984191,29,248.339897
-5.047359,27,248.381618
1.047257,17,248.410655
1.964967,28,248.454726
2.566638,30,248.498931
1.41918,23,248.53383
-1.233683,25,248.5723
-4.670069,14,248.595667
2.379851,21,248.627233
-2.463476,30,248.673281
-0.986368,26,248.715496
2.814944,20,248.748793
2.295025,20,248.782062
3.124355,30,248.828419
0.913102,25,248.869586
-3.584699,30,248.91371
0.60842,12,248.933658
-0.832826,29,248.979863
0.387441,28,249.02451
3.273956,30,249.07585
1.509188,21,249.109693
1.04657,30,249.158844
2.495789,30,249.206655
2.977257,19,249.237529
-5.09797,30,249.284005
0.485921,22,249.319221
0.658899,23,249.355184
-0.774989,30,249.403774
0.144786,14,249.426492
2.222299,22,249.461135
-0.4,30,249.50906
-1.233927,20,249.540283
-3.638845,30,249.585168
-2.158721,12,249.603815
2.480706,30,249.651979
-7.280778,30,249.700296
0.59717,30,249.750933
1.620461,30,249.795997
-3.515795,11,249.815778
0.807493,30,249.863847
-1.262506,23,249.900631
3.407532,28,249.94512
1.600676,30,249.992218
0.566558,16,250.018235
3.030119,28,250.063923
-4.838449,24,250.102654
3.364557,19,250.131778
1.761116,15,250.155696
1.055938,26,250.196113
0.050862,18,250.224494
-0.572594,30,250.271984
1.971673,28,250.316224
0.128039,30,250.362093
-0.176891,20,250.394876
-1.279166,30,250.440213
2.038198,30,250.484017
-8.842233,30,250.531827
1.997019,30,250.578279
3.241183,30,250.626264
2.842481,22,250.661723
1.602448,13,250.681588
1.985888,30,250.732088
-2.778508,15,250.756551
-1.529917,28,250.801969
4.049661,22,250.836896
1.012269,21,250.870386
-5.969794,30,250.917037
-0.515402,24,250.954921
-0.043997,30,251.000366
1.540068,20,251.032423
1.196848,30,251.079239
0.686765,30,251.125276
4.006601,21,251.160638
4.195222,20,251.195832
2.727762,16,251.223959
-1.659523,19,251.253393
1.360677,30,251.300903
-0.274417,19,251.333249
3.616527,30,251.380561
-1.24493,30,251.429079
-1.627034,17,251.456105
-0.49788,29,251.501183
1.746713,19,251.534414
1.404804,25,251.571615
0.985901,26,251.612847
-3.108663,30,251.66035
-8.07855,30,251.709238
1.760193,27,251.752611
0.372606,26,251.794204
0.996387,28,251.838758
-5.798578,30,251.885344
-5.933459,30,251.934056
1.483081,30,251.979008
0.423188,21,252.016466
-3.536414,30,252.062962
2.315111,20,252.095241
-1.368931,22,252.130348
0.179808,30,252.17811
2.658759,26,252.220549
1.206861,26,252.259102
-1.147469,30,252.303808
1.197124,18,252.331757
2.577569,14,252.355989
2.132171,25,252.395675
0.763736,26,252.435654
-2.043953,10,252.454373
3.301258,30,252.502613
-2.474007,23,252.538963
2.260305,19,252.569542
-0.940366,30,252.615937
-2.258547,30,252.662686
3.129701,14,252.683129
0.593493,16,252.70905
-0.276594,30,252.764185
3.610833,27,252.80943
2.418625,30,252.855291
2.117183,22,252.889033
2.097163,30,252.937732
3.082662,16,252.963963
-0.627933,30,253.013309
1.872393,30,253.059827
1.773412,13,253.080537
2.55242,23,253.118585
2.030073,30,253.166499
3.439979,29,253.212521
-2.025483,26,253.251365
-7.754518,30,253.301417
4.130293,27,253.347312
0.143313,23,253.385557
-4.493365,30,253.435104
0.364918,30,253.481324
-2.051001,30,253.528545
1.389365,25,253.56953
4.103746,25,253.610605
2.87544,22,253.645966
0.403555,30,253.693507
-2.77375,26,253.737463
2.415533,28,253.784383
4.301569,29,253.82874
1.423172,30,253.876859
-2.505985,20,253.909245
-1.41739,13,253.930585
0.038992,8,253.944186
3.272805,27,253.987405
0.082696,30,254.033682
-0.712712,30,254.081486
0.277778,30,254.127643
-2.368084,24,254.164662
-1.234,30,254.213055
-1.15922,30,254.2602
2.519702,15,254.284523
-0.414474,30,254.336761
0.438554,28,254.387323
-0.679262,22,254.425886
-1.438792,30,254.473389
3.188278,18,254.504256
2.261179,22,254.538569
0.088606,21,254.5736
4.243935,27,254.615234
-1.390432,30,254.663217
-4.424858,30,254.70916
-1.50859,30,254.758523
3.756816,19,254.789586
2.158146,30,254.834141
0.6922,16,254.860975
3.558236,23,254.896785
4.374206,27,254.940336
2.866438,22,254.974159
1.694547,26,255.016625
0.767119,30,255.060787
1.432392,18,255.092117
0.301092,30,255.138905
-0.676877,17,255.163038
0.608854,26,255.205485
-4.442658,25,255.247218
0.486552,30,255.304094
1.635244,28,255.347469
-3.077596,25,255.386105
0.704508,30,255.432543
0.460608,13,255.456242
2.413895,30,255.500547
-7.329917,30,255.546774
1.499501,27,255.59007
-7.144242,30,255.637459
-2.049458,14,255.659961
1.545623,13,255.682934
-0.115125,30,255.73075
-7.101243,22,255.76726
-0.458357,24,255.805393
0.840469,23,255.840345
-3.878509,30,255.885826
2.484321,30,255.930596
0.9842,30,255.97863
-1.523698,16,256.003884
-8.59115,25,256.041584
-0.086262,30,256.090437
-3.302559,30,256.137362
-9.466622,30,256.186121
1.266927,20,256.217586
-0.116449,24,256.253966
-2.595979,19,256.282269
-2.835752,30,256.331167
-1.006118,15,256.355431
-2.447042,24,256.393907
-3.628201,30,256.43979
-0.342755,16,256.465653
-2.073592,30,256.511189
0.370327,18,256.538281
0.331153,30,256.585881
-0.433914,30,256.629858
-0.806088,30,256.676964
0.783033,26,256.716193
2.370949,30,256.766272
-0.571608,30,256.812306
-1.773378,24,256.848801
4.233654,26,256.89061
-3.813542,23,256.926374
2.615927,30,256.975166
-0.54543,21,257.005553
0.416664,30,257.052398
0.071329,16,257.077422
-4.603865,30,257.122955
-4.037627,23,257.157855
1.671489,18,257.184912
1.257589,8,257.197234
1.397924,30,257.246609
0.842897,30,257.291602
-1.311169,20,257.321954
1.482505,29,257.368597
-0.110949,24,257.405769
0.49254,20,257.437841
2.149163,30,257.48208
-0.59068,30,257.528917
-1.0104,25,257.567502
2.229726,30,257.61293
2.743625,30,257.660365
0.278249,30,257.707054
-0.033758,20,257.742503
1.855023,21,257.781231
2.08409,30,257.827155
0.92572,24,257.863678
-0.941989,22,257.900252
-1.220669,30,257.944517
-0.072533,19,257.97453
1.75357,24,258.00983
-0.276039,30,258.054793
1.831119,26,258.096255
1.878254,27,258.138715
1.550872,21,258.172581
0.587779,25,258.212717
-0.423836,16,258.238226
1.054177,30,258.288071
0.283777,25,258.32548
2.981876,28,258.371637
-6.351606,30,258.418092
2.456395,30,258.465534
-1.919413,23,258.501068
0.294697,16,258.525919
-2.513381,26,258.565347
1.553955,30,258.611691
0.292461,20,258.641203
3.739645,20,258.672307
-2.068595,30,258.717386
2.205186,13,258.73926
1.202834,27,258.78223
2.469282,22,258.819592
2.86425,24,258.857016
1.629794,27,258.895129
0.912368,30,258.942381
-1.415528,20,258.974378
1.468419,17,259.000135
4.161721,22,259.036485
0.123064,14,259.057612
0.976477,30,259.104954
2.997804,17,259.131437
-0.085505,27,259.176248
0.717512,23,259.210812
0.222188,30,259.257955
0.149869,29,259.303303
-2.107236,30,259.351989
-1.50425,30,259.397328
0.700549,30,259.446587
0.8537,21,259.479012
2.947308,24,259.51813
-1.67577,18,259.546778
3.496725,17,259.577682
-0.84989,19,259.607857
-0.351929,22,259.643766
1.151957,14,259.665155
-2.120554,30,259.715302
2.446382,30,259.761641
1.672883,30,259.812222
2.028131,29,259.85885
-0.200436,21,259.893757
-2.418773,21,259.928358
-0.424643,19,259.956434
3.016254,20,259.989469
0.823653,28,260.034973
4.053867,30,260.083986
2.056559,30,260.130987
0.47022,11,260.149867
0.126463,30,260.197945
2.392627,30,260.245866
-0.770333,30,260.29435
1.131294,30,260.338053
-4.90909,20,260.369239
-4.866723,21,260.402419
-2.165099,30,260.452371
0.40915,26,260.489561
2.925491,24,260.527207
2.627719,26,260.567869
1.786513,19,260.59904
2.186355,29,260.643295
-5.922795,30,260.68829
2.935613,28,260.732863
-3.747704,18,260.761276
2.784982,24,260.799204
-1.798568,30,260.842085
3.913968,29,260.889382
0.227226,9,260.904446
-3.488965,28,260.947938
0.169589,16,260.974506
3.27206,27,261.016039
1.713405,24,261.05427
2.208513,30,261.100675
2.68777,13,261.120604
-10.411988,26,261.159507
4.029127,30,261.207348
0.026279,30,261.25528
2.371505,25,261.298488
1.305034,24,261.341868
1.250809,30,261.398453
1.234756,22,261.435599
0.348898,14,261.463514
0.690707,27,261.512958
2.660897,30,261.563689
1.087677,30,261.609065
2.918503,20,261.639928
0.836829,28,261.684426
-4.885695,21,261.720497
2.896493,27,261.762982
-8.586878,28,261.80703
3.908838,18,261.835629
-1.076111,26,261.876677
-5.116219,30,261.927702
2.807769,15,261.952444
1.554271,21,261.985529
1.240551,30,262.033069
-2.345854,23,262.070053
-4.209108,30,262.117379
-2.304823,30,262.161444
1.912617,29,262.207672
0.724576,30,262.256703
0.880381,28,262.302127
-8.281777,30,262.348394
-0.241015,30,262.396445
3.05589,30,262.44248
2.741642,30,262.4935
-0.313813,27,262.537172
-0.509091,30,262.582923
0.873712,26,262.625951
-2.031153,26,262.667791
2.039799,19,262.698311
-1.939384,28,262.744833
0.853737,22,262.779357
1.391289,21,262.813738
3.042492,17,262.841382
1.314372,13,262.862813
2.129053,27,262.90491
0.671873,30,262.951295
2.649165,18,262.981552
0.654531,30,263.026156
0.443666,20,263.057958
0.040811,30,263.105574
0.208375,30,263.148998
2.759615,26,263.191028
1.889662,30,263.234886
0.820851,23,263.273199
0.063887,11,263.291848
1.400827,10,263.306714
2.058302,30,263.35255
-1.301622,30,263.399287
-2.821433,30,263.447226
-2.769838,30,263.492693
2.014992,23,263.530151
-4.764831,20,263.561765
0.49466,22,263.598061
0.167165,23,263.633774
-2.455988,22,263.671273
1.088463,22,263.706194
1.576241,25,263.748258
-0.325139,22,263.782679
0.919538,14,263.807361
0.899253,26,263.848383
-0.113992,16,263.874239
1.652353,18,263.903348
-0.07053,29,263.948766
2.469756,30,263.995238
-0.244478,22,264.03142
-2.978233,30,264.079897
-3.440766,20,264.111715
-1.931418,26,264.153589
1.693185,13,264.174565
-0.050295,23,264.211239
-1.218173,29,264.259219
-0.018916,22,264.295832
-1.279405,23,264.329395
1.793014,25,264.368529
0.770875,25,264.405751
0.746677,30,264.452039
-0.052541,13,264.473816
-2.811397,18,264.50179
0.750878,17,264.526479
-3.033868,25,264.567569
3.103784,30,264.614276
1.477722,16,264.637294
0.046531,30,264.68143
0.633535,30,264.729818
0.767813,26,264.773454
-0.354385,29,264.820563
2.516502,17,264.846875
0.375427,27,264.890463
-2.356582,26,264.931304
3.407057,29,264.978567
1.060531,26,265.018212
-2.265309,27,265.062165
-0.225516,24,265.100498
-0.965342,23,265.137005
1.031018,12,265.155618
-0.891878,26,265.199327
2.598315,23,265.237962
1.308324,12,265.258289
2.095473,30,265.30528
1.909315,30,265.353408
2.82911,22,265.388498
-1.479635,17,265.416214
-1.646269,30,265.462833
1.499455,30,265.511962
0.144251,17,265.539168
2.61119,30,265.58466
2.646176,23,265.62132
-1.32518,28,265.666276
-2.132878,27,265.708702
1.451705,23,265.744857
1.475947,25,265.783619
-0.773771,30,265.833663
-2.614032,30,265.880876
-0.44338,28,265.925549
-1.179135,16,265.951947
1.70635,28,265.995533
-0.751655,30,266.039736
0.83341,30,266.08545
-0.754009,30,266.132357
-0.112067,30,266.181614
4.230599,30,266.228741
-1.214256,15,266.253104
1.308388,18,266.299033
-0.257209,30,266.347328
-9.254933,30,266.393816
2.035555,15,266.417659
1.382607,22,266.453775
-0.506035,17,266.479421
-7.357714,30,266.527741
-0.49546,28,266.572492
0.427468,22,266.604757
0.992951,18,266.63492
-0.168542,26,266.673375
3.703715,21,266.707589
-0.200503,30,266.756353
-0.570382,29,266.801139
1.221984,24,266.83928
2.934978,25,266.877215
-1.253039,16,266.902329
-3.299088,18,266.933063
1.899355,30,266.97747
-0.48098,25,267.018159
3.049032,30,267.063402
-0.850315,30,267.113662
3.11837,30,267.159355
-1.952726,30,267.21049
0.526411,20,267.24119
3.27041,30,267.290303
-0.791528,16,267.315849
0.193132,15,267.339711
0.552542,30,267.386528
-3.010906,30,267.435577
0.61332,24,267.474985
-0.929515,23,267.511039
1.775124,30,267.557789
2.271963,28,267.604425
0.786221,22,267.641213
0.334317,30,267.683934
1.373385,18,267.715412
-4.191631,30,267.767935
-9.55196,30,267.816332
-0.955225,24,267.854369
1.418097,30,267.899266
-0.73687,19,267.930653
-1.908061,30,267.976374
1.102279,30,268.024452
3.59414,22,268.059038
1.640132,15,268.084512
-3.825325,12,268.10416
-0.175749,30,268.150575
1.638562,22,268.183952
-0.003697,14,268.208137
1.635915,30,268.255918
-1.732353,22,268.291707
0.782954,26,268.360461
2.107277,18,268.416804
3.909324,23,268.491616
0.02763,27,268.583795
-3.977363,22,268.637376
1.353704,22,268.68126
0.833487,30,268.738216
-0.472912,26,268.781501
2.789782,30,268.834927
1.781891,27,268.878333
1.074996,30,268.930173
0.270718,16,268.956896
1.398596,30,269.003164
0.137542,30,269.053995
2.475168,29,269.099114
3.283836,30,269.148473
-3.093552,27,269.193114
-0.478257,30,269.243938
1.048212,20,269.276758
-0.115926,22,269.3093
2.184307,27,269.352849
0.393749,30,269.409069
-0.793335,20,269.441441
-4.114149,30,269.494626
1.743553,16,269.527663
-0.454871,29,269.592332
-0.156153,12,269.619408
2.873181,16,269.654996
2.329069,30,269.719899
1.235948,21,269.758935
3.971573,25,269.80483
2.776813,21,269.843813
2.034794,20,269.877382
-0.862359,9,269.891773
4.206776,22,269.927369
0.191742,25,269.970536
-2.422515,30,270.020311
2.421367,17,270.051809
-2.515525,18,270.08206
1.12823,26,270.124192
-0.426139,15,270.148367
-1.181105,9,270.163969
-5.868931,30,270.214717
-2.061313,23,270.252166
1.104442,24,270.290014
-0.422455,30,270.341131
0.648558,11,270.360921
2.770708,21,270.393724
2.496584,27,270.439439
1.156456,13,270.460984
0.041382,30,270.509274
2.74919,26,270.550861
-0.949015,29,270.603326
0.020336,30,270.654494
-0.444591,30,270.701916
-3.437122,30,270.754503
2.527577,25,270.794607
1.233,30,270.844387
-1.959821,30,270.890872
2.422458,19,270.921911
1.565515,30,270.967197
0.82204,15,270.992749
-1.01948,9,271.007647
-0.240394,22,271.043764
0.641793,18,271.070004
-3.45819,25,271.111001
2.618033,15,271.134206
-6.394131,26,271.17928
3.332142,29,271.227061
-4.69189,24,271.266005
2.334869,30,271.320762
4.156551,26,271.392748
3.035277,26,271.453326
0.435868,20,271.489188
1.272643,30,271.538085
2.071433,19,271.574687
3.643465,30,271.622212
-0.557335,16,271.649175
0.684043,30,271.698694
1.99002,26,271.741615
2.577503,23,271.780128
0.789953,17,271.806812
2.642715,23,271.845639
-2.848986,30,271.895432
-1.06957,30,271.946826
3.20717,30,271.997478
1.889279,15,272.019572
-0.166506,14,272.044326
0.892913,30,272.090504
3.83385,23,272.128847
0.604018,23,272.167797
-7.697491,30,272.213141
2.203814,30,272.260783
-3.298952,30,272.307966
0.414445,22,272.344117
-7.671966,30,272.391244
1.34325,12,272.410897
-0.714254,30,272.460133
2.944783,18,272.489644
3.737738,23,272.526974
-0.899822,22,272.562646
2.31012,30,272.613001
3.448524,13,272.634913
1.612927,30,272.682484
1.370079,29,272.737629
1.499281,30,272.789243
-3.144879,22,272.824283
1.859342,30,272.87462
2.232139,20,272.906403
0.671797,30,272.955597
-2.995762,30,273.007338
-3.457847,30,273.056735
-6.013353,30,273.107778
-1.231733,20,273.139973
0.944109,30,273.186791
2.05558,30,273.238895
3.31801,30,273.287119
-4.317877,30,273.334728
-0.549813,10,273.349855
2.749816,22,273.386459
0.534022,10,273.402854
0.359658,19,273.434549
-1.769706,21,273.466747
3.373651,30,273.517243
-0.499516,21,273.552114
-0.253214,13,273.574231
2.625747,30,273.624268
1.339849,25,273.665402
3.815095,28,273.710402
0.824821,23,273.749601
0.346775,30,273.797844
2.170748,25,273.838133
-0.065846,26,273.88097
-1.68681,30,273.92891
-2.714748,30,273.976144
-0.381832,19,274.007728
1.954368,30,274.054029
1.732872,13,274.074575
-0.355876,27,274.116684
1.144744,30,274.165591
-1.103677,29,274.210871
-0.146432,30,274.256805
3.650731,24,274.296004
0.198132,12,274.316474
2.020794,23,274.352951
2.354989,12,274.372715
2.258475,28,274.419031
-3.919356,21,274.452401
-0.536173,12,274.471203
-1.833817,14,274.496519
4.124403,27,274.540813
-0.023556,17,274.567586
0.363999,17,274.593189
3.38959,28,274.639949
-0.331773,30,274.688638
2.780039,23,274.722705
1.563836,19,274.753605
2.113892,21,274.786332
-3.163591,30,274.834854
3.316769,30,274.881965
0.212803,30,274.931507
4.072737,24,274.970917
1.000298,30,275.016374
-0.161841,23,275.052757
0.661329,30,275.101971
2.937384,25,275.142098
3.911115,15,275.166766
2.140511,16,275.192405
-1.699375,30,275.236091
-0.771017,18,275.266508
-1.003178,23,275.301518
-0.118347,28,275.345361
2.09852,28,275.390279
1.133688,15,275.416978
3.146825,21,275.452974
-0.337021,30,275.501285
-0.040383,30,275.547313
3.111617,30,275.598157
-0.3943,21,275.634128
2.408748,16,275.658265
2.881099,26,275.702463
-0.643426,30,275.748925
3.130587,30,275.79759
1.649753,21,275.830175
0.288449,27,275.873579
1.377612,30,275.920264
-2.169682,30,275.969475
-1.584503,27,276.010999
2.22666,30,276.058779
-0.300584,22,276.095082
0.768909,20,276.127553
2.13572,12,276.147065
1.510469,28,276.192668
2.296174,23,276.229985
3.202782,30,276.281463
2.80402,17,276.307081
-0.25619,18,276.33479
1.965589,14,276.36229
-0.217878,30,276.49697
-0.934674,23,276.581811
3.219674,30,276.664323
-1.426015,18,276.709087
1.036556,30,276.775414
-0.778535,30,276.826251
1.309359,30,276.873905
-3.249241,30,276.921824
0.718583,15,276.945942
1.79989,16,276.97385
-1.179751,29,277.021268
1.943981,30,277.07475
1.559136,14,277.097541
-4.265866,30,277.145434
-8.383883,30,277.191439
-1.039412,16,277.218586
0.397397,15,277.242852
2.919564,30,277.288817
2.963631,24,277.328049
1.272625,30,277.375664
0.392849,11,277.393773
1.825492,17,277.422128
-1.150851,30,277.47022
0.821413,30,277.517652
2.166486,30,277.567582
-2.295541,29,277.626105
-1.418428,30,277.686694
-0.368923,19,277.728162
0.928952,17,277.774483
-0.450732,30,277.8289
1.395444,20,277.861218
2.47341,14,277.884409
-0.442751,20,277.917879
3.194417,26,277.96202
0.681529,22,277.997527
0.379826,15,278.023018
4.094486,25,278.06301
0.061946,25,278.101593
-1.652641,21,278.136699
2.349368,16,278.165981
-1.19846,30,278.217894
2.335793,23,278.256974
-1.671547,17,278.286535
-3.180157,20,278.321567
0.645178,28,278.36614
2.148788,30,278.416004
0.321472,23,278.450828
4.191889,19,278.486209
-2.727164,30,278.535373
-0.545757,30,278.581274
2.700472,30,278.629159
-2.485864,15,278.653696
2.196702,30,278.70317
2.902013,19,278.735803
1.048483,12,278.758584
3.306513,30,278.810368
1.71985,30,278.858145
2.157559,21,278.891454
-4.078399,23,278.929748
2.616215,30,278.976256
0.375199,30,279.023306
-1.334899,22,279.061282
3.012592,30,279.11115
-5.675075,30,279.158425
2.071515,30,279.207928
1.69831,23,279.24332
3.494737,23,279.28269
0.097185,18,279.313973
2.37342,25,279.362453
2.122873,30,279.439857
-0.401689,30,279.504193
3.368665,26,279.549243
-0.032684,27,279.595891
-1.001956,13,279.619315
0.064499,30,279.669484
-0.042011,22,279.704963
-0.455355,30,279.753547
-4.098393,30,279.80009
-2.630472,30,279.848652
3.392849,19,279.88197
2.582793,26,279.922054
-0.156134,25,279.958652
2.888835,20,279.990594
-0.302099,30,280.041145
0.809559,18,280.068546
-1.772994,30,280.114863
-0.922936,16,280.141686
-2.878986,29,280.186714
3.65673,27,280.230467
2.282006,12,280.250771
0.180485,15,280.27566
0.991294,30,280.321405
2.284368,28,280.366866
-1.325731,30,280.41824
-0.91097,30,280.464874
0.620075,16,280.491737
0.899688,17,280.518701
2.41048,19,280.550412
-0.726224,21,280.583244
-0.072368,30,280.633736
-5.156872,30,280.679815
-2.548758,30,280.729084
4.048426,25,280.768428
0.895044,19,280.80024
-3.270724,14,280.822082
3.023735,30,280.870359
0.493204,13,280.892005
2.663148,30,280.94116
2.23995,27,280.983661
2.205665,16,281.010709
-4.728256,26,281.052912
-1.754319,30,281.101621
-1.163433,28,281.146642
2.687209,16,281.174369
1.90702,30,281.221861
0.468073,29,281.268104
-4.170635,20,281.302126
-2.193485,23,281.340011
1.780293,30,281.386348
1.821804,16,281.412218
-7.125867,26,281.453555
1.155239,30,281.500814
1.719524,30,281.547758
3.408536,24,281.587664
0.390127,21,281.621014
2.108955,14,281.645378
2.116761,21,281.677808
-0.468457,24,281.714355
1.707045,27,281.760574
2.146677,24,281.798356
0.077862,30,281.846565
-0.317676,30,281.896091
1.903216,30,281.941935
0.180228,30,281.989278
1.801394,20,282.02042
-0.262735,30,282.068262
0.325392,30,282.116539
1.69334,30,282.162551
-2.756632,25,282.200977
2.117356,30,282.250402
2.314234,30,282.298506
2.850194,30,282.345512
-3.515515,25,282.383429
0.880348,28,282.429662
0.121829,18,282.460667
0.108626,26,282.501188
2.26276,30,282.550364
2.199334,30,282.600146
-2.668382,25,282.639841
0.170142,16,282.664175
-1.658103,15,282.689303
2.860066,28,282.738555
-0.516029,16,282.765924
0.956994,30,282.812593
0.281211,18,282.841549
0.886617,26,282.886534
0.461942,30,282.934096
2.216704,24,282.972419
0.399878,17,282.997133
1.327059,30,283.047488
3.267502,30,283.095604
1.753004,30,283.143257
1.762011,30,283.188333
1.649746,16,283.216732
0.178778,30,283.26693
-4.690512,30,283.312097
-1.998501,30,283.359186
0.176679,17,283.386378
-2.969765,20,283.418753
1.640603,14,283.442708
0.792736,22,283.475428
0.823867,24,283.514854
1.370389,30,283.564421
2.566572,17,283.590555
1.612819,26,283.630902
-0.487179,20,283.662884
3.072744,26,283.704413
-1.201693,14,283.725929
2.475196,27,283.770238
3.911968,18,283.802273
3.093428,29,283.850915
-3.92549,30,283.897995
-5.68551,30,283.944195
2.622656,30,283.991293
-0.535456,25,284.03261
2.361344,17,284.060415
1.088915,13,284.081356
1.510924,30,284.1315
3.107999,30,284.177946
-0.009309,30,284.22688
0.946037,30,284.272125
2.223515,24,284.309343
0.718471,30,284.358914
2.889863,26,284.397735
1.692192,20,284.428597
2.455342,26,284.471979
1.478158,27,284.514126
1.600984,30,284.563325
3.349831,30,284.609028
-2.526895,26,284.650947
0.629566,18,284.679518
-2.044201,24,284.715935
2.114066,30,284.765568
2.835457,13,284.785857
-2.647865,30,284.835231
1.527652,17,284.861893
1.662091,22,284.895227
-2.139753,20,284.928797
-0.809123,30,284.97754
3.61199,27,285.020635
0.969894,30,285.066378
-2.172901,18,285.096883
0.189214,20,285.128807
1.020772,30,285.173985
-0.535877,17,285.200134
0.665685,22,285.235776
1.685353,30,285.28177
-1.427658,30,285.329525
1.835078,17,285.355478
-4.279163,30,285.405256
1.610362,30,285.449074
3.157642,27,285.491776
-4.291259,30,285.537113
0.673334,25,285.577998
0.896705,27,285.61909
-0.372924,12,285.638204
-0.367833,30,285.685229
3.113645,20,285.716451
3.215425,30,285.763329
1.893203,23,285.800164
2.338025,26,285.842881
-8.182305,30,285.889878
-6.580178,30,285.938371
0.647236,30,285.982057
-0.934923,30,286.028421
0.03799,20,286.061033
3.421532,24,286.10027
-0.385672,12,286.118698
2.344729,30,286.162686
1.146397,21,286.19545
1.815183,28,286.242342
-3.52793,19,286.271646
3.462103,16,286.298902
3.937864,29,286.344036
0.642691,30,286.392207
0.091828,30,286.436838
0.651454,30,286.486144
-1.341458,30,286.532711
1.933882,20,286.562489
2.197697,24,286.598804
1.293247,27,286.641369
2.272033,30,286.694841
0.789012,27,286.737103
-1.270725,30,286.785625
-1.417061,30,286.832883
2.836083,29,286.883475
0.951248,30,286.930901
2.193814,30,286.97705
1.761152,19,287.00586
0.026756,30,287.055882
4.221125,23,287.093213
-1.182182,30,287.140809
0.746912,18,287.170788
-1.407509,30,287.215664
-0.802423,30,287.263754
-3.599345,25,287.301822
-12.495321,29,287.347362
1.821753,24,287.384906
-1.948497,30,287.432242
-3.80643,21,287.464382
3.010747,21,287.497149
0.849677,25,287.53843
2.693442,17,287.569315
3.313431,30,287.615419
2.131249,25,287.653679
3.755429,24,287.692685
-0.491076,19,287.725149
1.024517,20,287.759471
0.169019,30,287.812636
-2.630025,16,287.839574
1.563003,23,287.876045
1.2735,30,287.926767
1.816117,19,287.956335
-1.718456,21,287.989661
0.844536,30,288.038263
0.727209,24,288.076033
1.482155,30,288.123477
1.153174,26,288.163556
3.086029,19,288.195946
3.358365,17,288.223932
2.898354,26,288.267298
-2.114766,22,288.300948
1.033397,13,288.323454
0.872962,20,288.354633
1.062891,24,288.392078
2.243803,30,288.441458
2.952415,30,288.498269
1.946832,14,288.523359
1.087887,20,288.56113
3.009446,18,288.593663
2.985249,25,288.637019
1.359066,22,288.673674
-0.034949,23,288.711624
0.830361,28,288.762498
0.874959,17,288.790926
-0.812277,15,288.816345
-1.737914,30,288.870528
1.947887,27,288.914149
3.401784,30,288.965206
-0.46105,30,289.010259
-0.273938,21,289.043363
-2.541107,12,289.063483
-6.196869,30,289.109044
-1.728956,13,289.130101
2.478687,25,289.169607
0.337056,17,289.194587
-1.235575,28,289.23828
0.487898,18,289.266295
-1.049211,30,289.314502
-1.854363,21,289.347392
2.363657,20,289.379276
4.219259,29,289.422995
-1.306993,30,289.470362
2.081504,17,289.498409
3.188558,29,289.543349
-1.301424,30,289.58983
2.242514,16,289.614187
1.182271,21,289.647635
-2.449316,30,289.693544
0.882837,30,289.738898
0.722899,25,289.777396
-0.020344,18,289.807989
4.114693,30,289.855111
-0.228488,27,289.898836
1.7415,19,289.930608
2.847415,20,289.963087
0.742023,18,289.99069
-0.642358,30,290.038433
-1.412162,30,290.087448
2.912279,23,290.128207
-1.727617,30,290.176252
2.835879,17,290.203339
0.974968,30,290.250615
3.323729,27,290.296353
1.162912,12,290.31512
-0.402094,30,290.362775
-1.05081,30,290.407859
1.401349,30,290.455731
2.138407,29,290.500903
-4.874483,19,290.532778
1.879224,21,290.565845
1.839742,30,290.611024
3.073335,30,290.659001
1.032912,30,290.703657
-2.481671,14,290.727327
2.500426,19,290.758589
2.791494,30,290.803764
-2.402352,27,290.847781
-8.188293,24,290.886403
2.690884,27,290.930771
0.397453,13,290.949753
1.931709,30,290.994358
1.867376,28,291.036492
0.409652,30,291.086573
-0.884467,8,291.09946
-0.988452,25,291.137728
-3.171556,26,291.180548
2.070166,16,291.208002
3.593135,27,291.249918
-3.684511,21,291.284375
1.559534,20,291.314462
-1.722536,30,291.361362
1.021667,23,291.40067
0.597059,30,291.448176
3.490293,19,291.477568
1.511912,21,291.508784
2.213793,18,291.539129
3.378386,29,291.584258
2.377596,13,291.604338
-0.439982,30,291.651245
-3.478053,24,291.689168
2.049253,13,291.708616
2.171583,30,291.757532
2.771236,23,291.792872
-2.587107,24,291.831688
1.603597,24,291.869241
0.284931,22,291.906075
1.664589,29,291.951701
-2.842799,28,291.993694
-4.854662,23,292.030056
0.841734,30,292.077451
1.580026,16,292.103768
-0.305199,30,292.149201
3.030376,28,292.193539
0.449915,22,292.227234
-3.466832,30,292.275728
1.691365,23,292.312339
-1.229799,17,292.339619
2.742053,23,292.377682
1.941149,19,292.406799
-0.003162,23,292.443707
2.336058,30,292.492638
-2.512838,24,292.52939
-2.200863,16,292.554204
3.221175,30,292.60119
2.825323,30,292.647968
-1.249559,11,292.66269
0.461287,22,292.700086
2.350986,30,292.749124
1.586198,19,292.781782
0.347523,27,292.824789
-3.955878,30,292.870498
3.196618,30,292.920396
2.466593,30,292.968099
1.514595,30,293.014171
-4.45856,29,293.058009
1.063745,30,293.10662
1.908991,30,293.153529
2.848025,24,293.192057
2.285877,30,293.242772
3.394353,17,293.270148
0.787804,30,293.314069
0.824158,25,293.354675
-0.244013,30,293.397857
2.972523,25,293.436759
0.876408,27,293.477851
-1.117232,28,293.526116
3.477765,27,293.571041
3.15932,30,293.616324
-1.037652,22,293.652631
-1.104133,20,293.68342
2.764042,30,293.731003
-1.102031,30,293.78026
1.284869,10,293.794192
0.841082,25,293.839606
-0.369652,17,293.86868
3.80995,29,293.913702
0.535331,30,293.962457
1.353565,30,294.009555
0.823533,22,294.045828
-8.576649,30,294.090334
-0.059403,30,294.138997
3.573508,16,294.164387
0.929611,30,294.211255
-0.194794,30,294.259824
2.260697,23,294.295709
1.605902,17,294.326761
-2.149527,24,294.365356
-0.332499,16,294.391541
3.076349,30,294.438818
-1.434589,21,294.471798
2.458825,26,294.514573
0.035654,30,294.564923
2.270111,30,294.613029
2.829098,30,294.659582
-1.004831,26,294.70236
0.06688,30,294.750722
2.231715,16,294.777307
2.382086,17,294.806813
-0.97668,30,294.854289
4.197437,28,294.900188
0.942781,28,294.947001
2.845781,30,294.995513
0.805477,12,295.016642
2.863233,30,295.064462
-1.690831,22,295.100834
-3.109327,30,295.147351
1.524046,30,295.196923
-1.461127,27,295.237945
1.009996,22,295.272865
3.479428,26,295.313957
1.395155,30,295.361592
3.92131,27,295.406147
1.062124,24,295.44619
-1.525502,15,295.466906
3.455068,26,295.510851
-0.316489,30,295.556225
2.625888,28,295.599005
-1.321155,12,295.619374
-1.162291,30,295.667371
2.864603,27,295.710904
2.653852,21,295.743483
0.224708,11,295.761748
1.907994,30,295.811148
4.032281,19,295.8404
-1.081048,30,295.887321
2.518158,21,295.921361
1.948712,24,295.959118
0.314955,30,296.006058
2.113181,25,296.045993
-2.625566,28,296.091828
-1.701746,30,296.138857
3.971596,21,296.172313
2.158228,30,296.222972
-4.199395,28,296.269083
1.572568,26,296.311524
0.845138,30,296.3607
1.683263,21,296.394017
-0.36047,16,296.41917
2.335259,26,296.460159
2.431839,28,296.503795
3.191972,26,296.548593
0.787972,18,296.575471
1.375042,24,296.613756
3.688305,18,296.643656
-0.193026,16,296.669345
4.078435,30,296.715033
-4.046955,22,296.751535
2.238868,24,296.789304
2.845542,28,296.834714
2.845084,30,296.882282
0.671734,27,296.925306
2.335614,19,296.954738
2.49669,30,297.001586
1.194018,30,297.049572
1.640261,30,297.094684
1.120385,27,297.138956
1.313391,30,297.188553
0.249236,30,297.232596
-3.494865,15,297.258627
4.076626,20,297.290942
0.445668,29,297.337191
3.382256,20,297.370481
-3.648178,30,297.416774
3.283533,30,297.462219
0.859511,18,297.49249
1.777153,24,297.529973
1.95953,30,297.576086
1.21433,10,297.593047
0.992848,18,297.622162
-1.828819,30,297.669262
0.708003,13,297.690721
2.493542,9,297.705296
2.242014,30,297.75642
2.073926,30,297.803149
4.285897,28,297.851203
-2.644668,23,297.888693
-0.93377,30,297.932848
2.631613,17,297.963032
-2.267967,18,297.990383
-1.40128,30,298.038982
0.696179,27,298.078288
-0.40208,20,298.110497
1.68417,30,298.158967
0.80523,22,298.193074
-0.441655,20,298.225398
3.80265,22,298.263949
1.982835,30,298.312412
0.718974,28,298.357203
1.881367,30,298.405923
3.225719,30,298.454686
-1.270843,16,298.480641
0.135232,14,298.503831
2.556454,28,298.548334
0.646785,30,298.596213
0.985313,17,298.626005
2.987757,27,298.66925
-4.863242,30,298.715309
-0.361787,30,298.76055
-1.883196,28,298.806958
2.992285,30,298.8568
2.303942,19,298.887827
0.762117,23,298.921873
-5.068005,25,298.965152
1.513288,15,298.987107
2.819853,26,299.029473
0.270097,28,299.074473
-6.510112,28,299.117536
2.6391,30,299.165237
-2.566014,30,299.21237
1.407702,19,299.243705
-0.413974,10,299.258562
-1.887424,24,299.297289
3.957356,27,299.341865
3.942208,25,299.380548
4.23623,29,299.428696
3.30516,30,299.477397
1.844137,30,299.52305
2.262604,30,299.572719
1.576389,13,299.592942
-4.597519,29,299.639596
-0.242832,30,299.689373
1.671044,21,299.724277
-4.27939,30,299.772875
-6.425176,15,299.794338
2.070318,30,299.845206
-6.300138,30,299.893018
2.502157,18,299.924687
-5.629634,26,299.964932
2.731571,12,299.984926
1.902079,30,300.032966
3.330357,20,300.065998
1.380051,26,300.10688
-1.48327,20,300.138323
-1.663287,27,300.182562
3.417477,30,300.232168
-0.303566,30,300.284679
1.749188,30,300.341262
1.064923,30,300.395321
0.259013,30,300.452846
-6.519557,21,300.494492
3.058674,23,300.535699
2.777463,30,300.585478
2.130543,14,300.61121
2.800072,29,300.660051
-1.326881,30,300.705906
1.007056,25,300.747457
-6.345483,30,300.792938
2.192881,24,300.830357
2.354989,14,300.856153
-0.172812,30,300.902819
1.772923,30,300.952133
-7.217726,30,300.996091
0.348123,28,301.042103
3.045159,22,301.078647
-0.651052,30,301.124091
3.418337,26,301.166423
-3.270852,27,301.205984
1.798886,30,301.254741
0.944774,30,301.301248
-1.907803,30,301.347327
-0.979088,12,301.367437
1.960472,30,301.413471
-0.439095,18,301.443592
-1.66342,28,301.487583
-3.916293,19,301.519489
-8.43107,30,301.565561
-1.236499,27,301.60775
2.030445,23,301.645552
-4.074712,28,301.690048
-3.584162,30,301.734992
1.900347,23,301.770577
0.978733,22,301.80564
1.594381,19,301.837642
0.25172,18,301.867305
2.696077,23,301.901438
1.534633,18,301.930068
-0.816676,30,301.97515
3.962886,27,302.017354
-0.923107,30,302.064487
1.521918,30,302.1134
2.562822,30,302.162599
3.205599,20,302.194017
2.726572,30,302.241495
2.241361,22,302.279886
2.898451,21,302.31174
-12.017516,30,302.358052
1.142917,30,302.409731
-2.142883,27,302.452773
1.642077,29,302.498658
-0.700037,30,302.544157
-0.12895,30,302.592584
1.934537,30,302.638366
2.794016,18,302.66816
3.626673,19,302.699897
-0.006609,30,302.753025
1.755953,18,302.783549
2.879086,30,302.833016
-2.165531,23,302.871119
-3.730529,23,302.908551
0.053708,26,302.948466
-2.125396,24,302.98883
-0.188381,12,303.008928
4.012903,29,303.056731
1.299865,18,303.088724
1.913765,30,303.137176
2.257155,27,303.181063
1.734738,22,303.219894
1.369756,22,303.255069
3.216854,30,303.303921
2.387158,21,303.337677
3.428804,30,303.385654
2.436973,30,303.433735
4.055512,28,303.479065
2.303114,21,303.511347
2.003579,30,303.562419
-2.553221,14,303.584357
0.949343,25,303.623316
2.074062,24,303.661321
2.131433,30,303.710197
-3.099735,30,303.756685
2.603987,30,303.808643
0.954934,16,303.833161
1.468167,20,303.867568
0.621937,28,303.912708
0.827082,29,303.960548
-1.61748,17,303.98759
1.06459,30,304.040711
-3.78351,30,304.087392
-1.396741,30,304.137213
2.93982,20,304.169644
-0.850614,30,304.216759
2.564728,30,304.265143
3.1695,30,304.312559
-3.354939,30,304.364254
0.791032,20,304.396946
3.572872,28,304.442388
0.919472,16,304.468977
-0.344656,12,304.489348
2.902861,24,304.529297
-0.000242,30,304.574569
0.346622,24,304.61184
-2.867833,30,304.662362
1.202214,30,304.708581
1.016714,18,304.739864
3.1341,25,304.779423
-0.602593,19,304.810732
2.250323,22,304.846739
0.974309,10,304.864106
2.048991,30,304.909354
1.269343,30,304.958219
-0.834641,30,305.006233
-1.768856,22,305.042666
3.033502,30,305.091087
2.923406,28,305.136831
4.026932,28,305.182964
-4.298222,29,305.230608
-0.216879,30,305.277641
3.191818,30,305.328162
0.864442,30,305.373988
0.276454,30,305.421902
0.156277,30,305.46738
1.337292,27,305.510418
3.276629,24,305.550252
2.932337,26,305.591058
0.345014,22,305.626853
3.475748,25,305.666585
1.412782,30,305.714785
0.507993,13,305.735197
-1.447316,30,305.781096
3.121656,20,305.81398
-1.045229,28,305.85818
0.893698,30,305.907246
1.415622,16,305.933382
0.584182,12,305.952903
-0.126779,30,305.999691
-4.956463,30,306.048492
3.911771,23,306.086977
0.481174,24,306.124043
-2.881637,26,306.165947
0.446426,26,306.209872
-1.056783,17,306.235299
1.931558,30,306.285407
0.385348,18,306.315273
-1.587258,23,306.353248
1.497486,30,306.401427
-2.725263,22,306.437317
-0.00802,20,306.470605
-0.919545,30,306.516735
1.531945,30,306.567014
-1.277045,30,306.612212
0.771123,28,306.657634
-0.360994,17,306.684357
-3.109267,30,306.732905
2.204997,30,306.779032
3.092109,23,306.817212
-1.162733,30,306.867626
2.906255,29,306.912314
-0.256083,18,306.942633
-2.494945,30,306.992948
2.066443,27,307.037902
-1.803331,30,307.085267
-0.782385,30,307.136373
0.692376,29,307.184923
2.26948,30,307.232271
2.97587,20,307.26785
-1.997215,30,307.3161
1.458868,18,307.346991
1.563475,21,307.384292
0.989953,30,307.431905
2.278321,30,307.482124
1.876832,30,307.528464
0.071125,30,307.577038
1.960468,20,307.609558
1.890421,16,307.634791
-2.405411,17,307.662111
1.996536,16,307.688533
-2.826498,22,307.722461
2.149753,30,307.774688
-0.191359,30,307.827024
3.022089,23,307.866896
0.836299,24,307.905109
-2.571553,30,307.954207
-0.390604,20,307.987879
1.145345,25,308.026864
2.732061,18,308.054857
-0.354256,27,308.097399
2.910762,22,308.134241
3.085164,18,308.161502
2.626561,26,308.2034
-2.325741,30,308.248551
2.744703,15,308.27396
3.437666,14,308.297152
-0.251671,30,308.345859
2.439099,30,308.390184
2.032778,22,308.425662
2.035444,30,308.473292
-2.80655,25,308.515964
1.801431,30,308.562727
3.598744,30,308.612387
-1.82603,20,308.646069
-0.310233,21,308.678147
-0.072083,30,308.724601
3.332719,30,308.775043
3.56618,29,308.821661
2.558122,14,308.845592
-4.493073,23,308.878739
2.947579,30,308.926731
-2.780064,30,308.970186
2.013124,18,309.000255
1.986132,26,309.042642
2.516723,25,309.087682
1.400775,16,309.112864
-1.077062,23,309.148237
-0.48442,26,309.188225
0.022146,12,309.209491
-0.078891,24,309.246068
1.8497,23,309.286034
-0.165627,25,309.326111
1.282312,30,309.375418
-0.716686,30,309.424118
-1.613833,25,309.461561
-3.020948,30,309.509781
-1.905623,22,309.543375
-1.759272,19,309.573599
4.193127,29,309.620218
4.187041,29,309.6663
2.146224,29,309.716845
-5.793353,22,309.750286
-0.145624,30,309.79984
-1.84579,15,309.823148
2.384374,28,309.867925
0.698705,30,309.916785
-0.38756,29,309.960928
3.260597,30,310.010275
1.335412,19,310.037391
4.238552,28,310.08375
-1.886568,13,310.10722
0.779725,23,310.142606
1.555529,20,310.175762
2.383087,20,310.208894
2.358764,15,310.232241
3.180803,24,310.271566
2.64456,18,310.302492
-0.801713,30,310.34817
-1.448694,24,310.386501
-0.527173,28,310.42844
0.375684,19,310.461137
1.273616,30,310.506953
-0.126015,24,310.544839
2.924519,30,310.594437
1.252528,30,310.643958
1.429101,13,310.665679
2.486388,24,310.703062
-2.42783,23,310.73828
0.205482,11,310.755798
1.314238,21,310.788307
-0.14088,24,310.82782
2.920891,24,310.864978
0.697036,12,310.884544
0.538234,30,310.934047
1.74085,30,310.979549
3.085141,22,311.015873
3.897065,25,311.057305
2.258984,30,311.105682
1.101453,16,311.13238
0.084764,24,311.16927
2.243301,21,311.202768
1.801692,12,311.221799
-0.309376,20,311.254996
-1.21713,28,311.29933
0.944692,30,311.347282
0.084543,30,311.396388
1.838438,24,311.434415
-1.83667,30,311.480245
3.392186,30,311.530073
3.67973,18,311.555944
0.812683,27,311.600697
0.636226,14,311.624404
3.653872,23,311.659031
2.491774,22,311.694784
0.208063,30,311.740641
-0.888852,21,311.776195
-0.221455,30,311.820915
2.466199,18,311.852553
3.246654,30,311.900351
1.590901,17,311.926201
1.025076,30,311.97439
1.390109,30,312.020779
2.960115,21,312.056613
-1.113958,22,312.089789
-1.20922,30,312.136417
2.969092,19,312.166451
0.355664,30,312.214198
-1.494528,30,312.259726
0.232512,23,312.296852
4.124398,30,312.34428
1.339452,17,312.370954
2.176818,12,312.389822
2.108676,19,312.421737
-2.602024,16,312.446643
2.779673,22,312.479347
3.922278,29,312.52598
-2.483246,27,312.569847
1.842182,21,312.599848
2.145336,14,312.623876
-0.539273,14,312.646752
-0.055386,30,312.694685
2.073875,26,312.735597
1.750751,22,312.773948
-1.08643,30,312.820754
0.372503,30,312.870604
1.993378,22,312.90461
2.225292,29,312.95229
3.278819,30,312.998777
2.567446,15,313.025748
1.447553,23,313.065036
3.233845,30,313.11212
-1.143097,12,313.131482
2.778927,19,313.164212
-3.23897,30,313.210125
1.478515,28,313.254662
-2.303423,30,313.306359
0.787829,25,313.347601
3.972654,21,313.382372
2.816477,19,313.415234
1.899093,22,313.451497
-1.401076,16,313.478271
2.787239,15,313.50125
1.045128,30,313.550309
0.472139,25,313.590379
3.586224,28,313.634717
1.401959,20,313.666761
-0.581047,24,313.703054
0.559937,30,313.751652
1.588463,18,313.781726
-0.752696,30,313.831552
1.35362,30,313.880244
2.957663,25,313.918873
-2.050349,30,313.968571
2.898038,18,313.994717
-2.288382,20,314.027882
1.589924,30,314.081018
3.125907,30,314.127339
0.687878,28,314.172948
-0.636613,30,314.22015
-3.665569,13,314.240853
1.739767,30,314.29305
-0.039583,25,314.333766
-4.600908,26,314.373783
3.612347,21,314.411526
0.659555,18,314.438858
1.429347,23,314.476326
-0.75472,24,314.515908
2.719633,30,314.562801
2.288385,25,314.60519
1.698787,14,314.627835
0.356789,17,314.659509
3.095714,30,314.714336
-0.819202,20,314.74786
-2.857005,24,314.785591
1.000287,8,314.79923
2.871689,25,314.838338
1.975824,22,314.87593
1.543152,30,314.922262
3.057185,19,314.953734
0.679775,28,315.000083
2.887699,17,315.026897
1.990238,19,315.060461
2.82922,12,315.079862
-0.176459,30,315.125035
-5.525323,30,315.173929
3.363999,30,315.219719
2.354176,30,315.26799
1.398317,30,315.313002
-0.437429,26,315.356544
3.03853,30,315.404068
3.124622,20,315.436789
-2.360548,25,315.47802
4.195717,22,315.515157
2.434584,30,315.569602
3.859649,25,315.610759
1.978911,30,315.658831
0.433722,14,315.682945
3.995255,21,315.716481
0.770249,21,315.75091
-4.693176,30,315.800418
-0.994168,30,315.847952
-3.203395,27,315.893345
1.768401,30,315.942634
2.627299,20,315.976655
1.912014,30,316.023655
-0.235886,30,316.07278
-0.052347,24,316.112545
-1.846799,19,316.141768
2.419188,22,316.181114
1.678524,30,316.22701
-1.068155,30,316.279179
3.69755,19,316.312944
1.097572,28,316.361618
1.892448,30,316.410265
2.007835,18,316.440415
2.070566,19,316.469482
2.457127,26,316.51273
-0.077084,30,316.562133
4.276135,29,316.61359
-0.854641,30,316.660807
-0.320074,25,316.701052
4.206018,24,316.740915
-0.971054,21,316.777629
1.521236,23,316.812881
2.988934,30,316.866881
2.295691,30,316.917935
2.943695,19,316.952158
-3.21438,20,316.985332
2.157181,20,317.018405
3.20935,30,317.068384
0.594543,30,317.115035
0.351709,18,317.145186
1.8519,27,317.185694
1.906095,30,317.232601
0.661613,24,317.271544
-2.261884,30,317.315913
2.884268,30,317.36554
1.236947,23,317.401776
-0.609485,22,317.434984
-2.672753,26,317.476002
2.263249,30,317.525292
3.670742,25,317.568897
-4.412809,30,317.614292
1.390693,15,317.638236
2.121866,22,317.67257
1.971688,30,317.72441
2.280121,30,317.772404
2.034541,30,317.824205
-1.014392,27,317.871166
2.07403,24,317.916018
2.123217,19,317.948655
-4.068901,24,317.986668
0.568636,30,318.038793
1.130705,30,318.086135
0.414564,20,318.119438
1.076118,30,318.170099
-1.57512,27,318.212109
-2.86422,30,318.265197
2.101736,30,318.312717
1.35729,18,318.343339
1.186112,30,318.392419
2.862427,24,318.429859
0.91788,25,318.471661
1.056107,22,318.507504
-0.267642,30,318.557157
-0.955718,21,318.588771
0.411049,21,318.622794
3.061345,28,318.667836
1.671239,15,318.693345
1.712633,30,318.740025
2.834256,18,318.772741
3.176386,30,318.819409
-0.594881,19,318.852205
1.572442,26,318.895162
-0.335701,29,318.940768
-2.35757,22,318.974625
2.925922,27,319.019531
-1.848546,30,319.065265
3.809978,16,319.092724
0.849317,30,319.140625
1.257219,30,319.188064
1.010138,29,319.231963
1.243841,24,319.269836
-5.619157,17,319.298145
1.229465,30,319.343818
-3.235884,25,319.38227
2.600931,17,319.410299
-0.510633,21,319.440431
-3.492458,30,319.488372
-2.651151,30,319.533415
1.252165,25,319.573877
1.902595,22,319.608402
0.876762,24,319.645611
3.930387,29,319.692483
0.867185,17,319.7208
-4.171363,16,319.745164
0.094786,20,319.776407
2.346824,28,319.82274
2.062533,30,319.868241
0.840435,10,319.887392
2.977436,29,319.934368
2.31702,9,319.948084
0.696125,30,319.996413
-0.139249,8,320.009836
-0.815069,23,320.045726
2.849735,30,320.096026
1.713215,20,320.127238
3.280912,30,320.170987
-0.992527,30,320.220522
2.023204,30,320.266303
-2.48314,11,320.283935
-1.500123,13,320.303221
-3.976762,30,320.352725
0.250056,30,320.400691
1.658401,22,320.437363
2.337476,27,320.480148
-0.529892,29,320.524208
1.191107,19,320.553937
2.979012,20,320.5864
-0.261562,13,320.6069
0.041352,30,320.653941
-2.994466,30,320.70294
0.760258,30,320.74852
1.765745,30,320.795332
1.800516,26,320.834616
0.719382,27,320.879225
-3.006642,22,320.916193
0.459553,30,320.961856
2.177465,15,320.986434
-5.01317,30,321.03054
-0.93936,30,321.081938
0.915301,26,321.12163
0.861597,25,321.163977
-2.808704,14,321.184617
1.819602,26,321.227746
3.256984,27,321.270017
-11.661532,30,321.318675
2.396194,30,321.366039
-5.251862,25,321.408353
-0.81895,17,321.434327
0.457965,30,321.479771
-0.473302,21,321.514539
-0.316675,20,321.548464
1.739721,30,321.59445
0.04086,30,321.644537
-3.488153,30,321.692535
-2.458731,25,321.732133
-0.51716,15,321.754883
-3.925168,30,321.803763
0.69365,24,321.842179
0.314822,25,321.884217
-0.38084,22,321.91711
1.592589,30,321.968551
-0.563512,30,322.014908
0.374661,18,322.045105
0.505321,23,322.080297
-1.240239,25,322.119428
3.380225,21,322.152003
0.834434,18,322.183119
2.133759,30,322.228629
-0.931235,25,322.267832
3.222184,23,322.305866
2.229346,19,322.338398
1.017067,30,322.383525
-0.140088,30,322.43303
0.8184,22,322.466695
-4.47649,30,322.514437
-0.587045,30,322.560344
1.577609,13,322.583242
-0.63144,23,322.617946
0.244009,26,322.660293
-2.96141,26,322.699945
2.836468,28,322.745191
1.135959,19,322.776445
3.527683,23,322.814967
1.349602,26,322.85578
-1.892481,16,322.882567
-0.642921,30,322.933502
1.429145,14,322.953763
2.114006,20,322.986777
-2.347622,26,323.030352
-2.490113,23,323.066981
-0.504317,30,323.112338
0.101367,17,323.139277
0.829392,30,323.188784
1.151705,20,323.220231
-6.695848,30,323.266635
-11.513203,30,323.313627
2.727365,20,323.346442
-3.605953,30,323.390629
1.128155,24,323.429693
3.283717,30,323.479565
3.594632,13,323.50166
3.114493,30,323.550651
0.814927,30,323.59926
1.339131,20,323.631495
2.089385,30,323.681828
-0.726466,30,323.729841
2.787944,30,323.778957
-0.078231,24,323.817823
-1.107346,30,323.86553
3.634262,19,323.898114
0.941326,20,323.931603
3.451318,18,323.959906
0.918579,30,324.01037
2.751497,20,324.043468
1.489499,30,324.088106
-2.618249,30,324.13808
2.985094,20,324.170945
-0.598487,19,324.202914
-1.676804,17,324.230074
1.548841,15,324.256755
2.285922,30,324.304045
2.944586,25,324.344218
-0.160348,14,324.369414
2.252998,26,324.408167
-0.724863,30,324.455406
3.883909,21,324.48946
-3.726069,20,324.52053
1.60505,28,324.565797
1.279545,30,324.614347
3.558053,28,324.659061
3.216656,30,324.705237
-2.568502,26,324.747152
2.898887,18,324.777394
2.745865,30,324.825193
0.375242,28,324.869479
3.452092,24,324.907206
-6.16,30,324.952758
1.263437,30,325.001945
-3.025313,18,325.029882
3.315435,30,325.077737
1.553921,30,325.126445
0.963417,30,325.173132
3.035049,30,325.220244
0.642597,27,325.265775
1.709757,26,325.30845
3.348977,29,325.360595
2.120085,17,325.388803
-2.677451,29,325.433326
1.786711,18,325.463836
-5.402094,30,325.511531
-2.72915,28,325.555752
2.945774,21,325.588296
3.286016,22,325.625297
2.591438,16,325.652008
0.120466,30,325.697129
0.93546,14,325.720794
1.561713,21,325.752317
-2.455018,17,325.779565
2.116433,30,325.827451
3.5036,15,325.852732
1.738866,23,325.888931
3.010726,30,325.936965
1.32344,20,325.969912
2.905528,29,326.016196
2.283336,20,326.049927
2.219707,25,326.088696
3.021628,29,326.136922
4.109331,25,326.176752
-4.311006,29,326.222156
3.546898,22,326.259334
2.046719,28,326.3051
1.809833,30,326.351592
-0.418985,30,326.402353
-2.274041,30,326.449484
-2.328587,20,326.482998
1.349203,26,326.528947
1.080824,9,326.543866
0.834958,17,326.571499
-3.962052,26,326.614203
-2.316937,30,326.660414
2.238142,30,326.707601
0.339012,13,326.728091
-2.108893,28,326.772936
-14.285369,30,326.816647
2.537599,29,326.865584
2.9194,17,326.89218
-0.416669,30,326.935987
-1.169985,13,326.958722
3.853629,30,327.008475
3.535287,18,327.038623
1.176992,30,327.084439
-4.266329,30,327.133092
2.371682,17,327.158882
-0.031532,29,327.205902
0.729325,29,327.252756
0.951756,23,327.289955
0.097342,30,327.338773
-5.157041,26,327.378718
2.165602,30,327.426039
-2.953328,30,327.471583
-0.45934,16,327.499089
-1.512511,20,327.530688
2.895023,20,327.562462
3.124767,21,327.595461
2.587219,24,327.634184
0.634635,30,327.685655
2.220043,30,327.73357
3.19653,20,327.769007
1.445199,13,327.791557
4.156545,16,327.819563
1.24766,19,327.848018
2.539929,30,327.897442
0.970499,30,327.9419
-0.035141,13,327.964972
-0.081391,18,327.991539
-2.430023,19,328.022325
2.173498,12,328.042681
1.667178,30,328.089133
3.186294,29,328.137806
-0.059521,20,328.170063
0.633874,28,328.215545
-2.235679,27,328.255494
2.806957,26,328.29741
2.749074,18,328.324834
-5.240543,30,328.373687
0.805836,19,328.405012
1.680393,18,328.432291
2.789961,30,328.479882
-2.554266,28,328.524211
1.23182,14,328.546839
-0.413719,28,328.592698
3.79084,17,328.620157
2.035615,24,328.657876
3.707582,16,328.684133
1.427576,20,328.716281
1.518712,9,328.73381
-0.405402,28,328.780478
3.712405,30,328.826628
1.801875,30,328.875354
-4.942706,22,328.909519
2.283152,20,328.942459
2.86037,24,328.978874
2.895027,27,329.023381
0.805229,21,329.056045
2.916212,26,329.099963
-0.865654,21,329.131991
1.223438,16,329.156284
-5.272922,30,329.206026
1.402925,24,329.245546
2.678319,25,329.287397
0.929053,21,329.319781
0.256677,22,329.352752
-2.46266,17,329.382786
-1.051292,19,329.412909
1.332851,15,329.436556
-1.165539,14,329.459474
1.579932,13,329.480945
2.4081,28,329.527505
3.026982,27,329.570127
-3.095966,27,329.610503
4.043914,19,329.642139
-0.901683,23,329.678306
2.614697,26,329.719182
0.257418,20,329.75125
-0.800415,15,329.777676
2.409933,26,329.818088
-1.231343,22,329.850358
1.27501,22,329.88826
-2.222086,30,329.935383
-5.522964,30,329.983601
1.36778,18,330.010506
-0.296804,17,330.036562
-2.260561,27,330.08163
-0.115021,16,330.107373
3.111921,22,330.142292
1.063667,13,330.161502
2.196162,23,330.199015
1.890293,17,330.2253
0.525166,27,330.269705
2.497354,28,330.315765
-2.88644,25,330.355676
0.400725,21,330.387999
0.043371,28,330.432179
2.419442,25,330.469961
1.216438,17,330.499056
2.21038,30,330.546189
0.372223,29,330.59282
2.721948,23,330.630594
3.357849,30,330.680029
1.412264,20,330.712965
3.377041,23,330.749705
-1.690913,11,330.769157
-6.747115,30,330.818848
-1.751882,19,330.847734
0.372681,25,330.889584
2.099384,18,330.918226
1.285508,30,330.970263
1.04529,20,331.001908
2.953001,27,331.044924
2.710153,17,331.07542
0.83032,14,331.099298
2.558535,14,331.122175
1.842689,20,331.154289
1.05649,25,331.193659
0.114991,28,331.240589
-2.240848,30,331.289121
-7.227891,30,331.340222
1.667375,10,331.355473
0.563106,13,331.381228
2.817169,19,331.412496
2.182592,27,331.457865
1.966467,23,331.495194
-1.274886,14,331.515147
-0.477223,22,331.551518
0.292872,30,331.597445
1.929661,30,331.644871
1.335268,12,331.664423
2.393915,11,331.682775
4.05959,24,331.723028
-1.110915,30,331.767397
2.446803,27,331.811199
0.948371,30,331.858084
-1.130798,13,331.880171
2.717714,17,331.907339
-2.721245,15,331.933977
0.906351,19,331.963604
-2.761439,12,331.983133
-1.468864,13,332.006205
-10.340282,30,332.055125
-0.695583,30,332.104848
1.261981,20,332.138614
1.255383,30,332.183298
0.046039,24,332.221751
-0.258794,15,332.247196
4.134826,29,332.293339
0.316071,30,332.341028
1.700494,25,332.381455
-0.033922,8,332.393977
-2.094332,30,332.442784
1.558207,30,332.492053
4.027986,22,332.52912
-2.984305,15,332.553347
3.079605,30,332.602317
2.881293,18,332.630009
3.248875,30,332.677602
-4.635787,25,332.719271
1.096681,11,332.740894
2.454176,27,332.785446
-0.944184,28,332.830302
3.563754,16,332.859235
3.824993,29,332.913777
-0.94039,30,332.957871
0.231788,18,332.988029
1.006029,27,333.030789
-0.136961,20,333.063493
1.242909,30,333.11427
0.946162,25,333.153134
0.553216,30,333.202231
2.721014,13,333.22243
-2.387709,11,333.240312
1.025387,26,333.280804
2.541221,25,333.320339
1.116636,15,333.345679
1.791709,25,333.386069
1.478475,21,333.421914
-3.983418,29,333.466933
-3.425833,30,333.51272
-2.335811,23,333.548502
-2.051377,16,333.576035
-3.842428,16,333.600068
0.138184,30,333.645925
1.1186,30,333.694747
-1.488791,30,333.743703
-1.836735,20,333.775296
-4.518807,30,333.822198
1.594405,14,333.846348
2.555702,30,333.89407
0.900401,30,333.940147
-4.336007,27,333.982
1.468923,16,334.007521
0.494105,30,334.055815
2.341794,18,334.084151
1.142316,17,334.112687
-4.037421,20,334.144411
0.440839,27,334.184949
3.029629,24,334.224652
3.205086,30,334.272887
1.838959,21,334.306925
-3.280518,27,334.35051
1.167784,28,334.396023
1.235957,30,334.44234
2.849398,30,334.491121
-0.313051,18,334.519416
-10.459449,26,334.563192
-0.126949,30,334.610261
3.135079,23,334.648404
1.902872,15,334.672762
2.2359,30,334.720792
2.615667,30,334.769349
-2.281051,24,334.806525
-0.737979,30,334.853926
0.271297,30,334.902207
-5.522345,16,334.928416
-3.28729,30,334.971906
2.357443,21,335.008428
-3.98605,14,335.029009
1.597834,21,335.062066
3.10101,21,335.097254
0.865354,19,335.124977
0.081237,27,335.169016
3.201404,20,335.20022
1.448586,24,335.23615
0.375989,30,335.284119
3.324018,30,335.33277
1.173929,19,335.363867
1.287773,15,335.387252
2.092817,21,335.420277
1.709642,19,335.451634
3.211413,30,335.499387
-1.085623,30,335.547704
1.597805,12,335.568581
1.323461,30,335.613998
1.712905,30,335.661425
1.409672,21,335.694963
2.754146,19,335.725886
1.366011,28,335.768417
-1.261149,30,335.814645
1.471539,9,335.828551
2.886584,28,335.87339
3.304941,30,335.922054
-1.489534,29,335.968297
3.002347,21,336.001878
-1.981672,30,336.051896
1.560775,30,336.098761
2.050112,28,336.143574
0.830383,30,336.190329
1.538144,22,336.227135
1.783553,18,336.258843
2.477409,24,336.303936
3.4603,19,336.336145
0.348952,29,336.38567
-8.029155,29,336.432176
-3.393646,21,336.464131
-0.578529,23,336.502981
-0.197382,24,336.541258
2.10122,30,336.590145
1.941602,30,336.636724
2.025445,30,336.687029
1.460426,25,336.727197
-0.03699,23,336.765186
3.613412,25,336.80409
-0.526346,30,336.851223
2.8171,30,336.90094
1.469089,13,336.922448
-1.327002,21,336.953856
1.74329,30,337.003104
1.430588,11,337.02206
-9.257572,30,337.070095
0.38954,30,337.121243
1.095494,29,337.166231
2.990059,29,337.214718
2.761837,20,337.248094
1.984976,26,337.292771
-0.185757,18,337.319048
3.244789,27,337.364582
3.921856,29,337.410053
0.076,12,337.429368
1.67305,30,337.475788
0.170395,30,337.519811
0.610095,25,337.56087
-0.920526,20,337.614538
2.247515,22,337.682783
4.020365,21,337.760649
2.983651,28,337.847295
0.514899,30,337.924337
0.993376,30,337.988519
-1.312843,30,338.046598
0.245362,30,338.097257
-0.630368,17,338.124741
-3.386952,30,338.179348
3.138136,18,338.210089
-0.871121,11,338.228335
4.405345,29,338.276892
-0.395575,18,338.307104
1.170813,21,338.344625
1.26069,30,338.393958
-0.335319,16,338.420281
1.164405,16,338.445604
1.427524,28,338.490014
-0.765656,30,338.536844
2.914646,30,338.597075
-1.309223,30,338.666776
-6.691513,26,338.735048
-4.476482,30,338.804819
3.71067,21,338.858004
2.726403,20,338.90938
1.084782,30,338.979831
0.861235,30,339.02945
-0.572287,30,339.082253
2.685792,19,339.114026
4.107751,16,339.144285
-1.2348,17,339.17425
2.917311,30,339.222968
2.879123,18,339.254714
-2.056661,30,339.30396
1.996279,30,339.355441
-0.730497,30,339.403283
0.479164,27,339.449372
0.65176,28,339.49931
1.854417,30,339.546574
0.286117,30,339.594506
1.875677,21,339.626146
-1.913186,30,339.675092
0.02263,25,339.714362
2.669687,30,339.770319
2.907756,30,339.818048
2.849561,19,339.85045
1.182928,30,339.896525
1.724737,20,339.928635
3.148365,13,339.951433
-3.107033,27,339.992328
4.283002,28,340.039848
0.847763,25,340.084051
0.648743,30,340.130441
1.165923,20,340.1617
-0.543467,15,340.187419
2.20239,21,340.220645
0.833308,22,340.256297
0.871243,27,340.301973
3.919864,23,340.342393
4.165527,30,340.392935
2.868727,21,340.427452
1.672598,17,340.454379
-0.568585,14,340.478373
2.886115,24,340.51818
2.406168,27,340.560358
2.295395,30,340.639044
-7.230399,25,340.703657
-3.451403,20,340.747328
0.38165,22,340.801316
-4.342689,19,340.837974
0.052156,20,340.872593
-2.334876,27,340.917602
0.034655,17,340.955648
-1.389002,19,341.019344
3.23266,30,341.100907
1.730461,25,341.171576
2.864873,22,341.235032
-1.127629,24,341.308801
-1.447254,18,341.355694
2.315936,17,341.386355
-2.249285,26,341.432369
-5.079976,27,341.475333
0.487469,28,341.523094
-0.028764,30,341.573513
-3.089496,30,341.620334
2.213233,27,341.66581
0.381517,14,341.691268
-0.087665,30,341.73802
0.351452,15,341.763273
1.907018,22,341.796891
-0.004534,30,341.845304
1.728315,16,341.870647
0.467357,18,341.900068
-1.078184,30,341.952497
1.233303,22,342.004628
-0.11177,30,342.07934
0.725378,19,342.128593
1.194832,30,342.193084
-0.075911,30,342.266189
-0.45399,23,342.317046
2.022207,26,342.375638
-1.966492,30,342.427283
1.468778,30,342.477423
3.746653,26,342.518904
3.093705,30,342.569885
3.300422,30,342.618702
-0.420624,16,342.644424
4.087777,26,342.688414
1.219805,19,342.720674
1.582167,19,342.752528
-0.712179,22,342.791641
-0.953851,27,342.839229
0.312843,17,342.866217
2.916563,23,342.905878
-0.068669,30,342.95977
1.81885,30,343.011035
-0.726315,30,343.060163
-3.109484,27,343.10642
3.010016,24,343.1485
-0.29071,30,343.196197
-0.024277,30,343.246046
2.199407,15,343.271618
2.850476,30,343.322336
0.209577,30,343.372481
2.111856,14,343.394195
3.216824,30,343.446937
-1.522451,30,343.493945
3.269952,23,343.53259
-0.301942,30,343.581484
-1.521055,29,343.629611
0.746741,27,343.67228
2.060008,30,343.725526
2.894874,19,343.757504
1.10936,30,343.803488
1.841901,20,343.835669
-0.027457,19,343.867955
3.717209,22,343.905594
2.060676,24,343.945904
1.38615,30,344.016105
-2.050828,30,344.088614
0.03979,23,344.142813
-1.57665,11,344.169056
3.357875,17,344.19881
2.770185,24,344.240229
-1.359205,17,344.266866
0.635478,30,344.315872
-5.003542,30,344.3653
-0.195844,30,344.414122
1.972879,12,344.432908
1.296023,16,344.459038
1.617672,27,344.503812
0.274738,30,344.548963
-0.465063,29,344.595217
3.445465,14,344.620769
0.07602,18,344.648098
-0.142371,14,344.670035
1.431569,30,344.717105
2.944967,17,344.746339
-2.271673,14,344.769887
-2.319478,24,344.807719
-0.275564,10,344.824953
0.952766,28,344.871623
-0.93857,30,344.920984
0.718173,30,344.97309
2.151694,30,345.022139
0.57631,26,345.06719
1.576614,11,345.084788
2.084757,14,345.108904
3.319563,25,345.149595
1.443845,14,345.174481
0.890807,30,345.217852
1.307039,18,345.247959
2.926192,26,345.288481
1.696766,24,345.327354
2.440083,28,345.372669
2.64351,20,345.40447
-2.781848,20,345.434916
1.510924,15,345.461007
1.622581,30,345.507531
-4.370263,21,345.540952
0.023061,17,345.568038
2.592977,18,345.597563
1.691741,19,345.662185
2.152983,27,345.754979
1.062711,26,345.840705
3.161107,30,345.928246
2.594286,23,345.995959
0.161576,30,346.067258
0.013375,27,346.14895
3.916782,29,346.23471
0.219739,16,346.271199
-5.847939,30,346.335456
-2.256505,24,346.382669
-1.548488,30,346.441557
1.53947,30,346.498542
-0.129558,9,346.515202
1.277244,30,346.568809
1.093394,30,346.622605
-1.440553,30,346.6749
3.367389,30,346.732213
0.905331,22,346.769876
-1.057394,23,346.81308
1.997817,30,346.867507
1.020848,15,346.894001
2.280236,22,346.932708
1.975363,22,346.970023
2.751553,28,347.015443
0.368183,28,347.060489
2.965884,26,347.125141
-2.172558,14,347.163196
1.810161,30,347.253436
-2.769213,22,347.34498
3.160426,30,347.482826
-5.192125,30,347.549351
0.821958,29,347.613912
4.066675,25,347.659755
-0.266506,30,347.708165
3.624283,25,347.760735
2.519171,25,347.803562
-0.598814,14,347.828027
-2.36678,18,347.859792
0.341791,30,347.91862
-3.776313,27,347.966671
-0.551849,30,348.018889
-1.092129,16,348.046271
0.823818,30,348.100672
-3.023114,16,348.129385
-2.284386,30,348.184834
-4.460597,28,348.233565
-3.669526,18,348.266236
0.638026,27,348.311736
-2.43649,30,348.359636
-3.586012,21,348.396394
2.1153,30,348.451591
-1.189839,30,348.506853
-1.189954,30,348.56141
-0.224913,18,348.594806
4.288989,22,348.635237
2.879929,22,348.674301
-5.873303,21,348.710252
0.963175,16,348.737966
1.752985,14,348.76328
-1.51243,26,348.808877
2.063268,22,348.843981
3.948622,18,348.876652
3.267009,30,348.931519
0.156381,30,348.982224
-1.169154,30,349.030374
2.898725,30,349.079735
3.290621,30,349.131253
1.431461,11,349.150866
3.204741,30,349.202464
1.0948,19,349.231263
3.294288,30,349.283722
-1.380533,19,349.315347
1.026812,30,349.363849
-0.355805,16,349.388947
-5.891426,20,349.422667
1.623493,30,349.477034
2.216805,22,349.517996
1.192297,27,349.56284
3.540775,27,349.610908
-1.106707,27,349.652789
1.963725,30,349.701158
2.438067,30,349.748805
2.97344,13,349.77506
2.880805,22,349.810496
-0.737718,18,349.839957
2.969778,22,349.874835
4.066906,25,349.918782
3.46361,30,349.967502
-1.641447,24,350.006797
0.161822,23,350.046211
-0.634526,22,350.084348
1.026711,13,350.107491
1.486625,11,350.131646
3.145364,28,350.184498
1.971932,30,350.240275
-2.205673,17,350.268215
-0.315122,30,350.314382
0.784151,21,350.350429
2.152534,12,350.371548
-2.55654,30,350.417222
4.255399,22,350.456291
1.947568,25,350.497176
-0.215646,30,350.551705
-0.4,30,350.604018
1.457299,30,350.650049
0.288675,26,350.692782
1.578673,30,350.741456
-2.835448,21,350.775458
3.384023,19,350.804654
3.581399,20,350.834823
1.209268,30,350.887784
3.980789,23,350.926526
1.544648,20,350.958403
-0.263803,18,350.987028
-0.64772,17,351.016798
2.92414,23,351.055458
-3.468439,14,351.07918
-0.701717,27,351.119895
3.038551,18,351.152029
-2.400832,30,351.1986
0.112451,30,351.248958
3.471913,14,351.269271
4.01598,17,351.301668
0.680993,30,351.349373
-0.444453,18,351.380852
4.124322,26,351.421108
2.547253,30,351.470201
0.924907,26,351.511054
-6.210568,19,351.54066
0.942184,14,351.562633
2.621041,29,351.616164
4.091224,26,351.658222
2.165299,25,351.696503
-6.940653,25,351.738937
2.30244,17,351.768604
2.021396,12,351.788012
1.522017,30,351.834236
2.915683,29,351.884685
0.315376,18,351.912867
1.350305,30,351.964864
1.008243,30,352.009255
2.920966,24,352.046311
0.616719,30,352.097385
0.541038,19,352.12652
-1.208615,20,352.158143
-9.834453,24,352.19663
-0.096876,23,352.239889
1.31332,28,352.284374
-9.036679,29,352.32984
-0.301343,21,352.365332
2.137911,24,352.405867
-3.933678,30,352.451587
1.21584,30,352.500003
-0.658967,25,352.538039
-2.297578,14,352.56056
1.33598,30,352.610677
2.104913,22,352.643553
2.703375,30,352.689732
-1.854761,28,352.74208
1.488102,23,352.782587
0.971083,24,352.821231
2.85414,30,352.866318
3.883668,24,352.930068
0.238034,18,352.967313
2.949654,21,353.004194
0.545169,30,353.05397
3.144244,30,353.111113
-1.382568,30,353.159564
3.504189,29,353.211271
2.780753,19,353.241409
-2.739816,30,353.302641
1.509455,30,353.351234
4.201781,23,353.39121
2.420175,30,353.440364
2.066954,27,353.486928
1.566247,26,353.530288
-1.127988,30,353.576133
-1.136788,30,353.62422
3.395841,12,353.64866
1.787328,30,353.697491
1.107284,22,353.734563
2.374679,22,353.76915
0.835084,30,353.821401
-0.764584,12,353.841063
0.921556,19,353.871139
-0.716668,30,353.920498
3.210823,30,353.976732
4.054517,29,354.022914
2.056523,30,354.069183
0.841174,29,354.11649
1.207158,24,354.155501
0.458698,30,354.206256
0.808732,27,354.247121
-0.196987,30,354.293274
3.095002,30,354.349638
0.862904,21,354.383737
-2.865,25,354.421824
0.682426,30,354.468853
-0.340474,23,354.507998
1.536831,20,354.542358
2.350052,30,354.588756
-1.112978,25,354.628015
-4.1764,23,354.667788
-3.092287,30,354.717148
-0.148403,30,354.763025
2.750532,30,354.807965
2.113188,30,354.854511
-4.929451,15,354.878179
2.065921,17,354.905158
0.169901,30,354.954555
-0.224049,17,354.983366
2.029865,19,355.014794
2.08773,30,355.060369
3.460069,12,355.080801
-3.827769,26,355.125938
2.174857,30,355.174487
1.39401,16,355.201576
-2.564413,30,355.251309
2.380653,16,355.277283
-2.1556,30,355.326253
2.963306,15,355.351353
4.043593,24,355.391195
1.674828,21,355.424521
0.136618,16,355.45052
2.620916,18,355.482368
2.030901,24,355.519864
2.991354,23,355.5586
2.965374,20,355.592914
-0.265873,30,355.640307
2.460388,30,355.685855
1.941327,26,355.731894
2.582608,15,355.757729
2.465855,19,355.785731
-0.013365,30,355.833152
1.562319,19,355.865861
1.363784,30,355.911526
0.583535,14,355.93592
3.014257,22,355.97095
1.488578,30,356.021313
0.315271,18,356.049949
3.841895,18,356.079694
4.050163,26,356.123573
4.297039,24,356.165011
2.674404,30,356.218141
1.920956,30,356.26457
1.354063,9,356.278559
-3.576091,30,356.332142
-2.299498,29,356.379007
1.393304,22,356.413681
0.554212,28,356.457407
0.442806,30,356.507116
-1.876169,19,356.538908
1.73584,16,356.564696
1.299658,13,356.585199
2.68288,30,356.637584
-5.062599,30,356.685079
4.240337,27,356.729198
1.616686,22,356.761361
2.933576,22,356.802242
1.963841,29,356.848525
3.005286,25,356.887822
1.285698,30,356.935618
3.262501,30,356.987621
-2.920719,18,357.018479
1.793116,22,357.051019
1.421271,15,357.074948
-2.502073,22,357.113609
1.086186,18,357.142175
3.333949,15,357.167222
3.167961,30,357.214317
-1.780532,30,357.267436
2.875643,30,357.314422
2.991405,24,357.353159
3.008307,30,357.403207
0.403927,18,357.432815
0.71953,30,357.48262
-1.615674,30,357.52931
-3.496479,28,357.573063
0.228945,26,357.619502
-2.165455,30,357.665116
-3.499138,20,357.695718
-0.572666,30,357.747519
2.378732,27,357.794272
4.20572,23,357.829886
2.735597,28,357.872817
2.871305,25,357.91358
0.80675,8,357.929113
1.833712,20,357.962348
1.728603,9,357.97704
-0.312505,17,358.002285
-1.436515,30,358.05514
4.207861,22,358.090267
0.374766,19,358.119593
0.521003,17,358.145486
2.850918,23,358.185777
2.329642,13,358.20906
-0.596568,30,358.25876
2.925738,23,358.29595
0.255571,24,358.337986
2.900542,24,358.376848
2.473838,26,358.420926
0.099839,30,358.467916
3.582796,20,358.503111
3.35321,30,358.554312
1.596051,23,358.592784
1.562255,30,358.63992
3.388154,30,358.692737
-2.761481,30,358.737084
2.881362,28,358.781894
0.075076,30,358.830823
0.229263,29,358.880337
-1.476544,29,358.927873
3.024237,30,358.975353
3.119217,30,359.021249
0.547428,19,359.055089
2.346929,25,359.093971
-0.12136,22,359.130762
2.00535,30,359.176749
1.865155,21,359.212226
-1.643,12,359.232441
-1.514518,23,359.271484
1.895044,30,359.32191
-0.585485,27,359.365192
-1.360307,30,359.412137
1.01579,15,359.436421
0.604043,12,359.455961
-0.664102,30,359.504787
1.680291,30,359.551873
-0.475854,18,359.578637
0.762018,29,359.624378
1.153987,24,359.664534
1.162569,25,359.707207
-1.076344,15,359.728948
0.908398,30,359.778841
-1.088462,30,359.826271
-0.450121,15,359.8506
3.077969,22,359.885443
2.943048,22,359.918303
2.459857,30,359.970099
1.523381,21,360.005089
1.026743,28,360.052406
2.291751,26,360.093385
4.026458,25,360.139612
2.101509,24,360.178956
1.794397,22,360.21524
3.099684,30,360.266957
1.999313,14,360.292402
0.744607,30,360.345507
0.238669,24,360.384135
1.757266,17,360.411803
1.022722,26,360.454933
2.925512,24,360.494903
0.518402,30,360.543855
1.60678,18,360.572275
-0.687706,30,360.624085
0.587256,30,360.672524
2.143122,19,360.704143
-1.548167,17,360.731023
-0.434145,21,360.769406
-0.958967,22,360.802783
2.020135,30,360.851035
-1.109263,30,360.897726
2.62577,19,360.931567
1.436782,30,360.978114
2.864146,24,361.014976
3.605785,22,361.052231
3.001627,23,361.092738
2.104517,13,361.111929
-0.011367,30,361.160652
-2.442461,18,361.190501
1.525603,15,361.22031
0.682899,30,361.26912
2.867669,19,361.300875
0.348941,26,361.343918
1.867328,20,361.378875
1.946526,22,361.413873
0.307754,30,361.460257
2.830157,12,361.481341
-3.667109,30,361.53425
2.359194,30,361.579609
0.066892,12,361.598237
0.888588,23,361.636932
3.089599,30,361.68809
2.926229,23,361.724239
1.606185,17,361.751741
-1.342402,14,361.773849
1.554712,23,361.814639
0.821604,15,361.839025
3.182979,30,361.887452
-1.756543,19,361.91695
1.895047,30,361.96687
0.841902,20,361.99977
2.626503,15,362.025341
0.933453,30,362.072974
2.644493,19,362.103489
0.270409,24,362.142224
-0.94669,16,362.168401
-0.653847,20,362.200979
4.32188,23,362.242647
-0.748436,30,362.291734
1.721288,11,362.307561
0.968162,24,362.346692
2.129765,20,362.380896
-1.269086,30,362.430633
3.088165,23,362.466077
2.013977,27,362.508759
2.660299,21,362.554899
2.655985,28,362.613835
0.832286,19,362.644837
-4.233977,25,362.685678
0.183781,30,362.74069
1.505076,19,362.773553
3.078025,30,362.818902
-0.099701,13,362.841728
2.815587,19,362.872884
-1.043543,17,362.902071
-2.583993,30,362.94908
1.025488,30,362.999424
-1.268646,25,363.042011
-2.831766,30,363.089987
1.062729,30,363.13897
1.438085,14,363.160233
3.787919,29,363.210861
1.800814,18,363.239255
-4.461389,21,363.270883
-0.305597,27,363.313347
4.191281,27,363.361775
1.422939,9,363.375985
2.200603,30,363.424283
-1.669378,30,363.467982
1.013548,29,363.516263
0.436304,22,363.55283
-1.552023,25,363.593014
2.91618,29,363.640056
-0.582872,30,363.690903
3.12898,30,363.738297
-4.359103,30,363.785056
2.693774,19,363.817102
-1.254769,21,363.852723
0.472493,30,363.901361
-1.507715,22,363.941313
-13.027604,27,363.983838
0.206858,30,364.03196
0.447258,19,364.063844
3.849928,25,364.102809
1.86413,20,364.135747
4.246381,26,364.181506
4.142512,26,364.223195
0.906733,13,364.245543
2.155821,24,364.283217
2.339527,28,364.332462
2.423803,22,364.37029
-2.451031,28,364.41431
-0.017107,30,364.458866
2.24553,22,364.498923
3.014366,22,364.534019
0.967583,20,364.567583
0.275617,20,364.59796
2.70334,30,364.649461
2.193738,14,364.670129
0.659116,30,364.716154
-5.180062,19,364.748448
2.492374,30,364.797394
3.911113,18,364.82755
0.730574,30,364.874462
-0.015408,30,364.921626
2.332497,30,364.968683
-4.32661,23,365.007427
-0.341439,29,365.051759
2.506785,27,365.094903
-1.719523,30,365.14409
1.941871,29,365.192621
2.597019,27,365.238139
1.975016,25,365.280392
-0.140554,30,365.330956
-0.31908,30,365.378426
3.528126,23,365.415185
1.944773,15,365.44028
-0.529077,21,365.475075
3.901441,25,365.517958
3.026775,17,365.545296
1.288526,18,365.574268
1.455366,30,365.62609
2.247093,30,365.672706
3.305597,30,365.723166
-1.744769,14,365.743812
1.916434,30,365.793852
2.188664,19,365.826334
3.034933,16,365.853397
-1.181256,26,365.894945
-1.01448,22,365.934228
4.039131,19,365.963766
0.931148,30,366.011389
0.394856,25,366.050262
2.915716,30,366.102612
4.086189,25,366.142785
2.034532,18,366.173243
-0.477584,30,366.218702
1.378542,30,366.269426
2.296339,30,366.320191
1.013199,23,366.358238
3.538107,16,366.38539
0.080677,23,366.421699
2.867645,21,366.458434
-0.001419,30,366.505386
-2.801006,30,366.557957
1.977955,30,366.6093
0.793589,20,366.641522
-1.08871,30,366.691835
4.125726,20,366.724277
1.989457,27,366.768888
-6.533981,23,366.807109
-0.178792,12,366.826591
2.628814,29,366.873096
1.156639,30,366.927047
-0.578886,19,366.957232
0.750871,11,366.974876
4.304694,20,367.007504
1.901972,27,367.05445
0.202617,9,367.067738
0.675716,28,367.110521
0.38339,17,367.140738
2.700571,22,367.179882
-4.809341,20,367.213722
1.701653,27,367.260625
1.889659,30,367.306944
-1.904639,30,367.359952
3.003119,18,367.388964
2.604956,19,367.420508
2.109852,17,367.448022
3.539846,30,367.503046
2.706546,18,367.532533
1.398765,30,367.582175
-2.645043,19,367.612721
3.343471,27,367.657409
4.034175,28,367.701598
2.367818,27,367.748133
-4.753931,26,367.790882
-6.325236,27,367.83704
2.879945,22,367.875263
2.190587,30,367.921432
-6.265335,22,367.957004
-0.968058,17,367.987262
3.485742,14,368.012866
2.622274,14,368.034616
2.805954,26,368.078629
-1.267016,28,368.126285
3.477823,24,368.165057
3.536309,30,368.212198
2.289508,30,368.260187
2.559636,30,368.311486
-1.193445,30,368.364352
2.106859,24,368.403182
1.198616,20,368.434971
1.8067,10,368.452315
0.402139,27,368.4972
2.466539,27,368.539982
3.545869,25,368.579427
-3.713004,22,368.616042
-0.25802,30,368.667036
1.839577,30,368.715078
0.804898,30,368.76734
0.60321,23,368.809299
2.947541,24,368.849195
-1.934544,27,368.890722
-0.717279,16,368.915146
1.841727,30,368.97035
1.617903,26,369.011892
2.213489,21,369.049494
-2.630011,12,369.067721
3.827499,17,369.097376
-4.138953,20,369.129008
-0.389734,30,369.176985
0.100988,30,369.225658
-0.219279,30,369.275609
-0.019099,11,369.296686
-0.651861,20,369.331487
1.904673,19,369.362757
2.272949,21,369.398505
-1.537653,30,369.451188
2.075553,30,369.504765
-0.045562,27,369.555496
-0.170215,12,369.581388
4.398963,27,369.635247
1.864665,30,369.693658
1.214536,30,369.750677
-0.495644,14,369.779954
1.806983,30,369.83666
2.390776,26,369.883575
3.555659,26,369.930308
1.22509,30,369.985088
3.24301,30,370.040706
-0.193231,17,370.070602
4.054918,30,370.122135
0.637885,23,370.165998
2.167324,28,370.21149
1.285843,18,370.243196
1.975752,30,370.291325
1.502881,19,370.325002
-0.056188,30,370.374071
0.710108,23,370.410839
0.148982,25,370.449032
-0.149573,30,370.502609
3.055014,30,370.550814
3.870593,30,370.604019
1.045253,20,370.638578
3.016874,25,370.686167
2.469613,30,370.791706
3.718599,29,370.889117
1.392224,30,370.962682
1.212493,30,371.026821
1.527875,30,371.087738
-0.320784,22,371.136305
-2.309843,24,371.237183
1.384084,22,371.322912
-10.080054,30,371.429661
1.47075,30,371.508293
2.741363,30,371.573787
-0.458983,30,371.628363
0.854412,17,371.659306
-1.050462,30,371.707943
-1.172348,24,371.747734
-3.203048,17,371.777049
2.778397,20,371.810287
2.021419,28,371.859859
-0.717852,12,371.879442
3.510529,22,371.920831
0.53513,30,371.969737
2.641252,20,372.004386
2.923667,25,372.045517
4.032158,22,372.081158
1.573571,29,372.13431
2.416649,16,372.159704
1.175414,19,372.190392
0.416858,17,372.219377
3.801645,20,372.254066
-0.117007,23,372.291657
-0.417564,16,372.31732
-2.103921,16,372.347962
-2.691804,28,372.411626
-2.901321,30,372.485956
4.247104,28,372.556548
1.93936,30,372.633435
-6.317537,24,372.690245
-2.241769,30,372.765914
2.387189,18,372.806358
3.984955,21,372.863695
-3.063534,30,372.940683
2.898544,26,373.002062
-4.630438,30,373.074919
0.894756,14,373.109569
-3.359184,18,373.146838
-1.183494,30,373.195252
-1.538819,30,373.250035
-0.070761,27,373.301203
1.806848,14,373.325249
2.588463,30,373.377199
0.772598,25,373.41713
-0.477738,30,373.471654
3.257309,30,373.526144
0.993036,11,373.5449
-3.444421,27,373.588017
2.741167,18,373.623696
-2.884365,30,373.670621
1.361308,20,373.701955
-1.681282,22,373.745253
3.586784,30,373.821825
2.080926,30,373.899351
0.860568,30,373.97472
2.238991,26,374.040626
2.954244,27,374.107145
2.709847,19,374.1448
2.749491,26,374.194375
0.408797,18,374.224704
1.252229,23,374.269405
3.035843,30,374.324528
0.258436,30,374.375012
0.845303,30,374.426833
3.765383,19,374.461062
1.438684,17,374.49116
2.5636,28,374.539163
-1.475063,30,374.591258
0.929713,30,374.647705
-1.391366,30,374.699385
3.227437,17,374.727467
0.536465,30,374.786271
3.353752,25,374.878537
3.352056,30,374.954125
0.798203,16,374.993099
2.808445,23,375.050813
1.809663,30,375.137931
0.34012,23,375.189582
1.959409,30,375.24739
2.494086,30,375.305715
1.081446,29,375.355924
1.167232,18,375.386494
3.201591,30,375.442374
-0.360943,22,375.478023
1.204267,24,375.525995
1.775976,19,375.559141
-0.279878,30,375.610363
0.327012,15,375.633101
-0.553834,28,375.681963
3.807757,20,375.724682
2.252353,30,375.813354
2.156684,30,375.89069
2.903776,30,375.965913
1.182274,29,376.038319
0.672785,21,376.094585
1.367103,30,376.166012
1.576591,23,376.214457
0.852849,26,376.262523
3.325049,28,376.310699
1.114007,14,376.337493
-1.985295,30,376.39111
-3.919637,30,376.441457
1.54406,16,376.468081
2.329319,30,376.518406
-2.684277,30,376.57402
2.686844,30,376.623969
0.942495,23,376.662622
1.983883,30,376.70988
2.789575,24,376.751169
2.08765,11,376.771705
2.199564,16,376.797052
2.453133,22,376.834782
2.881801,30,376.884642
0.853236,11,376.903723
0.474735,30,376.951673
2.247729,15,376.976655
0.127798,24,377.019898
-2.884673,30,377.070614
2.566174,18,377.099382
-0.586938,19,377.129569
0.958407,23,377.169958
-2.187634,30,377.21604
-1.099756,25,377.256114
2.074367,24,377.296457
0.387084,28,377.343811
-0.386867,30,377.39256
-0.57856,21,377.42596
3.032309,28,377.46965
-5.025867,28,377.515718
0.095992,16,377.54243
-3.323626,27,377.58573
0.031649,29,377.630915
3.528386,18,377.665549
0.082345,30,377.713355
2.541529,22,377.754123
3.829997,28,377.820398
2.652555,24,377.880513
2.000136,30,377.954538
-0.728455,15,377.986738
3.371569,30,378.039853
3.147859,26,378.089831
1.941769,21,378.126052
-0.489179,20,378.156058
1.011383,25,378.198264
0.135935,22,378.239816
0.244977,17,378.268783
3.145958,17,378.297315
0.625371,17,378.326956
1.694988,20,378.362681
-1.615114,20,378.39506
-1.676933,10,378.41177
-0.814326,30,378.463005
3.385576,21,378.500881
2.242965,30,378.549974
-2.845695,30,378.599047
1.278548,17,378.627766
2.222752,30,378.681964
1.93653,30,378.731018
-0.170587,23,378.771654
2.720752,14,378.793264
0.09719,28,378.842891
-5.87615,27,378.885687
0.900832,24,378.922653
1.424331,30,378.97516
-0.582888,13,378.997104
2.77971,19,379.028802
-10.075905,30,379.074663
3.056198,30,379.123961
1.687749,18,379.152875
3.443394,30,379.205274
0.903318,28,379.249974
0.884986,24,379.289865
0.449975,15,379.312795
3.058938,30,379.366358
3.428455,30,379.414288
3.102348,21,379.450536
1.649251,30,379.5003
-0.210542,30,379.549694
3.012234,28,379.597664
-0.299052,30,379.645358
3.865396,29,379.695526
-0.625672,8,379.708461
-0.731091,30,379.759338
0.809527,15,379.784643
0.650812,19,379.815491
1.627365,20,379.850273
-1.891504,16,379.875617
3.673194,20,379.907665
0.235491,25,379.950832
2.950545,21,379.986617
3.063621,23,380.024509
0.937378,25,380.063495
1.668261,22,380.099555
-1.556513,30,380.149593
-1.176302,30,380.197448
4.186814,30,380.248466
2.430374,14,380.273468
3.468633,20,380.308619
1.160443,30,380.3599
-1.661344,30,380.404628
2.292387,20,380.439562
-2.043545,24,380.477931
-2.269355,20,380.51049
0.376779,20,380.544387
-0.28019,25,380.590105
2.250105,19,380.621247
2.241221,30,380.669836
1.67202,30,380.718587
0.270402,30,380.774609
-1.433732,30,380.820513
2.593583,30,380.869916
3.624946,27,380.915213
-1.804149,19,380.946351
0.100194,30,380.995687
1.470904,23,381.0348
1.528115,30,381.082672
2.944284,19,381.116955
3.078891,19,381.149439
-3.735584,30,381.195193
-0.916396,18,381.225133
1.271109,30,381.274968
2.302505,17,381.302748
1.791662,20,381.33675
1.332059,16,381.363779
2.938724,21,381.402296
2.878529,22,381.438492
-1.495935,28,381.482814
2.140059,26,381.527729
1.032062,17,381.559172
-1.879101,19,381.606771
4.03536,26,381.672638
3.616647,23,381.746789
3.25738,30,381.83619
0.961569,18,381.883164
2.159418,30,381.957477
2.752305,20,381.998042
3.404811,22,382.042225
-1.905347,30,382.090303
-0.767221,30,382.13796
3.237073,30,382.18657
1.653242,24,382.227417
2.151447,12,382.248347
1.551175,30,382.298812
-0.535093,15,382.326189
3.154971,30,382.377183
4.116816,20,382.411427
-3.439675,30,382.467154
2.631121,19,382.499358
0.289575,21,382.537825
2.899408,14,382.566995
1.925926,30,382.643711
1.253744,30,382.713098
2.860861,16,382.755332
2.456789,30,382.835735
0.466016,18,382.883278
2.758821,25,382.945725
-0.883367,30,383.006765
-4.821252,14,383.029342
2.087594,30,383.081089
0.911094,20,383.112667
0.023579,30,383.162852
2.87625,30,383.211219
1.838222,30,383.258617
2.866195,23,383.297505
3.209009,30,383.351008
-3.83309,30,383.398401
2.414343,15,383.423143
0.817163,30,383.46774
2.971531,20,383.502166
1.810158,30,383.552771
3.227145,30,383.599528
-0.757494,19,383.631239
1.550059,30,383.686537
1.678403,10,383.702348
-1.275979,14,383.727242
1.133165,30,383.776093
1.961162,27,383.823029
-3.571251,30,383.869572
3.290024,24,383.908174
2.124267,30,383.960674
0.422512,24,384.002711
3.775722,26,384.044572
0.084828,27,384.090001
1.652487,30,384.139264
0.29763,30,384.189614
1.909522,30,384.241654
2.164648,29,384.28808
2.285886,30,384.336343
3.787695,19,384.370411
-0.202363,8,384.383626
1.371284,14,384.40916
-1.827011,24,384.44648
2.311114,21,384.481788
-0.755013,30,384.528868
-1.457295,19,384.566524
3.193705,24,384.624989
0.644932,30,384.707382
2.563924,21,384.756044
0.191797,14,384.781384
3.753209,26,384.82847
2.303858,19,384.864801
-2.278865,21,384.899664
0.715645,21,384.931682
1.819843,30,384.98179
2.653237,25,385.041012
-1.895075,21,385.079722
3.924195,30,385.132716
0.596212,30,385.181028
-2.333748,25,385.223093
1.357763,26,385.266735
-1.976665,30,385.314887
2.016225,25,385.357226
-0.349488,12,385.378848
1.911845,30,385.426695
2.556845,30,385.47764
3.381471,30,385.525915
3.218716,26,385.572588
1.000679,22,385.605239
-0.46742,30,385.652588
2.303411,14,385.673156
-2.39236,27,385.719421
-1.590437,30,385.767658
1.191731,28,385.811115
-6.309618,30,385.858631
1.906048,13,385.882073
-4.685687,22,385.918944
2.757483,17,385.947123
-1.345592,30,385.994025
2.248404,30,386.04714
0.590018,30,386.096752
-0.241264,23,386.131863
3.985009,28,386.176324
3.054701,30,386.228671
1.008646,30,386.2769
-4.020989,30,386.328591
4.152982,22,386.36523
2.258519,17,386.393256
1.452304,28,386.441293
1.370258,17,386.471019
-1.141369,30,386.516291
-4.131666,30,386.56898
3.02986,25,386.60944
-0.018115,30,386.655898
0.74765,30,386.70571
3.615915,25,386.749412
-1.471597,30,386.800127
2.561384,30,386.847418
2.819446,24,386.884942
3.084511,30,386.937689
1.534719,30,386.984455
0.986849,22,387.024522
-0.07209,30,387.070818
0.66558,30,387.124091
1.232382,30,387.172889
2.352034,30,387.221724
3.044374,30,387.269459
2.027369,30,387.320139
1.138848,21,387.353975
2.863976,30,387.405418
0.972284,26,387.448286
1.077763,26,387.491436
-1.687154,30,387.540881
-0.346346,24,387.579605
1.189944,30,387.62751
3.337639,30,387.678438
-0.121982,22,387.712785
3.335652,22,387.754372
-0.072399,29,387.80289
-1.046554,24,387.844718
1.349109,30,387.895231
4.089329,27,387.936563
3.350101,30,387.987349
4.183328,21,388.023243
0.926474,17,388.050202
0.47348,20,388.082709
3.039833,30,388.12991
-1.210885,15,388.155954
2.250288,30,388.203503
1.951048,18,388.233798
1.803994,30,388.283541
-0.391229,14,388.308505
2.773352,23,388.348782
3.084631,17,388.378832
1.566082,30,388.425396
1.570407,18,388.458252
1.08962,30,388.503658
2.715709,26,388.545962
-0.280563,15,388.569339
1.494938,26,388.61497
2.09269,25,388.657902
0.619768,30,388.707071
-3.100072,30,388.753035
-0.406582,30,388.805655
-0.868105,16,388.830801
-3.905329,30,388.875731
-0.022567,16,388.902093
-1.550517,30,388.952305
1.196747,30,389.002311
-0.638073,30,389.051067
3.575765,30,389.0982
1.45318,9,389.113124
-4.780054,30,389.163527
1.863423,30,389.211838
-0.226228,24,389.252605
2.163109,11,389.273678
0.9909,24,389.312804
0.557777,15,389.33912
0.180087,24,389.378815
-1.346073,30,389.42998
0.778214,25,389.472955
3.276581,30,389.521566
1.603783,16,389.547885
-0.641943,22,389.587662
-2.474158,26,389.627799
0.817617,18,389.656651
3.784269,25,389.696087
0.689217,18,389.727943
0.285164,30,389.777266
-1.663418,26,389.817504
3.968695,21,389.853592
-3.50102,30,389.901
2.91355,20,389.934205
2.966668,22,389.969666
2.749818,15,389.992707
3.777165,28,390.043595
-1.781069,30,390.095051
-2.869003,24,390.133501
3.066169,30,390.180069
0.561061,15,390.207885
3.845349,28,390.255884
1.308079,17,390.282934
-1.276601,24,390.321361
3.563936,24,390.362736
0.687473,24,390.403852
-5.698326,18,390.434511
-0.150337,30,390.482374
4.199426,24,390.52453
-1.449123,19,390.555504
1.59299,10,390.574792
2.052095,27,390.615793
4.092019,28,390.665105
0.92335,21,390.701487
0.123994,30,390.749082
3.211025,30,390.797885
-1.176509,30,390.849563
2.99258,30,390.899553
2.05271,30,390.94521
0.910137,20,390.977954
1.049225,19,391.012514
2.650453,30,391.059767
-1.506047,13,391.081465
-1.598263,22,391.115116
0.694521,30,391.164462
3.546934,30,391.215635
2.746194,23,391.252004
1.839245,30,391.298941
1.230176,30,391.351076
3.695577,25,391.390776
-2.144555,15,391.416629
0.445439,12,391.436118
0.931153,28,391.486784
3.047136,19,391.522485
2.232167,30,391.5728
-0.636178,20,391.605133
-0.261574,25,391.651804
1.404938,16,391.677994
1.877856,28,391.724994
0.068237,26,391.768643
0.411845,24,391.809068
-1.313007,30,391.858624
0.543105,13,391.882851
-0.237525,21,391.915514
0.699127,30,391.965485
2.660971,19,391.998037
1.035053,20,392.031961
3.989925,16,392.060615
1.499336,30,392.11491
0.224237,21,392.14906
-2.346604,30,392.198222
3.010769,29,392.248187
2.149459,30,392.300007
3.29403,30,392.350299
1.226269,14,392.372964
4.339858,30,392.42477
0.076672,18,392.455304
4.119848,29,392.505738
1.015535,30,392.558733
2.495158,30,392.609192
-3.860726,27,392.657685
2.021748,30,392.708045
-0.747173,20,392.742169
-1.595583,30,392.79191
3.035837,30,392.849212
0.189797,28,392.897241
2.352029,16,392.926469
3.025494,13,392.947605
0.568776,30,392.993167
3.717098,25,393.035636
1.234068,15,393.058738
0.90567,30,393.10884
0.804941,30,393.160088
-3.095183,17,393.190601
1.800681,30,393.237832
-0.370686,30,393.289789
0.778941,19,393.32077
0.17417,9,393.339235
-0.382082,30,393.387284
2.160545,27,393.432693
2.68846,30,393.483335
-3.959303,30,393.535965
-1.630572,30,393.583086
0.23783,30,393.633421
-1.169297,26,393.678228
4.013389,14,393.704664
0.568754,30,393.751108
2.848041,25,393.793972
-4.564588,27,393.839269
1.762417,26,393.881917
-1.243755,20,393.913535
0.122885,23,393.952145
1.586195,18,393.98561
1.401403,30,394.038281
2.517581,27,394.081852
2.10281,21,394.118068
1.32097,30,394.168597
0.781805,23,394.208379
-2.471162,30,394.256992
1.817376,30,394.307271
3.019783,22,394.344493
0.973305,24,394.386424
0.740066,30,394.437429
1.841121,20,394.470283
2.882938,30,394.522234
-0.767517,30,394.572045
-2.366542,20,394.613131
1.385156,30,394.681031
0.770849,18,394.71552
1.980764,17,394.745764
2.955448,21,394.78169
1.059563,21,394.817848
-0.503762,19,394.848621
-0.483105,12,394.867618
-1.103158,29,394.916072
2.287778,14,394.938449
2.603125,23,394.978348
-0.687487,18,395.006615
0.64229,24,395.042776
3.670845,22,395.077163
1.886203,16,395.103955
1.299859,26,395.146019
-1.046054,30,395.194415
2.71951,30,395.242089
2.944426,26,395.294506
2.038427,22,395.331179
-1.171736,15,395.356279
-3.355158,15,395.383168
-0.842885,25,395.425701
3.190229,30,395.476113
4.106289,25,395.516344
1.28793,30,395.566579
2.992195,26,395.614769
2.636646,15,395.640648
1.980904,16,395.667308
-0.73433,30,395.716109
3.569528,23,395.756489
1.965408,29,395.803321
2.951781,19,395.836694
1.516968,22,395.87287
3.051846,19,395.907778
0.922912,19,395.941128
-0.90644,30,395.988415
-1.608793,29,396.036965
-2.236035,24,396.078286
3.357093,30,396.129
2.787165,28,396.177541
1.459646,25,396.217519
3.54218,22,396.259406
1.28188,30,396.308334
1.638607,26,396.351607
1.505482,26,396.393606
-0.764665,16,396.421316
2.165715,15,396.448061
1.042143,19,396.480475
-0.989072,13,396.501933
3.361789,26,396.548289
-1.017811,22,396.583573
1.843395,14,396.608485
0.017362,19,396.63729
-1.253912,16,396.665377
-0.712971,30,396.719575
0.936338,30,396.767776
-2.077503,30,396.818941
4.139629,20,396.855227
-0.426605,21,396.890895
2.080794,30,396.942784
2.227025,22,396.98009
3.122939,30,397.033771
3.447675,18,397.064892
-0.568217,15,397.091661
1.516266,17,397.118504
0.694317,30,397.173078
-0.269652,20,397.208304
-0.051578,30,397.255818
0.50386,30,397.305599
-6.612515,25,397.348073
1.722884,22,397.383974
1.787063,14,397.410589
4.191958,21,397.44488
-0.005306,15,397.471377
-5.741905,30,397.519554
0.037426,30,397.57089
-0.215179,22,397.605254
-3.745023,30,397.658086
-1.196753,27,397.702607
0.333459,14,397.725586
1.620441,18,397.758837
-0.560572,30,397.812236
-1.348497,26,397.855045
2.702064,30,397.903024
3.958101,23,397.940235
4.110697,28,397.988807
-5.132101,22,398.022519
-2.937448,15,398.047023
1.188814,30,398.095095
-0.176085,17,398.124295
-1.041597,18,398.151358
0.731499,19,398.183181
2.139404,30,398.229987
2.629544,30,398.280661
2.281162,30,398.330639
2.462281,20,398.364062
3.497252,24,398.405091
4.313121,26,398.452941
4.369885,19,398.488388
-1.525236,18,398.515805
3.944352,13,398.54059
-0.483374,22,398.579616
2.466756,19,398.611951
-0.201847,30,398.660037
2.137987,25,398.702979
-1.075027,30,398.755317
3.708928,28,398.80188
0.036331,30,398.853974
-3.867183,30,398.8995
3.553213,22,398.942173
1.434843,23,398.979891
3.08823,30,399.029671
4.077907,24,399.068379
-1.047874,15,399.099603
0.006749,17,399.129561
1.568741,22,399.164385
1.461447,26,399.210187
-1.386292,30,399.262391
-1.768814,23,399.302032
1.295312,30,399.351225
2.16571,18,399.380884
3.549452,27,399.428588
4.065477,22,399.464553
2.715647,19,399.497915
1.779425,11,399.517197
-3.367068,16,399.547371
-0.499541,29,399.597053
2.909607,30,399.650616
1.468514,21,399.687182
2.042392,14,399.711111
2.976277,26,399.757914
1.78983,30,399.807326
1.815596,22,399.844362
1.787277,18,399.875801
0.048963,29,399.928447
2.387239,30,399.976542
2.166353,26,400.021765
-5.947061,30,400.071146
1.616086,22,400.110363
2.796369,28,400.156465
2.537817,21,400.190559
3.451718,20,400.225806
4.11217,20,400.26022
0.839951,30,400.307829
1.078131,30,400.356763
2.538227,30,400.407621
3.477463,29,400.458493
2.381212,19,400.491157
-1.089059,25,400.533842
1.633368,18,400.566287
-1.268783,16,400.593198
-0.683984,24,400.632443
3.400615,21,400.667194
-0.318272,30,400.71842
2.377202,28,400.764732
3.442659,14,400.785652
1.380683,30,400.837213
-0.094111,23,400.879185
2.042263,26,400.922103
2.943521,27,400.967242
2.144112,30,401.014195
1.134391,30,401.067445
-3.244309,20,401.102189
3.765882,26,401.145833
2.778997,23,401.187327
2.693775,22,401.227727
1.914696,30,401.278184
-0.038154,20,401.310865
1.056908,21,401.345546
-5.645173,22,401.385303
2.747656,14,401.408512
1.072289,29,401.455893
-5.183895,30,401.50089
-5.066845,30,401.55241
-3.885125,28,401.599613
-4.980853,30,401.650065
2.990115,30,401.704558
1.219285,9,401.721464
4.25472,24,401.763592
-1.920221,20,401.796787
4.017661,27,401.842453
2.279959,25,401.887128
0.099913,30,401.933286
0.964445,19,401.967068
-0.477522,18,401.997553
2.764192,28,402.048959
0.637186,30,402.097954
2.749283,30,402.146148
1.082296,30,402.195612
2.690104,30,402.250356
-0.88007,11,402.266605
0.36255,25,402.309431
-0.676787,19,402.340553
3.623522,21,402.38016
1.195817,27,402.423869
-0.972747,15,402.449476
2.386604,30,402.499813
-0.324206,30,402.547312
0.928056,15,402.574337
-0.788152,30,402.627072
2.279993,30,402.680864
-0.504137,25,402.726105
0.799648,30,402.779323
2.935529,20,402.813595
1.615923,30,402.860718
3.125663,30,402.912545
2.27686,30,402.959578
3.071552,30,403.01494
-4.113039,30,403.062763
2.646096,29,403.112538
3.059677,20,403.14681
-0.305081,25,403.190137
3.256574,18,403.220133
-1.551868,30,403.273379
1.032956,20,403.308609
1.318233,30,403.359087
2.332793,30,403.409996
2.150057,28,403.461841
3.179444,30,403.512484
2.989382,30,403.565033
2.718133,30,403.614264
1.055332,30,403.669617
2.736717,30,403.717454
1.787721,26,403.763338
-1.247852,30,403.812505
-0.412545,15,403.841012
2.626556,22,403.874227
1.414254,30,403.926689
1.28199,19,403.959004
2.691301,17,403.991789
1.416359,30,404.041518
-0.091647,21,404.0805
-5.322967,30,404.129033
0.7074,14,404.164343
-0.539311,29,404.223794
1.348709,30,404.275874
-1.007082,30,404.328969
2.715732,20,404.367954
1.268437,29,404.416645
2.75494,29,404.463889
-1.211015,20,404.498783
0.594133,21,404.538213
3.512503,29,404.587989
1.078433,30,404.637384
2.904891,29,404.693886
2.113468,30,404.751769
0.745288,30,404.809807
2.919379,23,404.850424
3.223791,30,404.90155
-0.87195,30,404.951049
0.015023,30,405.004336
1.577186,26,405.046366
-5.053489,30,405.094259
2.206819,17,405.124826
3.056118,30,405.175346
-0.311533,30,405.225469
0.130074,30,405.276416
1.80318,30,405.331916
1.284192,20,405.366022
1.4574,30,405.4172
0.439374,30,405.46181
0.373066,13,405.486092
3.857662,27,405.535566
-1.681495,30,405.586593
-2.029235,25,405.627801
2.714141,30,405.678785
1.653786,30,405.731024
4.128025,22,405.768587
2.587003,19,405.801576
-0.384937,14,405.828773
2.511437,15,405.854511
1.008748,30,405.904812
2.26904,30,405.952849
-4.242359,30,406.007045
-0.326914,12,406.026718
-4.645747,19,406.058171
0.722852,30,406.105046
3.949394,21,406.142866
0.180486,30,406.192312
1.446359,30,406.240786
2.242735,13,406.265192
-0.516919,26,406.310811
1.248131,30,406.364981
1.524974,15,406.388644
1.654773,10,406.406782
2.054918,26,406.452089
3.215084,30,406.506082
1.334695,30,406.556671
1.01859,30,406.609128
2.898509,30,406.664784
1.930968,21,406.704635
-3.431304,30,406.755077
2.903628,18,406.787778
2.981856,28,406.837056
2.914864,24,406.878956
1.463806,22,406.91609
-1.296086,21,406.952299
0.922153,14,406.979692
2.744014,17,407.010924
-0.53648,30,407.064416
3.396122,30,407.113076
-4.43152,22,407.15485
1.309958,30,407.202226
2.919811,30,407.253873
1.755408,29,407.302076
2.205746,30,407.352719
2.863301,15,407.380197
2.430735,22,407.418922
2.853686,26,407.467982
2.393049,22,407.511342
1.649152,30,407.562703
1.961461,18,407.593402
0.767616,30,407.64454
2.323189,18,407.680109
1.882853,30,407.732042
1.769312,20,407.768829
2.676602,27,407.817994
1.627478,21,407.854805
1.92498,30,407.904911
0.098247,30,407.950707
1.996671,30,408.003087
2.663237,23,408.040824
-1.066557,30,408.091338
3.515823,17,408.119264
-0.787439,14,408.144104
3.86996,25,408.18924
0.258149,16,408.216639
2.812584,20,408.251613
0.986491,20,408.285842
0.556083,13,408.307566
2.250082,30,408.361893
-0.716124,30,408.418882
2.069017,29,408.474876
2.224663,14,408.518694
1.029116,17,408.552318
-2.965996,23,408.594342
-2.240458,30,408.647694
2.601111,30,408.705509
2.483457,30,408.759731
1.005634,30,408.811845
3.442476,15,408.843941
0.221493,20,408.884603
-4.809348,30,408.937172
3.931845,26,408.986904
3.000954,17,409.018439
-2.163734,28,409.066978
0.21125,21,409.101869
0.57739,17,409.128729
2.799106,29,409.178331
2.467233,17,409.208986
1.404563,19,409.240496
-1.955536,30,409.287991
-2.408054,25,409.326681
2.891119,24,409.369695
1.428468,30,409.420452
3.104619,30,409.470886
-4.868864,28,409.523727
2.187569,27,409.581608
1.015617,16,409.612319
1.730971,21,409.649902
-0.925789,18,409.681397
1.728391,14,409.70453
2.872934,21,409.741522
1.659918,20,409.774755
1.278394,30,409.822454
-0.077221,30,409.873269
2.031725,24,409.911549
4.105239,25,409.952126
1.03484,30,410.002197
-4.613613,30,410.055152
-0.696193,30,410.105018
-1.148914,22,410.141753
2.082833,30,410.190126
0.276335,19,410.223159
-0.117789,30,410.273698
-1.766321,30,410.322574
3.087984,17,410.351126
2.148564,30,410.404526
-1.32807,30,410.454332
1.98142,16,410.485012
2.016004,30,410.536599
0.223354,21,410.577659
2.168339,14,410.603446
1.684448,30,410.655382
4.120768,27,410.704463
1.925371,30,410.756175
2.075004,21,410.793415
0.717864,19,410.825227
2.141524,30,410.874062
-1.633848,30,410.924548
3.114296,30,410.976516
2.482504,27,411.022134
1.28764,30,411.077892
2.582351,30,411.135038
4.140418,19,411.166546
0.911528,17,411.196377
-1.077198,30,411.249512
2.02698,26,411.299391
-1.365802,13,411.320144
3.067956,18,411.349683
1.651956,21,411.387285
3.142589,24,411.430769
3.169887,30,411.481858
2.715834,22,411.521964
1.225901,30,411.576772
-0.252509,24,411.627105
-0.357268,18,411.663559
1.218849,30,411.722947
0.305682,30,411.772977
2.605548,30,411.822066
1.829327,25,411.863437
1.929792,30,411.912441
0.539763,23,411.948598
2.271454,30,411.997275
-0.058322,30,412.048398
-0.816158,29,412.093832
4.238119,25,412.133235
2.610504,18,412.166104
2.615121,30,412.215356
-0.015036,30,412.264863
0.112721,24,412.304241
2.138385,30,412.351931
1.27753,16,412.37921
2.192578,25,412.420849
2.473492,11,412.44001
0.91338,12,412.463115
2.886083,22,412.501595
1.259836,14,412.524157
1.568048,30,412.573398
1.524698,29,412.62209
1.583058,30,412.672096
-0.71092,25,412.713114
-2.4152,11,412.730414
-1.201197,30,412.786028
2.662263,19,412.81874
4.030612,30,412.865819
-0.970779,23,412.904117
-3.43037,30,412.951535
2.812142,16,412.978855
-0.416526,30,413.02735
0.078789,30,413.073358
-0.510789,30,413.124192
2.238864,29,413.172594
2.060944,30,413.221658
4.205385,24,413.260773
-4.998524,30,413.309992
1.808364,30,413.359557
0.596148,30,413.407173
2.887524,30,413.460633
2.700872,23,413.500423
3.757477,26,413.545054
1.697378,27,413.589469
2.407184,30,413.638666
0.029943,8,413.658441
3.424063,23,413.713153
-0.940059,19,413.748351
-0.084873,16,413.776384
1.852261,18,413.80874
0.270779,21,413.841651
2.95406,23,413.878851
2.720372,30,413.928128
2.742537,22,413.965843
0.108018,30,414.015597
2.863111,30,414.06556
-0.962278,28,414.110942
2.974889,13,414.133917
0.707859,21,414.170475
4.383969,22,414.204471
2.894233,20,414.237303
1.62384,30,414.29033
2.08345,23,414.328163
-0.127911,22,414.365699
0.447048,30,414.412575
0.228001,30,414.463471
2.020695,30,414.514102
2.140716,28,414.559908
3.625169,12,414.579371
3.454757,23,414.621158
3.157336,22,414.659714
2.652382,14,414.683016
-0.292331,21,414.716766
3.990721,22,414.758817
-0.908903,30,414.809716
1.451169,30,414.860073
4.080358,24,414.90139
2.864681,19,414.936993
2.683202,14,414.959113
-3.690456,26,415.003464
2.068089,26,415.045915
1.622676,24,415.087813
1.582797,27,415.133338
2.969044,17,415.16267
1.944423,24,415.202455
2.280013,30,415.256144
2.013057,29,415.304551
3.807003,30,415.354437
-0.262887,19,415.387652
1.238117,30,415.438982
4.248595,24,415.479355
0.174362,30,415.529109
0.35882,30,415.584235
2.23849,30,415.635429
0.070871,21,415.671034
3.40348,30,415.725251
-0.602433,30,415.772395
-1.668176,16,415.801625
1.729466,15,415.827977
3.547401,24,415.867842
2.170009,30,415.917408
-0.343304,22,415.953853
-3.77848,30,416.006902
0.975786,21,416.045244
-0.307772,20,416.079282
1.070309,30,416.132212
0.750206,19,416.165834
1.294718,30,416.218891
1.902533,30,416.27005
2.999391,27,416.321661
-5.662035,17,416.350248
2.776981,25,416.392376
3.818887,24,416.434561
1.696878,30,416.487479
-0.850915,30,416.535048
3.342069,30,416.587374
-1.326323,30,416.636597
-0.845828,30,416.690714
-0.094812,15,416.715462
3.119055,30,416.762169
-3.116038,12,416.782533
-1.071235,30,416.833146
2.223284,30,416.879446
-1.178733,28,416.925708
3.908099,24,416.965601
1.294485,30,417.019526
-2.124002,30,417.063718
3.039082,17,417.092365
-1.968808,30,417.14389
2.367956,30,417.190534
0.273595,30,417.240175
-1.735196,30,417.286984
0.546626,22,417.324215
0.554084,30,417.3757
-0.5249,25,417.417641
1.538602,16,417.444194
0.750054,28,417.489272
0.905044,21,417.524732
3.451376,30,417.573308
2.493291,30,417.62317
3.576171,25,417.662909
4.295209,19,417.698101
0.211803,24,417.740866
-3.19694,30,417.789341
-1.971057,24,417.82963
0.898088,29,417.881508
1.849243,21,417.913728
1.265765,30,417.962989
2.776811,30,418.014287
1.991904,15,418.044274
1.890853,30,418.092443
-0.314053,30,418.142145
4.0923,21,418.17691
-0.151477,30,418.229343
0.929315,30,418.277531
0.59403,30,418.32714
2.830382,30,418.377889
2.47465,16,418.407845
1.386844,30,418.457768
3.15235,30,418.506313
3.433368,26,418.546284
1.002863,24,418.586751
3.686818,14,418.613696
0.631369,24,418.653286
3.046433,26,418.695422
3.196318,30,418.749267
3.432748,30,418.79741
1.790361,30,418.849818
4.012708,19,418.881279
2.892241,17,418.910692
3.115972,23,418.949942
-0.538058,30,418.997496
-0.328972,28,419.046284
1.662896,20,419.081176
3.111001,30,419.13235
-5.461293,20,419.164879
2.603696,16,419.192813
4.205263,26,419.236373
3.837135,23,419.274978
-2.473336,17,419.305657
3.228976,30,419.357228
2.94875,12,419.380427
1.700034,30,419.428886
2.737565,29,419.474903
-2.704575,30,419.528132
0.907448,30,419.576967
1.500299,22,419.615286
2.971442,28,419.660409
1.259092,19,419.693339
2.234203,18,419.723651
3.332367,30,419.776473
0.535509,25,419.816783
0.776168,30,419.865005
-2.534213,19,419.900096
0.718948,14,419.925265
1.011969,30,419.973458
1.768235,25,420.01393
2.816445,21,420.053556
4.137938,25,420.095002
0.926358,25,420.135981
2.961915,21,420.170105
4.168144,20,420.205235
-3.848447,16,420.230715
-3.593675,19,420.262281
2.89181,30,420.313684
3.252425,22,420.350546
2.619985,22,420.388524
1.39418,30,420.435652
1.450169,12,420.456236
2.939788,20,420.491575
1.953769,20,420.523708
1.064574,30,420.575089
-4.58593,30,420.623487
-2.467029,17,420.654114
2.202652,30,420.705148
2.681623,21,420.740733
2.943129,30,420.790096
2.840967,22,420.828774
3.308614,30,420.881963
-2.836581,18,420.908696
2.761038,20,420.941318
3.009052,25,420.984633
2.99846,30,421.03433
1.961709,30,421.083125
1.079326,17,421.113911
-2.107272,30,421.16882
3.049079,30,421.221714
1.41012,30,421.26986
2.280841,14,421.297868
3.074793,23,421.338533
-1.712954,29,421.392234
3.045043,17,421.421416
2.834899,26,421.462111
3.227863,25,421.50879
0.384955,30,421.557583
2.837618,29,421.607368
2.963745,18,421.638098
0.343401,20,421.672502
3.864426,19,421.705958
2.783335,28,421.752577
-0.807771,24,421.793631
2.834747,26,421.836183
1.304397,21,421.870546
3.234561,30,421.925552
2.139573,30,421.9724
-2.772365,22,422.014556
-2.380843,19,422.047462
0.848938,29,422.093791
4.033121,27,422.140159
-0.535454,19,422.171675
-3.351856,28,422.217967
1.355143,18,422.249046
0.963299,26,422.289341
3.111968,26,422.337785
3.932487,29,422.385344
-0.68751,30,422.4339
4.002467,17,422.461185
2.81127,30,422.514218
0.933064,25,422.557412
1.850893,19,422.586531
1.798388,30,422.638223
1.2625,21,422.674305
4.163528,30,422.7274
1.452692,26,422.771694
0.778101,16,422.799126
0.062242,30,422.854315
2.360312,23,422.891327
0.045535,30,422.942457
3.814305,29,422.990151
-1.376357,20,423.026846
2.783224,17,423.055013
0.598607,30,423.105944
3.058262,30,423.154896
1.112271,30,423.207392
2.229512,30,423.252851
1.036654,25,423.294575
-0.439347,21,423.327816
2.044027,21,423.380001
1.041866,14,423.413112
0.981854,30,423.46417
3.570361,14,423.489911
2.975506,26,423.534879
3.21858,30,423.585243
2.301242,20,423.618088
2.958812,22,423.651365
0.933045,30,423.707054
0.933981,20,423.740873
4.051645,25,423.78275
2.894088,21,423.818364
2.648313,30,423.87208
1.571129,10,423.889151
3.861979,28,423.93723
-3.100588,28,423.983707
2.512133,30,424.039381
0.21957,17,424.06656
3.080692,27,424.111958
1.061361,20,424.145203
2.91719,30,424.194614
0.852593,25,424.234597
0.659312,30,424.283506
3.765134,14,424.306205
0.681534,12,424.328571
2.377617,22,424.366498
0.779925,21,424.398664
0.269086,26,424.443455
-1.120067,30,424.496471
2.807315,15,424.521204
2.819561,30,424.570721
3.302285,26,424.614031
1.114348,30,424.666243
3.855332,29,424.715971
4.099517,26,424.758973
2.44012,15,424.785005
-5.086241,29,424.836326
3.276951,30,424.88739
3.410878,19,424.916179
3.039155,23,424.954651
3.691318,24,424.997091
2.842134,29,425.045378
-2.523504,20,425.077535
4.113875,22,425.115854
2.728772,18,425.146796
-1.723242,26,425.189388
-0.776482,24,425.228066
0.97606,22,425.26315
3.30303,24,425.302857
-0.999693,30,425.354584
2.836935,26,425.396738
-0.068983,30,425.448766
2.854386,22,425.486136
3.007967,30,425.536118
3.868058,23,425.575267
4.411888,23,425.61259
-1.661746,18,425.645876
1.521549,22,425.681413
0.594196,20,425.713988
0.512344,22,425.749942
4.003639,17,425.781227
1.860453,16,425.808449
3.886315,21,425.844068
3.31605,28,425.891562
1.296265,20,425.924891
2.093994,25,425.97072
3.196654,30,426.019919
3.35458,22,426.059266
3.496145,25,426.103195
2.340484,15,426.130054
3.129051,30,426.179927
2.949091,22,426.216751
-14.03143,30,426.265966
3.09638,22,426.303837
2.512503,23,426.340128
1.778505,24,426.378764
3.025182,21,426.41748
4.505395,27,426.465034
-0.526198,24,426.506038
-0.684924,30,426.556226
-0.353868,18,426.586206
2.85297,28,426.631622
2.500115,30,426.68449
2.267159,24,426.724975
3.000045,29,426.775512
-1.388396,24,426.815653
0.440394,27,426.860362
0.677459,8,426.874338
2.504628,16,426.90486
-2.475015,14,426.929576
-0.540059,26,426.973774
-0.364316,15,426.998341
-1.977979,26,427.041762
-0.782313,30,427.092149
1.753412,10,427.107367
1.552234,28,427.15467
0.121113,29,427.20461
3.073444,23,427.243007
1.222574,30,427.291652
3.348307,30,427.339435
3.973482,15,427.366954
-0.761289,30,427.414135
0.752579,23,427.453494
1.538481,15,427.477635
4.118545,24,427.520184
2.829129,18,427.549026
3.796952,27,427.594542
1.376038,26,427.636528
2.946894,17,427.665527
1.018337,28,427.711762
3.077727,27,427.764117
2.916981,15,427.787409
-3.014833,19,427.819901
0.589797,30,427.872697
1.85008,26,427.916281
-0.582154,14,427.941382
3.016872,24,427.98382
4.197495,29,428.032379
1.693462,20,428.066276
0.534004,14,428.088846
2.553627,18,428.12075
3.690301,28,428.170496
0.042767,14,428.191509
0.470359,30,428.244567
-0.273379,30,428.294862
3.005576,26,428.339749
3.568084,25,428.380552
2.753261,21,428.415717
1.813879,30,428.467958
3.304169,30,428.518556
3.493464,30,428.569919
2.972284,23,428.608463
-0.04855,27,428.656008
2.17672,19,428.690619
1.428509,18,428.722169
2.79635,30,428.770371
-2.222998,30,428.822842
-3.783932,20,428.858119
2.152734,22,428.895019
2.343996,18,428.92909
0.938673,19,428.960999
1.603015,13,428.984881
3.472453,27,429.038235
-2.483552,15,429.067734
3.724919,20,429.102897
2.285018,30,429.154485
2.930721,27,429.19585
-4.302947,30,429.244571
-1.853774,11,429.264881
3.842651,24,429.306314
-1.970019,13,429.327625
3.976152,21,429.362552
4.050799,23,429.403906
1.571567,23,429.44239
-0.087386,20,429.47395
3.655036,27,429.517579
2.716054,25,429.562474
4.038326,16,429.589331
2.259481,22,429.624797
2.434934,16,429.651105
0.131565,14,429.676279
2.288546,13,429.698602
3.196713,30,429.747313
-0.938134,30,429.798152
0.882534,14,429.821866
3.032824,23,429.861712
-0.807809,30,429.913897
1.49305,14,429.937616
1.054304,30,429.98971
1.318628,30,430.037869
1.057143,30,430.09098
2.786442,19,430.120071
2.809064,17,430.153093
-1.977615,21,430.186808
1.792108,20,430.222018
0.007027,18,430.250635
3.996758,24,430.292599
2.288337,30,430.342572
-2.77234,30,430.39169
1.691197,16,430.418208
2.670149,30,430.472337
-0.738536,30,430.521916
3.723057,20,430.556116
3.675815,27,430.604078
1.292561,30,430.660511
1.498844,30,430.707573
0.727738,20,430.742538
2.227068,30,430.788996
2.308657,30,430.841126
4.065997,28,430.886075
2.26719,30,430.937476
0.74097,12,430.955979
-2.152694,20,430.990254
-2.158869,30,431.039511
3.719921,19,431.071514
3.243802,30,431.119607
-8.023724,30,431.175287
1.564618,26,431.217995
-0.256414,22,431.254731
4.266011,22,431.291208
1.234911,27,431.339074
2.395343,26,431.38478
-1.334903,30,431.430413
4.094104,27,431.477996
1.978251,30,431.527339
1.563384,20,431.56214
2.249309,15,431.588573
-0.2245,17,431.615942
3.52473,28,431.664662
1.700539,12,431.686236
1.463513,20,431.719354
-1.660794,20,431.751784
-0.39402,20,431.786943
1.605753,13,431.811365
1.49242,14,431.834106
0.631277,30,431.886525
0.564434,30,431.936593
4.228532,27,431.981815
-0.305157,28,432.027954
4.049108,14,432.050693
-2.775869,30,432.102205
3.379316,30,432.151017
1.03214,30,432.204778
-0.049788,27,432.249844
1.239369,30,432.301116
-4.754556,25,432.341993
-0.843654,30,432.39283
1.394951,30,432.441177
3.136283,24,432.485014
1.766385,17,432.517586
1.362093,29,432.568489
2.331644,24,432.609553
2.009454,30,432.660683
1.441774,21,432.697307
-3.399658,30,432.755258
3.062576,15,432.797301
0.74209,26,432.84782
2.724784,30,432.900771
4.136998,20,432.935115
3.690426,15,432.962079
2.578616,30,433.01383
2.345655,14,433.039915
0.563798,24,433.080445
2.966495,23,433.118409
2.035519,21,433.157795
2.7047,23,433.195596
1.675201,25,433.238599
0.104695,30,433.287679
1.324054,14,433.314939
3.051625,22,433.352399
3.025193,14,433.377968
-2.591341,30,433.425538
1.583076,22,433.465715
0.924302,26,433.508862
-1.064439,30,433.556603
-0.034653,18,433.586169
1.322751,30,433.640495
3.519601,19,433.670524
1.375805,27,433.714489
2.795335,30,433.767307
1.092294,30,433.818533
0.132899,30,433.867375
-0.004983,21,433.900428
-1.070432,29,433.944357
2.386239,23,433.983952
0.119643,28,434.030948
3.494554,15,434.057101
2.051783,25,434.097011
2.411928,28,434.142583
-0.329514,30,434.191345
1.72181,23,434.22926
0.870474,30,434.279368
2.53558,22,434.319131
2.772158,30,434.373138
1.590441,30,434.42141
1.034569,30,434.472093
1.069649,27,434.519868
2.62451,30,434.574617
-0.752609,21,434.608898
3.329449,30,434.660768
-1.86853,30,434.712626
1.532592,15,434.738756
-2.097398,26,434.782311
0.451648,30,434.831609
2.834401,30,434.885529
2.996911,22,434.92289
1.30514,30,434.973633
-0.236842,30,435.022322
-1.015371,29,435.072236
3.423963,21,435.107784
0.615868,30,435.15699
1.749348,30,435.206611
4.331834,16,435.240353
3.067356,27,435.290898
-1.24615,30,435.341147
2.729556,27,435.383011
1.028301,24,435.427349
2.794962,20,435.462676
3.072299,30,435.511528
1.583463,26,435.554738
0.846088,21,435.596406
0.121309,20,435.629819
0.814288,28,435.67372
1.156887,20,435.70829
2.879434,30,435.760909
2.549363,21,435.795748
0.819958,30,435.848131
1.5265,26,435.890042
1.567098,30,435.9437
1.194067,25,435.983317
2.549422,24,436.025065
1.275301,20,436.061258
-0.025772,20,436.095881
0.674275,29,436.143452
-0.033804,21,436.181543
-0.289093,27,436.225092
-0.919567,30,436.277416
-6.548927,30,436.324731
0.917456,24,436.364231
-1.237368,30,436.414415
3.220685,30,436.465725
1.288228,21,436.503095
4.217355,17,436.530395
4.206586,26,436.573023
-0.984925,16,436.599845
-1.095995,20,436.633338
0.754564,29,436.683407
-0.94273,10,436.698358
4.120719,30,436.75316
-3.008246,30,436.800818
0.897368,29,436.849642
2.859514,30,436.89797
3.016478,20,436.931938
1.447604,30,436.980224
0.923784,25,437.022218
3.140487,26,437.06501
2.398842,30,437.114511
-0.771804,29,437.162299
-0.998124,30,437.207928
0.340461,30,437.255677
-2.175532,30,437.305631
0.594344,28,437.350698
-1.543113,13,437.374988
2.540463,22,437.410172
3.391448,13,437.432613
3.224981,16,437.460806
0.914725,24,437.500037
2.215876,30,437.550418
0.875358,29,437.600403
2.920929,18,437.632709
1.766173,19,437.664339
-1.872875,25,437.707831
3.225869,30,437.764164
-2.50753,30,437.815346
0.959276,30,437.862903
3.957127,24,437.902141
1.306886,30,437.953718
3.122909,25,437.99656
2.918132,15,438.023013
1.610066,30,438.070009
2.116068,27,438.11761
-0.259509,29,438.164642
1.546645,21,438.197835
0.738958,30,438.247054
2.216877,29,438.296246
-0.936456,24,438.33963
1.912218,30,438.387223
-0.241377,26,438.4283
0.80333,14,438.454267
0.86255,30,438.502484
0.973412,26,438.546771
-6.148766,23,438.583352
3.425488,24,438.624824
1.484575,12,438.645489
2.662599,28,438.691321
-1.067537,24,438.734115
2.408189,17,438.766156
3.570349,18,438.79756
3.04477,30,438.848933
3.327437,30,438.897396
2.130611,27,438.945786
1.82749,11,438.965984
3.372268,30,439.013729
3.331182,30,439.064203
0.064737,20,439.100246
3.781115,22,439.137552
0.143354,28,439.185783
4.032009,21,439.219955
0.146887,17,439.250377
2.275937,20,439.284446
3.49451,23,439.321557
1.141264,30,439.373563
-2.846045,30,439.422117
2.155279,23,439.461957
4.067388,14,439.486621
-2.999705,25,439.527467
3.412331,30,439.579624
2.77257,19,439.611762
2.426583,21,439.644639
3.901581,30,439.696894
3.118127,30,439.748496
3.464338,21,439.78619
2.110163,30,439.833074
-2.73529,30,439.8819
0.719222,24,439.924436
2.422528,23,439.960558
0.257367,13,439.983794
2.054307,15,440.008139
2.905613,19,440.04132
1.032172,19,440.072781
0.137198,26,440.112829
2.282563,30,440.161874
4.097482,30,440.214758
-0.761379,7,440.226989
1.558384,18,440.258149
0.943693,26,440.299065
1.981444,10,440.318177
4.454964,24,440.360252
4.16862,25,440.401322
0.871384,30,440.447473
-3.194982,13,440.470786
-5.075811,22,440.505606
2.441707,18,440.536116
3.409668,17,440.566194
2.182137,14,440.590991
1.658775,30,440.643246
3.13338,19,440.674481
2.191207,27,440.718024
3.084012,20,440.752859
1.470166,30,440.804151
0.074238,13,440.824042
-0.501344,13,440.844778
2.043195,22,440.882987
3.947792,29,440.931296
4.033342,19,440.964833
0.552011,24,441.004545
-1.800158,27,441.050377
2.391184,30,441.097905
1.288135,30,441.148781
-2.020396,30,441.196545
-2.042846,30,441.249402
-0.951513,29,441.297012
1.005208,30,441.345163
0.291027,30,441.39375
1.305419,30,441.444967
3.523341,25,441.488965
3.397502,30,441.535899
3.174664,30,441.585752
3.223319,30,441.636635
0.312555,30,441.688136
0.696686,21,441.720249
3.119189,30,441.769346
2.88146,22,441.809276
2.435349,19,441.84128
2.945255,26,441.880605
2.494317,23,441.918002
-3.25265,30,441.968087
2.257714,30,442.017321
2.036705,30,442.063865
1.809662,30,442.112238
2.732284,30,442.161884
0.566742,22,442.199353
2.309867,30,442.25016
2.292086,30,442.303192
3.57677,24,442.347246
0.365423,24,442.387665
-0.027842,11,442.40835
1.609999,24,442.448749
0.062167,21,442.486942
3.214106,30,442.538448
1.512351,20,442.572726
1.84367,16,442.60232
1.127245,30,442.683893
2.315553,30,442.739724
2.989509,15,442.766866
-1.970723,30,442.818044
4.289614,19,442.851814
-0.23077,28,442.898357
3.349788,30,442.949214
1.049321,30,442.995866
-0.984637,29,443.048225
4.114197,26,443.091406
2.004232,24,443.132179
-1.5577,15,443.156674
0.724648,15,443.184034
3.019289,24,443.225646
-4.00127,30,443.272188
-0.9034,26,443.316802
1.576678,24,443.363859
2.229617,30,443.414218
-0.300582,21,443.450845
2.112973,28,443.499604
-2.143312,24,443.541831
0.113994,30,443.593232
-1.080869,22,443.629622
3.484797,18,443.661032
0.583752,13,443.68623
0.507435,19,443.719076
4.271446,29,443.771619
2.129083,22,443.809253
3.524811,21,443.845809
0.451608,10,443.8621
2.090263,18,443.892087
2.632581,30,443.940293
3.362082,23,443.981469
1.624134,25,444.022463
2.131136,24,444.062103
-6.530668,26,444.104681
0.754029,23,444.144901
-5.887099,19,444.176564
1.891917,27,444.222075
2.444305,30,444.270836
2.873766,18,444.302406
1.800043,30,444.355012
2.953781,25,444.395074
0.954397,14,444.417212
-3.050946,19,444.451226
3.149174,26,444.495842
1.38003,30,444.541718
2.933955,25,444.580769
2.628119,15,444.609403
2.943267,17,444.636525
-0.57679,30,444.688398
4.223869,29,444.735378
0.718242,30,444.790701
-1.084746,30,444.840255
4.102978,29,444.889172
1.862852,30,444.938231
4.055119,30,444.989561
0.240938,25,445.031245
2.968736,30,445.080614
2.02768,30,445.133814
2.992831,23,445.174757
2.959808,18,445.205426
0.844647,19,445.23614
-1.489288,21,445.270552
3.631857,28,445.317154
3.377003,29,445.36595
-1.892791,12,445.385806
-0.916234,30,445.43492
2.671716,16,445.463819
-0.721795,30,445.514183
3.368316,30,445.566632
2.929508,18,445.596775
1.895363,30,445.653515
0.789707,24,445.695432
4.04971,25,445.735507
-7.276019,20,445.768643
2.394713,19,445.802229
-0.728367,30,445.851444
1.536269,28,445.898931
1.120073,30,445.94716
0.712274,25,445.991178
2.593568,17,446.018771
3.973789,22,446.05661
1.862256,28,446.101164
0.871882,30,446.149591
2.705689,22,446.186673
3.061695,18,446.215781
3.036192,30,446.268285
-1.006667,24,446.31048
-0.964275,14,446.33602
-2.262448,21,446.372056
3.503715,29,446.420664
1.175848,30,446.471498
1.96838,19,446.506554
-2.963429,30,446.555472
3.439299,25,446.599185
1.071534,23,446.637968
-1.596835,23,446.677852
0.389577,18,446.708014
2.009017,24,446.747762
1.658072,17,446.777497
2.945329,16,446.804912
1.592149,30,446.852875
4.021671,25,446.896273
-0.278622,15,446.921
1.347031,17,446.950999
2.001143,30,447.000649
1.304848,12,447.02038
-2.456321,27,447.067327
-4.57328,30,447.114586
3.308734,30,447.165922
2.199419,25,447.205273
2.903176,18,447.238291
3.961209,14,447.262091
0.355126,19,447.295387
2.024236,29,447.342498
1.827369,30,447.394171
0.995798,22,447.459969
1.520244,22,447.529635
2.622607,29,447.624491
3.278551,27,447.705419
3.028216,30,447.779777
2.79268,23,447.83437
1.313811,30,447.891215
0.845538,23,447.93442
2.21298,22,447.973088
2.187953,30,448.022614
0.799564,22,448.060771
2.964496,20,448.098848
2.298815,22,448.137538
2.951155,17,448.167358
2.254344,14,448.193176
2.136301,27,448.246237
-0.400615,27,448.290819
4.112976,19,448.323732
-1.369664,11,448.343202
-2.938149,17,448.374053
1.181549,29,448.42622
-0.432766,30,448.48323
1.090612,14,448.517862
-0.234167,30,448.6005
1.128645,30,448.67811
0.333603,30,448.763958
1.088277,30,448.843118
2.357989,16,448.887685
-4.82785,30,448.945012
4.176109,26,448.987565
0.063359,30,449.041977
2.204953,30,449.092551
1.379519,28,449.138866
2.987162,30,449.194175
1.512205,30,449.244698
3.925091,22,449.285681
0.467357,30,449.336519
2.907193,19,449.370265
-1.904724,30,449.420255
2.857825,23,449.461672
-1.688617,23,449.49944
0.91052,30,449.548281
4.075259,24,449.588324
3.71354,27,449.634495
-2.665692,24,449.674434
-0.323572,25,449.718954
0.295626,28,449.767282
3.365391,27,449.814367
1.273902,14,449.837717
3.302702,30,449.888624
-2.785091,30,449.939399
-3.037068,20,449.975289
1.185893,21,450.011181
1.160027,29,450.059563
3.534491,17,450.090187
1.925801,30,450.141855
1.438062,28,450.189944
0.94515,25,450.231561
-0.22451,30,450.283163
-0.004413,14,450.309889
-0.785462,30,450.36397
1.167879,24,450.404236
-3.107457,24,450.449549
-0.407523,17,450.491719
1.053383,30,450.586619
2.640275,18,450.632408
2.278253,21,450.684659
0.616214,20,450.725603
-2.029483,30,450.784783
1.737676,26,450.828758
-1.034342,25,450.872326
4.244857,21,450.909335
-0.390108,30,450.957904
1.042168,23,450.995971
0.861524,21,451.029477
2.677741,30,451.082909
1.602214,17,451.112386
-3.311295,30,451.166134
4.282347,24,451.206186
1.125595,26,451.251477
0.976048,30,451.303569
-2.061369,30,451.348818
3.607778,28,451.394576
-0.117155,22,451.436644
1.734549,21,451.470251
0.048056,30,451.520723
2.950244,30,451.571776
1.873075,17,451.60067
-2.903449,30,451.653669
2.127247,28,451.700522
-0.070366,15,451.72296
2.81237,16,451.753351
-2.244082,30,451.804305
1.260439,21,451.839303
3.8993,26,451.886304
2.766006,30,451.938905
2.04979,17,451.966538
1.093983,19,452.00006
0.342327,30,452.051942
-1.620348,30,452.103385
0.465836,30,452.153147
-0.248483,30,452.199019
1.401873,16,452.225054
1.243837,15,452.25387
3.423868,27,452.299821
2.087094,17,452.326941
1.00293,30,452.375231
0.793265,13,452.400778
2.252441,30,452.452075
-1.953751,30,452.50289
2.714215,14,452.525665
-2.888496,17,452.554738
-1.15122,30,452.608078
1.903583,30,452.655778
0.967693,17,452.68742
2.382668,30,452.735491
0.862586,30,452.790003
3.309889,30,452.837432
-1.389421,21,452.871822
2.490592,18,452.905071
-2.779093,30,452.9519
3.433156,24,452.991316
1.851131,30,453.04515
3.975114,29,453.096051
2.985415,15,453.124308
0.947586,25,453.165016
-0.861052,30,453.216576
3.819857,22,453.256739
4.211991,25,453.299505
1.581372,17,453.331788
3.221649,30,453.383657
-0.447596,15,453.412672
2.63332,29,453.460437
1.190832,30,453.511
0.613429,16,453.538586
2.097888,25,453.583964
-2.282197,9,453.599543
4.256361,26,453.645937
-0.632194,30,453.695889
-0.688821,30,453.751117
1.508831,18,453.780796
3.633468,17,453.810706
3.986204,22,453.869908
-0.79343,21,453.916941
2.051768,21,453.954804
4.09798,27,454.001323
3.358838,26,454.046283
2.696348,18,454.077356
4.098406,22,454.117314
-2.954381,30,454.167127
3.388683,20,454.197991
1.870298,30,454.253947
1.670152,22,454.290375
3.071993,12,454.31107
-2.475743,22,454.34885
0.930492,30,454.399263
2.176951,30,454.451097
3.711546,30,454.500332
-0.554859,25,454.542196
0.677682,19,454.577256
1.236503,19,454.607962
1.74038,17,454.633849
3.704743,26,454.677955
4.230347,16,454.705935
-2.294982,15,454.729176
-1.440283,30,454.77976
0.350982,24,454.820017
1.922103,18,454.852269
1.389379,18,454.88361
2.441108,13,454.904485
-0.794662,17,454.932103
3.301187,30,454.98473
-0.448656,13,455.005275
0.851799,17,455.031607
-3.366645,21,455.067258
4.244587,25,455.110878
1.48546,30,455.158973
2.996372,20,455.190833
-0.325772,30,455.240568
2.226852,30,455.289764
2.768877,30,455.341095
-2.690213,30,455.389657
0.457305,14,455.414865
4.001366,30,455.466429
0.091457,21,455.502558
1.471048,30,455.550119
-1.491638,23,455.589191
1.108129,30,455.638509
4.301879,22,455.675212
-3.634122,24,455.713768
0.883715,20,455.746124
3.581759,29,455.794944
3.077371,25,455.833424
1.065196,15,455.860341
1.222982,30,455.908704
2.939988,24,455.950575
2.547115,18,455.978359
3.233709,30,456.028488
-0.249304,17,456.057671
3.07161,18,456.089501
0.805971,15,456.114997
4.077703,26,456.156935
3.672959,21,456.18987
2.369891,26,456.232621
3.639273,28,456.278459
3.416426,23,456.318557
-3.261489,30,456.369814
3.076764,21,456.405996
1.558235,13,456.427329
2.708353,15,456.452748
2.845633,30,456.500497
1.590988,24,456.541222
2.963172,20,456.57529
1.851387,30,456.623259
-2.7844,27,456.669162
2.642225,29,456.720181
0.350394,21,456.752478
3.012238,26,456.796422
2.075121,26,456.838505
0.994156,30,456.891807
3.799349,20,456.92316
2.110616,24,456.961972
3.576277,15,456.984942
1.510692,30,457.035116
-1.080298,12,457.056409
1.058212,27,457.099594
2.100367,30,457.149255
-0.491081,16,457.177941
2.419415,18,457.209433
-0.090518,30,457.2576
-2.893983,30,457.308101
1.496197,17,457.341153
4.040054,21,457.373898
3.064455,26,457.416832
-2.749666,23,457.452501
1.871764,30,457.505005
3.356545,30,457.552051
1.272563,14,457.576107
-5.01972,16,457.603318
-2.774457,30,457.654361
4.048156,20,457.687147
4.116517,21,457.722795
1.575789,30,457.774261
0.594179,30,457.827369
-0.248554,30,457.876815
2.741208,30,457.928416
3.418993,27,457.971443
1.196429,27,458.017305
1.009193,27,458.062614
1.793022,28,458.107089
0.682912,28,458.15221
0.079378,20,458.186715
2.219537,30,458.235442
3.513916,26,458.281162
-1.003619,30,458.328675
0.865547,14,458.353891
2.278804,23,458.394977
0.987831,18,458.423199
2.11217,30,458.474239
-6.349197,30,458.523953
3.840158,21,458.556783
3.681502,17,458.587125
0.233918,12,458.607874
1.496909,29,458.658571
-0.264476,30,458.705466
2.651182,21,458.741134
-1.737127,13,458.761561
-0.17566,24,458.804405
3.616213,27,458.849572
0.95565,24,458.888646
3.001814,18,458.915202
-2.063391,25,458.957059
1.657315,26,459.002197
2.682628,12,459.021435
0.341571,19,459.05342
2.945905,24,459.095693
1.293287,30,459.142476
4.063007,30,459.190453
2.0409,19,459.222437
2.622551,13,459.248866
-1.672482,19,459.279395
1.024547,14,459.304192
1.130467,14,459.326561
4.124139,13,459.350952
-2.47986,17,459.381255
2.34975,30,459.429607
-2.185663,20,459.463601
3.03687,20,459.500567
2.276772,17,459.53011
1.597665,30,459.576868
4.069925,18,459.608253
1.480261,21,459.646445
1.151315,30,459.694884
-0.28736,22,459.730724
1.298316,16,459.755822
-1.950026,30,459.812724
3.044612,16,459.840565
-0.980793,26,459.884914
2.950376,15,459.90995
1.809249,30,459.959363
2.106355,30,460.009355
2.855804,10,460.025501
2.79654,30,460.07389
2.113588,11,460.093526
2.833164,23,460.131679
0.603607,30,460.182581
-0.606381,21,460.217528
3.615789,24,460.260585
3.316483,18,460.291357
3.46255,22,460.329261
-3.270765,30,460.376366
-4.521929,30,460.432463
-0.208998,21,460.467738
2.836112,24,460.508741
1.709927,26,460.553351
2.965725,30,460.605997
1.170499,30,460.656762
3.594451,14,460.680216
3.346629,30,460.728281
1.345223,27,460.774053
1.683549,27,460.818438
-4.087512,30,460.867251
0.940492,13,460.889615
1.494327,22,460.928066
2.55555,30,460.978463
0.790043,18,461.008342
1.221304,17,461.034874
-0.192179,13,461.05768
0.479329,12,461.077204
-0.530859,28,461.124579
0.697733,15,461.150176
-3.015218,14,461.174791
-1.41646,18,461.206311
0.885724,17,461.231385
2.783447,18,461.259212
2.467635,15,461.28613
2.568783,18,461.319069
1.502946,18,461.347232
2.246546,27,461.393651
1.527055,30,461.446563
3.119519,26,461.49298
2.539486,30,461.540896
3.107847,21,461.576267
1.897113,25,461.617799
4.081313,27,461.663117
-0.606598,30,461.708209
1.693729,30,461.756712
0.92503,25,461.801543
2.217974,23,461.841472
2.040095,30,461.889061
2.898529,24,461.928802
3.167731,21,461.966185
0.444482,30,462.017298
-0.307605,19,462.050993
1.847808,30,462.097089
1.980117,30,462.148419
2.222304,30,462.193446
-4.04781,30,462.244543
4.089763,24,462.286717
3.690298,21,462.325618
3.656179,20,462.358559
1.181046,30,462.404315
0.025211,30,462.452185
3.433962,18,462.484378
2.399603,30,462.537817
2.846152,30,462.586219
-2.678504,11,462.604752
1.96485,29,462.656112
4.260141,27,462.702141
-2.724704,30,462.75764
1.312943,30,462.810155
4.238371,25,462.853871
4.188567,22,462.893023
4.085107,22,462.929446
2.054952,30,462.979628
2.958554,26,463.024738
1.194226,30,463.074132
2.150744,29,463.123321
3.277611,30,463.174793
-0.474597,27,463.220711
0.045808,16,463.252074
-2.013452,30,463.303909
2.986726,20,463.336447
-0.57241,30,463.389264
-2.554216,29,463.438267
2.12195,30,463.486356
3.159724,30,463.537231
2.578141,24,463.580038
2.956839,19,463.6104
-1.526846,26,463.653255
2.136885,30,463.701619
4.096601,23,463.756178
2.745624,30,463.818821
-0.210041,27,463.864053
3.25328,30,463.915553
0.794564,13,463.938697
-0.863167,29,463.987111
-1.067968,30,464.038906
1.853554,30,464.091922
-3.021006,30,464.144737
1.519888,25,464.186197
2.052819,30,464.237816
0.657763,30,464.287139
-4.285065,30,464.341333
-0.162515,30,464.390452
1.531292,28,464.435716
0.704444,30,464.484521
2.532365,20,464.51866
2.651924,26,464.562489
-0.593229,30,464.615265
3.976334,30,464.662512
2.67715,14,464.690672
0.885017,21,464.726719
2.185179,30,464.773918
1.836872,16,464.80173
2.538414,19,464.852446
-4.208325,24,464.906544
2.268217,25,464.956395
1.111673,18,464.989786
-2.172845,16,465.018238
3.13632,14,465.03944
-4.56811,26,465.084821
-1.170902,28,465.132309
2.494487,23,465.172596
3.264262,30,465.222648
4.390807,18,465.253591
-3.459485,25,465.294645
-1.878462,20,465.330016
2.949568,19,465.362442
1.281188,30,465.408897
1.413848,19,465.438522
1.816812,14,465.46421
2.548035,30,465.5137
2.214526,21,465.548676
1.299001,30,465.600138
2.59812,27,465.645679
1.826226,30,465.697251
1.068854,30,465.743942
0.111039,30,465.794158
-1.491812,30,465.842421
2.240706,29,465.892687
1.360655,15,465.914902
3.833159,27,465.961362
3.643912,27,466.010951
3.996003,16,466.037063
3.07465,30,466.086473
0.246551,24,466.126507
1.084266,23,466.169084
-2.76966,30,466.219302
1.411087,30,466.267987
-1.092334,30,466.322428
-1.569225,15,466.348326
-0.641187,30,466.40196
2.742911,17,466.428885
2.829446,30,466.483214
4.408627,28,466.535042
2.634075,30,466.583663
-2.83127,30,466.632907
1.552635,29,466.681121
-1.344162,30,466.731773
1.929726,30,466.783422
3.227143,30,466.830732
2.68223,20,466.865932
2.546135,24,466.909852
2.828787,15,466.938661
0.163631,25,466.983948
-1.923184,25,467.025558
1.093008,22,467.06295
1.945912,30,467.113881
1.477103,30,467.165826
2.536756,20,467.198843
-0.870401,12,467.221277
3.647776,27,467.269453
2.910736,30,467.320713
0.435634,27,467.364688
4.330834,27,467.412763
1.120106,30,467.462998
2.284001,30,467.515471
4.020026,22,467.551403
2.640669,17,467.583603
-1.229831,27,467.62776
2.785817,15,467.654624
2.000753,23,467.691967
1.575414,30,467.74479
1.507886,28,467.7947
3.949679,21,467.833844
2.903548,30,467.884288
3.845443,30,467.939573
-3.733738,30,467.988189
3.228892,28,468.033848
0.885382,24,468.072758
2.882868,17,468.104684
3.17159,30,468.157327
3.459638,27,468.203593
2.099232,20,468.238665
-0.369758,24,468.282344
3.05296,17,468.311344
2.609511,30,468.362688
1.493179,30,468.415185
-0.561089,23,468.460532
2.266248,30,468.515222
2.894345,18,468.550044
0.584306,23,468.589908
4.225487,26,468.640659
2.105713,21,468.676587
3.29295,30,468.730612
2.163096,30,468.781708
1.944522,23,468.824943
-1.045949,25,468.869491
3.30483,30,468.920669
-1.052782,26,468.962492
3.869363,25,469.007068
2.003479,23,469.045647
3.32013,30,469.09628
2.563486,27,469.137047
2.209292,30,469.193773
-0.764868,30,469.242586
3.506349,26,469.288491
-6.089518,20,469.3213
1.803716,30,469.370889
0.889167,23,469.410709
0.264364,19,469.443023
1.322149,30,469.496761
0.555223,25,469.539895
2.93233,19,469.57059
0.711256,22,469.609967
4.190491,25,469.650437
3.903202,16,469.68037
-0.936592,27,469.725056
-0.193364,23,469.761263
1.109338,18,469.788849
-1.127737,25,469.829579
-4.184093,28,469.876008
3.886771,27,469.921001
1.381203,26,469.962451
2.460692,30,470.011269
-1.833003,12,470.030267
-1.84777,21,470.063492
1.718251,19,470.095692
3.236336,30,470.146843
1.941512,30,470.193997
2.909011,30,470.24494
3.599075,18,470.273455
1.025703,9,470.28942
3.918036,27,470.33707
2.781474,30,470.387576
1.775186,30,470.433974
1.481995,27,470.481134
2.140009,30,470.526843
1.087635,30,470.573435
0.963424,30,470.619872
-1.16565,16,470.648369
3.047912,25,470.692041
3.04784,28,470.73727
2.170882,26,470.77903
3.704237,25,470.822062
2.935381,19,470.855503
-0.949621,25,470.897219
1.774545,26,470.939648
-0.134603,30,470.989658
3.269545,30,471.040659
1.969044,30,471.087108
3.834135,26,471.132752
3.489268,22,471.173386
0.743094,30,471.224586
1.781227,23,471.262249
-2.130385,30,471.311001
-0.776672,15,471.338914
4.229094,25,471.381773
3.141336,30,471.43256
3.058448,24,471.470754
-0.048108,30,471.525266
1.66985,30,471.572881
2.179853,30,471.617733
0.160707,10,471.634791
1.423735,17,471.665098
0.37959,24,471.707052
2.985653,30,471.753334
3.449553,19,471.785881
-0.271838,30,471.842304
2.747033,30,471.891715
-3.503153,30,471.942984
0.542336,16,471.970259
-0.50469,25,472.013113
1.873674,11,472.031975
3.497339,23,472.068461
2.073302,30,472.119148
-2.694803,30,472.171084
3.44459,30,472.220731
-1.311218,30,472.268709
2.721896,22,472.307451
1.043912,24,472.350023
1.550319,30,472.402063
1.634271,23,472.456231
-0.458394,30,472.521446
3.045355,23,472.56575
-1.503674,29,472.616084
2.828664,14,472.636947
-1.218001,25,472.67761
-0.017493,13,472.702874
1.484937,30,472.752271
4.073273,24,472.792341
1.08002,30,472.842636
4.192057,27,472.888221
1.75534,22,472.924787
0.928689,20,472.956359
2.950883,28,473.004806
2.426422,18,473.035269
2.154671,30,473.08852
2.676979,20,473.120961
2.373852,30,473.169582
2.797167,19,473.20204
3.035655,24,473.241585
0.289147,30,473.295164
3.216898,30,473.343947
0.772778,17,473.373452
4.140903,22,473.412325
3.515018,21,473.446427
2.246014,23,473.485981
0.91945,16,473.513782
0.036118,30,473.562814
3.755035,22,473.599219
1.911873,30,473.648301
1.368927,30,473.700527
3.176591,30,473.747939
1.38662,30,473.801839
0.96816,30,473.850576
3.699841,19,473.8856
-0.058626,21,473.921176
-9.5113,27,473.965518
1.970399,20,473.99745
3.076236,22,474.036045
2.579202,20,474.069178
1.285313,30,474.120053
-1.193846,30,474.1716
3.88856,13,474.193104
2.959264,22,474.229321
1.456713,14,474.255379
1.544077,28,474.300622
4.066157,22,474.339739
4.382787,26,474.386614
2.257026,30,474.43174
0.837587,26,474.475926
2.487679,18,474.505205
4.202115,18,474.538824
-0.172002,22,474.573886
4.082016,19,474.604607
2.831845,20,474.640917
3.392988,30,474.693487
4.349994,20,474.727144
1.635321,30,474.773422
3.173003,30,474.826377
2.274999,30,474.872187
0.175657,30,474.9205
-1.129546,27,474.9636
3.257542,15,474.990179
1.689344,30,475.04337
0.405521,22,475.075999
3.697909,30,475.127839
2.980624,30,475.180389
2.656647,30,475.229921
2.07598,19,475.260179
3.642448,21,475.29694
1.774419,18,475.328339
0.949191,26,475.37345
1.100175,30,475.421397
2.526425,12,475.441283
3.526558,23,475.483538
2.242969,30,475.53358
2.449343,23,475.576778
2.27852,30,475.627912
3.404625,23,475.667409
2.085136,21,475.704034
2.250427,30,475.752183
-2.182494,30,475.803972
2.258399,23,475.843501
2.641547,18,475.87493
0.514664,21,475.908777
1.030467,20,475.941062
2.137727,26,475.986474
3.753869,29,476.032693
3.391508,24,476.070615
3.338776,30,476.117582
2.56548,11,476.138255
0.589051,22,476.174833
4.070901,19,476.204168
1.044218,28,476.250101
0.917982,14,476.275338
1.985033,25,476.318286
1.483804,27,476.365161
-1.917414,30,476.4092
0.228831,30,476.460778
3.253125,20,476.494756
2.587191,16,476.520982
0.238163,18,476.548882
1.266386,30,476.599268
0.191272,17,476.626334
3.96659,25,476.667216
1.148339,30,476.716584
-1.774301,30,476.766576
0.85127,28,476.813313
-0.563853,29,476.862663
2.040721,30,476.910581
2.860946,25,476.954777
4.248156,22,476.992672
-2.666899,30,477.039714
2.624853,26,477.083405
4.222975,24,477.126705
-0.581507,17,477.154144
2.828135,19,477.185535
0.90547,21,477.218927
1.890283,30,477.276518
-0.25874,30,477.323192
0.645036,18,477.354723
-0.887394,29,477.403107
3.027437,30,477.455969
4.112884,21,477.492901
2.015472,30,477.540515
2.292671,21,477.575824
1.370072,27,477.62235
2.392936,30,477.673717
-0.749528,11,477.690968
2.239369,27,477.738208
2.830352,29,477.790255
1.048272,30,477.840389
3.269423,14,477.86214
0.322828,30,477.914174
-1.680108,30,477.963626
2.81327,26,478.00904
3.464126,18,478.036071
1.238302,30,478.086813
0.308703,30,478.135828
-1.388952,24,478.17564
-2.397152,16,478.201413
2.316992,20,478.23507
1.848754,20,478.270699
2.602527,21,478.309269
2.772741,17,478.338172
2.141563,30,478.386396
1.108792,15,478.414117
1.185842,17,478.441198
2.861231,27,478.490242
-2.88617,30,478.538235
3.888227,28,478.589272
3.166165,22,478.62824
0.814942,29,478.676719
2.111191,30,478.726835
1.901085,30,478.780796
2.998061,27,478.826828
3.836922,20,478.860294
-0.912967,30,478.909333
2.552868,27,478.953718
3.692132,25,478.998115
-0.397491,30,479.04643
1.229684,30,479.102043
3.310246,28,479.151627
-0.044604,30,479.200838
1.563524,16,479.226613
-0.832994,30,479.275464
-0.938898,30,479.326538
3.933962,28,479.374288
0.407569,24,479.41298
0.101987,30,479.463517
0.537955,14,479.489914
1.999484,30,479.542356
4.18506,25,479.586879
2.18302,30,479.633947
3.01183,15,479.664369
0.673659,20,479.700369
2.241506,22,479.740019
0.260023,30,479.788895
2.664134,22,479.828808
1.449874,12,479.851458
2.092173,21,479.887542
-2.810998,18,479.914483
3.193117,23,479.955559
-0.899783,19,479.986748
2.990463,30,480.036153
2.22035,24,480.074871
2.946136,20,480.11126
0.735371,30,480.16331
2.12398,14,480.184838
4.152859,19,480.220204
4.005691,18,480.254672
2.996915,10,480.270754
1.559561,21,480.306725
1.763564,22,480.345517
-1.714431,30,480.395097
1.661696,11,480.416346
3.769949,19,480.448575
-0.289458,28,480.497015
-0.306642,19,480.531891
1.117779,30,480.581787
-0.922892,18,480.613619
2.965631,30,480.662337
-3.71175,26,480.708323
2.452242,25,480.750759
0.762993,20,480.783936
-0.120378,30,480.832517
1.384533,30,480.887843
3.670145,19,480.918204
2.474817,25,480.962122
2.547034,24,481.003082
2.21501,16,481.030882
4.292657,28,481.080525
3.316245,30,481.132518
2.883636,28,481.178687
1.871851,30,481.232797
2.089203,30,481.28141
0.251524,30,481.333226
0.687679,30,481.379495
-1.109495,22,481.420353
-0.946709,19,481.452178
1.374336,27,481.496444
3.02485,16,481.523701
2.982569,30,481.577415
0.962992,22,481.615184
3.037859,30,481.666044
1.408529,28,481.712644
2.824164,30,481.783571
3.838527,29,481.84042
1.367167,30,481.891859
3.02,30,481.942329
0.931657,30,481.992376
2.525111,29,482.039942
1.050228,30,482.088269
1.559463,20,482.12072
3.564793,21,482.159032
3.020252,18,482.189998
-1.131012,9,482.205833
3.848815,22,482.240022
-2.008264,22,482.28121
1.012436,20,482.316282
1.623329,22,482.352774
1.907844,27,482.401785
2.106622,14,482.429986
4.229986,28,482.479046
-1.844391,21,482.512218
1.776263,24,482.552759
0.165224,29,482.603165
1.95352,24,482.644847
3.161236,22,482.683244
2.256052,30,482.732209
1.675226,11,482.755104
2.736615,30,482.806895
2.881768,19,482.839391
-3.388602,15,482.86646
-2.375096,22,482.904326
-0.348536,30,482.954645
3.727756,30,483.003456
2.366586,28,483.050727
2.884918,22,483.091829
3.880008,23,483.131449
2.190086,17,483.159086
-7.602013,29,483.207397
0.215566,30,483.262347
0.335328,20,483.29628
-0.353232,30,483.343106
3.089956,19,483.377762
3.125833,18,483.4098
3.193775,30,483.461857
1.638827,12,483.482981
3.634849,30,483.532827
2.937978,29,483.585042
1.20872,30,483.635711
1.259335,15,483.662122
4.175399,23,483.701902
2.863925,30,483.751802
-0.675049,30,483.809615
-2.306934,22,483.844678
1.4492,30,483.892856
0.811542,30,483.944167
1.953874,29,483.992936
1.077816,30,484.041938
-0.424253,18,484.069604
0.712568,30,484.121403
-0.011577,16,484.148628
0.680957,16,484.175769
3.016358,14,484.199468
-0.986128,27,484.248681
4.108858,21,484.283099
1.343043,11,484.303114
2.83863,18,484.335052
1.614104,25,484.378628
1.063649,25,484.421096
2.528994,30,484.472248
3.158,24,484.510473
3.422317,17,484.541002
4.083491,16,484.568931
2.828238,25,484.60957
2.79068,25,484.651926
-1.781866,27,484.699365
2.731853,27,484.745878
-3.96587,18,484.775616
4.229434,22,484.815141
3.31067,30,484.868487
2.21974,26,484.913093
3.268459,18,484.943431
1.98978,15,484.969563
2.342851,30,485.020826
0.586212,27,485.063152
3.129078,30,485.114425
1.368949,19,485.146976
1.833631,22,485.184348
1.698574,28,485.230059
0.779658,15,485.255085
1.728056,30,485.303688
2.256648,23,485.346015
3.403635,20,485.379978
1.313608,30,485.428708
-0.769031,30,485.477291
-1.838966,30,485.53129
-2.951553,30,485.582039
1.667605,28,485.630839
2.72293,16,485.656605
0.980554,30,485.711269
4.140583,20,485.746164
3.437752,23,485.783172
-1.516038,24,485.824049
0.602942,29,485.876714
-2.346837,28,485.923021
2.451615,20,485.956523
2.035421,19,485.985592
1.529727,30,486.039289
2.651604,27,486.084341
2.207304,28,486.130967
-6.425008,25,486.172916
3.513583,30,486.222382
2.95818,25,486.26644
2.085276,17,486.295466
1.337359,30,486.342088
1.9639,25,486.388532
-0.782152,16,486.417289
1.051016,19,486.447575
1.015861,21,486.485601
2.262803,30,486.535839
-5.120308,30,486.587837
2.96757,16,486.614621
3.346789,30,486.662947
1.008255,19,486.696616
3.924968,21,486.732789
3.108353,30,486.785466
3.717445,25,486.827414
1.321288,30,486.87877
0.171185,19,486.911016
2.997736,30,486.961164
0.046549,18,486.9897
-1.97213,30,487.04106
2.882331,18,487.070271
3.05524,15,487.096977
0.940445,26,487.140622
1.233617,30,487.194949
3.673047,23,487.233748
2.590256,25,487.27572
3.099601,30,487.328493
-0.287263,19,487.362865
-1.06183,29,487.412891
4.100903,23,487.452955
1.700679,27,487.498243
1.001379,30,487.548772
2.198583,30,487.599075
-2.939858,30,487.648655
3.241399,24,487.68859
-0.035644,9,487.706593
0.75417,24,487.750553
0.76904,30,487.802871
-0.336795,15,487.82833
-0.191975,22,487.865558
1.853639,30,487.916957
1.767953,30,487.968788
2.460008,30,488.019855
1.408385,30,488.070329
-2.196446,30,488.120956
3.468214,21,488.155113
3.018888,26,488.202206
1.674325,14,488.225497
-1.085294,19,488.257839
2.120354,21,488.293092
2.28527,17,488.321416
0.998484,20,488.357349
-0.345304,21,488.396242
3.434204,30,488.445512
2.285534,30,488.498841
4.287815,24,488.539998
3.292315,30,488.589208
2.437092,24,488.630058
2.75818,16,488.658685
1.770456,30,488.708849
3.447694,30,488.761001
-0.004159,30,488.814971
4.013963,19,488.845185
3.917342,22,488.885638
0.195113,13,488.906833
-0.565992,30,488.955428
3.448684,30,489.004255
0.974617,22,489.04406
2.900007,28,489.092335
3.212211,30,489.142075
-0.57385,26,489.186076
3.056858,16,489.217374
2.194978,26,489.25861
1.380155,27,489.304915
-0.895003,24,489.34669
-0.352019,11,489.370572
0.661018,26,489.414882
-3.682947,30,489.467072
2.418649,30,489.514681
3.290868,30,489.570427
2.914596,30,489.619128
0.646788,17,489.646985
-1.271044,27,489.692883
1.70791,14,489.719175
2.922575,17,489.748422
0.67021,30,489.79845
2.491099,26,489.843157
0.452947,21,489.880555
-0.464472,29,489.92923
-1.360161,30,489.981155
1.730876,23,490.021888
1.683311,21,490.057845
3.655996,18,490.088569
2.269256,30,490.140512
-1.091614,28,490.18601
2.664274,19,490.221246
1.378496,21,490.256285
2.624922,25,490.298146
0.885087,27,490.344625
0.009766,30,490.394511
1.960725,30,490.44626
1.759107,14,490.469438
4.107249,15,490.498174
0.931373,30,490.554024
2.939811,30,490.606726
2.148748,13,490.627991
0.954518,30,490.676791
3.016228,20,490.711794
3.059382,25,490.754334
0.631797,30,490.8094
1.839829,27,490.85477
-0.389779,30,490.909304
1.46703,20,490.944242
2.206575,25,490.986438
1.267195,13,491.007906
1.891853,14,491.032779
4.291163,25,491.075016
3.865643,27,491.122117
2.154958,30,491.17197
2.961154,30,491.224632
-1.947947,30,491.274728
1.354267,30,491.337472
3.495732,20,491.379294
1.405098,30,491.433425
2.960028,20,491.467733
4.247488,25,491.512947
0.979769,27,491.55742
3.330088,27,491.606748
0.658047,19,491.63918
-3.02988,23,491.67819
3.029546,26,491.720268
1.327667,12,491.742934
2.428276,29,491.792211
2.614984,21,491.830497
1.078617,30,491.878304
-0.614084,17,491.90787
3.048328,13,491.934569
-0.259331,19,491.964085
3.806473,22,492.001689
1.324231,30,492.052104
2.314247,26,492.097142
1.132045,22,492.132776
3.333075,30,492.183828
1.727834,22,492.220209
2.360953,27,492.267913
2.857529,30,492.31841
3.55566,27,492.362175
3.406323,30,492.418684
3.229092,14,492.441507
0.058255,18,492.472528
0.960495,19,492.506392
4.110321,22,492.54379
3.25783,30,492.594581
0.297333,30,492.644645
1.008469,20,492.678033
-1.442272,24,492.719463
2.616731,30,492.776847
0.645816,30,492.824673
3.920544,29,492.872564
2.368302,30,492.928467
3.229575,30,492.980912
0.83039,18,493.012948
-0.571858,17,493.039879
0.467371,9,493.055573
-0.915166,30,493.10826
3.861766,26,493.152082
2.891181,22,493.189892
0.992844,30,493.242569
-3.712073,22,493.279733
2.853929,19,493.314424
1.632546,30,493.365787
-1.839502,17,493.395825
2.477585,30,493.44878
0.10341,30,493.499366
2.906352,30,493.552544
2.932193,21,493.590113
-0.493909,13,493.611183
0.826434,30,493.659158
-3.638166,30,493.70698
1.428159,30,493.759962
3.452225,23,493.799426
0.910977,30,493.846845
1.851536,30,493.899893
1.571521,27,493.947379
1.383696,30,494.001373
4.13866,22,494.037044
0.96245,23,494.076656
-1.104194,27,494.127347
-0.034725,30,494.177228
3.8174,23,494.215214
1.345689,25,494.256401
3.466453,19,494.29064
-1.949047,30,494.340217
2.968238,30,494.387709
0.34412,20,494.421245
1.548509,23,494.464106
2.44703,18,494.494371
0.702404,30,494.544394
3.083209,13,494.567638
0.16231,30,494.621877
2.130128,30,494.670124
3.067069,18,494.700672
4.245536,26,494.743513
-0.63302,26,494.789055
-1.409283,17,494.816451
0.012417,30,494.864174
-0.399785,22,494.902322
-0.439279,30,494.954337
-0.717279,17,494.984546
1.548053,26,495.027083
2.82348,30,495.078542
2.79627,30,495.133758
2.217894,16,495.16206
0.260884,15,495.187154
2.140897,30,495.236515
0.528247,21,495.276316
-1.002533,25,495.317225
-1.788064,22,495.352648
3.174455,30,495.405106
3.735142,16,495.438496
2.420623,16,495.470408
0.16324,30,495.52489
2.839539,26,495.57034
0.209933,18,495.602491
2.89864,25,495.647877
3.989991,26,495.690092
2.096912,30,495.74243
2.837527,20,495.78038
1.757775,17,495.809316
2.377869,22,495.844854
2.958894,24,495.885933
3.271189,22,495.928301
1.447077,24,495.970378
0.532272,19,496.002321
4.054689,26,496.0425
2.669415,13,496.068299
2.991144,26,496.115288
4.161377,27,496.163935
2.444704,28,496.211969
3.961311,25,496.258337
3.325894,29,496.306971
0.094227,17,496.337202
0.871231,19,496.370634
4.040454,16,496.400432
-0.914263,30,496.45388
1.864821,21,496.489847
2.296316,23,496.531166
-1.084241,22,496.570962
2.219591,30,496.622849
2.978783,13,496.645386
1.148686,30,496.694316
4.093074,15,496.726398
3.373678,20,496.761725
2.09361,29,496.81369
4.400615,30,496.866244
2.609707,25,496.909573
-2.671586,15,496.936257
0.941947,30,496.983667
1.817724,21,497.020748
2.414007,29,497.070622
2.843956,17,497.099714
4.205726,22,497.139329
3.258099,30,497.189759
1.664652,12,497.212502
-1.453503,18,497.245533
1.900964,30,497.294399
0.836471,30,497.346523
1.31563,30,497.397882
3.016577,21,497.434358
4.077955,16,497.463468
2.567517,30,497.513618
3.691281,21,497.551235
3.527996,25,497.592772
-2.568121,30,497.646072
2.239001,20,497.676845
-1.277789,18,497.708287
-2.468085,29,497.764312
0.753286,28,497.812436
1.440164,26,497.854811
1.054184,15,497.883778
1.514515,21,497.919851
-2.690439,28,497.967218
3.470666,23,498.006022
1.752742,24,498.048764
1.688855,16,498.074115
1.984473,30,498.124473
1.527524,18,498.155384
-1.56862,30,498.20747
3.122357,21,498.245479
3.238161,30,498.296537
-3.079029,30,498.349117
-2.140922,23,498.387908
1.615169,30,498.439112
3.56032,20,498.472569
2.913265,28,498.522404
2.009942,21,498.559491
2.639342,30,498.612012
1.922659,30,498.658173
4.144155,29,498.705692
-1.856123,30,498.759843
1.613619,24,498.801826
4.381322,28,498.84965
-0.546465,24,498.891244
-0.561086,21,498.928977
1.184824,30,498.982194
0.721916,30,499.033578
1.12098,27,499.081485
2.698238,23,499.124969
2.732505,14,499.149612
3.471644,29,499.198296
1.276598,30,499.249809
2.953689,25,499.294509
-0.60023,20,499.330801
-1.422689,29,499.380899
0.278241,18,499.410806
-0.688885,30,499.462179
-1.942487,30,499.515761
1.071119,30,499.562317
0.973305,20,499.596018
0.409783,30,499.65077
4.284296,30,499.700006
2.18074,12,499.719207
2.576841,30,499.771164
4.109639,29,499.819438
-3.002774,30,499.872691
1.636995,18,499.902411
1.558619,26,499.946908
2.277178,20,499.983542
-1.524368,20,500.017895
1.503691,25,500.058109
-4.519048,24,500.096613
4.158448,23,500.137964
1.890223,19,500.169716
0.132388,28,500.215553
2.169077,20,500.247675
0.565088,17,500.28121
2.564381,19,500.311673
-1.451072,17,500.341065
3.085657,21,500.376441
4.17586,27,500.423413
2.854774,27,500.468847
-0.030754,28,500.514104
4.03185,16,500.541492
3.901609,24,500.584582
0.470243,30,500.657491
1.621223,30,500.709619
3.08761,24,500.751421
2.707881,30,500.807003
1.465375,22,500.843654
-1.884075,30,500.895438
3.004701,16,500.924885
0.531436,25,500.969069
2.133347,23,501.009889
2.053896,27,501.05522
-0.730943,30,501.104104
1.616861,25,501.147521
3.960482,18,501.179087
3.36672,30,501.228224
-1.3192,30,501.279045
-0.132607,30,501.331456
-0.252976,22,501.369916
-0.074968,30,501.417337
2.790959,26,501.462433
0.760036,20,501.497998
1.525997,24,501.538678
3.136246,30,501.588051
4.091935,27,501.635721
0.882154,21,501.672089
2.831905,21,501.71086
0.531343,24,501.750121
2.959614,15,501.773916
3.342669,19,501.808483
0.468304,30,501.859439
0.029084,30,501.909089
3.849184,20,501.944506
0.932654,25,501.987534
2.610349,30,502.040127
3.269226,30,502.089529
-0.935676,16,502.114639
2.144551,30,502.170596
2.411812,28,502.217368
2.303116,29,502.263803
1.88868,26,502.306938
0.701821,15,502.333831
2.94891,18,502.364628
4.058466,21,502.398064
2.898918,30,502.45095
3.331266,30,502.503264
1.219486,30,502.557034
1.243005,24,502.596929
-3.143111,17,502.623693
3.638813,20,502.659882
0.316695,22,502.695382
1.45174,16,502.721786
1.037848,23,502.762133
1.795018,24,502.808559
3.844441,27,502.852566
0.547972,10,502.867798
3.113182,23,502.906239
-0.010025,30,502.964638
2.085957,27,503.008647
3.675373,25,503.051387
1.953109,24,503.091278
3.844008,21,503.12921
3.811811,30,503.176809
2.5431,24,503.215654
1.79919,19,503.248322
2.103759,23,503.288043
-2.941079,10,503.303281
-0.927533,30,503.354385
2.224109,17,503.380569
1.385012,17,503.409748
3.371823,30,503.463913
3.398612,30,503.514107
2.303846,28,503.562412
0.127757,27,503.609365
1.693979,13,503.628994
2.959731,30,503.679001
-2.055713,30,503.729314
1.634619,30,503.784283
1.817512,30,503.835368
0.379948,30,503.887605
-0.912356,30,503.938231
1.266719,30,503.99126
1.705989,18,504.021583
2.160819,29,504.073219
0.504711,24,504.115074
2.888338,20,504.150764
3.938202,20,504.186892
0.014121,26,504.228558
1.064256,30,504.279007
2.855144,28,504.329314
1.139111,14,504.35091
-2.414589,30,504.403171
0.050999,18,504.431274
1.093804,30,504.486386
4.090899,23,504.52361
3.866317,27,504.568356
1.347791,17,504.59547
3.048401,30,504.652938
0.97251,25,504.693132
1.396475,26,504.736643
2.400965,28,504.783204
3.838197,27,504.827897
3.575496,23,504.867148
1.032338,30,504.919724
0.83589,16,504.947493
0.766085,30,504.996797
3.193632,30,505.052577
-0.22313,30,505.102159
3.363085,30,505.153734
-8.020466,30,505.206185
2.092766,30,505.256969
2.889818,15,505.28037
-3.747961,30,505.330768
1.107933,10,505.347741
-1.249205,30,505.399183
1.270287,30,505.451636
2.923354,22,505.491792
-0.509292,20,505.527501
2.711693,27,505.575168
-0.067873,16,505.601334
4.190093,25,505.643741
0.893843,25,505.686877
1.819505,30,505.737868
3.867169,19,505.7692
2.303104,15,505.794802
2.498268,30,505.852884
1.315609,20,505.885424
3.623523,20,505.917089
1.095038,30,505.96648
0.40566,30,506.018264
-1.959812,30,506.067741
-0.47196,30,506.119829
3.938836,19,506.149907
0.876606,25,506.197442
1.579555,30,506.248556
-1.735241,30,506.300637
0.701677,13,506.322127
0.221113,30,506.372924
1.724863,30,506.423524
3.497517,16,506.453713
4.105061,29,506.503189
3.15235,30,506.558482
2.237167,24,506.597728
4.136579,17,506.62526
-0.810334,30,506.676109
2.609434,15,506.704085
3.327,30,506.753735
3.95612,28,506.80619
1.652721,17,506.831495
0.471955,25,506.874142
2.968367,27,506.919522
3.267972,30,506.969513
2.96734,22,507.006968
1.421705,16,507.034747
1.98797,30,507.084279
2.357269,30,507.134764
0.545478,27,507.178136
3.351613,30,507.228946
4.118657,25,507.269961
-5.343192,30,507.319092
2.377886,25,507.358308
4.212387,22,507.397921
3.673736,29,507.446653
1.665031,30,507.496235
2.919495,10,507.514257
1.799542,30,507.565348
-0.016631,30,507.614712
-2.093347,14,507.635173
-2.898725,30,507.684798
-1.561949,20,507.716584
3.139168,30,507.771258
2.420135,26,507.815391
3.433194,18,507.843488
1.475031,19,507.875907
-2.926344,30,507.925769
3.869288,21,507.95931
0.731828,30,508.006291
3.986076,27,508.053578
2.790342,24,508.094621
2.773733,25,508.134043
-2.513284,25,508.175926
2.421963,16,508.205412
3.379048,21,508.240045
-2.86306,23,508.277607
3.270421,30,508.32515
4.053563,30,508.379074
1.420187,26,508.422791
1.379503,30,508.474017
4.161184,23,508.510236
-1.548568,30,508.563171
1.051914,18,508.590635
0.4126,22,508.627622
-3.53415,24,508.666092
3.148132,30,508.712527
0.940544,30,508.761924
3.046352,22,508.796773
3.410763,25,508.841173
4.05708,24,508.882674
0.286274,16,508.908404
1.938658,30,508.954958
2.836777,20,508.989953
4.068003,23,509.030212
3.262193,30,509.080013
0.979253,30,509.134106
3.863452,23,509.17382
-2.275161,30,509.22222
2.403415,30,509.272597
0.414208,16,509.300426
1.55624,19,509.329279
2.575236,21,509.369181
2.696876,16,509.395158
3.028616,30,509.442367
2.541737,28,509.49016
-3.237255,30,509.542417
-1.302268,30,509.588623
2.753303,15,509.615364
0.72739,18,509.644566
1.346458,30,509.696638
-3.011481,30,509.74529
-1.195769,23,509.784082
0.240559,15,509.809476
-2.052923,25,509.851427
3.058402,15,509.87786
1.538298,17,509.9061
3.091776,30,509.957541
2.780351,30,510.008924
3.232881,30,510.060048
4.149846,25,510.100593
-1.306165,22,510.135324
2.402291,19,510.178882
4.255434,22,510.227733
-2.743913,30,510.281272
0.231209,19,510.313546
-1.698703,30,510.369011
3.587176,18,510.40149
1.868554,20,510.435262
1.765156,24,510.47527
-1.094547,30,510.527414
1.068497,20,510.560467
1.042125,30,510.612399
4.174212,29,510.660076
-0.448033,17,510.689155
1.244642,30,510.741635
3.742102,15,510.768217
4.226316,24,510.809791
3.142462,18,510.841787
0.856033,30,510.893578
0.101595,30,510.944086
1.340634,23,510.983315
3.906877,29,511.036268
4.196735,26,511.084458
-0.517454,19,511.114351
3.129913,30,511.168109
3.987829,24,511.209768
2.692788,28,511.256064
2.921557,18,511.283393
4.19669,22,511.32274
2.505366,29,511.374137
3.391393,19,511.405493
2.4456,30,511.454889
2.964511,17,511.487396
3.225854,16,511.515193
1.03611,30,511.567032
3.083225,30,511.618736
-4.668554,24,511.658905
2.337273,19,511.690523
3.735978,25,511.734266
0.852796,28,511.780427
4.168533,22,511.816804
2.249422,30,511.870799
2.784247,24,511.91092
1.907181,30,511.959618
2.508906,11,511.977921
1.782615,30,512.028593
1.065008,30,512.084129
2.90235,16,512.111278
1.44123,27,512.15777
3.362068,30,512.207883
-1.435684,18,512.239315
3.018881,21,512.273674
2.008114,30,512.32106
0.755426,22,512.360156
2.259742,29,512.409501
2.209343,11,512.428457
1.464066,27,512.473342
1.919997,25,512.519414
-1.654586,25,512.561493
2.154437,30,512.611284
3.979964,16,512.638181
-0.468538,30,512.690162
1.454212,26,512.736981
3.32718,30,512.787606
2.715054,30,512.84071
1.895278,30,512.894822
-0.84581,30,512.944476
-4.063538,27,512.98688
2.043913,16,513.015103
-2.592296,30,513.071013
3.363744,27,513.116788
-0.328488,19,513.146587
3.1737,30,513.201724
3.929192,20,513.241837
1.14476,30,513.289818
2.963765,30,513.340142
4.367089,29,513.386899
3.687128,22,513.427655
3.613388,26,513.470502
0.937265,26,513.514416
-2.055716,30,513.560479
2.709565,14,513.589166
2.981036,16,513.617485
-2.36912,30,513.666238
4.131234,20,513.699087
2.396034,17,513.72994
4.189478,23,513.76937
4.080765,14,513.793715
0.954642,24,513.833669
1.333315,16,513.862397
3.984542,28,513.909378
3.816495,28,513.958319
0.230325,30,514.005274
2.869521,21,514.040945
-0.819258,30,514.094792
-0.531784,20,514.127867
2.459549,12,514.148302
2.051934,13,514.173301
2.556159,30,514.225315
2.283943,18,514.254152
2.718897,12,514.273305
1.831784,26,514.319492
-0.676143,30,514.367741
1.204055,22,514.404622
-2.041625,30,514.452845
0.513411,20,514.488285
-0.958747,27,514.532309
-1.242698,12,514.551615
4.123154,18,514.582126
3.008779,22,514.623226
2.221122,30,514.668966
-2.356066,23,514.706472
1.945859,30,514.755453
3.357542,30,514.808494
-7.030719,29,514.85462
-3.892467,30,514.90255
1.62343,30,514.951667
1.658202,29,515.004235
2.720395,30,515.050799
4.011155,19,515.085208
3.829817,19,515.119252
-2.368792,15,515.146458
3.952784,26,515.192194
2.214176,23,515.231228
3.237046,22,515.267787
3.590161,30,515.322451
3.086027,30,515.371274
0.5808,16,515.397455
0.939989,21,515.430555
1.252667,15,515.458739
3.044805,20,515.492413
0.591649,28,515.539124
1.871311,30,515.58755
-0.167518,18,515.619709
3.344396,24,515.659632
-6.705464,20,515.691647
2.370267,30,515.739215
2.500799,30,515.790137
1.133029,30,515.844242
1.679612,28,515.892899
2.379891,30,515.940854
2.83725,22,515.980003
0.986465,18,516.009217
3.726235,23,516.050608
2.982954,17,516.078865
3.805941,30,516.134281
2.6356,22,516.172527
-1.996953,30,516.224024
-0.885999,30,516.272807
1.824004,30,516.327942
2.392145,22,516.363593
1.027145,15,516.389377
2.538408,26,516.431707
2.502764,18,516.465724
-4.058112,30,516.516504
1.870287,18,516.547102
2.967279,17,516.57513
2.115778,30,516.629104
1.264134,30,516.675728
2.845806,26,516.719161
-2.447915,30,516.769157
0.470352,23,516.809881
1.137609,30,516.857143
1.831451,18,516.8885
2.674239,17,516.914267
3.67565,24,516.955321
3.79831,29,517.004648
-0.435561,30,517.053088
0.042375,30,517.101583
3.593237,30,517.152907
3.256332,30,517.200514
1.299993,30,517.252454
4.020881,24,517.291838
-2.925983,14,517.313488
3.439633,26,517.357395
2.593599,15,517.383117
1.98228,17,517.412552
3.192274,30,517.464716
1.749354,30,517.518801
-0.766633,30,517.569609
2.019705,15,517.595189
3.75086,26,517.643922
2.74455,20,517.675159
3.382016,30,517.725051
1.124205,17,517.755509
1.849912,23,517.799434
3.132024,21,517.832721
0.13068,21,517.870844
-0.591587,22,517.907674
1.172205,30,517.963703
0.922119,30,518.014243
-1.59316,25,518.055284
0.973743,30,518.108351
0.785455,25,518.152653
2.376565,24,518.193514
3.557549,30,518.245872
0.746142,25,518.286372
3.653414,27,518.3362
3.245362,24,518.377699
3.35481,30,518.429015
1.191297,18,518.463862
1.809819,30,518.515011
3.796729,22,518.552663
2.121358,20,518.587127
-2.547794,23,518.624987
0.818751,30,518.677434
1.876037,30,518.725426
-0.4597,30,518.775841
1.367583,20,518.80921
3.23103,30,518.863163
3.198737,30,518.912993
3.976565,27,518.960506
0.261913,30,519.008473
2.670876,19,519.044303
-0.050278,30,519.093375
2.357818,30,519.145331
-0.799842,30,519.196414
3.070743,20,519.234882
4.031833,18,519.266851
2.571569,27,519.31348
2.114046,11,519.331599
2.833438,30,519.385005
0.481811,30,519.433177
3.889921,22,519.472672
0.614903,22,519.508228
-0.566464,12,519.52983
1.644731,13,519.553231
2.213073,30,519.600867
1.946297,30,519.652936
-0.829351,30,519.703697
1.303753,18,519.735216
3.85791,18,519.763092
-1.229966,19,519.794559
3.149844,22,519.843582
3.164423,30,519.904298
0.301044,28,519.951385
-0.131198,19,519.983429
2.52936,22,520.020599
2.611732,30,520.07089
0.361285,19,520.101448
3.008802,18,520.133275
0.285859,22,520.170015
2.537136,22,520.207155
2.94295,26,520.249976
3.306617,30,520.300294
1.560708,23,520.341011
0.744454,12,520.361262
4.264593,18,520.391054
-0.815867,15,520.416626
2.692149,28,520.464952
-0.823931,25,520.505689
4.267541,18,520.538034
3.298772,18,520.569082
0.75947,30,520.62212
-0.177147,17,520.651222
0.134458,29,520.701332
2.676515,30,520.754638
1.965409,23,520.794127
2.180124,25,520.839439
2.2991,26,520.881594
1.752813,25,520.920364
-0.98499,20,520.955177
1.008061,16,520.983578
2.490032,23,521.022495
-2.160212,18,521.054089
3.578778,12,521.075951
1.712254,26,521.117766
1.788722,22,521.155965
1.162337,12,521.177272
-4.299199,30,521.227857
4.039547,23,521.267124
3.244661,20,521.299342
3.341147,18,521.328148
-0.407477,30,521.382257
1.129935,16,521.409992
3.256816,30,521.456501
1.756639,13,521.48094
0.926825,11,521.497994
1.447344,30,521.549171
4.141629,24,521.589637
-1.095952,20,521.621589
0.797381,30,521.670999
3.584641,20,521.705611
0.323043,20,521.737449
3.746949,29,521.78551
1.508597,14,521.811802
0.842889,29,521.861127
-0.188772,25,521.904252
3.025184,23,521.940538
-0.8809,19,521.975489
2.663316,17,522.005192
-2.916857,22,522.043368
0.310782,23,522.082203
3.9688,19,522.114294
-0.150818,22,522.151891
1.399815,30,522.201264
1.060489,30,522.253032
-0.528927,30,522.305507
3.137956,30,522.360881
1.507195,26,522.402313
2.14487,16,522.428343
4.257048,21,522.467561
3.984441,26,522.509898
1.118661,21,522.54597
3.024602,17,522.574989
2.656721,19,522.60799
-1.856632,30,522.657005
3.705316,30,522.704257
1.219566,30,522.757348
1.947438,22,522.798364
2.927512,16,522.825714
4.279305,28,522.875138
1.717022,14,522.899696
-2.853748,18,522.93085
2.756684,15,522.957854
-0.681409,30,523.007194
1.509947,19,523.037255
0.684742,21,523.075792
0.968233,20,523.110731
3.32338,30,523.163822
3.039288,14,523.187867
1.878917,20,523.224387
1.716756,30,523.27861
1.836355,15,523.305417
3.246613,16,523.33319
1.776699,13,523.356592
2.879371,20,523.390933
3.056814,23,523.430725
2.864867,20,523.464319
1.55994,24,523.504575
1.435117,21,523.540256
2.161342,17,523.569943
0.959269,23,523.611255
4.177666,16,523.641861
3.533931,23,523.682365
2.422839,21,523.715314
2.983721,18,523.747438
2.232604,19,523.781899
2.033518,26,523.825982
2.589125,25,523.870034
-0.157911,17,523.896834
3.458056,21,523.936898
0.225836,26,523.978578
-2.354525,30,524.029844
1.723865,18,524.058762
2.87277,26,524.105153
2.198625,22,524.145847
-2.598099,30,524.199241
1.971455,30,524.249014
2.928412,30,524.302204
4.215664,16,524.330675
-0.800553,19,524.359973
4.018126,26,524.404452
0.43129,30,524.455804
2.307102,29,524.507444
4.191443,24,524.54913
0.760931,23,524.58527
2.343494,12,524.607931
-1.088349,30,524.660431
2.021263,22,524.696136
2.14049,30,524.746877
-1.001356,30,524.797466
3.281152,30,524.852863
3.773171,24,524.893905
-0.220706,30,524.943428
3.62901,23,524.985404
3.31415,26,525.030082
3.020126,27,525.073643
2.960217,13,525.098948
3.315446,30,525.149252
1.037803,30,525.202996
4.175532,22,525.240245
2.563413,30,525.289194
3.403418,30,525.342401
1.032931,14,525.367937
-0.780779,30,525.419394
3.585937,27,525.464998
-2.367749,11,525.486719
0.8101,14,525.509035
-0.743879,25,525.551855
3.055362,18,525.585504
4.060292,21,525.623089
-0.479454,21,525.657266
4.21591,29,525.708125
1.466628,28,525.754534
4.010591,17,525.785665
-0.650158,30,525.835481
-1.229972,20,525.870041
3.129733,30,525.922638
-1.941592,30,525.97546
1.840403,26,526.019915
4.119435,26,526.062087
2.384598,30,526.114297
1.271313,30,526.166131
2.867448,30,526.221297
2.13728,30,526.272689
4.031379,27,526.323626
0.76826,30,526.377646
-1.710387,21,526.412524
-2.965124,18,526.441449
1.456135,30,526.493462
2.341944,27,526.539505
2.910449,19,526.571987
2.298428,26,526.621248
3.978333,20,526.655663
2.3685,26,526.700902
0.20875,18,526.734192
-1.126443,15,526.759361
4.064372,29,526.808964
3.038862,30,526.860832
3.956489,30,526.910949
-2.86315,27,526.96159
1.734501,17,526.990008
3.335296,30,527.041483
1.465921,22,527.078444
2.108984,17,527.108322
1.660825,30,527.15873
2.117161,22,527.194445
4.260158,25,527.240244
-1.125975,19,527.273989
1.77046,30,527.326006
1.292902,10,527.342541
1.492705,22,527.381429
3.105855,18,527.411164
2.89132,24,527.453033
3.128543,21,527.490842
4.226368,26,527.536144
3.536502,20,527.569753
3.57449,27,527.617071
0.545655,30,527.667605
3.697397,19,527.700751
1.030148,16,527.728164
3.253046,30,527.779948
-1.626851,16,527.808258
2.367952,20,527.843286
2.186512,11,527.864161
2.934992,12,527.885531
1.25903,27,527.9337
2.634769,16,527.961258
-3.271538,22,527.996237
2.298183,17,528.026839
-2.491768,29,528.07503
2.866349,23,528.113424
-0.452346,28,528.160027
1.617195,14,528.183331
2.269577,24,528.227621
2.934233,30,528.280521
3.021148,23,528.317087
2.220468,30,528.368392
3.026893,27,528.420127
2.813437,22,528.461157
1.27603,30,528.518907
3.314025,29,528.573249
2.703576,30,528.632262
2.916467,11,528.65393
2.146041,28,528.70417
1.929836,20,528.73963
-0.021608,30,528.795972
3.359377,30,528.849879
4.149235,19,528.885364
2.810752,27,528.934428
2.250218,22,528.972811
-0.315171,20,529.004054
1.809809,17,529.031587
-0.339142,30,529.084623
3.391075,21,529.12083
3.238889,30,529.175583
4.143515,22,529.214333
3.576287,27,529.259894
2.818874,26,529.330004
-1.543598,17,529.363948
4.071176,26,529.408942
4.045422,28,529.456115
0.095909,17,529.486562
3.08196,30,529.54122
2.950472,30,529.58907
1.978259,30,529.645034
3.729742,26,529.690759
1.016659,20,529.724756
2.997993,30,529.77536
-0.920393,12,529.79486
0.006585,26,529.840814
1.878306,28,529.890388
3.150619,30,529.945301
-4.454638,20,529.977505
-2.920769,30,530.030261
4.294522,23,530.072541
3.076982,24,530.11487
1.031399,22,530.154917
0.450685,18,530.187505
1.079445,30,530.244154
1.346136,20,530.279895
-2.30864,30,530.330798
2.047137,21,530.36812
3.126568,22,530.407127
-1.102934,17,530.434842
1.367829,30,530.485617
4.061011,27,530.533222
-0.68672,30,530.585171
2.86264,27,530.630906
2.065521,30,530.680049
-0.165344,20,530.716792
1.086993,17,530.744266
1.928822,30,530.795504
0.788091,30,530.844347
1.172183,25,530.892221
3.201659,30,530.941149
3.267744,18,530.972738
2.999179,20,531.006533
-0.299988,30,531.056063
3.720693,23,531.096111
4.08217,15,531.123267
-2.744341,30,531.172434
0.888059,30,531.22674
1.253701,24,531.267301
3.210597,18,531.297702
0.784748,30,531.347921
0.441889,28,531.394377
4.010285,19,531.425518
3.831853,13,531.450195
3.390324,30,531.498607
2.137563,24,531.540901
1.00348,30,531.59359
-3.845192,30,531.642416
1.936221,30,531.689423
0.593918,30,531.741985
3.021424,20,531.777105
3.488888,16,531.80491
1.030893,20,531.836046
2.685615,23,531.879045
-0.640189,30,531.929817
2.987925,30,531.980262
3.907748,22,532.01461
4.254132,24,532.058402
-1.304597,19,532.090781
0.278549,30,532.14044
2.040899,24,532.181386
3.326067,30,532.233741
-0.571765,21,532.268683
2.973596,29,532.319921
-0.954963,30,532.367611
2.9683,23,532.407391
-2.053499,30,532.454629
1.774087,21,532.492239
3.13951,12,532.511892
-0.542483,30,532.562415
4.023794,23,532.602126
3.81626,20,532.634474
-0.411236,18,532.664074
3.030236,27,532.710492
0.744134,30,532.764938
4.009374,25,532.809436
1.550481,30,532.859579
-2.873962,12,532.88196
2.247269,16,532.907578
-7.071207,25,532.953406
2.269004,21,532.988025
-1.387016,26,533.030323
0.761581,13,533.054287
2.202608,22,533.08893
3.115591,30,533.139018
3.870988,27,533.184681
0.659198,27,533.233844
3.24695,30,533.28758
3.664507,23,533.325229
4.202497,27,533.374656
0.746303,23,533.414491
0.202859,15,533.439473
-0.031655,30,533.487678
3.599556,21,533.525106
2.77567,20,533.559736
2.858332,19,533.593263
3.23885,30,533.643124
0.128899,30,533.695185
2.196859,30,533.747896
-2.988116,24,533.787514
1.167738,16,533.814795
2.036963,29,533.863989
-2.049046,30,533.913723
2.242158,19,533.946532
2.342302,27,533.989784
2.729701,26,534.035347
2.791422,26,534.08249
1.301705,30,534.131517
0.614714,30,534.183084
2.549015,11,534.205938
4.132793,15,534.230588
3.36997,21,534.269166
2.237121,30,534.320079
0.700199,26,534.371325
3.890155,18,534.399984
-0.614278,29,534.449262
2.608805,30,534.500954
-0.190474,30,534.551653
0.985735,30,534.603484
3.211388,30,534.654954
0.106617,30,534.706666
0.291461,14,534.730716
3.685341,15,534.756138
3.364174,30,534.808053
3.224034,30,534.857887
1.358495,30,534.911799
2.668934,30,534.962341
3.093615,28,535.010747
3.565813,28,535.056926
2.90239,22,535.097721
-5.744073,26,535.138732
3.204242,30,535.190209
3.023803,24,535.230949
1.552755,21,535.268808
-3.261628,30,535.318421
4.077748,16,535.347138
2.027259,29,535.396984
2.764013,25,535.439195
3.333224,30,535.49166
3.829856,28,535.539654
2.984953,18,535.571689
0.869471,27,535.621044
0.721369,21,535.656765
4.213941,26,535.700837
1.021378,20,535.733267
0.435649,19,535.768413
-0.977573,22,535.806942
4.253843,27,535.850331
3.965932,13,535.873683
2.950796,30,535.925319
4.167768,25,535.972158
2.010294,26,536.017219
4.07168,28,536.062619
1.772635,9,536.079155
0.415798,30,536.129794
-2.825075,30,536.178576
3.267379,30,536.229828
-3.842311,30,536.280949
1.11166,29,536.334336
-0.881716,30,536.384056
0.54467,25,536.425259
4.337696,23,536.467684
-0.15509,26,536.513123
3.157658,30,536.565853
3.032671,18,536.595238
4.120626,18,536.629646
1.445258,30,536.677426
1.365315,30,536.729757
1.693627,30,536.779479
4.088643,22,536.821368
2.735653,26,536.863214
3.073073,18,536.896063
-4.767136,16,536.923204
3.865822,28,536.975977
3.777768,21,537.011053
3.325947,30,537.061958
-0.906438,17,537.089303
0.134259,24,537.131545
1.979364,22,537.166913
4.171778,15,537.192301
3.315123,30,537.247472
4.212107,12,537.269777
2.20072,17,537.301088
1.704982,19,537.333556
4.211048,25,537.376029
2.005517,30,537.42656
1.472846,22,537.465506
2.98631,30,537.513685
3.202477,30,537.570339
1.748535,16,537.599382
2.954123,20,537.634018
2.875591,18,537.664068
3.652485,14,537.690312
3.101739,30,537.744511
-0.918688,18,537.780206
1.552057,21,537.816129
2.507817,11,537.836282
1.32361,30,537.890556
-0.662002,27,537.93907
-0.842359,30,537.989838
2.882713,28,538.037541
3.228912,24,538.079547
2.930263,30,538.131114
2.945212,20,538.164884
1.737901,21,538.197681
-0.189909,30,538.253944
2.948924,30,538.303397
0.271081,16,538.329979
1.079763,19,538.362757
2.090711,25,538.408712
2.89929,15,538.435573
2.263981,30,538.488524
4.312103,30,538.5367
2.098784,30,538.593323
2.359738,28,538.642006
2.247594,26,538.685763
3.314807,13,538.707392
-0.559983,27,538.779419
3.553383,25,538.824654
0.608622,30,538.881484
4.100529,19,538.915834
1.305704,16,538.945555
0.607349,29,538.991998
0.623604,30,539.03884
2.738798,30,539.090428
4.282144,20,539.124065
0.735689,23,539.166449
3.059031,23,539.205769
1.175545,30,539.25881
0.90307,30,539.308567
-1.118405,15,539.336108
1.913515,30,539.388403
4.12492,20,539.421431
0.356853,11,539.438977
3.785801,23,539.481623
2.319306,15,539.505798
2.141063,23,539.544998
2.74228,16,539.573341
1.837363,30,539.622327
2.220329,30,539.671011
-0.871405,30,539.720923
3.874295,27,539.770946
2.692472,30,539.818062
3.43331,30,539.870437
4.099516,24,539.912896
-2.050287,18,539.944259
2.214041,27,539.989824
4.13368,15,540.016867
2.289747,30,540.064462
2.823447,17,540.09712
3.976033,25,540.139205
1.781863,13,540.159658
-0.135262,12,540.179535
0.53451,21,540.216377
1.934569,17,540.246859
2.183247,26,540.289492
1.243438,30,540.339826
1.833675,30,540.392565
-1.347606,30,540.444211
1.066247,30,540.491874
2.205962,30,540.541538
0.96384,25,540.58539
2.557099,20,540.61794
3.264759,30,540.667203
2.089763,29,540.717493
2.061949,19,540.748405
2.963203,24,540.789373
3.374385,30,540.838211
0.885126,29,540.884588
2.2846,23,540.925548
-1.1669,30,540.97197
3.608825,29,541.020606
1.910609,29,541.067271
0.764603,16,541.097321
1.79781,27,541.141191
2.339189,22,541.174676
2.890588,21,541.208982
-0.995861,30,541.262997
2.525634,16,541.289625
-0.30529,16,541.313715
-1.316409,30,541.364969
2.599923,30,541.420112
-0.197083,20,541.453058
1.247614,30,541.500614
2.314478,15,541.525807
1.877741,26,541.573766
4.055359,21,541.608987
-2.004035,30,541.656551
3.374321,16,541.683651
3.101163,21,541.725314
0.9032,16,541.751292
2.566704,24,541.790185
0.452607,30,541.838359
3.479184,25,541.882799
3.162341,30,541.936721
2.736062,27,541.981471
2.743289,19,542.010169
1.382898,26,542.058233
1.842999,22,542.09235
4.193053,15,542.117114
1.405949,29,542.16565
2.905356,30,542.218491
3.12547,24,542.258273
2.812976,27,542.303477
3.433732,25,542.345067
2.119191,22,542.382486
4.200046,18,542.415448
0.988707,30,542.46384
0.507428,17,542.494938
-0.102524,8,542.508991
2.259132,30,542.55946
4.17887,20,542.594195
1.684072,30,542.643267
0.966023,30,542.692847
0.077599,30,542.747637
0.711653,26,542.791277
4.286094,24,542.83384
-5.170235,30,542.891971
2.467288,30,542.938689
-1.2041,21,542.97227
0.939836,16,542.998137
3.679788,24,543.040821
2.364204,23,543.079305
1.163391,27,543.125286
0.208114,18,543.15279
-0.799566,24,543.194695
2.452997,30,543.247655
3.058491,30,543.296806
2.511668,26,543.341345
4.127515,22,543.37855
3.445636,30,543.431128
-6.935333,30,543.47945
3.338619,30,543.532773
0.82954,23,543.574507
-1.174147,30,543.624852
2.967287,13,543.648546
3.205439,21,543.684257
3.462035,19,543.716198
0.638062,30,543.768425
3.329087,30,543.815978
1.905961,30,543.867894
1.742363,30,543.920406
1.573091,30,543.976638
2.964549,30,544.023985
2.780355,17,544.055627
4.022285,23,544.095043
2.131599,24,544.136574
-1.014781,25,544.180882
0.74683,30,544.231082
2.081753,30,544.284555
3.117514,22,544.324502
2.467403,23,544.365367
-1.783739,30,544.413433
-0.116192,30,544.466834
3.326534,30,544.519033
3.698316,28,544.568053
2.754791,18,544.599139
1.297223,30,544.652122
1.173044,30,544.703934
0.245672,21,544.740059
1.689599,11,544.758172
2.730142,19,544.792151
2.942291,15,544.816496
3.44764,23,544.855222
3.149768,20,544.889966
-0.835782,30,544.94202
-0.96848,18,544.971853
3.545495,19,545.005917
2.850516,28,545.051309
3.073201,30,545.10273
1.215992,30,545.154683
3.047651,19,545.189214
2.737248,18,545.218807
4.075499,19,545.253651
-0.038411,24,545.293828
1.216263,25,545.33606
3.808323,23,545.376933
3.442526,17,545.409441
0.369767,30,545.461796
1.315271,20,545.495674
3.595532,20,545.531038
-0.761718,15,545.556043
0.161379,25,545.603529
-1.381435,18,545.63246
3.080683,22,545.669043
2.95252,16,545.698569
1.513199,16,545.727272
2.634097,28,545.774303
1.69114,13,545.794554
3.576695,30,545.844681
1.972415,30,545.896487
2.235513,15,545.92294
2.740418,30,545.974295
1.902699,26,546.021261
2.104572,30,546.070736
-2.62064,30,546.124418
4.161733,26,546.16564
2.76688,18,546.200583
1.135775,30,546.250581
4.157976,19,546.284431
2.093933,30,546.334593
0.504503,22,546.376397
2.258987,15,546.402399
-3.717848,30,546.45195
1.731555,30,546.50327
3.191009,30,546.55405
2.610615,14,546.580164
0.97685,30,546.630141
3.196091,30,546.684278
2.834996,23,546.722697
1.366439,30,546.776851
-3.626738,20,546.808991
4.008939,30,546.858091
2.067413,30,546.909016
2.859496,30,546.956796
1.4267,26,547.004388
1.289818,25,547.045505
0.75683,30,547.095922
3.202472,21,547.13268
2.286168,25,547.17223
0.177415,30,547.222344
0.942516,30,547.272626
-1.033552,13,547.295884
2.540641,14,547.322695
2.281004,21,547.356717
3.872014,23,547.397491
0.13986,30,547.448297
0.87937,30,547.500822
2.161556,29,547.54825
4.360326,25,547.595946
2.565203,30,547.650578
3.530313,24,547.690444
2.264551,27,547.73944
2.080759,23,547.783647
3.963269,14,547.810971
1.580781,24,547.851859
1.075131,22,547.887531
4.113297,18,547.924507
3.503409,20,547.95787
0.333012,27,548.004602
2.858311,20,548.037572
4.172823,20,548.074009
3.232882,30,548.122695
3.981731,30,548.17662
3.126121,30,548.22513
0.492047,30,548.280461
1.411166,30,548.332833
4.140525,18,548.36443
3.263935,30,548.414509
3.184382,30,548.499347
-0.002502,30,548.552904
3.661526,22,548.5924
1.943122,25,548.636075
1.081481,25,548.681084
3.89831,29,548.7298
1.457002,19,548.763301
-0.190868,17,548.791473
3.580006,17,548.826159
1.540385,30,548.875054
3.160518,30,548.930009
4.297344,27,548.972757
1.921047,27,549.022737
2.59731,23,549.061528
2.284502,10,549.076674
2.616459,23,549.116224
1.248907,30,549.172916
3.389274,30,549.22314
2.223234,28,549.271005
3.192221,30,549.323285
2.999883,16,549.354995
2.65419,20,549.390047
3.263951,30,549.440417
2.80051,21,549.477398
3.033026,12,549.50234
1.16545,18,549.534863
2.500518,30,549.58417
0.431242,30,549.638251
-1.181893,30,549.69113
2.361023,30,549.742956
1.560749,29,549.791514
3.032986,19,549.826075
1.794409,30,549.876948
3.785159,25,549.921441
-7.485391,30,549.973305
1.224831,30,550.026217
-0.37006,21,550.066426
4.029147,24,550.10699
2.24301,30,550.157338
3.355663,30,550.209107
1.95855,14,550.234762
1.917621,30,550.29217
2.13416,18,550.321223
3.155138,24,550.362611
3.100724,20,550.40001
3.30591,30,550.452685
3.148162,30,550.501459
2.430165,14,550.527296
1.221768,29,550.577254
2.169859,30,550.631339
-2.180509,25,550.669868
2.951214,21,550.704335
0.977778,30,550.759008
0.8067,30,550.808088
0.340214,30,550.857217
-0.002378,30,550.904836
4.069728,19,550.939897
1.8603,30,550.987992
1.144603,30,551.038102
0.772813,30,551.087633
-1.105114,20,551.124975
3.621847,29,551.176533
3.855568,28,551.224929
2.93597,16,551.252321
4.241006,25,551.296679
2.759504,14,551.321221
3.186881,30,551.373998
3.358004,15,551.398957
-4.970021,17,551.428188
3.053378,30,551.480454
3.328463,30,551.532807
1.809833,18,551.559862
1.072476,30,551.612192
2.40529,30,551.663114
0.639199,30,551.713039
0.861303,21,551.748855
3.143686,30,551.805566
-1.393377,30,551.854197
4.234122,30,551.905098
-4.938914,14,551.927506
4.010763,29,551.980122
1.254244,30,552.031985
1.378547,30,552.082643
2.137915,24,552.126302
2.402651,17,552.159202
2.771613,27,552.205667
4.058257,24,552.245208
1.487696,30,552.297288
1.439649,30,552.34863
2.716339,21,552.38652
3.350275,30,552.434967
-0.769825,30,552.486082
2.956754,10,552.504065
2.910973,16,552.534025
2.96588,30,552.586206
-0.584613,30,552.636536
3.957693,16,552.665915
3.308831,30,552.718416
0.819103,25,552.762263
1.571687,20,552.796761
2.111697,30,552.848104
1.939226,22,552.888327
3.020784,30,552.937612
4.183806,26,552.982453
3.111721,15,553.011318
2.980323,30,553.063412
3.008606,28,553.112388
1.339665,16,553.138682
3.647971,28,553.188401
-0.791941,30,553.239491
0.874672,30,553.288679
1.278374,11,553.307183
4.281062,18,553.341059
1.113536,30,553.392143
-2.430239,30,553.448049
1.721422,25,553.494214
-0.937152,30,553.543512
3.205724,30,553.597358
4.296007,26,553.646844
-2.464392,30,553.700442
3.07584,30,553.754055
1.542864,30,553.80823
2.330042,28,553.855686
2.621415,20,553.891721
0.754418,24,553.935379
1.200504,30,553.987383
2.28967,27,554.033734
0.832843,19,554.066491
2.825956,24,554.107515
1.287383,30,554.158671
2.087873,27,554.206563
2.887659,30,554.256348
1.63873,29,554.310536
0.736705,18,554.342965
1.660073,21,554.379269
2.120451,20,554.41278
2.795481,18,554.44561
-0.43324,30,554.495608
3.505719,30,554.54468
2.764809,20,554.580158
4.204822,21,554.619483
1.566545,11,554.639141
2.855597,30,554.689412
4.087431,18,554.719102
2.825893,16,554.747868
2.986976,25,554.790726
2.781226,19,554.823277
1.932283,22,554.85849
4.165969,23,554.900522
0.704349,26,554.94784
3.490827,30,555.001255
0.62456,29,555.048667
2.011211,16,555.076667
3.175667,30,555.129791
1.575346,28,555.176268
2.740346,20,555.210465
1.78402,30,555.262521
3.267797,30,555.312373
1.825792,21,555.347584
3.415327,18,555.380926
3.658294,18,555.412874
0.977046,18,555.444477
1.778336,19,555.473131
3.236333,30,555.525068
3.707537,23,555.568757
2.753943,30,555.623241
3.49243,25,555.671039
3.112478,26,555.723106
4.18475,24,555.769111
1.26977,30,555.820283
1.442167,30,555.871351
3.721798,22,555.909024
2.941439,30,555.965788
2.958569,19,555.996167
2.934985,20,556.028711
1.317283,12,556.050728
2.056286,13,556.072584
0.077908,29,556.125345
-2.35269,30,556.172673
-0.741142,23,556.212968
1.536272,13,556.239995
-0.945077,23,556.278414
1.575633,22,556.315955
2.490715,30,556.367383
-3.321483,20,556.403969
2.541191,29,556.457204
4.279346,18,556.488102
-0.863934,30,556.539281
3.27772,30,556.591973
4.040193,18,556.625985
1.794416,30,556.67548
2.229734,30,556.726325
0.800511,18,556.756818
3.096397,27,556.804837
3.020989,30,556.853413
1.03151,12,556.872109
0.619194,11,556.894738
2.223775,30,556.94633
1.075014,20,556.982335
2.195579,24,557.023689
0.475429,26,557.069635
2.014581,26,557.117016
3.9559,20,557.151955
4.087602,25,557.194108
2.14108,22,557.231721
2.110733,25,557.27672
3.03075,30,557.323405
4.37763,26,557.367561
0.197012,26,557.414113
3.089389,19,557.448227
0.034043,30,557.501308
3.904661,18,557.560758
3.31683,30,557.659665
2.805737,19,557.722681
-0.793702,24,557.796361
0.794949,21,557.845314
-0.569256,30,557.923778
-0.068674,30,557.982131
2.909993,30,558.036432
1.098326,25,558.076649
1.633857,14,558.110169
1.744601,28,558.172732
4.31026,24,558.218007
0.516534,30,558.27244
1.839443,21,558.315385
2.619213,30,558.370619
1.393605,19,558.402782
-1.256761,30,558.4534
3.995335,22,558.497329
1.573064,26,558.541611
0.143506,30,558.595918
2.17471,26,558.640193
3.197811,19,558.679806
2.434392,15,558.707883
0.726983,20,558.742264
0.470305,22,558.777038
3.439796,21,558.825348
-1.582409,15,558.866386
2.288235,30,558.945696
2.462526,30,559.024155
3.078,30,559.111838
3.900784,24,559.180351
1.308814,14,559.217232
3.440143,22,559.260798
2.002761,30,559.319431
0.202014,30,559.375149
4.093442,30,559.426953
1.323798,30,559.478478
3.205018,30,559.534019
2.896354,18,559.56689
2.894774,19,559.599437
1.019885,21,559.641407
-2.268079,30,559.694314
1.727063,30,559.747134
-2.062256,13,559.768385
1.151257,20,559.802178
0.297021,30,559.854986
2.879915,16,559.881292
2.198853,29,559.934855
1.189712,30,559.988599
3.282693,30,560.044499
0.562625,30,560.095563
2.80827,22,560.135802
2.724221,29,560.182308
2.721558,21,560.223097
2.462182,22,560.263833
2.947177,23,560.304072
3.999868,19,560.337345
2.89818,25,560.380594
2.964604,30,560.432805
1.892323,22,560.469384
3.320196,30,560.525763
-1.716873,30,560.577669
2.981259,23,560.620371
2.819137,19,560.65544
2.858551,14,560.676712
3.943181,26,560.724607
0.708038,24,560.764039
3.712757,30,560.827993
0.063263,29,560.915677
3.017863,21,560.967624
0.358909,26,561.031211
-0.668693,30,561.093268
0.914193,27,561.14151
1.054831,20,561.178196
3.200469,30,561.230154
3.070355,24,561.273193
1.063901,30,561.324688
-0.500045,30,561.379835
0.880803,16,561.408095
3.335057,30,561.462137
-3.73532,13,561.483764
0.125973,30,561.534414
1.739764,28,561.582497
1.515178,23,561.62388
-1.482361,30,561.674906
-1.840125,30,561.726817
2.319423,30,561.779442
-0.062839,30,561.828953
3.897006,22,561.867097
2.104912,27,561.911396
2.228273,30,561.964475
2.184249,17,561.991478
2.285637,21,562.026211
4.382832,27,562.073492
2.651987,13,562.097217
3.186315,30,562.147453
3.729665,26,562.190155
0.055773,30,562.245695
0.911394,30,562.294042
2.29407,30,562.345399
-1.068876,16,562.375142
3.326652,30,562.428478
-0.271483,18,562.459736
0.987122,30,562.509226
-0.802727,25,562.553713
2.459223,30,562.60837
1.829811,30,562.662143
0.591995,30,562.712303
-3.335207,20,562.747959
1.508425,19,562.784475
3.207893,25,562.826309
-0.801631,19,562.858778
-0.998231,30,562.907267
2.898226,24,562.950705
1.293242,30,563.006872
1.846116,30,563.054448
2.136443,29,563.105691
-0.711607,30,563.157358
0.200142,25,563.199987
2.784313,29,563.251407
2.037806,30,563.302585
2.76831,15,563.333595
1.305551,30,563.385477
3.853383,25,563.429646
1.165164,30,563.485294
3.669301,29,563.539486
-7.52237,28,563.585238
3.624266,27,563.632795
4.093596,23,563.675165
2.618272,13,563.700153
0.049819,21,563.737642
2.933859,25,563.780642
2.080654,23,563.818617
3.065222,16,563.849792
0.033308,30,563.903835
-0.603265,23,563.942296
-0.710403,30,563.992997
1.995191,30,564.052757
1.582395,30,564.10139
-0.761483,15,564.126838
1.320331,30,564.176312
3.789362,29,564.232814
2.190048,30,564.284197
3.548479,28,564.332953
-1.454019,29,564.383713
3.955093,29,564.440696
1.39096,16,564.469185
1.117456,21,564.504465
-7.06819,30,564.551909
-0.177265,30,564.611329
1.09167,10,564.627243
-0.044597,27,564.674368
3.515696,15,564.701935
2.841317,21,564.741916
0.922338,19,564.775103
-0.235195,28,564.823037
0.650044,14,564.844774
0.531909,21,564.885195
-0.696685,30,564.936994
3.127445,30,564.989708
2.045765,23,565.027748
3.792424,18,565.063372
2.11078,21,565.097942
2.123376,30,565.148618
2.099587,30,565.19616
3.934891,30,565.25366
1.965062,16,565.281932
3.791038,30,565.332658
2.161495,30,565.385507
3.33115,30,565.438013
0.862914,30,565.489338
3.895241,30,565.540276
2.954015,11,565.55996
3.981254,29,565.614564
3.686793,30,565.668139
3.488438,12,565.690036
0.859522,30,565.740108
0.811726,28,565.792263
3.170112,30,565.84484
3.791297,24,565.88594
-2.887938,30,565.934831
3.318672,30,565.991302
3.326333,20,566.024315
1.825294,27,566.068767
3.029743,30,566.122449
3.962761,15,566.149387
1.359523,30,566.200805
3.188706,30,566.254757
2.855255,23,566.293298
-1.529056,24,566.338216
1.35224,30,566.391375
2.938814,21,566.42627
3.082567,27,566.473242
3.970445,20,566.511705
2.542067,30,566.563426
1.061503,30,566.61706
-0.255253,14,566.640323
2.566712,20,566.675804
-1.160675,30,566.727859
-2.453903,30,566.775006
1.716062,16,566.802268
2.898653,12,566.82454
0.694275,30,566.878147
-0.619765,30,566.924767
0.516039,28,566.972689
3.098421,22,567.01547
4.144825,28,567.063436
3.69423,21,567.098103
4.090483,30,567.149795
0.76295,18,567.179942
3.405329,21,567.216456
0.311487,30,567.267471
0.316726,30,567.316016
3.364412,30,567.371672
2.457559,30,567.420434
2.111229,18,567.453125
1.716483,20,567.496536
0.600141,29,567.548065
-1.023408,20,567.583263
1.368388,24,567.6227
4.102735,23,567.663871
2.48379,12,567.686666
4.102965,22,567.723914
-2.276007,30,567.778375
-1.224753,27,567.822062
3.196744,30,567.873118
4.321729,19,567.9077
4.43321,30,567.958296
3.187417,30,568.010277
2.254287,30,568.059173
1.817129,20,568.092454
1.911033,16,568.119123
1.254882,30,568.170978
3.971633,18,568.200977
3.117809,27,568.249977
2.993397,30,568.300138
2.91254,27,568.345012
2.837284,20,568.381683
1.33705,15,568.409273
-1.173525,15,568.434522
3.539848,30,568.484444
1.637874,25,568.530628
2.839341,17,568.557168
2.134533,15,568.583686
-2.807571,30,568.632687
2.849729,30,568.688191
2.752149,13,568.709459
3.893604,19,568.741081
4.274482,22,568.778368
0.13425,20,568.814603
0.946765,30,568.867851
3.105784,20,568.904515
3.601426,26,568.949183
3.027374,23,568.989841
0.234338,19,569.022616
2.822842,30,569.071241
1.831147,30,569.124411
2.254327,30,569.17421
0.085499,12,569.194566
2.768268,23,569.236066
1.317269,30,569.284785
0.785454,30,569.339788
0.152559,30,569.389152
2.684177,20,569.424926
3.677694,24,569.46529
1.147625,24,569.50674
1.80829,26,569.550273
-2.701533,21,569.585691
1.606332,29,569.635537
-0.79305,30,569.713995
4.293308,23,569.758072
1.767017,21,569.794231
3.985895,21,569.830013
3.165765,30,569.884129
1.036809,30,569.933579
1.773192,13,569.954634
3.748129,27,570.001665
1.030562,21,570.037935
1.146222,30,570.093009
2.892751,30,570.142321
3.622677,28,570.190021
1.018729,29,570.24126
1.12088,30,570.292143
1.012847,23,570.332283
4.140512,25,570.373999
3.358176,30,570.428686
2.352094,16,570.457989
2.763716,19,570.487078
3.692421,16,570.515075
0.795764,30,570.570487
3.726578,26,570.614645
-2.029403,30,570.667494
0.723981,27,570.714926
3.216778,30,570.76973
1.672936,23,570.810796
2.626794,25,570.854514
2.193796,20,570.889951
0.262619,30,570.941772
2.061902,30,570.991244
1.2638,17,571.019159
1.762584,21,571.056363
-1.192523,25,571.099282
4.034178,19,571.133098
1.987458,30,571.180991
0.411796,29,571.228797
1.606423,21,571.268287
0.625005,21,571.304044
1.775473,30,571.353414
1.149961,16,571.382521
0.718678,30,571.437487
2.856981,19,571.470518
1.946712,20,571.502821
2.951095,24,571.544706
0.949838,30,571.594959
-0.603247,30,571.650852
2.409266,30,571.69936
-0.406506,15,571.723247
2.812079,30,571.776061
0.967244,24,571.816863
3.394803,30,571.868751
-0.504597,26,571.909352
3.959331,18,571.943334
1.215118,28,571.990412
4.049067,30,572.041076
2.213744,30,572.09254
2.631901,30,572.146486
3.142297,30,572.200086
2.286112,30,572.25044
-4.415547,9,572.266665
4.147148,23,572.306368
3.187809,30,572.361859
-1.849503,30,572.410609
2.956532,16,572.437981
2.380383,12,572.461639
0.654779,30,572.514069
0.152097,30,572.561688
3.082685,19,572.595189
0.752022,25,572.637233
4.326435,22,572.674922
1.160188,29,572.725972
3.275372,30,572.780061
2.641812,30,572.833305
1.95472,19,572.86753
3.082126,30,572.915024
-3.85392,20,572.948325
1.727234,25,572.993142
1.015935,25,573.034244
1.959917,30,573.084884
3.179391,30,573.135704
0.652268,30,573.185403
4.025166,21,573.223941
4.207526,20,573.259308
1.935154,30,573.308099
2.160393,19,573.345434
-4.058286,30,573.395905
1.420972,22,573.434675
3.727167,22,573.472347
2.077178,30,573.528361
-0.559097,11,573.5477
2.88623,30,573.596898
0.836989,24,573.638825
1.871018,30,573.692878
-0.123771,15,573.715544
1.566958,26,573.76138
2.731462,30,573.813278
1.068474,30,573.866305
0.904812,26,573.912394
3.018089,30,573.964356
0.98761,16,573.990922
3.863605,25,574.033356
-0.22979,29,574.083688
3.792188,22,574.123547
3.878588,25,574.165373
1.020343,23,574.206159
1.230144,30,574.258985
3.627904,19,574.291014
1.294364,30,574.339316
0.795483,13,574.365049
0.210878,28,574.41364
1.377963,27,574.460133
2.268669,24,574.499585
3.921479,29,574.549182
1.340829,30,574.599826
2.692852,30,574.651513
2.169037,30,574.700291
3.061924,22,574.743252
2.913447,12,574.763815
2.244408,30,574.813654
0.382501,30,574.864493
2.891433,19,574.900656
-1.78573,23,574.936734
3.13723,18,574.969715
-6.813612,30,575.0181
2.679241,19,575.0526
3.494425,22,575.092993
3.090298,30,575.14188
0.538287,30,575.192148
-1.728138,30,575.245257
1.148643,14,575.27011
0.219609,19,575.301403
3.675773,15,575.328527
0.806401,21,575.365796
3.56804,15,575.391619
4.152776,24,575.43319
-4.826747,30,575.485728
0.97067,17,575.515684
3.631089,16,575.545314
0.720364,13,575.567535
3.958613,19,575.599956
3.281053,22,575.638254
4.079129,17,575.669554
2.67345,30,575.719445
-0.997094,30,575.770265
-0.303717,30,575.826165
0.840035,30,575.881177
2.035213,25,575.923742
1.085107,30,575.975649
1.310116,10,575.99568
2.244251,30,576.048423
4.333367,30,576.099069
0.25213,21,576.134623
1.24087,30,576.191076
1.821644,25,576.230177
-0.190911,30,576.277597
2.80564,24,576.317173
2.182397,30,576.370473
2.705252,25,576.412465
2.969132,18,576.44511
1.241251,30,576.491614
4.07496,22,576.532389
-2.059755,20,576.566359
3.092295,24,576.606478
-2.410451,9,576.620882
2.004281,28,576.670217
1.298558,10,576.686748
4.428577,30,576.739718
3.165251,21,576.774448
1.870338,16,576.805321
3.982884,23,576.844904
2.796929,23,576.88272
-1.552709,30,576.93019
3.340089,21,576.968228
2.764721,30,577.021661
0.463851,23,577.061836
-0.175209,30,577.110011
1.126899,25,577.154401
0.106337,20,577.189415
-4.864401,30,577.239497
2.351778,21,577.274694
2.689678,25,577.319256
-0.883778,30,577.372701
2.810001,18,577.400626
0.534265,20,577.432193
-0.578055,30,577.487519
2.960939,29,577.537173
1.767116,12,577.557721
3.245598,30,577.609629
1.891168,27,577.657297
3.37196,30,577.709314
3.704127,28,577.758407
2.527341,17,577.786764
-1.925393,23,577.830133
2.929709,22,577.866677
0.901799,26,577.911892
1.695622,18,577.940025
0.067876,18,577.973087
1.673584,24,578.014571
1.772583,16,578.042228
2.276744,15,578.067676
3.018752,30,578.117498
4.136213,21,578.15217
4.051176,24,578.192092
2.205421,22,578.231357
-0.774892,30,578.283022
2.710611,19,578.314249
4.093223,22,578.353195
1.234686,30,578.399504
2.994196,17,578.429651
-1.732319,30,578.483206
0.824358,18,578.512354
4.134773,26,578.559009
3.691709,20,578.595385
3.188012,30,578.644319
3.957016,29,578.694619
3.07775,30,578.742641
2.251553,21,578.780179
3.422021,22,578.818817
2.095383,30,578.866688
4.396479,26,578.912029
2.081801,25,578.955955
1.620227,30,579.012779
2.984441,30,579.060929
2.611748,25,579.103124
4.310824,25,579.151115
1.946939,30,579.203005
3.578241,19,579.240759
1.048443,30,579.292074
-0.085703,30,579.352335
2.719023,22,579.394881
-0.629381,19,579.431207
3.360588,27,579.478032
2.842676,16,579.510026
2.228069,24,579.551404
3.878999,24,579.592139
4.032963,25,579.635799
1.66008,20,579.67355
2.898332,30,579.727903
-0.031262,29,579.777629
2.390075,30,579.828139
3.996731,29,579.88041
3.372403,18,579.910412
3.551372,23,579.950962
4.283262,21,579.986765
2.713567,13,580.02196
-4.495763,28,580.082903
3.72299,22,580.122577
0.542598,26,580.16343
1.129806,14,580.189895
0.953716,17,580.218853
3.199968,30,580.283361
1.604158,13,580.304851
2.221167,17,580.336019
2.935272,29,580.384067
1.549202,20,580.41797
3.304925,30,580.469239
2.333355,25,580.512165
1.275909,30,580.566153
1.964141,30,580.615861
2.416507,21,580.6527
0.849705,27,580.701157
-0.757487,22,580.737344
3.729203,17,580.767575
2.155061,30,580.814111
0.368619,30,580.865245
0.890103,30,580.913441
1.595669,16,580.940768
2.743489,15,580.967178
2.708915,16,580.995404
1.431432,30,581.047438
3.876369,29,581.093735
1.247605,30,581.142663
4.382911,26,581.189609
3.433606,23,581.229537
1.463393,24,581.270597
2.197116,30,581.320848
2.523605,16,581.348796
0.917295,28,581.397671
1.186251,18,581.429076
1.657091,30,581.477199
2.437277,21,581.513188
2.962494,26,581.560544
2.863765,13,581.582922
-3.016299,20,581.615534
3.886637,24,581.659915
-0.39957,30,581.711819
1.974473,30,581.761509
3.30477,30,581.814049
4.177715,17,581.845283
-1.030202,21,581.879854
3.862031,24,581.921446
2.088749,29,581.970499
1.287094,30,582.022635
1.485946,26,582.062688
-0.902213,22,582.099513
0.35659,23,582.140294
2.594912,18,582.171474
-0.66437,30,582.22138
1.956562,30,582.270584
-2.457731,30,582.321119
3.182429,30,582.373415
4.023372,18,582.405339
0.061436,20,582.439298
4.265104,19,582.470381
3.023004,21,582.508877
0.813864,30,582.557785
1.939452,25,582.599425
3.648056,25,582.643339
2.920507,19,582.674837
3.298475,30,582.726727
3.702007,30,582.779747
2.910315,21,582.816581
3.806064,23,582.854677
3.968182,22,582.893589
-0.103084,19,582.924232
2.832416,29,582.972217
3.724342,30,583.024678
2.776063,19,583.058239
-0.72017,30,583.111008
1.565312,17,583.138813
3.338713,27,583.18592
3.221305,30,583.234464
0.838021,30,583.286391
-0.065803,21,583.319643
2.960994,27,583.367133
3.082119,30,583.416331
2.817688,27,583.4622
1.626746,15,583.488823
2.843963,24,583.533479
3.144154,30,583.581852
-3.005284,17,583.610918
2.198875,23,583.650127
2.870834,18,583.683734
0.957203,30,583.732128
0.94045,23,583.770272
4.201038,26,583.813032
3.309468,30,583.865428
-0.86996,30,583.915483
2.899564,23,583.953036
3.153501,30,584.007249
0.001395,30,584.056505
2.134259,30,584.106009
2.494848,30,584.153793
2.681786,13,584.176605
1.644011,14,584.202817
1.772602,30,584.252802
3.537873,26,584.297677
3.086465,30,584.346552
-1.886589,30,584.399089
2.961884,17,584.428298
3.595036,16,584.455955
0.458121,30,584.506534
3.038805,30,584.556536
2.916936,30,584.612232
-0.513132,13,584.633113
3.365806,30,584.681073
1.987578,30,584.735002
4.332557,30,584.783949
-0.632025,30,584.832983
2.438621,29,584.879297
3.134189,30,584.935122
1.721662,30,584.983013
-0.200188,30,585.033385
1.739184,14,585.056332
2.324441,13,585.078554
3.058067,17,585.109022
2.817374,23,585.1462
2.741327,27,585.189294
4.293607,20,585.226289
2.654839,30,585.280194
1.048653,29,585.329511
3.902556,26,585.371403
1.840682,30,585.423287
2.9947,21,585.458869
1.986516,30,585.511276
3.862492,25,585.551819
-0.071282,30,585.604531
1.820516,16,585.631256
3.811494,26,585.677165
2.746105,30,585.727398
4.179326,22,585.76488
-0.797343,18,585.793238
3.209908,21,585.828676
1.406215,30,585.875282
2.171916,18,585.909364
-0.020004,30,585.958049
1.916757,20,585.992322
1.938653,28,586.038317
3.215473,30,586.093785
0.839106,30,586.144495
3.776277,15,586.170578
1.575617,28,586.219435
2.57639,30,586.272118
1.839364,30,586.323751
1.698208,21,586.358331
2.231165,22,586.398344
1.687259,18,586.430903
1.675017,26,586.475563
3.014004,17,586.504791
2.850223,22,586.542424
4.423003,30,586.599762
0.734291,27,586.647318
4.265642,22,586.684346
3.275918,30,586.738322
1.518707,11,586.756999
1.722762,27,586.806402
-4.470183,30,586.859775
1.827029,30,586.909669
3.151897,30,586.967248
3.782109,25,587.01202
0.867887,30,587.061765
2.913502,14,587.088307
4.212944,15,587.117491
3.604994,27,587.161716
1.036995,17,587.191166
2.362107,20,587.225061
2.675466,27,587.270756
0.696328,17,587.302855
2.606251,17,587.331866
-0.233984,9,587.346713
2.113095,17,587.375808
3.927969,24,587.417788
-0.370729,30,587.467946
-0.419194,14,587.491452
3.136423,30,587.546753
-3.719327,30,587.59509
2.981941,30,587.649101
-0.653717,30,587.698463
2.782006,15,587.726864
0.722,25,587.773711
1.784186,16,587.801549
2.297863,18,587.833953
3.135847,13,587.859087
3.192058,30,587.910212
-0.972608,21,587.946564
3.082627,30,587.99842
-0.4,30,588.052072
2.609289,17,588.08064
0.22067,22,588.119438
1.378495,30,588.169127
-1.92322,30,588.222316
0.811634,29,588.271332
2.918804,30,588.321293
0.072509,19,588.353312
1.74487,24,588.396625
3.522324,17,588.427525
2.975651,21,588.467715
-1.111261,28,588.519015
0.794077,30,588.578273
2.918235,21,588.616641
2.887957,17,588.649712
2.844958,24,588.692391
3.321483,24,588.737006
2.178575,30,588.787465
-0.821238,30,588.842267
-0.97951,19,588.873754
-2.631196,15,588.905159
3.236427,13,588.92942
-0.152357,23,588.972596
4.394786,26,589.021205
4.091386,27,589.067243
3.137112,30,589.120502
2.932381,22,589.156007
4.089854,17,589.187205
3.406852,28,589.238806
1.278877,30,589.290533
4.351896,18,589.323994
3.414471,30,589.376591
-4.359744,21,589.412362
0.677638,21,589.449758
3.328887,29,589.498521
-1.873646,30,589.548806
4.171402,26,589.598218
-1.597446,30,589.648813
2.891318,26,589.694668
4.101891,27,589.741618
0.427664,18,589.773929
3.49148,19,589.808775
2.404662,14,589.830667
-0.239941,20,589.867239
3.290382,30,589.921685
-0.751822,30,589.970675
3.408067,21,590.008674
1.828632,21,590.045517
1.005404,18,590.076679
0.865968,30,590.129942
-0.198663,30,590.178308
0.466057,30,590.229965
4.059821,27,590.282669
2.761227,16,590.311588
0.774514,30,590.363309
1.898696,30,590.415688
4.175369,22,590.454685
3.15184,30,590.505314
-0.149314,30,590.552922
-0.4,30,590.605396
1.996856,30,590.659725
3.012118,30,590.737544
1.218401,30,590.79779
3.756965,18,590.833509
3.994219,22,590.872366
0.405872,10,590.891063
2.67223,30,590.94334
1.565361,17,590.972189
-0.908763,30,591.025956
2.683478,30,591.076976
1.106788,22,591.117015
-1.703885,30,591.163899
4.329106,24,591.206249
1.368173,30,591.259662
2.085112,17,591.287967
3.298089,23,591.326885
0.985584,24,591.370304
3.717959,21,591.406374
2.022734,30,591.458377
3.001004,30,591.507128
1.051755,27,591.557646
2.374798,17,591.589693
4.159933,25,591.631815
1.814365,15,591.658353
3.023656,14,591.685975
1.854499,16,591.712713
-0.070919,28,591.760649
2.070171,30,591.810534
3.12719,25,591.853379
4.052576,23,591.893501
2.729307,19,591.927088
-0.243424,16,591.954875
4.063638,21,591.99348
1.157084,18,592.02524
1.449945,11,592.043652
2.635785,30,592.095808
3.785095,24,592.140301
3.347172,30,592.190345
3.302872,30,592.244998
-1.046193,18,592.274271
3.320733,30,592.33098
1.872793,30,592.382124
0.207506,27,592.42941
0.64238,30,592.47977
4.200138,27,592.526284
3.540207,22,592.566096
-0.345281,30,592.617453
3.159752,30,592.670515
3.202881,30,592.752474
3.270109,30,592.810148
3.159355,27,592.858007
3.220251,30,592.907352
3.355972,30,592.962449
0.933632,12,592.982739
-0.271222,30,593.034269
1.971663,21,593.070389
1.539471,21,593.110975
1.713296,30,593.160209
3.101875,30,593.214811
1.322484,30,593.264197
2.321701,28,593.314045
1.291991,19,593.347965
2.852971,22,593.382671
3.529817,25,593.427076
0.395904,30,593.478199
0.952588,21,593.514428
-0.104242,13,593.540815
2.22226,18,593.571445
3.954528,27,593.620816
0.112539,30,593.667741
0.576699,30,593.72037
3.011937,30,593.771737
1.019516,23,593.812784
2.652187,30,593.865373
3.013475,30,593.91448
-0.119295,28,593.963257
1.924439,30,594.016979
4.179271,22,594.055693
3.60249,17,594.083771
1.150033,19,594.116008
-1.921325,25,594.159939
2.180081,27,594.205762
-0.902258,15,594.231285
2.031338,30,594.285493
-0.287837,20,594.321092
2.782874,30,594.37346
1.350454,30,594.426167
2.222964,30,594.477556
3.304131,30,594.527003
4.105673,27,594.574084
-0.065978,30,594.625194
3.263347,30,594.674247
3.323437,30,594.729333
3.341269,30,594.778969
2.776133,26,594.822854
-1.09646,19,594.856061
0.999274,17,594.893357
1.115803,30,594.952458
0.093963,30,595.007332
3.117537,22,595.042503
-0.228189,16,595.074264
2.75514,21,595.109812
-0.691637,22,595.147887
3.08038,30,595.200727
-0.481178,15,595.229985
-4.109753,30,595.285508
3.288367,28,595.334255
1.389446,30,595.383159
1.684795,14,595.411996
-1.258109,19,595.442325
2.294505,23,595.482045
0.244067,11,595.501175
3.233095,28,595.552771
0.723196,30,595.604733
2.969627,24,595.645831
3.392069,30,595.701131
1.177511,21,595.737751
0.010629,23,595.777838
0.903314,23,595.817579
3.019623,19,595.848358
3.589873,22,595.892626
1.844793,14,595.915251
3.238675,30,595.972211
0.630018,21,596.008654
4.029902,19,596.043862
3.652198,20,596.080774
1.008285,20,596.114151
0.676094,23,596.153855
3.247869,30,596.204889
3.056089,16,596.2311
2.910266,20,596.265079
4.002042,23,596.304041
2.957816,30,596.355547
1.953593,11,596.376456
2.540309,13,596.397791
-0.648207,30,596.4516
1.041358,30,596.504857
0.935153,28,596.551879
2.999681,30,596.605156
3.033679,20,596.640459
1.37552,18,596.672311
2.826409,16,596.701574
2.795015,30,596.752343
2.941513,30,596.805603
1.312086,30,596.861018
-0.943188,23,596.898967
3.293429,30,596.949433
0.946327,19,596.983382
1.774183,30,597.038077
1.061586,18,597.070461
-0.423311,24,597.112215
3.119185,30,597.162849
2.856343,16,597.191116
3.237237,30,597.243531
-1.035757,25,597.288264
2.72333,15,597.313198
1.534658,12,597.337641
-4.392121,22,597.373829
4.217208,27,597.419967
2.200983,28,597.468016
4.144643,26,597.515453
2.664331,30,597.564508
2.777494,14,597.59088
3.288298,30,597.643095
-0.473151,10,597.663134
2.030981,30,597.710902
3.574376,17,597.740718
-5.085312,30,597.793177
0.330572,17,597.823059
2.378739,29,597.873323
-0.818203,30,597.927381
-0.077693,30,597.979362
1.271215,30,598.03446
3.998407,25,598.079205
1.737296,30,598.13511
2.30752,30,598.185878
1.391174,29,598.239113
1.343942,13,598.263788
4.041716,24,598.304596
1.528635,13,598.327466
1.440331,18,598.359401
1.629727,30,598.413923
2.048951,25,598.456117
2.700195,17,598.483764
3.042823,13,598.510602
3.788602,19,598.544053
2.579362,26,598.589053
2.696052,23,598.628002
3.338939,30,598.677394
1.554906,17,598.704356
0.975391,28,598.75121
0.603204,30,598.802348
2.647054,20,598.837462
-2.011056,26,598.879942
0.126268,28,598.93014
0.202412,12,598.949509
0.985144,30,599.005785
1.658809,27,599.053901
4.112732,18,599.083458
2.826779,25,599.126156
-2.009752,27,599.174413
1.375352,30,599.227883
3.994987,29,599.279502
-1.209725,30,599.331354
2.036114,30,599.384547
-5.867196,30,599.433361
3.1049,30,599.486638
0.746516,19,599.518061
2.681936,30,599.574822
3.041066,23,599.614093
0.280143,27,599.661913
1.83843,29,599.709373
0.020883,30,599.759432
0.831848,30,599.813284
2.899711,19,599.845606
3.707122,29,599.892972
3.491621,24,599.935057
1.370648,30,599.984919
2.846403,26,600.029447
3.103008,28,600.076073
2.341306,25,600.122032
0.374169,27,600.169549
3.680438,27,600.214026
-0.16123,30,600.261757
-1.152854,30,600.316655
4.286932,25,600.359153
-1.078926,30,600.408694
2.020042,30,600.459007
3.001695,21,600.496409
2.352241,27,600.543595
4.031325,21,600.581228
2.565431,23,600.620462
2.444518,25,600.663135
1.375069,14,600.688099
4.196773,21,600.722698
-1.055747,30,600.771957
4.047355,28,600.819715
2.109542,20,600.852565
-0.114975,30,600.904765
-1.567887,12,600.924988
-0.390886,30,600.980183
0.162624,18,601.01079
3.543693,25,601.05107
2.986137,30,601.102953
2.255834,30,601.151124
2.221407,24,601.19307
2.894793,30,601.245581
3.209709,30,601.297083
2.605189,19,601.332819
0.850151,23,601.373524
3.403285,21,601.407443
0.685058,30,601.459119
4.071414,16,601.490372
-0.285908,25,601.533612
2.59579,19,601.564438
-1.236974,30,601.618003
-2.929233,30,601.672796
2.859518,30,601.726156
3.31727,13,601.747667
3.626372,13,601.770736
2.609636,22,601.812331
2.336547,30,601.863792
2.257151,21,601.900595
-1.376226,26,601.942494
2.015383,30,601.997642
3.189527,30,602.045459
-0.645703,30,602.097383
1.033195,29,602.143603
2.329037,29,602.192992
3.906519,23,602.233848
4.67953,29,602.283642
2.702702,30,602.33378
2.167539,12,602.355505
2.119107,30,602.407158
3.179955,30,602.462063
3.356264,30,602.512733
1.204256,30,602.569073
1.371024,30,602.620517
2.907316,30,602.673028
1.232336,12,602.693054
2.23914,19,602.724913
1.942493,30,602.783455
-0.246034,30,602.831619
2.452248,17,602.863904
4.221147,18,602.897373
1.238745,30,602.950678
1.436068,30,602.999843
4.273569,26,603.046247
3.938315,27,603.097091
2.122584,21,603.135196
1.883943,30,603.184512
1.055468,21,603.220352
2.096659,30,603.275913
1.02304,30,603.324576
2.8676,30,603.377758
4.133394,21,603.413282
-0.363838,30,603.467555
3.419346,16,603.495147
4.050047,23,603.531182
2.968542,30,603.585802
0.580654,17,603.617544
4.187828,23,603.658454
-1.130822,14,603.681634
1.723181,30,603.734193
2.871062,30,603.787425
3.366775,30,603.844542
4.095586,20,603.879731
1.489652,20,603.913412
3.735368,23,603.958823
3.186754,30,604.00936
3.070859,23,604.04831
3.544402,17,604.075412
4.12455,22,604.118308
2.878473,13,604.139941
2.418254,15,604.166312
3.495836,16,604.193533
0.970419,30,604.242975
4.171095,26,604.289223
1.935535,20,604.323372
1.821003,17,604.351619
2.943655,18,604.38351
1.876971,30,604.435757
1.749664,30,604.484549
1.718081,17,604.515563
4.111839,26,604.56364
2.384478,30,604.616499
2.984674,30,604.66562
1.800551,11,604.685309
3.753693,22,604.725225
2.927355,18,604.759146
2.891354,17,604.787914
0.497636,27,604.834315
1.754882,13,604.860183
1.755725,18,604.892807
1.453957,15,604.915799
-1.89658,21,604.95404
3.921568,14,604.980006
2.692561,28,605.02845
2.069222,29,605.077732
3.840771,26,605.126259
2.115605,30,605.17921
0.95983,30,605.229347
3.039524,26,605.27173
2.219565,30,605.323696
2.399733,14,605.347137
-0.301618,25,605.390805
3.178937,30,605.442796
2.551229,29,605.490466
-0.171128,30,605.544763
1.911415,30,605.593882
2.213253,30,605.64682
3.997573,24,605.689027
2.929594,19,605.726121
2.59216,30,605.777059
2.16613,30,605.828521
2.949571,30,605.875909
0.841223,25,605.917872
3.41358,28,605.966859
-0.130184,30,606.017886
0.927137,27,606.063262
3.6162,24,606.106005
3.281577,30,606.154846
0.11656,22,606.194304
2.388638,28,606.241372
-0.441605,20,606.279144
0.894726,30,606.330777
0.57572,30,606.384021
3.832013,29,606.433853
2.20739,24,606.477338
3.220935,30,606.529272
3.347875,30,606.579961
3.800158,22,606.618391
3.190609,30,606.675437
2.071037,14,606.699936
4.141619,26,606.745701
4.058864,18,606.78729
2.474238,30,606.853611
2.022563,20,606.887898
-0.669203,30,606.936808
1.52128,22,606.976181
-0.080475,29,607.026764
3.626998,17,607.056026
1.777109,22,607.094601
1.073265,18,607.125196
3.322603,30,607.180529
2.446231,27,607.225351
1.777424,30,607.271167
2.800798,30,607.321845
2.663154,12,607.343539
1.613192,18,607.373527
3.47316,16,607.400982
1.227081,30,607.455928
1.835246,22,607.493671
-0.598981,30,607.546268
-0.380041,21,607.581332
-0.437726,22,607.617943
-0.570585,28,607.667417
0.785796,25,607.71025
1.395386,11,607.728349
3.160875,30,607.782094
4.015034,23,607.822335
2.564055,18,607.85227
2.102672,30,607.902439
2.194755,18,607.931242
2.833586,17,607.961778
3.32863,30,608.014993
0.981918,13,608.034869
1.765241,15,608.061045
3.253956,30,608.112212
3.335045,30,608.165608
3.636966,26,608.206825
3.114904,26,608.250721
2.263538,30,608.301762
0.997981,30,608.352424
3.235738,30,608.402284
4.324778,27,608.449975
-0.751223,30,608.503618
-0.806319,30,608.550528
2.767251,14,608.578349
2.44924,24,608.619602
4.115902,15,608.645282
-0.753773,12,608.66584
2.328543,30,608.719538
2.334212,19,608.752734
-0.969815,30,608.806116
3.758416,29,608.854759
-0.425369,13,608.878864
-1.17656,30,608.930239
3.384188,30,608.983428
-0.781404,30,609.035941
3.785529,28,609.08499
4.041104,23,609.126409
2.753024,18,609.156654
4.111175,22,609.196913
2.225836,30,609.246787
1.381208,30,609.298878
3.563893,28,609.347838
2.785587,29,609.39626
0.146758,30,609.44756
4.196209,22,609.482304
0.880899,30,609.537042
0.134178,30,609.587787
0.025697,30,609.640629
2.65637,19,609.671183
1.654317,19,609.70646
0.2435,30,609.760081
2.265139,19,609.791949
2.777728,21,609.830274
0.781497,30,609.885873
-0.273669,29,609.933953
1.54161,29,609.983641
3.243,30,610.031722
3.678674,22,610.072148
0.774291,30,610.123243
1.57393,17,610.150001
3.504234,21,610.187646
-0.138926,14,610.215196
4.281313,26,610.261193
3.89496,23,610.2997
-2.808935,30,610.350634
1.404546,15,610.380314
4.116178,28,610.426092
4.289214,30,610.476917
3.419537,23,610.515234
2.898526,20,610.554532
3.648886,27,610.602625
0.138282,30,610.652693
3.898834,20,610.687144
4.245518,26,610.738234
4.02789,25,610.78189
2.644362,30,610.830927
-0.312149,30,610.883941
-0.166188,30,610.937837
3.692591,30,610.98965
1.510129,30,611.03893
3.040821,30,611.09125
0.807268,23,611.13741
0.874555,20,611.172813
2.07303,30,611.218767
3.216533,30,611.272632
3.382027,30,611.326816
4.070937,17,611.355535
2.323288,30,611.405777
-4.301132,30,611.454824
2.031071,27,611.504357
3.361234,30,611.557052
1.402276,30,611.6071
1.140657,19,611.64059
4.032285,23,611.683621
1.149064,24,611.724448
2.885343,16,611.750925
2.523028,26,611.794287
1.366841,30,611.850159
3.180696,30,611.898675
3.012785,22,611.937904
3.095564,19,611.968222
2.99728,22,612.007994
1.811206,26,612.05076
3.401906,30,612.101859
-0.06815,27,612.146252
3.108393,27,612.191966
3.282124,30,612.245238
4.119784,24,612.288246
0.502963,30,612.340117
4.071991,23,612.381208
2.303391,13,612.402312
1.362855,30,612.453993
4.076574,25,612.494891
0.024787,30,612.54626
3.875705,21,612.581897
4.179674,21,612.617074
-1.274163,30,612.666854
3.650886,25,612.709294
-1.076498,20,612.743068
3.13045,18,612.776855
0.866157,30,612.828883
2.1747,20,612.863996
3.006694,16,612.892954
1.394767,29,612.944983
2.930856,26,612.990776
3.327154,30,613.042906
2.18114,28,613.090692
2.2702,30,613.14234
4.159445,16,613.170211
2.966298,26,613.214243
1.594586,30,613.268193
3.312987,30,613.319104
-0.945396,30,613.370842
2.966534,22,613.409485
2.694662,27,613.454918
3.013684,23,613.49467
-2.99859,30,613.543993
2.928581,30,613.600543
4.213738,27,613.644431
2.909585,28,613.694866
-0.715048,30,613.747699
3.371869,22,613.787313
2.686444,30,613.836811
3.118821,30,613.888981
3.201617,30,613.94153
-0.893161,30,613.993569
0.875774,30,614.046187
2.865087,30,614.094662
2.733594,18,614.127631
0.887745,30,614.177603
2.302195,30,614.227083
3.883061,28,614.277804
2.199249,30,614.326893
2.108832,30,614.379015
4.009928,28,614.425207
4.16893,25,614.466203
1.490102,26,614.510118
2.553729,15,614.535437
3.076639,24,614.577781
3.944088,23,614.617815
2.786295,30,614.666362
3.159181,30,614.716637
3.761807,19,614.749643
3.289683,30,614.799108
3.044494,23,614.836663
4.304588,25,614.881628
3.105189,14,614.907833
4.357203,24,614.948117
3.7875,26,614.989037
2.019395,29,615.041582
2.957495,26,615.084983
0.956298,30,615.138319
1.133026,17,615.16614
2.662704,19,615.198708
1.063129,25,615.241343
3.200489,30,615.293278
1.158878,12,615.315296
1.062165,21,615.353881
0.995466,30,615.402244
0.39595,30,615.45438
2.097466,30,615.502114
2.655227,28,615.550293
1.964445,30,615.606157
2.489116,26,615.651244
3.069914,30,615.702097
2.072822,30,615.755256
3.914213,30,615.812002
0.677956,30,615.859502
1.396191,30,615.920455
3.116817,19,615.95473
4.097555,25,615.999197
3.047243,30,616.048876
-0.069732,30,616.100975
-0.731802,30,616.175386
-0.34898,30,616.229467
2.816492,30,616.282877
2.118739,11,616.302602
2.99373,30,616.354479
-1.903452,26,616.400135
2.606485,30,616.451992
1.963304,30,616.502035
0.962262,21,616.540467
0.917403,20,616.577078
1.314586,25,616.619995
-0.482948,30,616.668096
1.724997,30,616.72151
2.502208,30,616.775389
1.294524,22,616.812155
3.616214,14,616.837258
3.375408,24,616.882824
2.548384,13,616.905711
1.358501,30,616.956491
2.430984,18,616.985453
1.616128,9,617.001798
3.567707,19,617.033726
3.890135,29,617.082457
3.645608,27,617.130859
2.263639,14,617.157188
0.354,19,617.188767
3.881232,28,617.23588
2.664721,19,617.268237
2.880532,25,617.312994
3.017691,17,617.344446
2.758531,20,617.37884
4.173722,20,617.414615
3.19518,30,617.467227
2.700213,25,617.509108
0.0588,28,617.558311
2.92343,23,617.599295
-0.784221,28,617.651008
1.448868,30,617.702361
3.865527,27,617.751651
0.929278,23,617.794179
4.204908,23,617.836845
1.740814,13,617.859209
1.810364,30,617.912716
2.926143,29,617.964742
3.083236,25,618.011193
3.289848,30,618.062878
-0.013262,11,618.08018
1.079279,20,618.113056
1.568392,18,618.150402
4.101017,17,618.180407
2.801978,22,618.217927
2.184749,22,618.253178
1.937547,30,618.30978
3.976248,29,618.358213
2.633772,23,618.399023
1.589206,18,618.427382
3.510728,20,618.464149
-0.552563,12,618.482922
1.818881,13,618.503979
-1.123364,20,618.53599
-0.834929,26,618.584261
0.014475,15,618.611132
3.778614,24,618.65155
0.937663,30,618.699655
2.271191,28,618.752131
2.121375,26,618.800773
4.168444,25,618.843777
3.659171,25,618.88634
3.32418,30,618.942435
3.333521,27,618.987877
3.070851,20,619.023605
2.535499,16,619.052046
0.309859,30,619.104825
2.925157,18,619.133948
0.823432,25,619.175473
0.616877,30,619.224933
4.036703,29,619.277556
3.910942,21,619.318082
2.116387,18,619.347999
2.343551,20,619.383049
3.233506,30,619.436213
3.18359,30,619.487492
0.740669,27,619.530809
4.354238,22,619.566141
1.95936,23,619.607232
3.00131,17,619.634852
2.13171,17,619.665933
4.568387,28,619.721189
2.404071,30,619.778453
1.291936,21,619.816076
2.852261,30,619.869909
4.015648,26,619.915835
2.074374,28,619.969368
1.062685,26,620.017076
2.108052,22,620.055749
1.067314,14,620.08171
2.865793,19,620.121157
-0.245112,13,620.144334
1.122807,21,620.179832
4.30766,19,620.213008
3.196405,29,620.267466
1.748537,23,620.31217
0.945199,30,620.367731
1.276475,30,620.420474
-3.197957,30,620.475694
-1.261389,20,620.509473
3.944863,30,620.562532
0.733467,26,620.606526
1.140905,24,620.654063
1.189003,30,620.705678
4.198497,27,620.749172
1.447389,15,620.774468
2.396769,28,620.821889
4.230738,27,620.87074
0.277631,7,620.883481
2.359828,23,620.923349
-1.0997,18,620.957996
1.866232,30,621.011614
1.776841,13,621.033331
3.622234,18,621.063116
2.20378,30,621.117867
1.429946,30,621.169582
3.294069,30,621.222294
3.740414,19,621.254471
2.851752,30,621.30901
2.498935,22,621.347144
3.876623,27,621.390993
-1.177594,29,621.442674
-1.869139,15,621.466182
1.137448,30,621.521009
0.59844,14,621.543653
4.127743,22,621.581395
2.122255,30,621.633759
-0.594015,10,621.653125
1.23524,30,621.701838
1.500699,12,621.722134
-2.156831,30,621.780366
-0.231711,29,621.830611
0.906773,21,621.865776
1.188579,26,621.909226
2.953421,17,621.941634
-2.065408,30,621.992618
-0.774535,24,622.030935
-0.560041,30,622.080231
2.605743,12,622.105191
2.622722,21,622.1416
-1.629422,30,622.194096
2.413322,18,622.224262
1.142229,30,622.281222
1.624559,12,622.302773
1.124187,30,622.355116
2.556743,20,622.388425
3.210706,30,622.445109
3.036736,18,622.474043
0.69915,30,622.524868
3.240191,18,622.553746
2.121362,30,622.608972
3.32266,30,622.661736
4.315397,24,622.701715
4.006676,25,622.748119
3.321846,30,622.802186
0.311565,30,622.855017
1.994187,16,622.883335
1.868169,30,622.933053
2.946061,13,622.957458
3.257712,30,623.012731
4.021345,27,623.059271
3.325571,14,623.083346
2.129047,17,623.113821
2.990009,14,623.140794
2.238952,19,623.173311
4.183053,24,623.215713
3.161275,30,623.26971
1.238405,30,623.322386
2.194209,30,623.373748
-1.937762,19,623.406011
1.758541,30,623.460802
4.04274,15,623.490076
-0.403091,30,623.54221
2.609639,22,623.578606
-3.490445,30,623.631377
3.563482,28,623.683678
3.446993,18,623.712939
-0.945111,26,623.758996
3.841596,28,623.812267
1.922794,30,623.861728
3.386707,23,623.901277
2.270372,19,623.935785
0.370342,19,623.971619
1.4463,17,624.001566
-0.732016,30,624.05239
2.307162,14,624.076053
2.909887,17,624.106915
4.103996,29,624.160074
2.64321,17,624.187904
3.275996,30,624.238645
1.445934,30,624.293574
1.737358,28,624.341335
2.013519,30,624.395654
1.864479,30,624.446599
2.232965,30,624.501144
4.294281,23,624.542556
1.947815,16,624.569897
2.557418,23,624.607917
1.85974,14,624.63381
-0.489473,16,624.6635
1.276375,24,624.705016
2.273016,23,624.743416
3.076977,12,624.766276
0.666048,20,624.802379
2.707228,27,624.848488
-3.181233,26,624.893816
3.67376,29,624.946773
2.614045,30,624.999103
3.133282,30,625.049812
2.289248,23,625.088041
-1.076652,30,625.142263
2.550598,25,625.186463
4.020339,16,625.216185
0.424082,17,625.251319
3.848131,23,625.304997
2.259082,11,625.325689
1.369011,17,625.357075
3.359923,30,625.406274
-1.092796,26,625.454078
2.762312,13,625.476511
3.027947,18,625.50771
3.46044,20,625.541605
-0.669685,30,625.594028
3.2715,30,625.644883
2.93488,16,625.672529
1.75801,30,625.728076
3.217788,30,625.780239
3.698146,19,625.815986
2.649885,16,625.842335
2.555943,14,625.868327
4.269744,23,625.908967
1.027436,30,625.96377
1.488454,30,626.016633
1.621025,30,626.068724
3.156529,22,626.10748
3.625895,21,626.146894
2.08059,19,626.176452
0.788584,30,626.227121
2.950848,30,626.279218
2.281606,16,626.30788
1.504151,30,626.363518
2.147357,29,626.412372
2.171069,13,626.43697
0.892776,23,626.479174
1.364252,30,626.532816
1.188346,30,626.582792
2.982828,26,626.632783
3.574542,25,626.674757
4.205688,19,626.708266
1.928384,26,626.751605
3.542043,21,626.788311
3.913468,26,626.838244
3.066326,15,626.866491
2.787925,30,626.917294
2.134001,21,626.95407
-1.387623,30,627.007994
3.277096,30,627.057594
3.972326,15,627.083877
2.632737,17,627.11316
1.732247,30,627.16578
2.114277,30,627.215546
3.213232,30,627.266739
0.053991,30,627.319443
1.650369,13,627.345629
0.579473,30,627.395268
3.621003,23,627.434086
2.203659,30,627.486895
3.840952,23,627.526351
3.121396,30,627.576699
-2.200068,30,627.627549
2.002588,24,627.671165
4.058381,21,627.707312
0.378583,25,627.753466
1.167099,30,627.805629
1.916344,19,627.839311
-1.624765,30,627.891437
1.146114,17,627.922074
1.922337,17,627.949156
3.758976,22,627.990093
1.946492,19,628.023064
2.773317,30,628.071545
1.593061,23,628.108262
1.540156,17,628.140627
4.154769,21,628.176394
3.239585,14,628.198312
0.934009,24,628.239451
2.443567,30,628.29366
-0.719885,30,628.343913
3.203179,30,628.395401
4.185211,24,628.437658
-2.025683,30,628.489109
2.574442,30,628.542282
2.116195,22,628.579079
2.883955,20,628.614989
2.507406,30,628.668842
2.885802,30,628.718779
3.139659,21,628.756958
0.074243,24,628.795346
2.373955,24,628.837632
2.32159,25,628.882083
0.906532,28,628.929401
1.028188,14,628.952765
2.018552,27,629.003888
1.318823,30,629.054337
4.124297,21,629.090466
2.993089,30,629.139793
0.208338,27,629.18762
-2.022233,28,629.236242
-0.013494,30,629.291686
0.350649,11,629.308846
2.978442,23,629.349572
-0.936702,30,629.403028
1.295062,23,629.440563
1.521759,21,629.478066
2.609108,25,629.522159
2.320887,24,629.566452
2.879969,25,629.610187
4.041479,26,629.656798
3.239336,11,629.67693
3.265633,30,629.733473
3.843317,21,629.769542
1.59041,30,629.822938
3.86396,28,629.874892
2.604306,18,629.907616
0.81331,30,629.963858
4.268486,29,630.015538
3.301065,30,630.071376
1.967761,25,630.117381
1.282668,17,630.145814
2.368617,19,630.178185
3.263772,30,630.229857
1.836529,30,630.284148
2.860332,16,630.311618
1.952132,24,630.351703
2.886927,18,630.382826
1.030807,12,630.402944
1.556153,23,630.446082
3.202936,30,630.4961
0.327876,17,630.529559
1.700991,23,630.568578
2.0256,29,630.621686
4.16268,25,630.66345
3.600364,25,630.710117
4.023649,27,630.75928
-0.923863,26,630.799887
-2.696829,30,630.854254
-1.921215,27,630.904725
2.9371,17,630.934989
2.58953,26,630.978464
-0.678635,20,631.012149
2.059846,30,631.067541
3.701359,26,631.111176
2.346105,22,631.149433
1.075415,30,631.199713
2.741844,23,631.243336
2.72397,18,631.275305
0.55719,23,631.313929
1.828238,24,631.3535
2.274942,30,631.411174
3.10295,18,631.439694
1.303078,30,631.491867
1.319027,30,631.543001
4.378092,26,631.591145
3.067183,13,631.614527
4.159957,22,631.654492
1.25685,26,631.699372
1.643799,15,631.726985
-4.354532,12,631.746482
3.991878,27,631.793843
3.363646,30,631.84305
3.120477,16,631.872913
1.630455,30,631.928323
1.275461,26,631.970089
1.627007,29,632.020388
4.048786,23,632.063185
2.042383,25,632.105132
0.820268,30,632.159408
2.735709,29,632.208891
2.813453,26,632.257042
2.432622,26,632.302833
2.083938,30,632.351903
2.836235,30,632.404041
3.156998,30,632.460323
3.893092,24,632.503017
0.361694,30,632.549661
-0.09376,11,632.56985
3.093342,26,632.615807
3.362131,30,632.670318
1.541746,26,632.711109
0.337747,21,632.750522
1.559777,30,632.806803
3.622842,24,632.847933
1.790303,9,632.863413
3.503957,24,632.906381
0.270546,29,632.961982
2.989807,30,633.012074
2.533655,17,633.040422
0.947398,30,633.090851
4.40854,23,633.136005
1.134928,22,633.172835
-0.867636,30,633.225891
3.352687,30,633.27735
4.683012,28,633.32778
2.706893,21,633.362502
1.879021,30,633.416095
0.909742,16,633.443158
2.968703,17,633.473465
2.89009,23,633.514611
3.499346,17,633.544218
2.285592,17,633.574102
2.930245,22,633.618032
2.912128,19,633.652274
3.02078,13,633.673885
2.337393,30,633.723655
1.184237,30,633.779446
-0.72708,30,633.828702
1.191903,30,633.883033
2.731653,17,633.911449
2.208244,23,633.953043
0.737454,30,634.007692
2.085621,23,634.048035
0.639674,30,634.099
3.325203,30,634.14882
-3.291697,30,634.201872
3.681999,22,634.236785
3.920566,27,634.284358
0.04859,30,634.336075
0.040293,30,634.388095
2.276567,10,634.406959
0.81523,26,634.453636
2.869086,21,634.491443
2.906363,18,634.524042
4.245939,20,634.557217
2.31131,30,634.607407
0.161479,29,634.68117
4.075235,20,634.720136
1.263618,30,634.773479
2.600573,24,634.81328
1.304719,30,634.868466
2.179526,10,634.888574
1.836901,14,634.911017
3.287786,30,634.965673
-0.1226,18,634.997407
0.808375,25,635.044426
2.862669,16,635.074314
2.723789,30,635.127024
-0.038365,30,635.182522
0.605612,27,635.229517
-1.374479,14,635.255662
4.226007,26,635.301221
2.719876,20,635.338502
4.042273,13,635.36234
3.051377,15,635.387558
2.218041,19,635.420973
4.205917,22,635.464315
0.840649,28,635.512377
2.821434,19,635.544644
2.913308,22,635.584498
1.126563,30,635.637909
0.567633,30,635.694325
4.190905,23,635.736258
4.173457,17,635.765446
-0.230533,18,635.795709
0.824284,13,635.821775
-4.94288,30,635.87271
3.350493,30,635.927465
2.488885,13,635.950937
0.991403,23,635.990635
-1.223249,30,636.040939
2.285489,16,636.068623
3.657843,29,636.121497
1.253813,17,636.152873
2.535839,13,636.176285
3.316376,30,636.22741
4.169741,21,636.266772
-0.306555,30,636.318088
2.223855,30,636.373215
2.219623,13,636.393447
-0.556815,14,636.418616
0.618545,19,636.45299
3.222876,30,636.504463
-0.715664,18,636.536035
0.874171,19,636.572046
4.264788,21,636.61008
2.042751,23,636.65041
1.169274,19,636.682636
1.022997,30,636.736271
3.34409,30,636.789243
3.236091,30,636.841772
2.813767,30,636.893624
4.234112,22,636.933161
2.955315,16,636.962915
-2.429021,29,637.011955
-1.873494,30,637.063864
-1.466411,20,637.099296
2.549956,20,637.134685
-7.591185,26,637.179489
0.586794,28,637.227763
0.012671,30,637.282416
1.263201,28,637.330916
2.570738,30,637.38229
1.353771,30,637.432109
0.430456,30,637.484788
2.473781,19,637.517339
0.366786,30,637.570158
0.693505,24,637.612124
2.92398,19,637.645125
4.178022,15,637.671
0.975669,30,637.723381
2.863962,17,637.753778
0.626432,14,637.780105
1.080177,26,637.826933
2.927546,21,637.864388
2.274685,25,637.906868
2.126341,20,637.943124
-0.586061,30,637.995973
0.95161,15,638.022544
-2.064939,17,638.050603
3.65005,27,638.100665
1.891745,10,638.117715
1.340737,30,638.170512
2.863277,23,638.207983
2.140438,18,638.241847
4.130072,25,638.285502
3.160286,30,638.336044
4.221957,20,638.370183
3.103184,30,638.422049
1.287471,22,638.461905
0.674726,25,638.50623
4.307304,21,638.543043
3.011591,30,638.598307
3.156222,18,638.628375
4.268216,24,638.671833
4.018997,21,638.707273
2.899237,14,638.735009
2.809153,17,638.76533
2.876123,19,638.798514
0.10415,30,638.845274
0.503975,28,638.896706
-0.205116,21,638.93406
3.419185,19,638.964575
0.611719,19,638.998023
2.089521,30,639.053354
4.101717,18,639.08382
2.721524,24,639.125028
0.288271,25,639.16628
1.166545,30,639.222687
2.174444,20,639.257373
-0.34908,17,639.285665
2.972563,29,639.335782
4.019258,21,639.376335
4.403977,21,639.41425
3.116779,30,639.46426
1.954303,17,639.49527
2.413955,10,639.512684
3.497686,26,639.562395
3.680999,16,639.589846
-0.868378,30,639.641831
2.247039,25,639.729502
3.232415,30,639.841078
3.107549,30,639.942378
1.662139,19,639.992739
2.131828,30,640.082276
3.081239,13,640.110859
2.494335,18,640.159434
3.874362,29,640.24961
0.200524,30,640.323618
2.666299,19,640.366709
3.354887,30,640.441686
2.654947,30,640.527834
2.835848,30,640.603968
3.071088,16,640.645669
0.591469,28,640.707164
1.489685,16,640.740615
3.44734,14,640.77341
3.074561,30,640.866688
3.089843,30,640.94578
2.679002,18,640.984392
2.746124,28,641.052187
3.7859,27,641.10664
-0.205338,13,641.13237
3.437274,25,641.18037
3.401894,30,641.257172
3.103075,30,641.357559
3.052058,27,641.42384
3.127417,19,641.473297
0.165028,30,641.54357
0.447277,30,641.60851
4.119517,22,641.655929
4.327943,25,641.715988
3.803265,21,641.771133
3.866895,19,641.812934
2.048914,30,641.894466
-0.963295,15,641.932319
1.683964,30,642.019152
3.778197,24,642.075843
3.382694,30,642.142726
-1.231533,29,642.207583
-1.648941,30,642.275871
3.210441,30,642.341561
1.134968,30,642.411057
3.054833,22,642.453971
3.153299,30,642.517063
1.84208,30,642.567429
3.801832,24,642.61028
3.261247,30,642.660707
3.24442,30,642.715153
3.904765,24,642.793357
1.427175,13,642.828879
1.643033,27,642.89875
-0.177487,27,642.955031
0.340261,10,642.975153
2.344888,19,643.006256
0.762781,30,643.059062
2.287759,14,643.088519
2.92576,30,643.161816
4.183044,27,643.229963
4.07389,24,643.2766
0.889121,18,643.311819
3.024985,30,643.36932
2.185666,26,643.423421
2.121101,30,643.478437
-3.926173,24,643.524067
4.115345,24,643.56579
3.589692,28,643.61351
3.181045,30,643.662735
2.858968,24,643.707794
2.975917,13,643.729987
-0.894212,21,643.767929
2.835984,30,643.820658
2.836474,30,643.874814
2.886886,17,643.90517
0.471163,26,643.946608
-0.581726,30,643.996702
1.95388,26,644.041009
-2.134696,22,644.077268
4.009776,26,644.122139
2.483084,30,644.186137
3.432435,15,644.220933
1.729306,30,644.275549
-0.168559,30,644.342766
0.906275,20,644.3862
2.72306,13,644.424999
1.190411,30,644.510907
3.946045,24,644.568381
-1.005266,26,644.629263
4.278931,24,644.687953
-0.95473,16,644.725463
2.214061,30,644.78995
1.165679,30,644.860596
-0.006313,30,644.920539
4.041454,21,644.972482
3.352956,30,645.033619
-0.124981,21,645.079222
2.683378,17,645.123613
3.672419,25,645.176933
4.056965,27,645.234891
3.250467,30,645.298478
1.636447,30,645.367576
4.20001,20,645.409249
2.927505,17,645.448362
2.071349,23,645.49748
1.564263,15,645.528731
0.937669,30,645.592089
3.134426,30,645.656471
3.114331,30,645.723239
4.302199,13,645.751751
3.257862,30,645.815295
3.958761,30,645.876929
3.384677,14,645.90822
2.780217,19,645.951967
3.167689,30,646.024867
3.03929,24,646.079123
0.705301,25,646.141113
3.253461,30,646.211226
2.231969,27,646.267733
2.08187,30,646.333418
1.974657,30,646.394654
3.226411,30,646.460289
4.041584,19,646.501482
3.572449,30,646.568043
2.858314,21,646.609844
3.333213,30,646.67604
2.248972,12,646.701532
-1.010398,25,646.759238
3.142492,30,646.82329
3.444414,22,646.867181
4.246316,25,646.921158
2.199001,17,646.962811
3.091845,25,647.013385
1.600875,11,647.040397
1.493048,19,647.078584
3.429903,28,647.143573
3.536978,28,647.207922
0.552496,29,647.272374
1.571235,30,647.338618
-3.490386,30,647.413061
2.964065,30,647.480495
3.958236,25,647.537766
0.265181,30,647.604402
3.24004,30,647.685972
4.043367,20,647.741297
0.35457,30,647.812837
1.661335,28,647.868882
2.022264,30,647.930405
-0.651459,30,647.999226
1.357422,17,648.043366
2.828106,26,648.101961
2.640485,30,648.168528
4.008857,19,648.213598
2.525326,29,648.276421
1.791588,25,648.327444
0.094555,30,648.399124
1.15421,30,648.464919
3.20128,21,648.51415
2.960961,30,648.581873
-1.928212,30,648.653464
2.916423,17,648.693064
1.019944,24,648.747594
0.437588,18,648.785934
1.084518,30,648.852766
3.877355,19,648.89461
4.282231,20,648.939577
0.524952,30,648.999734
3.765365,23,649.055653
4.141917,28,649.11628
-3.725932,30,649.180508
4.14061,24,649.229235
-0.558987,30,649.292547
3.106161,30,649.361578
-0.087698,22,649.408903
3.045327,30,649.479252
3.284441,30,649.54753
1.886192,18,649.587453
4.083663,30,649.65356
1.967613,20,649.699814
1.685343,30,649.759687
1.838201,30,649.831168
3.030356,19,649.8768
3.560503,20,649.923889
1.039576,30,649.991273
-0.480169,29,650.051155
2.466984,23,650.104208
1.640362,30,650.176134
0.896235,13,650.206345
4.371907,27,650.268907
3.795705,21,650.316468
1.142905,13,650.343561
1.885583,30,650.408111
4.296521,18,650.4405
3.748894,28,650.502009
1.142665,30,650.55963
3.416162,18,650.600187
3.983231,15,650.636168
3.632067,23,650.688251
1.950271,18,650.727276
2.422694,24,650.784461
3.66525,18,650.829007
3.050839,22,650.881176
0.409729,26,650.939911
3.088441,16,650.976225
3.667272,17,651.011349
-1.939693,15,651.045315
3.550838,22,651.089605
-0.529459,30,651.152783
1.562824,25,651.210666
2.182336,27,651.275959
3.094716,30,651.340271
3.150601,18,651.379967
1.593918,24,651.430795
4.10104,25,651.48508
2.957203,26,651.539144
0.930644,27,651.598376
3.366632,30,651.664398
3.100299,20,651.708904
4.203492,30,651.775852
2.660784,20,651.818985
3.256624,30,651.884265
3.728432,23,651.928913
0.293257,14,651.960882
2.107419,15,651.992542
2.158756,17,652.026456
0.891838,18,652.063749
3.394478,19,652.102965
1.357392,23,652.152656
3.659302,14,652.180147
3.719859,22,652.232413
3.269258,30,652.292326
1.067215,14,652.322216
2.490242,21,652.364228
3.232813,30,652.431071
0.373724,24,652.478827
3.292231,30,652.537158
3.394978,30,652.604018
3.190124,30,652.667933
1.105207,30,652.732152
3.396589,26,652.785659
3.814667,27,652.84095
2.658952,17,652.876938
-0.955575,15,652.907851
3.175674,30,652.9679
-1.578872,22,653.013517
3.773533,24,653.064274
3.203359,26,653.11911
2.144705,30,653.183667
2.100354,20,653.225169
4.256061,25,653.279037
0.794628,17,653.311598
1.965498,16,653.344099
3.020737,23,653.39136
0.988316,30,653.458529
4.148473,20,653.499552
3.470745,23,653.550188
2.894984,29,653.6147
3.362117,30,653.678488
2.843873,15,653.708842
2.799379,25,653.763172
-0.094245,13,653.789686
2.161357,30,653.852183
1.898932,18,653.887016
1.49527,15,653.91906
2.211662,18,653.96053
1.047834,28,654.023629
2.251256,17,654.05882
0.90677,30,654.119924
2.968375,16,654.153725
1.322584,30,654.221724
3.064814,17,654.256395
2.945,20,654.298803
2.703895,11,654.323182
2.202935,18,654.360788
2.233342,18,654.403867
3.748095,30,654.464608
1.250183,17,654.501127
2.640445,15,654.530048
1.083853,30,654.592685
3.460089,21,654.633663
3.782352,20,654.676628
3.363315,30,654.73757
2.964909,12,654.763208
3.107687,16,654.79616
4.387766,24,654.847904
3.232291,30,654.912267
3.48596,28,654.969353
3.201934,30,655.031232
2.941104,22,655.074049
2.981257,30,655.137203
1.244997,30,655.20412
2.19078,17,655.244667
1.977935,19,655.29064
3.083921,30,655.364102
3.200711,30,655.427644
2.793489,30,655.488244
2.040323,28,655.544266
4.164178,14,655.575861
0.691495,16,655.607923
1.357551,30,655.668534
3.703167,23,655.714037
2.947286,24,655.767883
0.545117,24,655.817477
1.676615,17,655.854526
2.689842,26,655.905512
3.991507,30,655.974991
1.133397,30,656.040089
1.98712,30,656.106417
2.490625,26,656.159155
4.063225,23,656.212334
3.151072,30,656.276486
3.285519,30,656.340726
3.003541,19,656.384893
3.047535,16,656.425662
-0.088026,30,656.490507
1.637828,30,656.555337
3.270537,30,656.62042
4.06844,21,656.668244
4.075081,25,656.732386
3.634794,27,656.792895
3.142302,30,656.855242
2.924674,30,656.924846
-0.281482,30,656.989638
3.645456,25,657.046196
2.060266,30,657.112332
3.890257,30,657.177536
2.182603,18,657.217701
-0.680736,30,657.27902
2.891025,19,657.319984
3.996563,15,657.355812
-0.790794,30,657.41818
3.084578,30,657.488177
3.260345,30,657.555372
3.919953,17,657.593448
0.234867,13,657.625815
3.999248,22,657.671947
0.912098,17,657.70678
0.891956,22,657.765346
3.991617,15,657.799814
0.36069,21,657.841282
0.111903,30,657.901504
3.39521,30,657.963072
1.793166,30,658.023775
3.410289,29,658.088498
2.783958,30,658.151285
-0.390712,15,658.188621
2.107286,29,658.248026
0.075957,30,658.32396
3.402951,30,658.382252
2.790863,18,658.422049
2.273361,22,658.470271
0.511065,18,658.506998
4.114862,20,658.550089
-0.933275,24,658.601245
1.76556,21,658.643861
3.77956,26,658.699354
2.873861,30,658.766302
2.134447,28,658.830802
2.757667,30,658.899303
4.038115,23,658.95081
4.037867,22,659.001639
4.204062,26,659.063713
0.805812,30,659.130724
3.900877,30,659.194942
2.990305,24,659.250201
-2.868855,30,659.336444
2.568951,17,659.395039
4.206658,17,659.469989
0.672573,30,659.570195
-0.087409,15,659.617825
2.787178,30,659.707592
4.161619,30,659.820394
3.514381,21,659.882132
3.011799,30,659.972605
3.195053,30,660.047459
2.807058,29,660.125595
2.675858,17,660.1693
-0.769634,30,660.251642
0.936158,18,660.295899
3.936492,24,660.355715
-0.566841,30,660.433278
1.057397,29,660.556319
3.94261,14,660.592838
2.376792,30,660.669277
2.892672,30,660.743011
3.19679,30,660.830133
3.005609,21,660.882067
1.627011,30,660.965468
2.649861,30,661.035627
2.247455,27,661.115493
-0.978398,30,661.193192
1.953002,11,661.220603
3.063619,18,661.266469
3.894567,22,661.322068
2.670746,30,661.411089
0.550334,21,661.470267
-0.09615,23,661.536517
-0.360683,30,661.617589
4.299451,26,661.684366
2.400588,14,661.716143
4.307363,22,661.772203
1.711364,30,661.848048
4.193,21,661.900535
0.242011,25,661.964689
4.003983,16,662.00586
1.750835,30,662.075312
4.08945,19,662.128434
4.018333,27,662.204813
0.067705,22,662.264296
1.353747,30,662.354212
2.909603,16,662.392563
3.937853,30,662.465338
2.643513,20,662.519197
4.071455,18,662.571536
1.791676,27,662.637558
2.992996,18,662.684573
2.90259,20,662.735717
4.196507,21,662.794073
3.416224,21,662.843281
1.316864,30,662.918514
3.938177,22,662.969222
-0.08703,17,663.022119
2.490357,30,663.099034
2.816956,21,663.152189
4.052728,27,663.216368
2.811686,16,663.27195
0.905166,23,663.333145
4.249617,24,663.403305
3.202468,30,663.479139
0.285653,27,663.546401
-1.335082,20,663.596209
4.163921,19,663.6496
3.285318,30,663.727546
3.332647,30,663.834507
1.008248,30,663.938298
1.633152,24,664.018532
2.220733,29,664.102007
4.072934,23,664.177408
2.714344,30,664.276716
0.606781,22,664.340243
3.853304,24,664.41905
3.427331,30,664.5203
4.167804,17,664.578522
3.072365,15,664.626909
3.951248,22,664.690287
0.451161,29,664.784099
3.168148,30,664.855532
3.563395,18,664.89838
1.452832,14,664.925726
-2.577609,23,664.973334
1.473887,21,665.016335
3.83176,26,665.072418
2.731877,19,665.108897
3.826581,29,665.168276
3.655491,19,665.200222
2.842438,26,665.248163
3.149853,16,665.276153
1.22517,30,665.328086
1.400915,30,665.379563
-0.879061,30,665.42992
3.300045,19,665.478772
2.695658,29,665.555068
3.437751,19,665.605243
3.316055,30,665.681656
2.417823,12,665.706495
2.726156,13,665.732487
1.136297,26,665.791969
3.838357,25,665.860775
2.319176,17,665.907225
0.08707,19,665.962836
3.204263,30,666.041347
2.0068,29,666.098584
1.973236,30,666.164665
-1.101316,30,666.235813
3.142486,30,666.304368
4.19718,20,666.349596
1.147982,16,666.3856
1.340845,30,666.453523
4.243051,18,666.495873
4.044936,29,666.559534
3.081374,30,666.619464
4.050085,30,666.674
1.367261,30,666.723866
-0.030684,18,666.751514
1.890374,19,666.783143
-1.652091,29,666.830464
0.369614,30,666.904742
1.647373,30,666.986852
2.894825,13,667.02118
3.023206,18,667.076567
4.194903,30,667.148034
4.211991,20,667.201846
2.259069,14,667.240658
3.633427,20,667.300719
-0.284738,30,667.382942
1.925609,23,667.442498
1.976048,16,667.478166
3.198902,30,667.550915
3.234447,30,667.619084
-3.056745,23,667.671575
4.020463,26,667.73516
2.611057,30,667.8181
2.10045,28,667.877467
3.582897,20,667.921632
3.699668,29,667.980353
2.84861,30,668.052645
4.232744,19,668.087326
2.269559,24,668.133863
3.241201,30,668.194429
3.642723,21,668.237903
2.994563,16,668.269372
4.213732,25,668.3125
1.278648,9,668.331528
2.955432,30,668.396889
-0.039767,11,668.41868
3.173319,30,668.481903
3.980856,18,668.51748
-0.069301,30,668.582207
3.880265,21,668.627612
2.992367,16,668.669271
0.969574,13,668.717175
-0.963997,24,668.783618
4.235799,30,668.842474
2.950779,23,668.884727
2.275271,30,668.949416
3.763447,27,669.004793
-2.466305,30,669.067923
-3.084073,18,669.102566
3.089191,22,669.155427
-0.179079,11,669.179151
1.928494,30,669.254542
2.389429,16,669.29335
3.191078,30,669.351264
2.170954,30,669.415083
2.877484,30,669.474719
1.799099,26,669.52182
4.314445,26,669.57224
4.027491,20,669.610765
-0.668612,30,669.672184
-0.709394,15,669.710413
3.125241,30,669.790851
3.841632,14,669.830861
-1.2407,19,669.877842
3.006242,25,669.929738
0.876908,30,669.989283
4.196847,20,670.03361
2.563337,30,670.100134
-0.187105,30,670.16457
0.696353,30,670.227234
-0.058927,30,670.289601
-2.16442,30,670.341647
4.038345,21,670.373835
4.134533,23,670.4106
4.130068,16,670.438582
2.617908,30,670.483526
-0.147213,30,670.528873
4.026069,16,670.551574
1.347148,12,670.572454
0.916858,13,670.593132
3.376742,30,670.639537
0.839076,13,670.659155
2.038662,21,670.69508
4.247398,25,670.733706
3.193476,30,670.780062
2.787968,16,670.813659
4.041651,22,670.861951
3.246954,24,670.912331
3.041429,30,670.975496
2.083461,30,671.036922
2.949247,16,671.080032
3.928022,21,671.138705
1.308222,30,671.205476
4.055735,15,671.233046
3.034755,15,671.27978
2.030804,19,671.315407
2.801977,30,671.36637
3.00935,22,671.399626
3.565963,26,671.444257
3.295588,30,671.493685
1.777412,22,671.526603
-2.965922,30,671.567549
2.250699,16,671.595071
4.095757,14,671.619365
1.24159,30,671.663119
3.787855,21,671.693141
3.301475,30,671.740795
-0.438496,30,671.789022
3.827139,20,671.819731
2.939554,28,671.858449
2.479275,27,671.912018
2.385235,21,671.957005
-1.060041,21,671.998452
3.261397,30,672.057568
1.211544,12,672.083615
3.217407,21,672.128332
3.860193,15,672.158855
3.688772,23,672.206825
-3.609672,20,672.249421
1.876852,22,672.294852
2.558542,25,672.334655
1.583964,22,672.365963
3.853346,23,672.404414
4.159103,23,672.442608
0.571753,24,672.481279
3.103767,30,672.52533
-0.925107,30,672.576972
2.697089,17,672.604659
2.996514,23,672.64276
4.31621,23,672.680431
2.971225,18,672.708887
-1.167809,21,672.742167
3.605562,24,672.782685
1.973783,23,672.820385
2.613597,30,672.86879
4.026012,17,672.893237
1.529328,30,672.935714
2.089803,30,672.981586
1.255655,30,673.030214
-0.116029,17,673.058349
-0.545762,16,673.081807
1.268415,18,673.105168
2.503349,23,673.139962
3.782687,27,673.182252
2.990855,30,673.225846
1.206078,11,673.240969
2.102226,30,673.28658
3.670742,17,673.312509
-2.631442,30,673.355413
2.469553,30,673.397556
0.645271,22,673.432659
2.576312,30,673.479067
3.049351,18,673.503444
1.67288,30,673.545043
3.966989,21,673.579175
3.993585,28,673.622759
2.961689,19,673.650676
3.024511,30,673.69094
2.657773,30,673.739586
2.748752,15,673.762193
2.652723,17,673.791087
2.641333,20,673.821686
1.911303,30,673.870069
4.026521,28,673.913925
4.299286,20,673.942364
-0.71278,30,673.985576
2.59858,19,674.014112
1.651458,24,674.051773
-0.621884,30,674.095659
2.917627,30,674.135841
4.182268,18,674.165578
1.615997,23,674.200824
2.449793,15,674.221416
3.033067,15,674.245431
2.287997,13,674.266032
3.969404,25,674.304709
3.327565,30,674.348599
3.089385,30,674.394363
3.252076,30,674.442899
4.196159,27,674.48519
3.155929,15,674.506795
2.813823,30,674.545279
2.664157,14,674.568659
2.087189,25,674.607326
3.055346,21,674.636963
0.871432,30,674.677472
2.899744,28,674.720803
1.517917,18,674.74726
3.035759,15,674.769953
1.812485,30,674.815067
3.195164,30,674.864848
0.682646,28,674.908535
4.159621,20,674.937053
2.920099,23,674.968339
1.635207,30,675.015673
1.844832,30,675.063133
1.921584,30,675.107606
2.764947,27,675.145575
4.193796,24,675.18165
1.294282,30,675.225043
2.921951,17,675.252708
1.201841,30,675.295029
3.065162,18,675.323894
3.212956,30,675.366716
-0.029391,12,675.384001
-1.109969,23,675.417238
2.364822,30,675.46299
2.959925,13,675.485409
3.057625,30,675.529132
3.052138,30,675.57089
-0.449775,13,675.590456
1.696329,14,675.612109
2.170099,27,675.650825
4.14505,20,675.683396
0.732701,24,675.720382
2.038636,30,675.767796
-0.885942,30,675.811321
3.311458,30,675.854647
2.199388,20,675.885959
2.743085,27,675.926571
1.01805,24,675.963009
3.319836,30,676.004819
-0.79663,28,676.048084
2.70142,30,676.094016
2.144753,23,676.12673
1.085099,30,676.169264
3.026952,20,676.201425
2.097805,23,676.235155
0.36558,30,676.279655
3.031827,30,676.320381
1.270168,30,676.369715
3.125012,30,676.420563
3.92442,25,676.46623
2.69011,30,676.511462
0.678229,29,676.558762
-0.858434,25,676.596916
4.197315,18,676.622166
2.974526,30,676.664691
0.090022,26,676.702561
0.963187,14,676.725507
2.871906,16,676.750039
0.162184,24,676.788115
3.881149,21,676.826396
2.959134,17,676.852826
1.85588,27,676.894924
3.205777,30,676.936665
2.288455,16,676.963985
2.207645,26,677.00729
3.372078,30,677.055555
1.260029,25,677.096038
0.485524,30,677.145329
0.887757,23,677.178918
3.652653,15,677.202458
3.347042,30,677.242701
2.920707,19,677.274128
2.299516,15,677.297405
2.993507,23,677.330553
1.009614,30,677.372814
1.338517,30,677.418371
2.062927,22,677.450781
3.229315,30,677.492484
3.77435,18,677.517462
3.296152,30,677.564828
2.036956,30,677.610789
0.333926,16,677.633063
4.097814,19,677.661637
4.049386,24,677.697418
2.170554,30,677.742486
0.814117,30,677.792122
2.690353,30,677.839513
3.117801,26,677.882421
2.862243,30,677.927007
0.801968,17,677.94895
4.428452,28,677.98914
4.124062,28,678.032434
2.816124,27,678.072948
2.004143,26,678.111392
2.24186,30,678.150514
1.841974,30,678.199234
2.437051,13,678.217884
3.978397,30,678.260953
2.635069,28,678.3001
3.308512,30,678.348984
0.915752,30,678.393545
0.672863,21,678.424392
4.324422,23,678.455838
0.856991,30,678.503314
2.700431,30,678.547338
-0.148771,18,678.572545
1.304613,30,678.614939
1.950092,30,678.663304
1.741144,24,678.697906
2.459086,12,678.715757
4.184206,26,678.751508
4.038083,23,678.790792
0.665131,30,678.838274
2.104018,28,678.880794
2.938239,22,678.913282
3.085576,18,678.944089
3.327188,30,678.989874
4.19207,14,679.012389
4.108962,23,679.045813
2.426375,13,679.071746
1.721208,30,679.119369
0.169912,16,679.145097
4.198096,26,679.183569
-0.431612,30,679.232616
4.034746,17,679.258429
2.163141,20,679.286699
4.362656,21,679.317842
2.72909,24,679.355804
1.587394,20,679.3886
-0.10862,24,679.422394
-1.433584,30,679.463391
3.362919,30,679.511341
-0.4,30,679.552014
-1.957969,30,679.594851
2.396083,10,679.607514
0.801635,30,679.656158
4.106215,26,679.69461
2.178169,22,679.724974
2.931209,19,679.749671
2.775356,21,679.785691
3.121232,30,679.83181
3.965928,28,679.873565
1.072972,22,679.904778
3.269972,30,679.949464
3.356909,30,679.995534
-2.142561,30,680.037026
-0.107113,27,680.075353
4.229554,23,680.112219
3.661707,27,680.151972
3.821497,20,680.182763
1.926775,30,680.227431
4.287988,26,680.269676
3.257947,30,680.318853
3.586984,25,680.35507
4.261494,20,680.382788
-3.947779,30,680.428736
3.024328,30,680.473058
3.024383,29,680.512622
4.01514,29,680.554057
1.460744,27,680.597011
2.689035,24,680.634356
4.12527,25,680.671755
2.087634,30,680.71058
0.771865,16,680.736716
2.691434,30,680.785968
2.62572,30,680.832512
-0.128575,30,680.876196
-0.169292,10,680.892278
2.086756,27,680.935523
2.721322,30,680.979222
3.136098,29,681.020819
3.325248,30,681.069965
3.153329,30,681.133501
1.228984,30,681.183202
2.306066,30,681.229573
3.10169,30,681.279221
0.600061,30,681.323658
2.94989,30,681.36517
2.929982,22,681.398729
2.156397,15,681.422921
3.300088,30,681.471847
0.108603,28,681.511734
0.653851,30,681.55184
0.782718,19,681.582533
2.978052,16,681.607235
4.076292,27,681.647013
2.182478,16,681.670006
0.224838,30,681.71728
2.186632,28,681.759929
2.22004,26,681.797616
2.827268,26,681.832913
3.824763,22,681.868712
-3.169276,30,681.917823
2.084104,30,681.964523
1.68,30,682.003808
-4.011895,30,682.050265
2.986682,15,682.074405
1.476832,19,682.101168
2.099536,30,682.142952
3.270084,30,682.189852
3.148895,30,682.23874
0.906637,30,682.284728
2.285062,13,682.305806
3.922882,23,682.344412
2.347327,30,682.390464
4.189643,19,682.418611
1.249402,30,682.458771
1.688918,23,682.495789
4.003065,30,682.543239
3.488807,21,682.577752
3.302212,27,682.616439
2.886741,20,682.650208
1.389965,30,682.697295
1.303073,15,682.720447
3.840115,30,682.771435
1.966984,28,682.822801
2.850752,19,682.854264
1.532628,30,682.897399
4.409294,27,682.937086
0.357761,12,682.956701
4.042221,22,682.993522
2.8752,19,683.020366
2.737677,30,683.064857
-1.16492,14,683.086682
3.036102,30,683.132571
0.891516,25,683.169353
1.842133,30,683.213742
2.439173,30,683.260867
1.757107,17,683.285804
3.705808,21,683.317063
-0.376753,30,683.357421
2.687587,30,683.403884
-0.075256,24,683.438458
-3.849759,26,683.475101
3.28199,30,683.517048
-2.7464,26,683.556939
2.964868,22,683.592101
3.43029,28,683.631431
2.656488,30,683.671448
2.99274,19,683.703318
3.711498,19,683.732439
4.213733,24,683.767305
2.760835,30,683.809588
3.777293,18,683.843451
2.898571,17,683.869962
3.170208,30,683.929517
-1.144224,18,683.968117
1.030623,30,684.03319
1.193638,22,684.078353
2.791525,20,684.118171
2.692229,30,684.173839
3.313532,30,684.23573
1.897949,30,684.296795
3.212704,30,684.347625
2.119834,30,684.393918
2.757523,30,684.444281
2.756904,12,684.463823
3.147453,30,684.50687
2.006893,16,684.53081
-0.060068,30,684.578599
3.580162,15,684.60318
4.105127,24,684.638405
2.106617,30,684.682629
-0.113642,19,684.716281
1.881298,22,684.750648
1.26552,30,684.796514
3.224078,30,684.8417
1.535551,30,684.891434
1.472609,26,684.928218
-1.037809,30,684.983479
3.612772,18,685.020253
2.762563,26,685.078361
1.386321,30,685.142222
-0.009999,30,685.205859
1.319046,30,685.269887
2.407211,24,685.320482
0.916427,18,685.363182
3.855128,20,685.400863
3.417321,12,685.42101
2.944045,30,685.470254
3.800077,29,685.517848
3.017028,30,685.558507
2.553774,30,685.602661
4.328448,18,685.631408
2.254004,24,685.668669
2.472071,18,685.69766
1.060762,21,685.729248
0.27123,14,685.752846
2.698688,30,685.804004
2.033358,18,685.832324
1.296913,30,685.878631
2.391482,30,685.928631
1.927029,17,685.958036
4.234635,24,685.993165
3.044568,30,686.035042
-0.423441,29,686.079308
3.03433,30,686.126362
4.339779,25,686.161796
3.558269,18,686.188634
2.713995,29,686.234046
0.833829,21,686.264264
-0.037329,24,686.301162
3.234175,30,686.3454
0.998836,30,686.393237
0.970715,16,686.418613
2.769518,24,686.455505
0.115329,30,686.502464
-1.589564,30,686.551289
3.19804,30,686.600013
2.124271,27,686.637003
2.546626,30,686.680684
2.877191,23,686.717942
2.124482,30,686.762887
0.871584,19,686.789999
3.993632,28,686.832721
-1.817061,25,686.874239
1.88308,30,686.921514
3.244637,30,686.964309
2.241076,26,687.001687
0.65849,26,687.041479
2.831203,30,687.089522
-8.118426,30,687.130002
2.09158,18,687.156282
3.356292,30,687.203817
0.827459,21,687.23549
1.551677,16,687.260621
1.592316,30,687.304078
3.949808,26,687.346115
2.147596,30,687.393344
3.529914,20,687.42346
-0.331641,14,687.442663
3.566631,20,687.476201
4.023256,26,687.520961
1.828994,27,687.560488
2.49144,19,687.585585
3.781823,19,687.618419
2.329976,19,687.64746
1.788166,30,687.691637
3.010359,30,687.73754
1.735977,15,687.765928
3.010292,24,687.804441
3.054397,15,687.82742
2.108385,30,687.874099
1.648829,20,687.904736
4.014559,17,687.930669
0.033213,30,687.978888
1.252667,30,688.020953
-0.014891,19,688.0518
2.9619,29,688.098225
0.9063,22,688.130127
0.96698,27,688.166981
1.908367,28,688.212428
4.048656,18,688.240684
1.083246,29,688.280824
2.762414,20,688.307563
2.728386,16,688.333412
1.092891,15,688.358135
0.554146,13,688.377125
3.594767,23,688.411818
3.100121,30,688.459213
4.018251,19,688.488827
2.365932,25,688.524423
0.827507,12,688.541256
2.119494,19,688.57324
2.874403,18,688.603335
0.299356,30,688.645239
1.359826,22,688.675763
3.783206,23,688.710537
3.601864,13,688.732111
-0.889175,23,688.765669
4.078449,23,688.801797
1.225654,30,688.852854
1.576625,30,688.898729
3.333461,30,688.947576
3.211834,30,688.993867
3.706489,26,689.038229
3.012332,30,689.087591
2.816398,29,689.131103
4.265123,27,689.173008
3.503031,25,689.217114
3.174099,30,689.264319
2.284596,18,689.290179
3.037524,17,689.318324
3.258682,30,689.364919
4.086344,24,689.404783
3.271743,30,689.452635
1.065169,30,689.494361
4.255313,28,689.538265
2.28072,30,689.583773
0.848629,25,689.61822
1.896244,27,689.657407
2.201219,27,689.698507
3.383381,17,689.726741
3.311228,30,689.770375
2.788912,26,689.808113
3.010628,25,689.847904
-0.889129,30,689.891709
4.050228,23,689.926558
1.293384,13,689.944014
2.100517,16,689.970776
1.337068,30,690.0209
3.034029,30,690.062884
3.150588,30,690.105241
3.214237,30,690.154289
1.130245,30,690.201397
1.621769,25,690.236473
3.153041,25,690.271774
3.593821,30,690.319527
3.576101,19,690.348502
1.177254,25,690.385191
3.962256,18,690.407922
2.833824,22,690.442278
3.977461,30,690.486267
2.271961,17,690.51129
2.720684,24,690.544197
4.205525,29,690.590116
2.030481,22,690.623291
3.897038,30,690.670016
1.070824,30,690.709672
-4.798404,30,690.755843
3.489329,29,690.800729
4.189983,28,690.843263
4.111203,21,690.872081
2.745893,13,690.903388
2.219382,30,690.963946
1.011064,15,690.989399
3.199361,20,691.020977
1.165323,17,691.047538
0.270161,30,691.094162
2.458842,28,691.134703
1.118311,20,691.161912
3.924617,22,691.197284
4.072268,21,691.229192
0.956985,25,691.266448
1.90956,30,691.306382
3.922781,30,691.353088
3.330446,30,691.395159
-3.15247,21,691.424055
2.108391,28,691.462184
-0.476715,27,691.505418
2.669192,15,691.528961
-1.140453,16,691.554207
2.290231,22,691.585465
3.005957,23,691.623207
-1.2792,16,691.647592
3.635019,25,691.682358
1.915477,25,691.719212
1.552642,30,691.763648
0.667167,30,691.809917
1.34678,14,691.830754
2.933612,15,691.855027
2.683722,15,691.881209
4.163303,24,691.920506
2.887415,22,691.953978
4.224323,27,691.992413
-0.901312,30,692.038606
-0.409506,29,692.084151
1.724702,30,692.128551
2.755938,20,692.15702
4.237708,20,692.189633
1.298743,30,692.236292
1.465817,23,692.267476
-0.180433,25,692.303558
0.877924,17,692.329844
2.79557,20,692.362
0.122706,30,692.405809
1.348063,30,692.449758
3.116123,30,692.49721
1.005669,30,692.543852
2.547346,28,692.583879
4.059812,28,692.621702
3.093221,22,692.654746
3.719596,21,692.690333
4.051254,20,692.720639
3.114403,30,692.76573
2.546306,15,692.793525
2.168823,26,692.83734
3.52894,19,692.868126
2.061947,30,692.911973
1.256661,30,692.957654
2.963145,21,692.991497
2.806247,14,693.014787
1.967174,27,693.053169
4.205426,25,693.092017
3.055354,30,693.139799
2.701077,30,693.183993
2.281157,15,693.206092
2.04417,13,693.225736
2.316482,29,693.270311
2.924381,18,693.297757
4.228267,19,693.323151
2.159567,19,693.35465
4.195245,22,693.389943
-0.735246,30,693.434771
-1.699438,30,693.477903
3.267079,30,693.524864
3.186018,30,693.572782
1.820963,30,693.616226
4.282591,19,693.645811
2.894249,30,693.694489
4.096519,17,693.721648
0.708016,21,693.751125
1.97947,30,693.792542
2.771941,12,693.812975
3.210612,30,693.862647
-0.198554,9,693.876252
-0.242204,30,693.919442
4.288453,20,693.950863
1.018004,30,693.999113
4.006263,21,694.032047
-0.672333,30,694.08252
3.601884,14,694.105232
3.034927,30,694.155567
3.581646,23,694.191895
3.744944,26,694.231425
0.985507,30,694.281614
1.106261,30,694.328676
4.084066,28,694.369577
1.926533,11,694.385633
3.851427,29,694.43529
3.854668,26,694.477272
-0.464587,16,694.50058
1.905633,27,694.538362
2.973808,21,694.574202
0.105917,19,694.601195
2.906207,11,694.619087
2.883552,30,694.663389
0.898094,30,694.709418
-0.971157,21,694.740056
2.523759,12,694.757636
2.807976,26,694.796115
3.962859,20,694.829131
-1.236821,25,694.868882
3.036946,19,694.900541
2.849243,30,694.942208
2.982232,15,694.967468
4.175037,23,695.005327
3.002385,30,695.04791
1.396621,30,695.089823
3.383288,30,695.136812
3.228275,30,695.183343
1.152834,22,695.213635
4.034596,27,695.253014
3.10789,20,695.284335
3.894419,19,695.31456
4.096365,21,695.345157
1.5913,30,695.386194
3.657425,18,695.413988
3.297271,30,695.462008
1.316984,12,695.480912
3.709833,15,695.501688
1.886493,20,695.533338
2.027276,30,695.581568
1.672267,30,695.625628
4.049287,29,695.667998
-0.68725,30,695.713785
3.294799,30,695.759202
3.464983,25,695.794611
1.947551,21,695.823237
2.167443,30,695.870702
0.84008,19,695.898247
0.30818,30,695.943271
2.068602,13,695.96155
3.483115,17,695.988506
-0.123672,23,696.025967
4.176071,24,696.061625
2.711853,16,696.084023
3.863897,25,696.124078
3.359629,30,696.172876
2.155248,30,696.216018
3.120137,30,696.259967
0.299717,15,696.283435
-0.647708,30,696.328709
3.941689,24,696.364159
-0.572124,16,696.387707
1.839808,30,696.43637
0.276454,30,696.479527
-0.375266,15,696.501679
3.465054,13,696.520186
2.503792,26,696.562373
1.139801,30,696.608288
-0.789633,30,696.651195
3.170956,30,696.692659
2.759954,25,696.731515
1.00875,30,696.776854
4.065587,18,696.802468
0.993705,23,696.835586
-4.842751,30,696.88399
-0.046252,15,696.904326
2.605495,30,696.948429
3.158239,30,696.988947
4.021641,18,697.017405
2.289666,13,697.036552
1.909945,29,697.077958
4.329871,26,697.114849
4.259026,22,697.149322
2.979992,23,697.185941
0.346332,28,697.227075
2.89862,17,697.251011
2.65055,24,697.291536
1.856019,22,697.326781
4.152449,30,697.367963
1.392034,14,697.388774
3.107743,14,697.411864
0.795337,22,697.447596
3.353724,30,697.494058
2.065898,15,697.516316
3.075784,22,697.553014
3.142013,30,697.597547
4.247299,22,697.631019
1.16722,30,697.673558
3.023391,17,697.701058
3.052054,30,697.749047
-6.482013,30,697.79649
3.127117,30,697.846282
4.045198,21,697.881883
-1.37215,30,697.929899
0.02194,30,697.971768
2.144233,30,698.015022
3.955617,22,698.049648
1.979831,30,698.096482
4.129971,22,698.126207
-1.973828,30,698.171133
4.230832,29,698.218397
3.911735,20,698.249936
2.573818,11,698.26813
3.126125,30,698.311493
-0.05071,21,698.344225
4.236975,27,698.386383
3.112152,30,698.432133
3.823501,28,698.472532
2.106803,25,698.512895
2.914214,13,698.533082
2.070013,23,698.566983
1.591761,11,698.583263
-1.048629,22,698.618437
-0.051425,30,698.665966
2.654422,25,698.702654
3.06972,14,698.722812
1.954323,30,698.770133
1.045487,26,698.810094
1.206746,30,698.855112
3.235824,30,698.896978
0.932967,30,698.945369
1.1739,30,698.991301
1.584748,25,699.033586
3.641137,20,699.067886
2.891276,17,699.096707
4.200294,27,699.140046
4.171573,27,699.180242
3.150126,30,699.226938
4.031287,21,699.263427
0.990912,19,699.294178
3.843296,23,699.330835
4.123574,18,699.355802
4.09941,29,699.401288
3.985699,22,699.438002
2.007162,25,699.474689
-1.153324,25,699.50917
3.270557,30,699.55912
2.509376,20,699.588379
2.291404,25,699.62424
2.318014,16,699.646952
-2.999998,21,699.679531
0.573245,19,699.710137
3.203131,30,699.755543
3.41042,30,699.797247
3.872736,15,699.822514
3.365726,30,699.868738
0.783699,20,699.898518
0.238249,30,699.941393
3.256205,30,699.989064
1.591592,16,700.013154
2.312439,27,700.054409
-2.033143,30,700.098125
2.1091,26,700.137632
3.478799,26,700.177424
2.566483,29,700.220697
4.166127,14,700.240421
3.108776,30,700.291975
3.288335,30,700.338598
3.379233,30,700.382137
1.158342,30,700.424611
2.884407,30,700.496491
0.58618,25,700.539382
1.175709,26,700.582507
1.122946,16,700.608069
3.854879,20,700.641386
3.048824,30,700.685982
4.223948,21,700.715225
1.284137,16,700.738035
1.784133,30,700.787383
3.7758,27,700.831346
2.875296,14,700.85374
1.599728,30,700.904687
3.069515,30,700.953971
4.06407,18,700.984012
1.960541,30,701.029984
2.991507,21,701.061813
-0.16884,30,701.111753
2.196141,30,701.156491
1.170919,19,701.184677
0.621168,28,701.225199
2.93476,18,701.255586
2.895727,26,701.294966
3.35806,30,701.341931
3.236406,30,701.382498
3.94263,25,701.421423
3.989019,21,701.454879
1.293811,30,701.495812
4.077193,23,701.529675
2.473648,21,701.56218
4.350244,24,701.599104
1.864648,17,701.62422
4.256557,20,701.653331
1.086884,20,701.687054
1.934834,29,701.73283
-0.89453,21,701.764069
-0.608046,27,701.803273
0.899937,18,701.832555
3.071712,30,701.880079
-0.110112,30,701.923033
-0.465771,11,701.938766
0.903665,22,701.972343
1.536357,30,702.023182
0.416816,18,702.049986
3.628835,25,702.0883
0.884064,29,702.132704
2.989181,14,702.15413
3.090618,30,702.199989
4.146378,21,702.22914
1.63482,24,702.265059
4.308954,22,702.299373
1.320094,18,702.326047
3.796847,26,702.364624
4.314788,20,702.39858
2.302313,18,702.424912
0.184837,18,702.451433
3.351539,30,702.492363
1.86101,20,702.52423
2.837309,21,702.554829
3.291678,30,702.600177
-3.73264,30,702.639595
2.211625,17,702.667935
-0.028457,30,702.713378
2.14606,25,702.749921
-0.446851,13,702.773243
0.18696,30,702.822003
3.855668,22,702.856634
1.284276,30,702.899171
2.878276,30,702.940305
2.87857,30,702.983807
3.203302,30,703.03049
3.384477,30,703.074726
4.247562,19,703.101854
3.114672,30,703.148564
-0.396741,13,703.169902
2.800901,30,703.212945
2.940009,14,703.233466
0.339175,30,703.28076
4.249998,27,703.320285
1.286802,30,703.362682
3.487078,19,703.392289
3.566182,20,703.425667
-0.285597,19,703.455499
3.313314,30,703.498317
3.340309,30,703.541123
3.112638,22,703.574481
0.897698,30,703.617792
2.666395,21,703.649281
2.829696,13,703.669251
2.998108,23,703.705964
3.527707,14,703.728366
3.907279,24,703.763873
2.876514,30,703.804233
3.676258,18,703.835615
4.151835,28,703.87963
1.57351,30,703.923865
-4.976134,30,703.966424
2.438191,17,703.992083
4.093351,23,704.029416
3.063939,21,704.064057
2.469324,30,704.11082
3.242022,30,704.161809
4.307246,27,704.204146
2.294564,30,704.246498
-0.811897,16,704.267313
3.528023,19,704.299652
2.644479,30,704.343708
4.163677,18,704.369937
3.48338,27,704.407731
2.953276,26,704.447185
1.045108,25,704.485072
1.81694,14,704.507033
4.298691,18,704.532742
-2.757718,20,704.563279
1.853007,17,704.590298
1.530407,30,704.631365
4.135988,29,704.671225
3.239262,30,704.718199
-0.74694,30,704.763362
3.297014,30,704.807039
2.126843,30,704.849545
3.226471,25,704.890756
2.642833,25,704.927025
1.096275,28,704.965242
2.278675,20,704.9943
2.588151,15,705.018506
1.674656,30,705.062561
-0.984207,30,705.106507
3.38851,30,705.147066
3.001911,28,705.186047
3.338307,20,705.214071
2.802234,21,705.243066
1.381893,30,705.28538
3.022299,24,705.323443
1.121889,30,705.366799
3.066844,22,705.399348
2.80573,16,705.423404
0.634918,20,705.455281
4.039397,22,705.489698
4.168858,27,705.531205
0.061119,18,705.555506
-0.068983,30,705.601161
2.440031,30,705.647974
3.241288,30,705.688085
1.811684,17,705.71062
3.221557,30,705.756463
3.071642,29,705.800582
0.276896,30,705.845234
1.997658,22,705.874388
3.034149,19,705.905967
0.115174,23,705.941679
4.350622,23,705.974723
3.061515,24,706.008388
2.328781,17,706.037547
-0.213281,30,706.083925
0.037408,30,706.128994
0.960559,30,706.169273
2.53825,30,706.218633
1.741085,30,706.26471
0.021786,30,706.312829
3.647036,24,706.347991
-0.551119,14,706.368254
2.57563,12,706.387729
3.31407,30,706.435352
4.363655,26,706.472476
3.870958,30,706.519502
2.454502,14,706.540491
4.193796,15,706.564466
3.936169,25,706.601494
3.333164,30,706.648906
1.96218,30,706.694099
1.025729,30,706.736522
2.632013,29,706.775559
3.229459,20,706.806451
-0.500439,21,706.839407
2.860484,18,706.867545
-2.610678,30,706.908153
2.855894,26,706.950336
2.332116,14,706.970986
2.292587,29,707.013534
2.04728,29,707.055608
1.679407,30,707.101688
3.356235,30,707.150196
-0.9678,30,707.194981
3.076566,12,707.213091
2.553155,30,707.259901
-1.000909,30,707.303246
1.548593,22,707.334642
2.75404,30,707.37551
4.104253,23,707.414202
3.269074,30,707.46296
3.894336,25,707.503453
1.932148,30,707.54628
2.084914,28,707.590856
2.542058,30,707.638161
1.592063,30,707.681255
1.447085,23,707.71359
0.949908,20,707.745888
0.609866,21,707.780079
2.240642,30,707.825859
3.078495,30,707.869457
2.878089,21,707.90307
2.009578,24,707.939688
3.994061,21,707.97283
1.708037,11,707.987867
2.856258,20,708.020585
3.532914,17,708.049003
-0.639787,30,708.092214
2.134535,26,708.130948
2.111843,18,708.159229
3.032718,13,708.179881
2.638019,12,708.199062
-2.726404,16,708.22244
1.862784,25,708.264175
2.872728,29,708.309158
4.081698,25,708.345877
1.934027,24,708.378226
2.910668,26,708.434668
3.58048,19,708.467958
3.381222,30,708.517993
4.213269,29,708.562562
3.418984,30,708.616747
1.588435,27,708.662198
3.129699,19,708.698972
2.637604,30,708.752479
-1.042274,21,708.788677
3.777884,21,708.82438
1.315984,27,708.868854
1.991895,18,708.899138
4.177199,23,708.941617
1.899937,30,708.991973
2.171663,30,709.039422
0.919274,30,709.089338
2.581315,30,709.139122
-1.404212,30,709.183212
0.655336,22,709.213529
1.315159,30,709.255282
4.072338,18,709.280864
3.730135,18,709.30891
1.680103,10,709.323832
2.970715,14,709.345052
2.467754,30,709.391939
4.433966,19,709.425373
2.149436,22,709.4626
0.634133,30,709.519105
2.49596,27,709.567931
1.698505,15,709.590299
0.124201,22,709.626556
1.153287,30,709.667871
3.016744,29,709.720178
4.129188,25,709.757537
1.418928,21,709.786217
2.339133,30,709.832187
0.494845,30,709.881543
4.069271,22,709.918706
2.715524,30,709.961601
4.168704,13,709.980158
2.69192,21,710.015327
-0.55376,13,710.034618
2.938149,30,710.079746
3.009829,15,710.100969
2.80887,15,710.125977
4.204759,18,710.153884
-1.506079,30,710.197765
1.367326,30,710.244029
-0.843536,30,710.29352
3.959802,29,710.337866
1.766566,30,710.382131
3.416081,23,710.413258
2.970627,29,710.469055
1.485,26,710.511482
3.278414,30,710.564452
3.057193,14,710.587399
3.022879,15,710.62832
1.989711,30,710.690963
2.254239,27,710.734603
-0.411102,20,710.766813
3.958479,24,710.806602
2.909841,30,710.854311
1.463592,16,710.879146
1.034013,22,710.911245
3.262887,30,710.962323
3.337007,18,710.989736
0.6521,30,711.037084
3.013947,16,711.062138
2.662215,30,711.111104
1.008422,30,711.156311
1.183312,30,711.198527
3.044916,25,711.23356
1.93674,22,711.269188
2.190094,28,711.312464
2.725273,11,711.330052
1.273824,25,711.365221
3.611008,17,711.392596
3.63574,17,711.418698
2.195155,22,711.45225
3.124206,30,711.504374
4.606823,23,711.551708
2.548045,20,711.586748
2.900464,17,711.614343
2.176038,24,711.649937
4.097039,18,711.680076
-3.66142,16,711.705712
3.634867,27,711.745751
3.832048,19,711.771988
2.555314,29,711.821843
1.959458,30,711.869057
4.310063,26,711.908187
2.065499,14,711.927384
2.287418,20,711.960736
1.335981,30,712.006542
3.362771,30,712.049792
1.792966,30,712.093605
4.601369,28,712.139185
4.18696,16,712.163295
-1.557061,19,712.190882
1.56937,30,712.236268
3.87193,22,712.270926
2.352366,23,712.307837
1.431628,30,712.351868
2.347994,12,712.368676
4.269433,21,712.401863
3.781439,26,712.441973
3.397138,28,712.483198
4.284741,16,712.50594
3.964993,25,712.54885
4.194675,19,712.578683
4.175788,27,712.6209
3.954548,29,712.660862
4.018534,29,712.709627
3.805903,26,712.750494
3.302635,15,712.776257
3.301758,30,712.823009
1.338712,11,712.843107
1.778019,30,712.892173
3.302749,30,712.937613
-3.841644,30,712.981172
2.236652,17,713.009458
4.199864,20,713.040112
3.323215,22,713.071662
1.698539,14,713.093101
4.124006,22,713.129318
2.071373,30,713.178017
4.352058,17,713.205102
2.973829,20,713.234618
2.839629,26,713.278785
1.706484,30,713.324322
-4.070542,27,713.363163
-0.793198,30,713.405847
3.692037,26,713.450578
1.844035,28,713.494482
1.522745,27,713.534758
4.123377,22,713.56586
2.141613,30,713.616967
2.279899,12,713.635959
3.688147,20,713.665864
3.09147,30,713.709204
2.22279,30,713.760042
3.353843,22,713.794114
2.791802,10,713.810975
-0.603849,17,713.836711
2.677058,23,713.876786
2.221034,23,713.911044
1.963326,11,713.928385
0.562428,14,713.949805
2.407674,24,713.988137
3.390349,30,714.033396
3.994681,23,714.067549
3.938126,15,714.090736
1.111518,12,714.113122
2.772079,25,714.15253
3.763245,22,714.185219
-0.545464,23,714.218956
3.108302,15,714.244603
2.593136,30,714.311607
1.532188,17,714.349675
1.199006,30,714.413143
2.054692,23,714.46387
4.237192,23,714.51404
3.557667,23,714.562443
3.090094,30,714.628346
3.183769,30,714.690677
3.413556,29,714.744897
2.563971,12,714.769634
4.124826,23,714.807629
-4.233156,30,714.869293
2.318863,30,714.917827
3.064376,30,714.967121
-0.079015,30,715.009434
2.644524,30,715.060226
3.234691,30,715.106053
0.604118,30,715.149473
4.334512,26,715.186709
0.846075,30,715.238717
4.245822,29,715.290321
2.984104,17,715.317863
3.242948,24,715.359859
3.074943,30,715.415735
3.409863,13,715.439628
2.019253,30,715.495307
4.168156,21,715.531931
4.002779,20,715.571844
3.933683,25,715.612133
2.425007,30,715.658712
2.175197,30,715.701376
1.297104,12,715.720959
3.190828,21,715.753561
-5.553162,30,715.799446
-0.549681,14,715.818118
4.359117,25,715.860993
3.525582,30,715.905229
2.432767,29,715.946915
3.292039,30,715.992991
3.388042,30,716.075046
1.826979,9,716.107527
2.259683,30,716.189149
4.15213,17,716.225732
1.591876,13,716.253913
1.927539,30,716.304816
2.159598,30,716.35159
3.93864,26,716.38863
1.371851,22,716.424842
1.819964,30,716.470459
3.389643,22,716.503453
2.91491,30,716.544983
3.202892,30,716.600591
2.841121,18,716.631475
1.361917,30,716.682565
4.240619,16,716.708794
2.137709,30,716.758794
1.03937,27,716.802164
3.054107,18,716.828687
2.904047,30,716.87334
4.054429,25,716.913776
3.376141,30,716.962499
-1.096539,27,717.002755
2.918561,30,717.051701
2.253188,19,717.08429
2.154724,18,717.110641
3.20992,30,717.161317
2.078465,18,717.190706
3.990159,21,717.227208
1.824097,19,717.259696
3.897694,27,717.305378
4.274617,19,717.33843
1.370678,30,717.387269
3.078946,30,717.437473
2.948649,15,717.460309
1.507009,16,717.485173
1.40101,30,717.538069
2.807256,16,717.566302
3.861942,20,717.598662
1.055256,24,717.636041
1.702991,30,717.681777
2.983344,23,717.717648
3.188716,30,717.768363
0.00378,23,717.804518
4.072595,13,717.828896
3.142022,15,717.853928
3.010958,30,717.904541
2.73147,22,717.937641
-2.207106,18,717.966404
2.938,21,717.999332
3.157943,30,718.049168
3.274638,30,718.09038
4.027707,25,718.130028
2.122559,30,718.177593
1.05963,18,718.202368
2.187229,21,718.233472
2.519714,30,718.282583
3.30713,30,718.330607
3.437197,30,718.373824
4.095891,16,718.397532
-0.210403,30,718.446954
4.118241,17,718.472553
2.794919,21,718.50186
4.247871,23,718.535372
3.278482,30,718.584144
3.897123,28,718.62791
3.059871,30,718.67428
-1.868755,30,718.714792
4.231677,18,718.745477
1.154371,30,718.792422
1.719487,13,718.814893
3.318135,30,718.858914
-0.88334,21,718.892826
3.380337,18,718.922881
0.702489,30,718.967251
1.602184,12,718.983947
4.073484,28,719.029425
3.080269,30,719.079444
-1.455768,13,719.098901
2.962232,30,719.14715
4.136965,18,719.178939
3.176594,30,719.230821
3.744464,27,719.270456
2.318944,12,719.287976
3.70749,30,719.338325
2.933692,28,719.391582
1.531379,30,719.45724
3.927425,25,719.511395
2.362099,21,719.559253
3.936477,24,719.614192
3.909106,19,719.658782
4.08681,26,719.714199
3.485371,29,719.780547
2.261902,9,719.799156
2.774473,24,719.839356
4.12753,17,719.867295
2.946023,16,719.894563
-0.618,30,719.940686
2.220043,30,719.983355
3.029832,30,720.024939
4.032952,22,720.060606
-0.106251,29,720.105039
4.248438,27,720.146075
1.838736,15,720.167667
2.162869,30,720.21519
3.314351,27,720.256509
2.200719,17,720.279698
3.074891,30,720.324574
2.431724,30,720.39503
3.619281,22,720.436723
4.279561,22,720.473151
4.331681,20,720.504245
4.18624,15,720.531183
3.266247,30,720.577721
2.910708,30,720.625501
2.955889,30,720.669004
1.740316,20,720.700535
4.269285,23,720.738251
0.533183,27,720.776678
4.121147,30,720.8187
3.200078,30,720.868314
1.900677,30,720.913308
1.200428,30,720.954078
2.562463,23,720.986944
3.772463,24,721.025488
3.152373,22,721.057605
2.490481,16,721.080981
4.397841,26,721.119098
2.663569,19,721.148242
-3.181954,30,721.194714
4.09851,28,721.234149
3.721528,23,721.266659
3.372376,14,721.287329
0.812357,30,721.333769
4.387701,22,721.364906
4.105917,22,721.397975
1.425549,12,721.416424
0.609941,19,721.444704
2.067782,25,721.482601
2.212457,15,721.502307
3.82041,20,721.535376
-0.081666,23,721.572225
1.842558,30,721.621173
3.086889,16,721.645724
2.638947,28,721.690424
4.03021,22,721.724086
2.180776,30,721.766785
3.2544,30,721.809053
0.5772,18,721.839582
4.143037,27,721.880601
1.529052,18,721.907385
0.067243,30,721.948149
4.409381,19,721.980565
2.052019,15,722.005527
4.074033,23,722.041522
3.664114,26,722.078268
3.175476,18,722.107933
-2.120668,24,722.142317
1.0502,30,722.186009
-1.05453,30,722.229207
3.564108,16,722.254635
4.125781,21,722.287179
2.05934,30,722.332309
3.269618,30,722.374731
3.544866,26,722.416171
3.984522,26,722.456862
1.236063,30,722.497325
2.236187,20,722.52537
2.909469,30,722.573791
3.028404,30,722.620132
3.788453,27,722.661176
3.302497,30,722.703911
3.730194,28,722.749782
3.824561,26,722.791568
1.823013,30,722.838846
2.579545,13,722.857785
1.838123,30,722.90577
2.645865,15,722.929131
3.104041,30,722.974971
3.081501,17,722.998058
1.675263,30,723.043491
4.022891,20,723.075518
4.103358,23,723.110224
0.235013,24,723.143663
1.870732,30,723.192771
3.635442,19,723.219394
1.546782,11,723.236657
4.781771,23,723.268405
3.498239,23,723.306348
4.01027,29,723.351497
2.821557,16,723.375771
3.171241,30,723.424873
4.2778,22,723.463953
2.341502,30,723.509891
1.653848,22,723.54478
4.398708,16,723.57019
4.536528,22,723.607835
0.037112,26,723.651317
1.58626,27,723.692937
2.885757,14,723.714544
3.268678,30,723.765887
4.263525,16,723.792822
0.174247,29,723.8363
1.00618,24,723.873973
0.177099,30,723.923825
0.080496,18,723.955229
3.129446,30,724.000643
0.889774,23,724.034224
4.350387,30,724.083941
2.984869,22,724.119161
2.769137,26,724.158795
3.297893,30,724.201291
3.201738,30,724.250735
2.997228,21,724.28235
3.337134,30,724.327715
2.518681,12,724.346287
3.897523,16,724.371999
1.001203,18,724.401055
-3.03627,26,724.441224
4.368214,26,724.483038
3.04551,17,724.511717
3.03366,16,724.538273
1.273882,26,724.578387
3.976554,24,724.614016
3.719205,28,724.659401
-1.136127,26,724.698529
3.413626,30,724.744986
4.283912,24,724.779177
3.342715,30,724.82584
2.687142,30,724.873101
0.528215,30,724.916805
2.405733,24,724.95044
-1.555727,19,724.981585
-4.374265,16,725.005947
3.847752,25,725.043388
3.01843,30,725.088417
4.035069,30,725.136376
3.109913,14,725.158796
0.82053,30,725.202532
1.289357,30,725.246268
2.878241,28,725.290341
2.016757,18,725.316776
3.361275,30,725.361289
3.312427,30,725.405327
2.961752,17,725.432073
3.624471,27,725.476499
3.575925,19,725.505118
3.406113,17,725.528701
3.088977,18,725.558894
2.207672,23,725.592301
3.314542,30,725.638592
1.175599,30,725.680041
4.049141,22,725.717292
2.856382,15,725.741112
3.014654,28,725.782088
2.985345,17,725.805914
3.102159,30,725.854345
2.685259,11,725.871797
3.594074,12,725.890034
2.989595,21,725.920316
1.153743,30,725.971423
4.021256,23,726.007511
4.203979,28,726.046867
3.268418,30,726.090939
1.520401,19,726.122189
1.368117,12,726.141361
2.148533,30,726.186902
2.237468,19,726.214135
3.838093,24,726.251544
1.832198,26,726.294072
0.917173,30,726.339418
0.865829,20,726.367941
2.821731,28,726.411512
2.635022,30,726.459094
3.977448,25,726.496283
0.688541,30,726.538105
3.928555,26,726.58073
4.297045,28,726.625869
3.202238,30,726.670998
0.867411,28,726.713084
2.59659,20,726.746798
1.316733,30,726.793538
3.233826,30,726.836694
3.354396,30,726.881844
3.019659,22,726.916246
0.969523,30,726.963367
1.284138,30,727.006926
1.727636,30,727.052762
4.252995,27,727.098512
-1.674224,30,727.142484
2.072561,22,727.175486
3.803552,18,727.199577
1.964667,30,727.247765
-0.048576,23,727.280254
-1.321916,30,727.322814
2.224116,18,727.347806
3.521869,24,727.389241
3.736272,16,727.415135
3.268201,30,727.462399
0.235263,29,727.504263
1.332807,30,727.552949
2.246731,21,727.585078
2.689449,30,727.627734
0.478028,24,727.661475
0.198306,26,727.707802
3.191978,30,727.758974
4.033852,22,727.797041
3.806061,29,727.841498
2.880313,18,727.872659
3.589407,28,727.91555
3.084886,30,727.958031
1.333236,30,728.001922
1.966223,30,728.045928
3.85162,30,728.091839
3.295113,30,728.135048
4.113181,27,728.173827
3.228785,30,728.219989
0.037476,28,728.263029
4.067231,12,728.280345
4.084134,19,728.308118
0.166946,30,728.357656
3.126078,30,728.404984
2.625219,18,728.433181
4.378342,24,728.466971
1.816654,30,728.512973
0.482783,19,728.54301
1.346269,30,728.588612
0.30696,30,728.63631
1.726879,30,728.685143
2.935206,22,728.719568
3.026842,14,728.739514
-0.357218,27,728.778931
2.98619,15,728.804238
3.059237,19,728.835503
1.376298,30,728.881448
2.937927,30,728.925502
0.143664,19,728.953434
2.445859,27,728.995129
3.264003,30,729.040398
0.063914,30,729.081894
4.033145,27,729.127044
1.803084,30,729.171682
3.026424,22,729.205192
4.331969,26,729.240288
-0.737159,30,729.289257
2.545785,17,729.315456
3.543099,22,729.348342
1.43204,18,729.371773
3.966963,21,729.406747
1.674339,19,729.437111
4.165732,17,729.466344
1.750291,20,729.49771
2.80783,22,729.536976
3.963234,19,729.567737
2.562034,28,729.610203
-0.039225,30,729.651741
2.805818,14,729.677091
3.162605,30,729.728238
2.949073,30,729.77573
4.170281,24,729.816523
3.201452,30,729.86859
1.078837,30,729.91965
1.57479,22,729.951881
2.357181,21,729.983438
4.160119,21,730.018193
2.764899,15,730.040955
4.048772,25,730.080827
3.745543,28,730.121188
1.395787,15,730.143175
3.157043,30,730.193122
3.995085,25,730.2312
4.137516,20,730.260987
2.905651,13,730.281923
3.454449,16,730.308263
2.881748,12,730.327007
3.827756,30,730.371567
2.495471,30,730.418186
3.222291,21,730.452815
3.062899,19,730.479732
3.043989,16,730.503262
2.150729,30,730.553813
3.734816,28,730.600504
1.354739,30,730.644691
2.958892,17,730.670839
4.312559,21,730.705836
1.183449,30,730.754622
-0.95785,13,730.776179
2.418384,26,730.813659
1.973821,30,730.862697
1.975984,30,730.906114
-0.13587,17,730.929814
3.395539,30,730.973605
1.783301,13,730.993359
1.087557,30,731.040177
4.291801,28,731.082334
2.61301,12,731.099541
-2.924818,21,731.131893
-2.584371,30,731.1768
2.988013,21,731.209052
3.246531,30,731.250931
2.086419,23,731.288336
3.960892,24,731.324644
2.201704,30,731.366646
2.414535,30,731.410571
1.864979,28,731.455235
3.184267,30,731.500893
1.379891,12,731.51999
0.939289,21,731.553348
1.361153,30,731.603614
3.878378,21,731.638805
4.089473,30,731.686182
2.879228,20,731.71734
2.599785,18,731.747103
4.236971,23,731.784276
3.976488,20,731.815406
0.535953,11,731.83332
1.513606,30,731.883453
-1.305898,30,731.930612
1.154699,27,731.969996
-2.076017,30,732.011628
0.838709,21,732.044797
1.495115,21,732.079489
2.619222,30,732.123524
1.06164,30,732.167488
2.988606,23,732.20162
1.913975,11,732.220398
3.150508,30,732.269086
3.001388,19,732.295444
2.908002,16,732.338573
3.416739,30,732.400341
3.232713,30,732.447556
4.393152,21,732.482053
4.086694,22,732.519564
-1.163559,16,732.545479
1.838171,13,732.565311
2.159671,25,732.605216
3.150751,30,732.654309
2.119259,30,732.70048
2.993537,19,732.728375
2.489581,24,732.771037
-1.377955,30,732.822315
3.054119,24,732.860617
2.927891,23,732.895058
3.032716,14,732.915426
3.510624,24,732.954647
1.896625,30,733.004789
2.567738,11,733.021444
4.079792,24,733.063008
1.275467,17,733.095927
2.846119,17,733.123602
3.343737,30,733.170076
2.979087,19,733.198348
1.714282,12,733.218826
-4.688993,19,733.248203
2.070184,30,733.29434
3.460463,19,733.322604
3.091917,26,733.368209
2.96674,18,733.39521
1.569754,30,733.440037
1.889672,13,733.459465
2.151244,25,733.500919
3.584022,22,733.536969
1.533889,21,733.569982
3.078103,21,733.604337
3.87254,17,733.635586
3.055011,29,733.682049
0.523821,15,733.703948
2.794386,30,733.74793
-0.819277,12,733.767529
3.401435,22,733.803389
2.850187,27,733.84877
0.960454,19,733.879356
3.466137,30,733.932514
0.686018,29,733.978432
-0.84138,11,733.992799
1.885549,18,734.020326
3.989959,25,734.063199
1.065325,17,734.088891
0.916713,30,734.134438
1.571744,30,734.17607
0.913751,22,734.221414
3.682799,22,734.264701
-1.121202,30,734.327478
3.158963,30,734.387218
1.355855,30,734.465462
3.770835,29,734.524918
4.041509,14,734.558113
3.615306,16,734.592335
4.275102,18,734.627969
2.887132,13,734.649632
3.482152,22,734.687336
3.129225,30,734.735126
3.963287,21,734.773067
2.712476,17,734.800162
2.999634,30,734.845001
2.928693,16,734.869861
3.118742,30,734.92078
4.347012,15,734.946808
3.189853,18,734.974339
2.141258,23,735.00937
3.438339,30,735.057305
2.113434,30,735.105544
1.977882,30,735.147547
3.092095,30,735.191553
2.002734,14,735.218857
1.380313,30,735.285079
4.363656,20,735.326771
-0.631757,23,735.374129
4.37504,22,735.42078
-0.231606,27,735.478507
-3.11384,26,735.528416
1.996754,16,735.560131
1.278211,30,735.62412
2.508165,30,735.675683
2.918478,15,735.700521
4.120695,20,735.731682
0.965754,12,735.752837
0.91435,13,735.773903
4.394379,28,735.81848
4.101768,28,735.862616
4.270248,24,735.904138
2.237196,19,735.934927
4.187041,23,735.971853
1.090261,30,736.014545
4.261602,23,736.052757
2.131296,27,736.095305
0.884012,14,736.115931
0.748733,30,736.160961
3.278343,30,736.209269
-0.662418,25,736.24941
3.310074,30,736.293817
3.096959,18,736.319816
2.756208,29,736.366042
3.879088,29,736.409123
2.363486,22,736.441915
2.389433,27,736.479241
3.237425,15,736.504269
1.005674,30,736.552916
0.040743,26,736.591263
3.374592,30,736.636433
3.868298,15,736.659592
1.919595,22,736.696502
2.186653,30,736.741173
1.217914,30,736.788414
3.262563,30,736.838097
2.890718,14,736.8664
3.510808,17,736.899598
-0.691411,30,736.949487
-0.796764,21,736.982559
3.960968,28,737.027835
3.014877,18,737.053749
4.076521,18,737.081543
2.466721,13,737.103088
2.870234,17,737.129847
0.639981,18,737.159339
2.084719,17,737.184556
2.341668,23,737.22379
4.114541,30,737.269435
1.589228,30,737.312962
2.514237,30,737.354562
-0.35377,16,737.379957
4.216565,19,737.409915
4.312834,25,737.446866
1.927057,29,737.490194
3.967764,26,737.531669
3.231816,30,737.583054
2.504915,14,737.604723
3.354602,30,737.650976
3.277269,30,737.698158
2.22142,22,737.734565
1.02399,30,737.78588
0.631459,28,737.829131
3.717521,22,737.869184
2.726431,21,737.902666
4.17008,18,737.929006
1.967675,23,737.963135
1.739517,9,737.977346
1.637337,14,738.001526
2.345948,27,738.044298
0.072714,30,738.086962
2.65998,22,738.123143
4.04576,18,738.15214
1.686234,30,738.19978
2.836527,30,738.24168
2.972127,30,738.291638
3.608441,28,738.334135
3.494526,17,738.357912
2.69394,19,738.387794
4.277405,24,738.427365
-1.099653,30,738.473251
1.489047,13,738.491417
4.119735,17,738.517806
3.018237,30,738.567306
1.998921,30,738.617907
-1.229963,24,738.656292
1.400977,30,738.699077
3.210904,30,738.751241
3.227492,23,738.787889
0.369913,30,738.8361
4.408188,26,738.87792
-1.121047,20,738.912472
1.460082,30,738.960026
3.075002,22,738.990032
3.529211,13,739.010443
3.65181,17,739.037884
4.207502,20,739.07077
2.780538,13,739.09113
2.635071,22,739.125772
4.312534,22,739.162955
1.360558,30,739.210736
4.41052,20,739.241013
4.047618,20,739.270046
3.371615,29,739.317603
0.857507,12,739.336369
2.660723,30,739.384249
4.144555,29,739.42788
1.78889,30,739.476717
3.166041,21,739.509086
2.722084,30,739.554291
4.343558,18,739.58053
4.160901,20,739.613302
1.010599,30,739.662322
3.334883,30,739.708663
3.815034,28,739.749551
1.176978,30,739.798014
3.338496,30,739.846218
2.98122,19,739.877401
1.372683,30,739.924883
3.405908,25,739.9671
2.385642,18,739.995001
1.445601,26,740.035076
3.787334,26,740.071536
3.522222,18,740.102485
3.335718,30,740.151025
1.021361,30,740.195796
0.364587,30,740.238684
4.29968,15,740.266043
3.842892,18,740.296476
1.310906,30,740.339445
2.72577,18,740.366727
2.2757,17,740.394232
3.271169,30,740.440477
1.883937,21,740.473754
3.240033,30,740.517928
4.08682,21,740.558974
3.308737,29,740.650647
0.822084,22,740.739977
4.167524,21,740.798563
2.868859,18,740.841509
4.211745,27,740.900685
2.902176,30,740.963219
-2.029365,30,741.018538
1.919361,30,741.069057
3.875994,26,741.118187
1.51627,25,741.185507
4.039414,18,741.233503
4.046104,23,741.304422
0.80414,17,741.344634
1.8629,20,741.381064
0.727985,23,741.419828
2.572573,18,741.451661
-0.678795,30,741.49842
4.170164,21,741.530758
-0.20226,30,741.575117
3.630363,17,741.602439
2.037645,30,741.653146
3.361836,30,741.697314
3.166574,19,741.726167
2.053278,19,741.758565
3.093303,22,741.792897
3.210717,30,741.843462
2.986027,14,741.865914
4.210419,20,741.899797
0.968425,17,741.92715
1.397639,30,741.995848
2.66932,29,742.088671
2.99369,26,742.167903
2.306475,20,742.204082
2.451396,13,742.225972
2.580877,30,742.27407
4.395288,17,742.305186
4.224518,23,742.341218
1.045314,20,742.372544
3.601612,11,742.389465
3.777406,20,742.422517
2.332631,22,742.458395
3.194727,30,742.505935
2.909031,25,742.541674
3.642892,18,742.571946
-1.043787,30,742.618568
3.290356,25,742.658746
1.867323,28,742.702048
2.995071,25,742.745394
2.80091,30,742.798118
2.065356,30,742.848435
0.329372,30,742.89625
3.282797,30,742.974567
3.389662,30,743.028634
1.420917,24,743.069073
3.891575,23,743.108224
1.065846,30,743.166308
3.398764,30,743.229321
2.342285,20,743.274389
3.036867,17,743.309408
2.694982,22,743.358982
2.135051,16,743.394013
2.640035,17,743.430266
-0.817396,13,743.45717
1.943301,14,743.489722
-1.90637,26,743.543959
-0.350234,15,743.575591
0.438601,30,743.643089
1.889356,30,743.70725
4.113777,25,743.760865
3.691525,16,743.797156
4.265634,22,743.846475
1.614432,30,743.911862
3.018949,30,743.976974
0.868067,15,744.007261
4.420553,15,744.032361
1.323773,30,744.084515
4.014148,19,744.117665
3.185433,30,744.164212
3.923733,24,744.203021
1.893999,16,744.231274
1.867197,26,744.279051
1.000207,16,744.308318
3.343401,30,744.358366
2.58109,30,744.413977
1.75521,24,744.456699
3.806692,23,744.494774
3.010461,17,744.523288
4.113198,20,744.557801
3.892836,25,744.597836
4.126707,17,744.623162
2.07294,30,744.671583
3.914659,22,744.710983
2.718133,21,744.745415
4.15453,23,744.782758
3.650614,23,744.820026
1.788974,27,744.865768
1.036315,18,744.893939
3.741086,26,744.935222
-0.976558,27,744.971322
-0.411476,15,744.997165
4.130799,22,745.034048
1.421606,30,745.077783
1.978376,22,745.110485
1.63578,30,745.158301
1.086574,30,745.209337
2.229717,30,745.254366
2.470846,12,745.272477
3.858294,30,745.321822
4.162807,19,745.350208
3.494522,22,745.382651
1.673399,24,745.417335
1.917078,30,745.464483
3.241916,30,745.510969
3.905806,30,745.552914
2.972353,30,745.598644
2.97191,16,745.625
3.080103,29,745.688261
2.103741,28,745.747505
4.333462,24,745.799179
0.131931,30,745.867388
4.076036,29,745.930324
3.423452,21,745.973895
2.1233,21,746.017547
1.735315,30,746.101391
1.845901,30,746.199754
2.061238,24,746.288332
1.022348,30,746.389598
3.263868,17,746.43765
3.279471,30,746.502936
3.198168,30,746.552156
4.124026,25,746.595417
2.691481,13,746.622283
1.874239,21,746.658927
4.400423,20,746.691777
4.041397,20,746.72319
1.093796,30,746.774695
2.589924,28,746.819731
3.174924,30,746.874077
2.637189,19,746.912113
3.051212,30,746.966525
0.555345,30,747.018184
2.005758,30,747.064672
2.909527,19,747.095537
0.954961,25,747.138061
2.376901,30,747.193016
4.241622,19,747.230565
0.709858,18,747.262578
3.133881,30,747.315359
2.888283,23,747.352985
3.017777,22,747.389125
0.501449,17,747.424833
2.427164,30,747.49131
-1.095655,17,747.529754
2.62836,30,747.59588
2.876507,30,747.665518
2.986904,30,747.730695
4.142178,29,747.796378
2.081806,30,747.855435
1.783667,30,747.904012
4.17221,17,747.937726
4.533419,19,747.969393
3.748968,24,748.009593
1.334979,30,748.05468
3.119036,19,748.08837
4.17959,23,748.123826
2.851573,26,748.167877
4.087791,20,748.214887
1.260282,20,748.258778
2.203929,17,748.294395
4.372119,26,748.351111
3.335961,30,748.413901
1.947931,30,748.477829
-1.20467,30,748.536858
4.338268,19,748.578895
2.355015,13,748.602658
1.120671,17,748.633049
4.334069,24,748.674092
3.785801,24,748.712454
3.914015,16,748.736776
4.02481,28,748.784714
3.265185,30,748.836019
3.909949,25,748.876232
3.862408,28,748.922444
4.946706,25,748.965259
3.228342,30,749.012695
2.394949,17,749.037106
0.134698,21,749.067763
3.618284,27,749.112401
1.134091,11,749.129227
4.379089,20,749.160045
1.577579,30,749.205696
1.760644,10,749.224233
1.292722,20,749.25677
4.29798,17,749.283391
1.461883,18,749.312264
2.995506,15,749.336655
1.048024,11,749.354443
4.090586,28,749.39835
1.883274,30,749.443391
3.139038,30,749.491654
2.238188,12,749.510981
4.103064,25,749.548249
3.893847,25,749.585887
1.488886,21,749.618549
4.24499,20,749.650163
4.046873,28,749.708628
1.716552,17,749.743947
1.155943,30,749.812962
-2.536601,25,749.86606
-1.017363,19,749.907462
4.11102,17,749.941861
4.087381,26,749.998558
-1.196728,30,750.06128
1.763572,17,750.095568
2.64102,30,750.147677
2.286941,30,750.197218
1.912083,30,750.243545
0.821959,30,750.287536
0.853157,30,750.330549
-0.568435,30,750.377036
4.185249,16,750.402646
4.094833,24,750.439708
0.359293,23,750.47581
1.475132,12,750.495624
2.906842,12,750.516159
1.989953,30,750.561357
3.11076,30,750.608291
2.287963,16,750.636863
2.252701,28,750.682925
3.273348,30,750.728825
3.261769,30,750.775989
-0.042183,30,750.824445
1.908232,14,750.848761
4.128738,16,750.875412
1.281513,30,750.919067
2.32862,30,750.968124
1.125847,16,750.993984
2.725225,19,751.024921
2.858712,30,751.067893
3.0396,17,751.094467
1.359854,30,751.142041
2.835072,30,751.218728
4.07269,20,751.290424
-0.772334,30,751.406937
3.301435,30,751.481318
4.031853,22,751.532939
1.904218,30,751.593351
-0.337303,30,751.647182
4.330372,22,751.685037
4.142513,18,751.715581
4.169552,18,751.741928
0.907549,29,751.789918
0.153191,30,751.836704
4.05563,30,751.889083
2.916863,12,751.908406
-0.062661,23,751.947493
3.287899,30,751.999631
3.935693,22,752.032718
-0.668485,14,752.053635
0.633442,30,752.103098
4.161544,28,752.147055
4.38639,23,752.181636
4.633927,21,752.212658
4.284341,25,752.255713
2.929175,16,752.281242
-0.512072,21,752.312848
1.235734,30,752.354096
3.389833,30,752.403163
3.217692,30,752.461066
3.053951,17,752.501829
2.342881,24,752.550361
4.23438,19,752.590749
-1.725033,10,752.613018
-0.790941,30,752.672695
1.692104,30,752.736278
1.458825,12,752.763869
3.493612,18,752.801857
1.439734,29,752.863194
2.989952,16,752.893016
0.6473,18,752.923928
4.205028,24,752.965258
2.414492,13,752.985027
1.413261,23,753.021999
0.088991,21,753.056931
4.308195,22,753.093035
0.816945,17,753.119537
0.666386,30,753.165364
2.411401,30,753.216542
2.846965,26,753.261654
-0.461398,30,753.327172
2.735132,27,753.417511
4.268885,24,753.503047
3.232182,30,753.568858
3.347115,30,753.637477
3.051113,30,753.699127
3.224544,30,753.757087
2.39215,19,753.789826
3.619023,15,753.81425
3.880891,24,753.858182
1.606191,30,753.913782
-0.74991,30,753.970355
2.787443,22,754.016582
3.393261,30,754.077525
-0.844848,30,754.140624
4.210652,28,754.199243
2.717267,16,754.230166
2.764252,16,754.256966
2.204361,14,754.28134
3.340625,30,754.33084
2.497118,30,754.378186
3.973633,17,754.405624
2.852757,30,754.454214
1.597188,30,754.509046
4.007349,26,754.563726
1.361589,30,754.628074
3.139859,30,754.690901
4.054175,30,754.757258
3.423013,20,754.799873
3.66833,15,754.829217
2.83375,27,754.889491
2.788597,18,754.928709
-0.963443,30,754.979321
1.315191,30,755.027672
3.158902,30,755.078546
2.702276,19,755.110044
4.074492,22,755.142924
3.723556,18,755.169168
-2.663341,19,755.216453
2.73863,15,755.247109
1.983073,18,755.281241
3.465501,20,755.315128
2.589262,30,755.366112
2.488182,19,755.395832
3.250122,30,755.438945
2.788914,25,755.475112
2.677372,18,755.503131
3.193742,30,755.552598
2.043144,21,755.58546
4.306016,19,755.61536
2.208148,13,755.635603
3.115553,30,755.684568
2.492482,30,755.729548
3.154854,23,755.763568
2.06235,25,755.804806
0.138014,15,755.828125
2.422758,25,755.867299
1.106022,14,755.890856
2.262413,20,755.926148
2.080024,30,755.97542
2.96463,23,756.014095
4.157615,24,756.04998
1.523094,30,756.09676
3.912779,22,756.131842
4.37251,25,756.169088
4.126051,29,756.213109
2.900582,30,756.262816
3.102724,17,756.289255
4.442137,30,756.337464
1.153738,30,756.380264
3.104999,30,756.428649
2.015076,27,756.46793
1.406095,16,756.494728
2.98897,21,756.526603
1.602101,24,756.564444
2.206114,25,756.603761
1.973437,26,756.64172
3.847391,22,756.675009
1.428559,30,756.724445
1.072253,30,756.769906
4.101358,21,756.799476
2.014905,20,756.82914
2.407436,26,756.873641
2.331189,27,756.914668
3.207836,30,756.964473
3.226212,30,757.014886
1.961684,30,757.065754
1.802331,30,757.114152
1.300957,30,757.160655
1.734609,11,757.178632
4.119762,30,757.225969
-0.095837,26,757.26702
4.270809,22,757.299289
3.382858,30,757.344658
3.255955,30,757.392673
1.183121,30,757.439655
3.128804,30,757.483397
3.723786,13,757.503174
3.001441,18,757.533975
1.151195,29,757.58111
2.574562,14,757.607245
4.269327,18,757.634201
3.355437,30,757.68392
2.742027,30,757.729939
-3.850645,30,757.78299
0.801694,30,757.831018
2.92153,18,757.864532
1.434124,17,757.893114
3.052091,21,757.925611
3.827299,27,757.967129
2.760615,18,757.996177
0.802028,22,758.032565
0.835356,19,758.064644
2.113798,18,758.092134
2.158808,21,758.128212
4.17773,21,758.164629
0.090686,28,758.208476
1.410317,30,758.249967
1.346586,30,758.301801
3.096772,30,758.34742
1.90603,30,758.389632
4.102216,20,758.419052
3.160199,25,758.457602
4.12462,23,758.494323
2.854342,19,758.521415
1.320386,30,758.567925
1.710735,30,758.614944
1.576662,11,758.633176
-0.684578,30,758.678274
2.819881,30,758.721208
1.898267,20,758.750864
0.583917,30,758.796045
1.856773,30,758.840119
3.693636,26,758.879574
3.304184,30,758.928767
2.088971,19,758.960928
3.159575,30,759.006491
2.926514,24,759.042076
2.382828,30,759.091811
3.033555,18,759.118819
2.017639,16,759.143339
4.260695,26,759.183345
-1.530949,30,759.23155
4.232113,19,759.26364
-0.031354,30,759.305868
3.259095,20,759.33412
3.431446,20,759.366111
2.617764,30,759.414605
4.607404,25,759.454021
2.329012,24,759.492749
-0.054997,25,759.535527
3.814239,23,759.570617
1.983802,13,759.592341
1.551076,15,759.613457
3.711011,28,759.657952
3.16275,30,759.702702
0.870029,18,759.729314
-0.276206,24,759.765199
3.091467,18,759.796328
2.045017,28,759.840769
3.952413,23,759.874892
4.085666,27,759.910626
2.505867,19,759.940875
2.223845,24,759.980475
0.928616,23,760.01608
2.663487,30,760.059096
3.005956,15,760.084706
1.672453,30,760.131788
3.202483,30,760.172909
3.665342,16,760.195833
1.930525,17,760.2217
0.569045,30,760.268011
3.027354,20,760.29707
3.818733,23,760.329214
0.430994,30,760.374183
2.995779,22,760.407424
0.764188,21,760.436624
3.062573,22,760.464879
-0.4,30,760.512451
1.742208,30,760.554673
3.338,30,760.595017
4.009208,28,760.634988
2.119012,28,760.680555
2.845956,16,760.704877
-3.336152,30,760.747292
3.792147,27,760.786716
-0.4,30,760.832831
-0.96842,24,760.871146
-0.251811,12,760.889994
3.365628,12,760.907777
-1.349876,30,760.95683
0.084573,17,760.983343
3.853712,24,761.021374
2.092292,21,761.053335
3.054183,30,761.102118
2.187875,30,761.14872
1.431875,30,761.189797
0.596652,30,761.23561
1.744594,30,761.285583
3.602031,26,761.327595
3.739175,22,761.35979
3.026716,19,761.390332
1.035091,30,761.43984
1.926384,25,761.480675
4.160759,24,761.515559
1.120847,30,761.556465
2.862127,30,761.606208
2.039254,30,761.650218
2.621019,18,761.677466
1.612065,15,761.696768
3.90362,23,761.736037
2.061743,24,761.771817
3.054546,20,761.799905
4.021714,30,761.844363
-2.641216,18,761.873229
-0.914522,30,761.922782
1.730388,24,761.957572
3.116065,30,761.998255
4.568959,25,762.039861
3.875326,18,762.068692
0.092597,30,762.111083
3.3416,30,762.156142
2.787001,14,762.179121
4.164476,23,762.214998
4.231317,27,762.254042
4.198825,27,762.294205
4.105502,19,762.326015
3.407448,30,762.372781
4.100479,26,762.410332
0.801735,25,762.449694
0.57466,30,762.498775
-1.975304,16,762.522386
2.920397,30,762.56783
2.870995,26,762.603207
-0.4,30,762.648851
2.75244,29,762.692518
-0.135744,22,762.723142
2.958419,30,762.771431
2.629464,14,762.7946
2.897673,18,762.824064
0.657987,30,762.867239
3.106772,30,762.914057
1.936132,30,762.961905
-0.508327,30,763.008491
4.093964,21,763.0374
3.340601,30,763.083852
2.354816,30,763.131101
2.164119,30,763.175851
3.148748,30,763.218317
2.9718,30,763.261587
2.008605,22,763.295147
2.704597,22,763.329996
2.888306,30,763.372247
2.522887,25,763.40825
3.022781,16,763.433512
2.22025,30,763.483781
-0.683225,30,763.530524
3.628349,27,763.570479
-0.849033,30,763.621228
2.846138,15,763.643924
3.160887,30,763.686079
4.140041,30,763.728808
4.438108,23,763.766989
0.138205,30,763.813666
1.821429,30,763.857501
3.301304,30,763.903088
3.417314,30,763.948083
3.040424,19,763.978824
2.083979,25,764.016623
2.113005,20,764.044336
2.224508,28,764.087992
2.889304,30,764.134887
3.019028,20,764.165131
3.388096,30,764.208528
1.970507,30,764.258043
2.919019,30,764.302814
1.840711,25,764.338701
2.600002,30,764.383006
0.84081,20,764.417154
1.380289,27,764.45806
0.587561,30,764.505238
3.600344,26,764.546638
-4.085842,30,764.596766
4.223852,21,764.628826
2.382676,19,764.656116
0.977641,20,764.684575
3.041835,30,764.734636
1.710903,30,764.782352
2.96379,30,764.830112
4.15271,20,764.861394
3.461168,28,764.908156
1.913504,30,764.952586
0.93124,30,764.997469
0.86357,19,765.023022
3.500777,30,765.086041
0.357381,18,765.116775
4.364109,22,765.154172
3.533227,18,765.182447
3.657853,27,765.22946
3.817256,18,765.259732
1.975685,30,765.300662
2.463089,30,765.343856
3.924239,24,765.382046
3.051586,27,765.420489
-0.70063,30,765.463914
0.445448,30,765.506495
3.165629,30,765.55546
3.408482,23,765.591039
0.931996,19,765.61695
3.520032,20,765.645118
3.828006,30,765.694793
3.297158,30,765.741451
3.326655,30,765.782466
2.439803,16,765.804695
2.986972,30,765.850898
1.203516,30,765.897841
3.094394,30,765.940083
0.028202,10,765.95511
4.200266,25,765.994977
3.205944,30,766.043755
1.80596,30,766.087608
1.928827,28,766.12489
4.162005,17,766.151723
3.156787,30,766.200286
3.746933,26,766.238831
3.297241,23,766.271228
0.296603,30,766.317531
1.972934,30,766.360504
-0.78949,10,766.375592
4.008261,30,766.417434
3.361463,30,766.465419
3.037141,30,766.510661
4.168942,14,766.533776
3.04894,30,766.575711
4.27154,16,766.601656
2.515159,30,766.647574
2.966093,22,766.677637
2.959663,30,766.720556
-0.032473,30,766.765589
2.344611,30,766.81025
0.794842,19,766.835062
2.864363,30,766.877735
2.037519,30,766.942173
3.312644,30,767.041305
4.415921,21,767.108018
3.87029,21,767.178618
2.338277,22,767.255069
2.252048,30,767.317199
3.777565,30,767.371989
-2.149319,25,767.412155
1.259414,30,767.466117
4.066931,28,767.511056
2.297147,22,767.545689
2.108122,30,767.59111
1.336294,26,767.632702
3.385429,30,767.682072
3.971352,16,767.707535
1.551904,30,767.75316
4.164309,15,767.782479
3.138957,30,767.834347
2.860655,16,767.859967
0.12895,30,767.903879
1.493746,30,767.952428
3.228755,30,768.005523
3.669026,25,768.042154
4.066007,30,768.08805
1.190731,30,768.135951
1.842179,14,768.158111
2.329724,30,768.20185
3.017974,15,768.228469
4.100159,15,768.258901
3.233714,30,768.311025
2.821924,30,768.366799
2.701021,15,768.392781
-0.075155,30,768.451224
3.454106,18,768.482969
4.055889,20,768.51803
3.867017,19,768.553209
3.01094,26,768.602231
3.105781,26,768.649717
3.040595,25,768.694439
3.556483,30,768.756454
3.987902,17,768.79405
2.445878,30,768.859283
3.482579,23,768.903325
1.063476,15,768.936037
2.223232,17,768.97247
4.185458,21,769.017142
1.472855,30,769.095618
2.004321,16,769.131112
4.052699,29,769.189928
2.893583,20,769.224147
1.494718,19,769.254015
4.143428,29,769.30332
1.925894,30,769.362372
4.015719,21,769.400272
3.734519,19,769.431948
2.034551,30,769.481167
-0.279785,30,769.534239
4.200834,19,769.565936
3.931203,25,769.60572
1.301021,30,769.661309
4.352535,28,769.711204
2.128797,30,769.763044
1.36604,30,769.808091
2.910403,30,769.856669
1.721228,30,769.907328
0.091627,15,769.932637
0.822671,30,769.980848
3.017662,30,770.027676
3.750344,19,770.063728
3.152057,30,770.12201
2.950831,30,770.179632
3.245298,30,770.244307
3.127999,22,770.293701
1.920055,30,770.360699
2.922545,14,770.393357
1.424784,30,770.459716
2.987382,21,770.510911
2.120399,27,770.571587
4.084909,21,770.621445
1.805368,30,770.677262
2.677415,18,770.720628
1.379817,30,770.791028
3.87225,27,770.855236
3.802788,20,770.903139
0.835548,30,770.97078
0.814028,22,771.021
4.010007,17,771.060827
0.331404,16,771.096214
3.180326,23,771.149369
3.095899,18,771.187139
0.999986,8,771.205028
3.810398,22,771.250391
2.704072,30,771.309828
-0.032815,30,771.363944
2.903206,14,771.387578
3.008145,30,771.435448
3.484545,28,771.482435
3.00149,21,771.51733
2.363712,20,771.549099
0.311213,19,771.580438
2.663447,17,771.611106
2.60087,30,771.671642
3.292793,30,771.723411
2.883944,30,771.779146
-0.202266,24,771.827049
1.780304,21,771.87052
1.763537,19,771.913197
1.368864,30,771.982128
4.167451,18,772.023767
1.614328,20,772.067313
-0.14388,30,772.122293
2.672851,16,772.14952
1.65473,30,772.206971
2.330012,24,772.252329
3.315714,30,772.313524
1.430048,22,772.359375
0.089489,30,772.41856
1.762316,30,772.476466
4.280585,29,772.529886
1.723395,30,772.584335
0.928815,30,772.640912
3.984645,22,772.679192
3.976218,20,772.713563
2.696254,30,772.767962
2.276081,30,772.820272
0.920086,30,772.872436
3.300444,30,772.922142
3.57647,25,772.969884
2.908304,30,773.036727
1.850638,13,773.074999
2.13288,21,773.151897
3.714117,24,773.208831
4.166414,30,773.28311
1.805053,30,773.339911
2.188995,30,773.388005
-1.849407,30,773.438163
0.642311,28,773.486752
1.742245,24,773.53059
4.048952,28,773.605708
4.369662,19,773.648426
2.734462,21,773.693833
-0.522247,22,773.737161
3.357729,30,773.800391
2.785715,29,773.857787
3.730073,26,773.912385
2.298781,27,773.963956
2.797186,30,774.016663
1.469653,30,774.062723
4.406134,19,774.098623
3.375154,30,774.147408
2.711876,29,774.193966
1.881688,27,774.233331
2.818933,16,774.261185
4.289583,26,774.308533
1.961949,30,774.357659
2.952148,26,774.403527
-0.771926,30,774.455138
1.165094,20,774.487592
1.047101,30,774.540253
2.80394,14,774.562578
4.205956,22,774.601544
2.9283,19,774.634473
3.538401,23,774.668641
1.030875,30,774.713038
2.567055,12,774.733717
4.288471,19,774.766283
4.003375,23,774.800638
-0.325118,16,774.823679
4.302545,25,774.867292
1.827765,13,774.88835
4.069181,26,774.931609
3.737334,13,774.953327
1.468308,30,775.002238
0.771949,30,775.047621
1.999997,30,775.089269
2.202647,23,775.124207
3.851991,25,775.16717
4.079536,26,775.209275
3.053371,18,775.234865
1.975754,30,775.28083
3.352699,30,775.330439
1.534747,30,775.37959
3.326004,30,775.425336
3.910035,23,775.459569
3.165089,30,775.510048
3.921239,28,775.554343
4.344795,25,775.597207
1.309726,9,775.612394
-0.224005,30,775.662848
-0.648234,30,775.712121
3.356061,30,775.755094
0.340477,16,775.778158
3.116809,27,775.826581
1.46119,27,775.872123
3.028764,13,775.893323
1.880724,25,775.932168
4.223523,21,775.970551
2.310842,30,776.020212
4.028827,24,776.057848
4.36226,25,776.097103
-2.983573,30,776.148546
4.090075,21,776.183281
2.031596,30,776.237517
3.923779,30,776.287105
2.599352,30,776.340115
3.618633,28,776.387933
2.490816,18,776.415127
3.185324,30,776.466802
4.193099,25,776.508528
3.689368,17,776.535774
1.051686,30,776.584708
2.829285,17,776.611062
1.922853,30,776.661424
3.979477,26,776.706175
1.041929,16,776.730905
1.174611,30,776.777777
0.118906,30,776.831804
2.421248,22,776.869062
0.874666,19,776.899073
3.230255,30,776.947196
4.335681,16,776.976084
3.400533,30,777.023145
2.643759,30,777.069486
3.354517,30,777.113304
3.168025,16,777.1403
4.012748,19,777.174818
0.676473,30,777.224872
2.465654,30,777.273654
1.616336,24,777.315165
1.258069,30,777.364769
0.812659,21,777.398774
2.202444,18,777.425431
1.434989,25,777.46626
4.039494,20,777.500345
1.121443,30,777.546761
3.204345,30,777.589813
0.8897,22,777.626822
2.78028,23,777.662749
0.797591,25,777.700296
0.110113,14,777.719748
1.331408,30,777.77339
-0.82452,13,777.793996
1.420875,30,777.844606
2.14341,27,777.889669
3.869438,29,777.941627
-1.424794,18,777.968342
4.151263,30,778.014206
4.3639,22,778.047117
3.653505,18,778.080114
3.402354,30,778.131423
2.4098,15,778.155788
4.138294,23,778.190963
2.137888,30,778.237133
4.213875,19,778.268457
3.793102,22,778.303074
3.014506,30,778.350195
2.969988,20,778.384605
2.871858,21,778.417872
3.346766,30,778.467941
3.46095,15,778.490281
0.072989,16,778.51653
3.188804,30,778.56874
2.938707,17,778.595728
0.801285,30,778.641191
3.585748,18,778.669589
4.243073,30,778.718799
4.015369,15,778.741631
1.451841,14,778.763118
3.954843,16,778.792024
2.836069,30,778.844985
3.236702,30,778.906518
-2.332362,14,778.932068
-0.270221,25,778.980228
2.658888,29,779.028488
3.608048,26,779.070972
3.849536,25,779.111953
2.488459,23,779.149234
4.530469,18,779.181789
3.281712,30,779.226961
4.060203,27,779.267469
-0.241964,18,779.298276
2.878581,27,779.342764
4.243746,23,779.379323
4.271457,23,779.413132
4.20642,25,779.455921
2.637505,30,779.51268
2.585773,28,779.557987
2.547669,30,779.60325
2.827214,19,779.636613
2.866875,15,779.662477
4.061597,22,779.696295
1.539292,30,779.740546
2.261278,30,779.786142
2.012201,30,779.834975
3.147554,30,779.88081
3.294741,21,779.913038
2.619469,30,779.965402
2.916278,15,779.989614
3.008609,30,780.032369
2.063411,23,780.065637
0.114054,22,780.102475
3.584146,27,780.14808
2.856705,30,780.193902
3.026962,27,780.232016
3.648265,25,780.275123
2.069885,30,780.323486
2.239296,16,780.34949
2.920423,22,780.38558
1.846301,30,780.433241
3.105553,30,780.48361
1.192666,30,780.526258
2.815615,19,780.553501
1.136758,30,780.603022
-1.107419,24,780.639415
-0.957038,19,780.667485
4.307917,26,780.704915
2.687021,18,780.732816
3.574249,29,780.778043
3.957435,20,780.808209
2.125066,28,780.849219
2.941519,30,780.900529
3.935826,19,780.931862
0.010578,30,780.976263
2.415698,13,780.994989
3.013453,30,781.044068
3.690865,22,781.078292
1.764921,27,781.119927
2.539374,25,781.156292
3.213282,30,781.20761
4.233403,23,781.246085
3.68056,20,781.276758
-0.302972,27,781.313029
2.325417,30,781.364246
2.359322,29,781.40904
3.170419,30,781.454388
3.837202,21,781.485243
2.93718,30,781.536079
4.067229,22,781.571681
4.136089,21,781.603912
3.878936,23,781.636765
1.825837,30,781.684397
-0.403468,30,781.729247
3.513761,21,781.759411
3.198681,30,781.802094
4.092316,17,781.830683
3.31354,30,781.879262
1.498657,15,781.902146
4.323195,24,781.939281
4.252946,19,781.972323
3.315534,30,782.019616
4.365427,25,782.057778
3.989733,18,782.082766
3.593473,30,782.134115
3.172143,30,782.182735
1.887326,30,782.229109
3.718677,28,782.269576
3.788924,27,782.313536
4.151123,21,782.35075
1.232235,16,782.375987
2.99109,30,782.420352
3.547714,23,782.457902
4.043196,13,782.480045
1.922448,30,782.527175
3.716937,30,782.570449
3.115729,30,782.620784
3.342849,30,782.66698
0.330341,30,782.711379
3.087766,19,782.736881
4.232108,18,782.77096
2.365975,30,782.817651
3.115071,29,782.865208
3.002099,30,782.910173
3.094589,30,782.960521
2.099213,30,783.012686
4.158244,26,783.06174
1.931966,24,783.104034
1.029977,30,783.154292
2.546268,28,783.199872
2.94063,18,783.232346
2.699021,17,783.26059
2.288692,30,783.333583
4.271131,27,783.382521
1.251278,30,783.432157
4.231234,24,783.467079
-0.488043,24,783.507398
0.700989,26,783.551291
2.784553,14,783.576054
-0.406292,12,783.595716
3.956354,29,783.644946
2.892839,30,783.693403
3.235191,13,783.715796
4.227548,15,783.739012
4.252349,22,783.779391
3.945413,27,783.825713
3.214444,30,783.872668
2.711683,30,783.920355
3.151638,30,783.972446
3.156326,30,784.026589
4.055097,27,784.067943
1.793505,25,784.106889
0.712383,30,784.155945
-5.178842,30,784.202787
3.427022,21,784.233181
3.170288,30,784.277986
2.938264,16,784.306125
3.744349,28,784.352517
2.861917,15,784.378012
3.243625,30,784.422866
3.99862,26,784.465556
3.60228,13,784.488682
2.531749,30,784.540874
0.350402,30,784.589376
3.044907,30,784.642794
0.033657,17,784.669802
2.866963,30,784.716898
1.49733,12,784.734251
4.055033,20,784.766927
2.910893,23,784.8035
-2.876551,30,784.851223
3.675796,23,784.886921
2.523316,30,784.940175
4.023582,18,784.972044
1.174067,30,785.019576
1.209853,30,785.068315
3.937767,30,785.118466
4.309077,30,785.168022
3.744745,23,785.202344
3.873056,27,785.243875
2.1982,25,785.284552
3.305758,30,785.333112
2.607055,30,785.380664
3.222991,30,785.428224
3.808977,23,785.467706
2.889764,30,785.513881
2.191897,18,785.542857
2.126524,30,785.589569
1.966142,17,785.618641
1.724888,19,785.648663
3.310366,30,785.696209
3.178696,30,785.740026
2.490078,30,785.790295
-1.038893,30,785.837442
-1.066289,23,785.871739
0.436783,11,785.887726
2.952998,18,785.917195
1.783906,30,785.966008
1.668442,30,786.008975
2.811694,30,786.053105
1.719314,30,786.100559
3.393713,21,786.134054
2.889811,30,786.181034
0.21708,30,786.223446
2.949513,30,786.274067
1.388603,26,786.314164
1.950777,23,786.351267
3.979652,29,786.391202
2.928729,30,786.44277
4.092908,21,786.47776
4.091336,21,786.510261
1.354032,30,786.560066
2.970193,30,786.608753
0.558615,30,786.655057
3.041415,16,786.677994
1.464513,15,786.69955
3.976824,25,786.740561
1.748439,30,786.787823
2.186126,24,786.824546
0.319649,12,786.841566
3.907701,25,786.885243
4.329648,20,786.918241
2.208992,23,786.953333
-0.668917,30,786.996486
4.336319,21,787.031501
3.923768,17,787.059406
4.254465,22,787.09532
2.803772,16,787.121061
-2.958219,27,787.166001
3.184758,30,787.214382
2.826817,27,787.256943
4.121985,30,787.300116
3.019836,30,787.354905
4.173199,22,787.393503
4.118791,23,787.431012
2.844348,30,787.483094
4.179924,28,787.532257
3.261135,30,787.580759
2.895634,20,787.611291
3.129304,18,787.638786
2.844832,19,787.668026
3.954647,29,787.715764
2.610503,30,787.770912
3.255141,30,787.820092
2.557936,21,787.85523
3.052856,22,787.89178
3.405365,30,787.940416
3.010208,30,787.981459
2.314423,30,788.03267
1.386091,10,788.048484
4.033469,22,788.085931
-0.653588,30,788.13269
4.041107,23,788.172243
2.692902,30,788.22107
4.149125,17,788.246138
4.041833,26,788.281912
-0.506018,21,788.317437
3.298684,30,788.368326
1.18243,21,788.406767
4.012969,23,788.445533
2.545146,30,788.498327
4.146949,22,788.533278
3.088499,14,788.557208
2.791557,30,788.601427
-2.696598,30,788.652235
2.762874,13,788.673295
0.027206,24,788.70964
3.702564,22,788.741924
2.096525,27,788.788024
3.266642,30,788.837782
3.325911,30,788.882408
3.214869,30,788.925787
4.130312,16,788.950532
2.908215,30,788.999163
3.372737,30,789.045607
4.04996,18,789.069918
3.163132,30,789.120914
1.656351,30,789.168686
3.106985,30,789.21647
0.83347,25,789.255507
3.76132,27,789.301612
3.019085,16,789.327609
0.889876,19,789.356457
1.446787,14,789.378289
0.678949,30,789.429318
2.7166,12,789.450209
1.823708,12,789.470453
4.025321,27,789.513253
2.778807,25,789.555391
2.840334,22,789.595119
2.207339,24,789.632617
2.830499,12,789.650367
2.127696,12,789.670119
2.277771,30,789.718851
3.187497,25,789.761963
0.635766,22,789.794385
3.754309,27,789.843602
3.25098,30,789.89976
2.827518,18,789.933581
4.215129,17,789.962945
0.491954,19,790.000632
1.381779,30,790.051366
4.174251,21,790.085437
3.174687,30,790.129794
-0.449644,22,790.16889
1.633551,30,790.221031
3.716946,23,790.261156
4.28401,28,790.310037
3.15601,24,790.354415
3.323702,30,790.402269
3.47354,19,790.434865
4.217586,26,790.479578
4.27333,19,790.511724
4.016736,30,790.566635
1.868396,30,790.626113
3.62136,20,790.666339
0.731466,30,790.728298
3.121605,30,790.784779
3.517598,30,790.840688
2.834664,25,790.885946
3.41501,17,790.919118
1.220136,30,790.976096
-0.813075,30,791.023799
4.008951,21,791.061474
2.139849,30,791.113207
0.84069,23,791.15242
3.306215,30,791.202088
3.93539,17,791.231477
2.876871,28,791.277936
0.398715,17,791.305192
4.189779,28,791.350688
2.148375,30,791.396137
4.38036,21,791.434754
2.932765,16,791.464997
4.182127,24,791.505804
2.009541,30,791.578177
3.1356,30,791.665282
4.336326,27,791.729365
2.939965,30,791.788957
2.848506,15,791.814174
-5.584067,18,791.842443
3.180089,30,791.891224
1.405614,30,791.936811
2.038669,27,791.975086
4.114981,27,792.032649
1.801303,18,792.077506
1.457676,24,792.134401
3.958545,20,792.177434
2.052024,26,792.240135
3.01219,30,792.30444
1.000558,22,792.356194
3.434525,30,792.424688
4.027072,20,792.473585
3.906755,27,792.537117
3.346161,30,792.618547
1.003275,30,792.677824
0.738117,21,792.719142
-0.621333,30,792.780675
1.002048,19,792.837729
2.700337,15,792.877215
1.338485,14,792.913317
1.070111,16,792.950344
0.782582,18,792.994131
3.279258,30,793.065702
1.925155,14,793.094056
2.796093,12,793.119095
2.190552,29,793.178381
3.631571,20,793.220578
3.351233,30,793.313097
4.212989,21,793.372001
2.906513,18,793.425835
1.840961,24,793.492922
1.158753,30,793.579106
3.257001,30,793.671019
2.744547,30,793.731014
3.174199,30,793.791402
4.238537,26,793.853676
-0.544738,30,793.914841
2.602825,19,793.950523
2.307702,23,793.992136
4.402218,25,794.038351
2.207324,19,794.072723
3.948707,12,794.096951
3.85267,21,794.134714
3.244655,30,794.191319
4.086772,25,794.236383
2.683254,20,794.27512
2.99424,19,794.31067
-1.177475,17,794.341772
2.837843,30,794.396064
1.703606,30,794.450257
4.300492,21,794.487202
4.310198,30,794.547532
4.290762,20,794.588588
3.187034,30,794.642931
3.909435,18,794.675676
1.327772,30,794.733029
3.045263,27,794.783813
3.763835,20,794.821301
1.251442,18,794.854579
3.27613,13,794.878464
1.510386,30,794.93175
4.098834,30,794.985271
2.568659,16,795.013823
4.204832,17,795.046545
4.099791,27,795.096124
-0.981053,15,795.12302
4.209093,27,795.168856
0.284694,30,795.225158
3.818421,25,795.271891
3.090617,30,795.330016
4.342563,24,795.377547
3.233935,23,795.439113
2.766978,30,795.537207
4.228728,25,795.623309
1.45092,16,795.669614
2.510675,22,795.723432
3.321158,30,795.778567
1.785048,30,795.832468
3.309148,30,795.893816
-0.093358,30,795.961473
2.574064,13,795.988171
1.743421,10,796.008078
2.098974,30,796.07574
2.79289,20,796.122884
4.0813,25,796.178542
1.999783,19,796.219462
3.81157,30,796.278452
4.298629,18,796.313
4.072409,29,796.36732
4.100067,19,796.399689
2.191594,18,796.429663
3.594585,23,796.47597
2.07731,25,796.519071
2.964315,17,796.551022
3.117639,30,796.602479
3.265138,30,796.660576
4.296963,23,796.700125
2.165271,10,796.718241
4.014427,16,796.751307
3.310888,30,796.809093
2.788511,13,796.834002
3.010402,30,796.888191
4.240802,22,796.93058
3.167977,30,796.988268
4.196245,22,797.033255
1.180577,30,797.089345
3.972952,28,797.141388
2.919699,30,797.1975
2.20529,21,797.23863
3.039275,20,797.302686
0.891086,12,797.334714
4.320451,23,797.40883
3.316905,30,797.497111
-1.503582,30,797.582022
3.032142,14,797.622218
1.005428,28,797.690326
2.298557,16,797.71936
3.596358,29,797.776071
-1.016891,22,797.816695
1.337951,30,797.874534
1.04872,30,797.934344
3.020164,30,797.988364
3.112974,30,798.039847
3.975841,29,798.092909
3.29732,30,798.149817
1.038376,24,798.193606
4.351602,19,798.226298
1.380877,27,798.279406
4.112239,28,798.330405
4.274946,23,798.371224
2.49433,25,798.413276
4.202483,26,798.465214
3.361597,30,798.517204
0.884448,11,798.537549
2.22836,28,798.590544
4.189282,30,798.645666
4.202923,21,798.687387
4.346983,17,798.718437
2.791319,21,798.757292
2.910162,30,798.817007
1.060963,30,798.871035
4.111771,17,798.904917
2.20098,26,798.950829
3.066549,30,799.009713
3.932503,23,799.050526
4.293513,27,799.09948
2.502696,18,799.128926
3.984756,25,799.177922
3.371083,20,799.212982
3.204796,30,799.280149
1.816465,29,799.367725
3.892365,18,799.417804
3.282918,30,799.491617
2.112858,30,799.555067
3.70176,19,799.591399
1.992272,30,799.649128
3.186691,30,799.703543
4.21075,23,799.744199
2.893245,18,799.777431
1.924116,24,799.823582
4.157783,27,799.873221
4.20499,30,799.926199
1.340211,30,799.981557
2.200658,22,800.022479
1.072787,20,800.058441
3.225094,30,800.112395
3.06957,23,800.15111
1.084556,20,800.189208
1.551618,15,800.218944
3.990287,17,800.249228
2.19217,18,800.283485
0.733051,17,800.316681
4.119686,23,800.35842
0.04134,30,800.411904
3.30373,30,800.464898
3.928968,26,800.513698
4.072807,25,800.557628
3.842154,19,800.59013
3.998642,27,800.640602
-1.381625,30,800.6969
2.257264,11,800.714161
0.168455,25,800.761787
1.115362,30,800.812065
4.19611,19,800.8509
3.355186,30,800.903605
2.666117,15,800.932141
2.853862,17,800.962499
2.933806,18,800.997863
4.260619,23,801.039824
4.157647,27,801.084432
2.590091,22,801.124461
4.266302,26,801.177417
2.739456,22,801.217729
4.155933,19,801.255054
4.144531,22,801.29619
2.469653,14,801.326941
2.286309,19,801.359621
3.049349,17,801.3924
2.232282,23,801.431245
-0.958386,30,801.489479
2.994708,30,801.543069
2.193857,22,801.582889
4.380826,21,801.621968
4.438329,30,801.6805
4.289687,24,801.723816
2.986108,30,801.777062
3.307481,20,801.814454
1.30267,30,801.86861
3.007903,25,801.912839
3.03911,17,801.944033
1.527154,30,801.999642
2.109978,30,802.055854
3.213802,30,802.111313
3.289862,30,802.16841
2.969366,20,802.204327
2.165161,30,802.263081
2.972229,30,802.318139
3.570661,27,802.36694
2.617673,20,802.401739
1.349532,30,802.456554
3.323623,30,802.511834
2.073124,30,802.56653
-1.118906,23,802.608035
2.536224,23,802.653378
3.131124,15,802.680429
1.860094,19,802.712355
3.999155,23,802.754831
3.218483,30,802.819631
2.824563,21,802.854865
3.910943,16,802.884609
4.03049,26,802.930754
3.900408,15,802.962716
4.193965,19,802.998759
2.187057,27,803.048399
4.018573,20,803.082889
1.864479,30,803.139879
4.193502,26,803.187684
1.691766,15,803.2152
3.723992,17,803.267019
0.787046,30,803.328201
-3.638472,27,803.379128
4.132477,25,803.424623
1.996489,30,803.480527
1.023506,16,803.511849
3.228222,30,803.568083
3.385073,30,803.624041
-0.48061,30,803.675174
1.699584,27,803.728252
0.558785,29,803.782106
1.410169,30,803.837331
3.776581,21,803.875468
3.373298,30,803.931409
3.986952,27,803.98008
1.785133,30,804.035048
4.117106,28,804.086163
4.270519,16,804.118335
0.763347,30,804.169991
3.782745,22,804.211282
3.242547,30,804.26419
4.162663,25,804.31112
2.874134,23,804.355602
3.889857,17,804.386184
4.155768,20,804.422183
4.001724,24,804.466978
0.249088,30,804.523327
1.805227,29,804.578199
4.059111,30,804.637011
3.219884,30,804.695778
1.666225,17,804.725697
2.967034,25,804.773255
3.606927,18,804.804669
1.795352,11,804.82641
4.102639,24,804.873267
3.759288,20,804.91099
4.031052,20,804.948404
4.450118,28,805.001709
3.437239,19,805.036395
-1.493465,20,805.071954
2.833601,18,805.104522
3.208195,30,805.162563
1.288816,30,805.21572
2.937786,30,805.269884
3.074286,13,805.29398
0.265186,15,805.322867
3.273454,30,805.3773
3.757528,21,805.414754
3.379806,24,805.457187
2.937253,25,805.504588
4.105026,23,805.544779
4.104501,24,805.588333
4.282434,17,805.623163
3.128018,15,805.651453
1.218843,30,805.707226
3.371324,30,805.759609
3.249796,30,805.815909
3.350511,30,805.871889
3.181466,30,805.929044
4.358842,26,805.974684
1.984722,24,806.018554
3.744323,23,806.062488
3.931,18,806.095765
2.099263,30,806.145965
3.048005,19,806.181361
3.816116,17,806.213647
0.954502,24,806.255552
1.591082,17,806.286417
3.2083,30,806.344629
3.108514,30,806.399238
1.951338,21,806.437935
2.247085,20,806.472005
-0.21074,30,806.522507
3.672361,24,806.569046
3.972785,21,806.609351
1.469675,30,806.6655
4.225998,23,806.708208
4.380284,21,806.748423
1.284569,30,806.803396
1.211879,30,806.857467
1.689661,16,806.887722
0.893068,20,806.925944
4.219144,21,806.965538
1.421005,28,807.011436
2.760099,30,807.067132
4.235431,17,807.099795
0.990639,17,807.131734
2.123164,14,807.158839
1.886573,21,807.195489
3.305057,30,807.254641
3.283451,30,807.310228
3.194304,30,807.36424
3.349489,30,807.420658
3.134245,30,807.477407
2.853976,15,807.505421
1.329364,30,807.561013
4.088841,23,807.602674
3.986638,20,807.641402
2.16278,30,807.695916
3.285913,30,807.750022
2.858882,30,807.809393
1.650103,17,807.840972
2.810755,30,807.896512
1.471876,11,807.913368
2.549644,22,807.952777
4.166881,25,807.998146
4.349307,20,808.034432
2.869171,13,808.057807
4.306361,26,808.104605
2.027377,30,808.157995
4.015448,20,808.194556
3.858252,27,808.242093
-0.848208,30,808.29842
1.66756,26,808.346359
2.16778,18,808.381547
3.61568,26,808.427998
2.893085,29,808.479857
3.581641,20,808.517378
1.810847,30,808.576248
3.706367,22,808.613542
2.412708,19,808.649881
4.034736,18,808.685626
2.932661,23,808.723845
3.30186,30,808.779287
4.130683,29,808.832822
3.420201,19,808.872627
3.02086,20,808.909241
2.54903,22,808.948374
3.213728,30,809.006309
4.068789,28,809.056346
4.316226,26,809.101173
3.277044,30,809.156478
0.858383,23,809.197821
0.129518,30,809.254427
-0.367035,19,809.289955
1.895865,30,809.341716
0.811918,30,809.395916
4.197796,13,809.42085
2.131311,14,809.448652
4.047556,23,809.491051
2.853991,25,809.538934
3.22025,30,809.592901
4.204456,17,809.629208
2.887239,18,809.662647
3.252802,30,809.715875
3.230101,30,809.772724
3.098913,13,809.796078
2.868953,21,809.831921
2.150362,20,809.866941
2.7068,20,809.904674
3.789326,24,809.948889
1.395766,30,810.006822
2.849566,25,810.051224
3.346319,30,810.107378
3.050628,30,810.160742
2.984702,21,810.199197
2.08891,30,810.257103
3.319322,30,810.312968
-0.718548,30,810.368054
3.424924,30,810.419634
-3.327097,30,810.472722
4.264456,21,810.511552
3.507411,23,810.553325
1.855381,18,810.584929
2.715257,20,810.623641
2.427058,30,810.681733
2.187896,23,810.724046
3.911017,25,810.771533
3.033692,21,810.808308
2.674361,16,810.837335
1.456819,12,810.860157
-0.844978,30,810.917412
4.129697,17,810.949171
3.440723,17,810.981488
3.011316,30,811.03942
2.264596,30,811.091365
2.861105,17,811.122916
3.953905,22,811.166614
3.272339,30,811.218942
1.218873,30,811.274214
2.567086,30,811.329937
2.65647,25,811.379696
3.258624,30,811.431528
4.226165,23,811.473368
1.470312,15,811.501506
2.638113,22,811.54186
3.751711,13,811.565895
1.46976,30,811.620538
3.001537,14,811.644889
0.250115,26,811.693908
4.257574,26,811.740791
4.094583,21,811.778987
2.915844,27,811.825945
2.893046,21,811.865911
4.345429,24,811.909214
-0.060499,30,811.963431
0.953081,28,812.014126
-1.113693,19,812.050283
1.32634,30,812.102749
2.354994,24,812.145103
3.60845,29,812.200012
2.750074,30,812.255303
2.822004,11,812.276114
4.286731,22,812.315627
2.018389,30,812.372286
0.74231,30,812.426318
2.759828,30,812.482144
3.146886,30,812.533377
3.254046,30,812.589153
2.212432,28,812.664962
3.032071,21,812.704204
0.9513,30,812.757955
3.833331,29,812.812642
2.43679,30,812.866169
2.719582,28,812.918449
4.363475,15,812.947762
3.104161,30,813.00106
2.959554,30,813.054818
2.66891,20,813.089736
2.789241,30,813.143151
2.83096,30,813.195128
1.983386,17,813.226218
2.821336,15,813.255298
2.929453,27,813.302869
3.185897,30,813.35427
-0.707162,30,813.416231
4.252358,30,813.467569
1.714709,30,813.523881
4.33951,26,813.568234
0.872819,23,813.61294
0.668806,27,813.662999
3.958281,17,813.692737
2.84019,16,813.720717
1.17129,30,813.779128
2.976881,11,813.798208
2.976434,20,813.834741
3.762169,23,813.876157
4.111925,23,813.92062
3.115607,30,813.973026
4.327991,25,814.019886
3.216899,30,814.072982
4.147709,21,814.111385
4.297959,22,814.151459
2.852039,22,814.189204
3.172651,30,814.245142
2.540864,27,814.296343
0.05647,22,814.333623
3.706557,28,814.38422
3.061788,30,814.438805
3.715416,17,814.470918
3.225866,30,814.523204
2.683646,30,814.579863
1.047396,30,814.633916
1.327736,30,814.692561
3.320662,30,814.746457
4.130149,24,814.788529
4.143864,18,814.823179
1.943035,25,814.869242
3.747392,20,814.904864
4.032029,21,814.942824
0.10764,30,815.002551
3.893985,18,815.034769
1.854808,30,815.092257
3.262698,30,815.146819
4.31904,27,815.196568
1.076483,30,815.255628
4.080112,30,815.306236
2.896793,14,815.333892
3.197001,30,815.386464
2.805461,18,815.421975
2.315691,20,815.459775
3.997368,27,815.509383
2.793658,30,815.564971
3.816555,27,815.61808
3.335209,30,815.672441
4.198015,28,815.724397
2.78502,17,815.753626
3.423755,30,815.812898
3.218769,30,815.865634
4.212074,24,815.908738
3.853856,24,815.952823
1.271442,30,816.010604
2.829012,30,816.063268
0.937463,30,816.118521
1.654272,23,816.158604
1.204346,30,816.215174
2.286675,30,816.27129
2.696677,30,816.325684
-0.044935,30,816.380796
4.017391,29,816.435478
3.856349,30,816.488978
1.109223,30,816.543251
1.050732,30,816.593535
0.508258,27,816.645243
2.936115,30,816.701919
2.948924,15,816.728476
3.278991,30,816.785611
2.969866,30,816.841097
1.98057,26,816.892253
0.432076,30,816.941183
1.594598,18,816.975358
4.271756,14,817.002211
4.192591,26,817.051402
3.729926,22,817.089451
4.085179,24,817.132606
3.805144,17,817.17036
2.856448,12,817.191045
1.970774,16,817.22245
2.625755,15,817.247242
4.233482,19,817.284897
3.918617,28,817.336489
-0.517969,17,817.36546
-1.293802,18,817.397964
2.718866,20,817.436939
2.814763,30,817.492556
4.089325,15,817.519386
3.89823,30,817.575013
3.034576,16,817.604607
3.972016,26,817.651919
3.022974,30,817.706686
2.054518,21,817.744271
3.888023,30,817.80609
4.138633,22,817.848944
3.398502,30,817.90028
3.118933,30,817.957081
3.057135,30,818.014177
3.279117,30,818.068474
0.069781,30,818.121552
4.40312,21,818.160395
4.133376,20,818.19776
1.02942,20,818.232909
4.069272,19,818.265903
3.091992,16,818.293841
3.602974,20,818.331479
3.595107,29,818.385462
2.907679,11,818.404854
3.720687,25,818.455954
3.238516,30,818.510332
1.337357,30,818.566264
2.965409,30,818.619955
3.966935,20,818.655563
1.049775,15,818.684635
1.281757,14,818.707563
4.194249,16,818.737372
4.17845,24,818.779932
0.992345,30,818.837795
2.862416,30,818.889333
1.353359,13,818.915318
2.543732,30,818.96623
-5.110481,30,819.021211
0.033949,30,819.073452
0.894966,30,819.129609
3.342105,14,819.152222
2.121788,26,819.203719
2.936903,30,819.255612
-1.032987,21,819.293496
2.551064,30,819.347545
3.114017,16,819.378442
3.311036,30,819.429988
3.35965,30,819.4855
3.817165,30,819.537381
4.294758,25,819.586144
4.170588,30,819.642395
-0.752786,30,819.697013
3.835699,25,819.741105
3.926242,21,819.78174
0.139444,23,819.824029
3.355149,30,819.877496
3.236648,30,819.933738
1.191124,12,819.959252
4.366481,23,820.000531
1.241792,30,820.051091
2.675429,28,820.101916
2.546141,9,820.118122
3.27864,30,820.173939
3.101687,26,820.217969
2.600949,30,820.273375
3.974633,28,820.329137
3.859885,16,820.357329
4.118351,21,820.392807
1.022713,30,820.4478
3.365681,30,820.503766
3.946957,20,820.539694
4.290881,17,820.571155
4.35667,30,820.625279
2.924244,30,820.677835
4.385116,26,820.727822
0.797513,30,820.77983
0.654441,30,820.833094
2.82258,22,820.871389
3.681494,20,820.908913
4.153416,26,820.959236
2.945594,27,821.007576
2.596779,25,821.052762
2.460535,30,821.104996
3.678564,27,821.153829
1.595118,27,821.201633
0.996819,30,821.255754
4.169861,29,821.3079
3.01651,30,821.362334
2.571665,30,821.418287
-0.053638,16,821.448461
4.179398,24,821.490488
2.890613,30,821.542673
1.148202,30,821.595606
4.146243,26,821.643677
4.313602,23,821.684608
2.957567,11,821.704393
2.101476,25,821.748998
2.863179,30,821.802589
3.386075,30,821.857399
3.07765,30,821.909675
0.738322,30,821.968543
3.157019,30,822.023978
3.890447,14,822.050688
3.358034,30,822.102946
2.174778,22,822.144718
2.713408,17,822.176212
4.084791,26,822.224658
3.709283,14,822.248686
3.928439,30,822.302125
4.155424,21,822.339602
0.880072,17,822.36829
3.207882,30,822.42341
3.162428,30,822.473974
4.11655,17,822.506869
3.749944,15,822.535091
3.175162,30,822.589281
1.973263,30,822.641058
1.57908,17,822.67096
3.437494,30,822.726345
2.871218,23,822.770275
4.243647,20,822.805845
3.969212,16,822.835231
3.514551,26,822.879886
3.722703,15,822.907548
4.364318,24,822.949858
-1.651803,30,823.003658
3.183415,17,823.035487
4.024086,16,823.065527
0.890495,30,823.115716
0.998206,21,823.151694
3.1369,30,823.207777
4.307086,21,823.243548
3.361257,30,823.299329
0.589686,30,823.351369
3.518359,19,823.388088
2.137949,23,823.42806
1.388198,30,823.479515
4.306117,16,823.511045
0.968227,20,823.548109
1.223931,30,823.603007
2.525127,24,823.644185
3.451555,30,823.697772
3.133496,30,823.75117
3.101023,28,823.80195
4.164509,19,823.832946
2.997087,16,823.863317
2.242506,30,823.917512
4.322608,20,823.953245
3.891882,20,823.988762
4.040218,14,824.015299
1.388585,30,824.069392
2.760028,30,824.121299
4.323634,18,824.154654
1.502732,27,824.20531
2.888771,20,824.239702
3.624022,22,824.277782
1.860788,14,824.304661
0.774407,18,824.350567
3.302477,30,824.418289
2.879502,30,824.470097
2.8731,19,824.504444
2.474708,30,824.561247
4.269723,18,824.593807
3.752648,17,824.624912
0.932188,30,824.678644
0.887611,30,824.732917
2.551775,30,824.784918
4.172824,27,824.830398
1.195094,30,824.884658
3.059858,16,824.913494
0.753514,30,824.968927
4.236934,25,825.014212
3.346685,30,825.065768
4.10459,28,825.1161
2.662,14,825.143632
2.821832,15,825.170525
4.091944,25,825.213923
4.340772,30,825.2658
2.330805,22,825.306208
4.170605,17,825.336616
3.054622,18,825.366738
3.167069,30,825.424231
3.100444,30,825.477114
2.915676,18,825.51016
3.148537,16,825.539178
2.368119,21,825.577775
2.954302,17,825.608105
3.383246,30,825.661767
3.073693,30,825.713014
-0.635545,26,825.761318
1.213153,30,825.812346
3.287267,30,825.864175
4.14656,24,825.905925
1.907559,22,825.946948
0.19743,30,826.002841
2.241276,22,826.03974
1.92204,19,826.075476
2.968732,15,826.10657
4.169397,30,826.160968
3.276231,30,826.217383
3.094691,15,826.247057
3.22642,30,826.304333
2.19024,17,826.334092
2.999967,13,826.357601
2.970914,17,826.386194
2.75437,16,826.4176
3.094162,30,826.470276
-1.243809,15,826.496705
2.927674,13,826.518875
4.382049,25,826.56859
3.006418,12,826.589851
2.498035,25,826.634675
1.151788,30,826.687883
-1.259832,23,826.730317
-0.007856,30,826.783996
2.634552,21,826.8189
2.441692,10,826.835006
3.016565,30,826.892364
3.932107,20,826.926809
1.297411,30,826.978179
4.185837,15,827.005577
1.348255,30,827.063602
-1.048153,23,827.100906
3.122873,30,827.153467
3.472665,28,827.203786
4.316115,27,827.253311
3.299107,30,827.304965
1.883428,30,827.358896
2.437003,28,827.407948
0.035347,30,827.458541
1.597415,24,827.500497
3.441385,14,827.527485
2.699232,21,827.56176
4.262098,16,827.591926
4.163117,22,827.631661
3.049568,30,827.687993
3.026848,30,827.737117
3.852864,28,827.79196
2.078913,30,827.850636
4.014403,20,827.885997
2.893264,16,827.912954
4.410016,29,827.96672
1.420468,30,828.017466
1.388641,30,828.068229
0.079057,30,828.121579
4.125906,28,828.175065
3.309002,30,828.224587
2.793154,24,828.267654
1.993605,16,828.297194
3.957347,22,828.339235
2.074513,26,828.382841
0.691855,13,828.404076
3.215895,30,828.458619
2.198511,16,828.48917
3.256804,30,828.54125
0.030189,19,828.574708
1.187951,30,828.629544
3.367029,30,828.688675
0.933136,30,828.745413
1.224656,30,828.805393
4.009046,16,828.835264
4.273961,20,828.8759
-0.759748,30,828.934834
3.264486,30,828.99135
2.88219,17,829.025331
2.367823,28,829.084285
2.939343,13,829.111835
1.721044,29,829.168707
3.237879,30,829.222293
1.35265,30,829.279577
4.288234,29,829.331961
4.106324,17,829.361626
3.851611,20,829.395857
3.292554,30,829.456789
4.156943,26,829.500815
4.197478,21,829.539958
2.941932,23,829.579321
3.304211,30,829.660282
3.257722,30,829.764182
1.162643,30,829.871425
2.017114,30,829.963363
3.826075,24,830.031304
2.76028,12,830.05492
2.632302,30,830.110923
2.902502,30,830.164125
2.105781,23,830.208093
4.443339,18,830.241035
-1.74426,15,830.265388
4.30797,25,830.311454
1.518499,12,830.33561
-0.258271,30,830.388558
2.146383,26,830.436316
3.298631,30,830.488545
2.10981,30,830.542518
3.356042,30,830.59901
2.962033,30,830.681458
0.745502,24,830.747992
3.226756,30,830.829704
3.275006,19,830.88683
1.404785,30,830.969273
4.420242,25,831.031549
1.163644,28,831.087848
3.375431,30,831.141572
4.067326,23,831.187357
3.465877,13,831.209905
3.167601,20,831.247133
2.923726,22,831.288144
3.003939,22,831.325674
2.931249,21,831.361435
3.287533,30,831.419229
3.162706,30,831.474021
1.772632,30,831.529986
4.026258,20,831.563429
4.128409,23,831.60896
3.863155,20,831.646232
4.321194,23,831.68508
0.913117,17,831.716472
4.400795,30,831.773423
3.906828,24,831.817315
2.132874,24,831.860267
1.052952,16,831.888366
3.113307,30,831.943717
1.051449,28,831.995638
2.776235,18,832.028881
1.763235,29,832.078166
2.712275,30,832.135485
4.361178,25,832.179272
3.127664,30,832.231728
3.030261,18,832.263401
2.264887,19,832.30278
4.274024,24,832.348402
3.363819,30,832.399763
2.049323,22,832.440773
2.7818,30,832.49819
3.329496,30,832.553423
3.848557,30,832.615156
2.388754,14,832.655247
4.167893,29,832.740004
1.994649,30,832.820189
2.800037,16,832.855509
3.39593,30,832.91174
1.290534,30,832.9681
-0.246159,30,833.021715
2.15273,20,833.056898
3.868456,26,833.107967
1.199168,30,833.168207
3.344234,30,833.22239
4.056022,22,833.260132
4.131432,13,833.283674
3.368988,30,833.338508
3.142516,30,833.393409
4.412966,29,833.448766
4.099178,18,833.478389
0.601665,13,833.502947
3.015949,17,833.535886
2.719648,15,833.560555
3.314043,30,833.615536
2.048941,23,833.659285
2.670714,20,833.695244
4.227593,17,833.724644
3.880947,20,833.760302
2.623145,30,833.815578
4.000647,29,833.868069
4.024498,26,833.913728
-0.065861,30,833.96937
4.081629,18,834.002502
3.265777,30,834.055392
3.228553,30,834.108943
4.334929,18,834.144121
3.781293,22,834.183462
4.171161,13,834.206028
3.193325,26,834.253219
3.295396,30,834.305157
2.088654,30,834.360992
3.04511,30,834.415012
3.118016,30,834.470001
1.079442,30,834.524657
2.706124,11,834.546445
3.077187,30,834.60861
3.928508,14,834.633156
2.077485,16,834.662704
1.696678,15,834.692253
2.481718,30,834.745234
3.978907,27,834.793722
3.738843,19,834.827982
4.022109,21,834.867184
2.564457,15,834.894971
2.990269,30,834.94795
3.499711,21,834.986122
1.12796,30,835.040698
3.041845,30,835.094589
1.954784,30,835.144986
4.165184,29,835.193159
3.785581,25,835.240901
4.23555,25,835.285537
3.658011,24,835.324627
2.042046,17,835.353157
3.118302,30,835.409629
2.128946,30,835.459992
2.862422,15,835.488257
2.930852,19,835.520853
4.14166,18,835.552785
3.475112,20,835.587008
4.046499,17,835.616694
3.884894,20,835.653855
3.573134,16,835.683434
3.949917,22,835.724116
4.014023,17,835.753399
1.951989,23,835.793402
4.134463,23,835.838166
3.961747,27,835.883666
3.138399,30,835.936192
3.268725,30,835.986649
3.219958,30,836.044857
1.182397,30,836.098836
2.147341,26,836.144674
2.060831,19,836.178245
3.231138,30,836.232662
3.761768,21,836.270997
1.625836,30,836.327153
3.257298,30,836.377737
0.455983,13,836.404386
2.7829,24,836.448016
1.442399,30,836.500793
3.088824,30,836.553444
4.332286,28,836.609926
4.26102,24,836.65426
4.187594,21,836.692186
2.27517,30,836.744642
2.776422,18,836.787591
4.118785,22,836.833243
4.323411,22,836.8765
3.293002,30,836.930111
1.938488,20,836.970912
-2.543979,12,836.991879
2.881965,29,837.046843
2.825524,30,837.100403
2.875789,23,837.143343
3.977102,20,837.18074
1.60446,21,837.218969
2.47816,16,837.246056
0.346322,22,837.28716
4.074842,17,837.315717
3.357519,30,837.368378
3.636501,21,837.406816
4.137,29,837.461539
3.341637,30,837.515867
3.409587,30,837.571477
1.71698,19,837.60504
1.538492,15,837.630347
2.899829,26,837.679113
1.888466,30,837.732349
3.282308,30,837.789453
0.935686,16,837.822831
4.327109,20,837.862195
2.782684,30,837.913231
3.33486,30,837.969172
2.134413,21,838.009243
3.003851,30,838.061022
3.441692,30,838.110413
0.452923,30,838.167707
0.94973,30,838.220849
4.284453,27,838.270285
3.606862,27,838.318828
3.682536,19,838.351084
3.31645,30,838.411179
3.058435,20,838.44886
1.547223,17,838.477707
1.507171,20,838.513859
3.153188,30,838.570289
3.129273,30,838.621105
4.142479,17,838.651665
3.230967,30,838.705948
3.087117,30,838.7653
3.261456,30,838.822441
2.962568,30,838.873397
3.631327,19,838.907264
2.709839,30,838.968035
1.624531,17,839.00019
4.136876,30,839.06248
3.705426,18,839.098344
-0.878421,30,839.15395
3.922838,28,839.206829
1.281732,30,839.260816
2.868281,12,839.282112
2.939438,12,839.305077
2.036034,27,839.355148
0.150536,17,839.38541
4.164463,30,839.437248
4.052287,30,839.498017
2.098359,15,839.526523
0.92899,18,839.555408
1.147124,30,839.612274
2.821064,30,839.664966
4.095481,25,839.708603
3.347553,30,839.767368
3.451585,23,839.809779
0.930595,15,839.83474
1.950672,19,839.868854
3.352,30,839.923823
4.409213,26,839.966738
3.016684,30,840.023175
3.903296,27,840.067856
3.042924,30,840.122796
3.89157,19,840.156223
2.85504,21,840.194706
1.283352,30,840.247834
2.396102,27,840.293603
0.791872,23,840.333974
2.659573,30,840.388173
3.271189,30,840.444172
3.07981,16,840.471839
2.675496,30,840.522376
3.340684,16,840.551804
1.919354,30,840.610183
4.215925,21,840.649673
4.346504,17,840.678493
3.941928,24,840.724856
0.139345,17,840.756402
3.899114,27,840.804029
2.685861,27,840.853885
4.10398,22,840.897391
-2.118281,30,840.952351
1.273125,30,841.008468
2.582689,20,841.043835
4.144706,21,841.083783
0.396432,17,841.112878
3.01868,30,841.167755
3.221912,30,841.21924
2.566718,30,841.276014
1.132963,15,841.300918
3.00607,18,841.334964
1.732824,30,841.386823
4.415085,19,841.421924
2.64434,30,841.476009
1.218018,30,841.530633
3.552413,26,841.575729
3.65077,18,841.607654
1.196727,30,841.662685
1.438269,19,841.695853
4.082893,26,841.742263
3.319833,30,841.796693
2.932531,30,841.851326
2.945629,16,841.879354
-2.392631,30,841.931253
0.913394,30,841.991153
3.209824,30,842.044544
3.100505,30,842.098528
4.271512,19,842.133922
3.658995,19,842.167892
1.678126,26,842.216729
-0.726892,30,842.267551
4.063536,26,842.313793
-2.224673,30,842.365109
3.019718,22,842.404226
4.015395,27,842.45514
2.246845,21,842.491917
3.063777,13,842.515738
1.336055,30,842.57071
4.296469,19,842.603351
2.729772,30,842.661628
3.596769,15,842.690853
-1.188572,30,842.742987
3.304124,30,842.802212
3.596072,22,842.839647
3.260548,30,842.896603
3.017255,30,842.949984
3.173526,30,843.005718
2.992804,19,843.036084
3.303877,30,843.093999
3.817793,26,843.139411
2.953749,12,843.16118
3.214814,22,843.200456
3.373549,30,843.254162
4.223177,18,843.289502
3.692944,26,843.335414
2.247875,30,843.388443
2.371877,16,843.418197
2.126614,30,843.47265
2.76993,22,843.513095
3.2673,30,843.56354
3.708701,15,843.593219
4.351709,15,843.623807
-1.035749,20,843.659109
3.839811,27,843.708787
3.0014,15,843.736465
2.885881,30,843.793063
2.578113,19,843.826837
3.083596,22,843.864304
3.847757,15,843.894947
2.884968,11,843.914857
2.912003,12,843.940795
3.28148,30,843.995663
2.119572,15,844.025428
3.210481,30,844.082415
2.972432,30,844.139209
0.964892,30,844.190786
3.249856,30,844.248391
3.132574,19,844.283466
4.24458,26,844.329563
3.456971,27,844.377297
0.027146,30,844.430062
3.359893,30,844.486569
-2.300015,28,844.537809
3.252606,30,844.591929
3.26636,30,844.658294
0.725904,21,844.696139
1.269347,30,844.751058
0.265733,30,844.802526
2.997308,14,844.831017
2.805905,17,844.862525
3.040828,30,844.916873
3.087457,15,844.944805
3.379445,30,845.004142
0.521851,30,845.058085
4.193816,28,845.107881
4.016908,20,845.144492
3.821633,20,845.182368
3.918377,25,845.228961
3.272286,24,845.273496
3.894446,12,845.29618
3.764436,14,845.324822
0.057452,23,845.36741
2.843089,30,845.420009
2.108894,26,845.467201
3.869231,19,845.504061
2.87307,30,845.558773
2.743518,25,845.605395
4.088399,30,845.661401
3.144238,30,845.716934
1.696103,12,845.739853
3.979668,27,845.787676
0.773018,30,845.843677
3.239366,30,845.902061
3.055799,30,845.953966
2.025654,30,846.007985
3.444267,26,846.052541
4.310581,22,846.097906
2.92149,30,846.150288
4.144591,17,846.1824
3.473929,30,846.234802
-0.814858,30,846.2903
2.862087,27,846.338054
4.137234,25,846.384921
-1.211476,16,846.412561
1.710045,30,846.467909
3.604342,15,846.496282
3.297674,30,846.550151
3.365983,30,846.605983
2.662556,19,846.64416
1.745406,30,846.695221
1.739467,18,846.728209
3.557493,23,846.767368
1.617326,14,846.795755
3.261607,30,846.851044
2.942637,19,846.884888
2.061405,21,846.919829
-0.695328,16,846.970005
3.382678,30,847.037316
4.511709,29,847.091672
4.028608,21,847.129596
-1.011109,18,847.166577
3.285695,30,847.21935
2.626913,30,847.271803
1.568558,18,847.302159
0.109846,26,847.349971
3.288542,30,847.401899
2.516301,26,847.449588
2.270138,24,847.491837
3.325772,27,847.542731
4.186755,23,847.582209
3.095482,30,847.63738
3.366349,30,847.690592
1.904895,23,847.735777
4.082133,20,847.775517
2.727516,30,847.830614
2.913218,14,847.855801
2.283153,24,847.90132
1.652938,16,847.930548
4.01118,28,847.979562
4.062036,18,848.014069
3.262634,30,848.066192
3.185946,30,848.121761
3.510742,27,848.16905
4.155885,27,848.213951
1.659485,30,848.267512
3.891791,16,848.296901
4.004537,30,848.349416
3.096781,19,848.382144
2.654304,29,848.436214
4.161204,22,848.476305
4.048807,25,848.519116
1.983969,26,848.564492
2.96264,11,848.586953
4.100216,19,848.623082
4.256729,28,848.672999
1.997121,22,848.709896
3.213971,30,848.766124
3.274105,30,848.818547
3.145146,30,848.873261
1.982057,23,848.91496
4.179301,23,848.956728
2.286459,22,848.997139
2.864151,30,849.048804
3.55015,16,849.075788
3.022486,30,849.133165
2.295036,23,849.176219
-0.027418,30,849.227886
-0.061802,25,849.270995
2.159863,21,849.312073
4.16242,16,849.341523
4.25251,19,849.374254
4.268729,22,849.415196
1.268507,30,849.467478
0.116681,30,849.522098
3.341381,30,849.57617
2.965004,17,849.60905
4.25233,18,849.644041
3.259806,30,849.701486
3.039527,30,849.753229
4.077685,24,849.797046
3.357251,30,849.855029
1.897118,27,849.901731
2.084462,30,849.956318
3.217906,30,850.012466
3.254791,30,850.071487
4.210788,15,850.099689
1.266278,19,850.130414
1.334695,30,850.193014
2.858106,30,850.248734
3.363263,26,850.29761
4.204438,12,850.319574
3.936158,17,850.350197
4.220793,28,850.406707
4.1201,21,850.445073
4.202017,22,850.486516
4.123914,18,850.516361
1.766434,9,850.536788
3.942103,30,850.590087
2.181374,12,850.612555
4.102075,21,850.649736
4.223013,19,850.687353
4.296345,22,850.728715
3.9911,18,850.758729
3.310318,30,850.813408
0.077799,30,850.865523
3.418953,20,850.901872
2.285121,16,850.931234
3.204245,30,850.982868
-0.883774,30,851.035792
1.354131,30,851.090789
0.772992,12,851.110739
3.332139,30,851.165136
2.841145,30,851.22348
1.400076,30,851.277171
0.547647,24,851.32209
2.351692,30,851.376548
-0.633005,30,851.431047
4.255528,29,851.484038
4.382559,22,851.525848
2.391065,21,851.563245
-0.012868,30,851.62064
3.391945,30,851.68829
-0.021901,20,851.724433
1.246011,30,851.778954
3.724373,20,851.818523
2.731912,14,851.843064
3.230817,30,851.90257
1.440261,27,851.947876
-0.719299,18,851.979914
0.288583,28,852.029386
2.874274,20,852.06576
3.319919,30,852.119585
1.959262,30,852.176397
3.298679,30,852.229439
3.086583,30,852.283735
3.172941,30,852.335694
1.722396,30,852.389994
3.344094,30,852.44409
1.258844,30,852.499204
3.371154,30,852.551552
4.162775,16,852.581617
4.330516,18,852.615217
-0.220391,30,852.668766
2.107669,21,852.70728
1.214098,16,852.73773
2.981683,15,852.766401
0.817128,14,852.792212
1.961976,30,852.845255
3.21307,30,852.901397
4.267185,17,852.932351
1.595676,27,852.981899
0.025052,30,853.035521
3.23462,30,853.092937
-1.056295,30,853.146527
4.164373,29,853.20248
3.844731,27,853.249797
4.105702,21,853.293051
3.711891,27,853.340946
2.097397,30,853.396133
4.040336,28,853.448381
1.41527,30,853.503542
0.08405,23,853.54573
2.160896,23,853.587524
3.932335,25,853.630986
1.337252,19,853.66855
0.319008,30,853.718215
3.228291,21,853.755784
4.161918,17,853.787513
1.239277,30,853.845606
3.131227,30,853.90006
2.989976,14,853.926051
2.669574,30,853.981285
2.858277,28,854.03245
3.695119,22,854.072906
1.77755,30,854.130621
4.317787,17,854.159626
3.781952,23,854.205455
3.974458,18,854.238085
3.197023,30,854.295955
2.096728,30,854.345522
3.209472,30,854.402924
2.410814,14,854.427203
4.328078,20,854.462774
1.248982,30,854.519111
1.57607,30,854.578651
2.009108,16,854.609592
4.211193,20,854.646365
3.210987,30,854.699416
0.630514,30,854.753681
2.65249,30,854.808665
2.118326,16,854.835192
3.083136,13,854.857846
1.297359,30,854.915636
2.97547,17,854.945894
3.171181,30,854.997172
3.313509,30,855.053535
2.684725,29,855.107052
0.84648,30,855.157117
3.086921,30,855.211075
3.738812,21,855.248306
4.283688,15,855.278134
0.258878,30,855.331556
2.237783,30,855.381757
-1.899818,30,855.435512
4.319542,24,855.479768
4.169028,17,855.508943
0.86008,18,855.540064
3.279704,30,855.594677
1.304271,30,855.65116
4.099042,24,855.693408
3.138917,30,855.74628
1.929041,30,855.794867
4.076932,21,855.8377
3.311838,30,855.892014
2.326388,19,855.926041
0.363501,30,855.978308
-0.108413,30,856.035111
4.08859,26,856.082578
2.565542,25,856.129264
2.534294,30,856.180218
1.470565,25,856.226146
1.846022,19,856.259859
3.422157,17,856.289227
3.391237,30,856.344268
3.407772,30,856.397247
2.548349,30,856.453702
4.257319,21,856.489661
3.212033,30,856.543011
2.760861,27,856.58949
3.293103,30,856.647697
3.339583,30,856.699256
-1.049339,18,856.731257
0.910243,30,856.784852
4.175457,22,856.825572
3.349158,30,856.877294
4.18584,27,856.925233
1.707029,20,856.962672
2.856028,11,856.982253
3.13931,30,857.034591
1.548839,12,857.056351
4.132458,28,857.10958
3.034155,13,857.139631
4.172338,20,857.175646
-0.928513,30,857.225646
3.161355,30,857.28241
4.156224,24,857.32776
4.021851,24,857.369232
3.129677,30,857.420788
0.359142,16,857.451677
4.322605,25,857.495914
1.776446,30,857.549623
1.894075,30,857.607623
1.102322,30,857.669075
1.701205,30,857.722896
2.943725,18,857.759483
2.071679,16,857.789081
3.001836,30,857.844241
3.318206,30,857.899404
2.393037,30,857.951445
2.125905,27,857.99867
3.259318,30,858.05757
4.098499,29,858.106071
3.07852,19,858.141438
-0.133729,30,858.193669
4.320159,19,858.232013
2.931612,30,858.287407
4.401746,19,858.321949
3.345526,30,858.374138
2.675447,13,858.399082
2.927391,17,858.428982
3.131227,20,858.481597
4.17463,16,858.519219
1.167005,30,858.579086
2.967501,14,858.603523
2.016857,30,858.65932
1.682729,11,858.676309
2.05534,30,858.735166
1.317569,30,858.784997
-0.474231,22,858.823933
4.267624,30,858.874898
1.383127,30,858.932153
3.282186,30,858.984994
0.830157,22,859.024619
4.363189,24,859.067016
4.138211,30,859.121071
1.390605,30,859.173418
-0.954564,23,859.213369
1.345637,30,859.265048
4.377332,16,859.296944
3.545026,23,859.338409
3.248623,30,859.391203
3.317276,30,859.447585
4.369605,15,859.47704
2.826233,20,859.512807
3.068858,30,859.566484
1.245555,30,859.620997
2.485134,30,859.677884
2.748129,10,859.698424
-0.899145,30,859.749591
1.033147,13,859.773932
3.381594,30,859.834518
3.375074,30,859.888319
2.894121,30,859.944247
-0.07878,30,859.994984
3.185827,30,860.053878
2.99368,22,860.091062
3.428839,30,860.144696
2.202501,27,860.192004
1.544938,16,860.22241
3.199298,30,860.275433
2.24211,30,860.328751
3.338265,30,860.380034
2.898555,30,860.438911
1.171946,30,860.491605
2.767281,22,860.528956
1.944718,30,860.582447
0.624572,16,860.613555
3.319652,30,860.669787
4.112273,24,860.710249
0.739486,22,860.747475
1.333132,30,860.802799
3.95655,26,860.844648
1.159971,30,860.896645
2.473547,25,860.939811
3.908832,22,860.981072
1.899814,30,861.035408
2.578324,30,861.088001
4.346501,23,861.130121
0.85918,24,861.175429
3.511587,25,861.218404
3.448261,30,861.273283
4.165871,23,861.314986
3.048526,29,861.36857
1.363376,30,861.419809
3.728356,29,861.470827
2.970055,16,861.499337
1.613881,9,861.515234
1.705263,18,861.546484
4.397884,18,861.582194
3.181472,24,861.624609
2.0508,28,861.675247
3.902879,25,861.719361
3.364196,18,861.751542
4.341146,24,861.79406
2.123878,23,861.834254
-0.054752,24,861.876123
3.58371,20,861.909948
1.338798,30,861.963187
2.077313,30,862.017219
3.31368,30,862.070393
3.375525,30,862.123522
2.934551,30,862.177912
4.12297,20,862.216227
3.370254,30,862.268763
4.198159,16,862.297491
2.817123,15,862.324574
1.09384,30,862.382372
2.718256,30,862.43185
3.825578,14,862.457897
3.975261,21,862.494036
2.541486,13,862.517163
2.85875,14,862.544484
2.890694,30,862.596543
4.3518,17,862.626104
2.848219,28,862.677032
3.184888,30,862.732727
4.015324,16,862.763275
4.129853,30,862.816674
2.123582,30,862.876252
4.017343,29,862.928632
-0.594662,30,862.981641
4.072864,18,863.014427
1.999963,27,863.068593
4.000308,17,863.09971
2.773139,30,863.154127
3.131755,19,863.186358
3.056896,16,863.217882
0.030886,30,863.275035
3.152342,30,863.325065
-0.735586,30,863.379477
2.869486,17,863.409804
2.995916,30,863.465331
3.999459,21,863.501902
3.194057,30,863.553708
3.075732,20,863.591717
4.028211,14,863.620484
4.078132,18,863.652608
3.29721,30,863.706776
2.975391,16,863.737398
4.150296,24,863.780981
4.2013,27,863.831377
3.024893,16,863.860068
1.14172,30,863.916752
4.198903,29,863.967901
-1.76356,30,864.022056
2.683166,15,864.051066
0.479311,20,864.092837
3.852271,20,864.128834
4.153163,23,864.167434
4.037325,20,864.20335
1.84895,30,864.265015
4.300427,24,864.308006
3.336548,30,864.358039
3.082014,17,864.390245
3.380209,30,864.450644
4.349425,27,864.499969
2.22378,23,864.542981
-2.712122,30,864.593457
4.147738,30,864.652477
3.085179,30,864.705203
2.338695,17,864.735714
2.036696,28,864.785866
0.815896,30,864.84709
3.261513,30,864.902114
3.294755,30,864.955914
0.969475,28,865.008079
3.754692,30,865.067466
4.334721,20,865.104231
0.521835,30,865.15962
3.053417,30,865.212472
1.029507,30,865.270709
3.935718,22,865.308949
2.370351,30,865.3648
3.342401,30,865.418427
3.155861,30,865.478895
2.704129,30,865.533197
4.135171,18,865.566111
1.154296,30,865.619442
1.799422,30,865.675391
3.88679,26,865.723662
3.858989,20,865.760403
-0.961479,30,865.815924
3.315468,30,865.872737
3.426615,30,865.929881
3.298719,30,865.981849
1.90387,22,866.022708
4.112735,20,866.06147
3.959888,28,866.109703
3.848949,23,866.152691
1.378329,30,866.206683
3.30048,30,866.263203
3.061403,18,866.295633
3.75345,26,866.343488
2.958794,30,866.394973
4.154192,30,866.454349
3.314429,30,866.507662
3.739823,20,866.54323
2.592036,20,866.579967
4.183242,28,866.636929
3.263334,30,866.693784
3.282953,30,866.745455
3.135626,30,866.79892
4.310879,23,866.841408
3.353154,30,866.896851
4.100207,21,866.933589
3.402957,30,866.992268
3.117961,15,867.022992
3.311036,30,867.079902
1.189191,30,867.132127
2.98989,15,867.15837
3.958921,27,867.211446
3.809569,26,867.257368
3.699802,18,867.292264
4.27418,18,867.32378
2.946899,30,867.382298
3.311966,30,867.43487
2.142597,30,867.493354
4.362439,24,867.535145
2.309326,23,867.608311
4.230704,28,867.666103
2.341651,23,867.705203
4.161681,26,867.752529
4.330044,29,867.810392
2.070705,30,867.865914
-0.273985,30,867.918101
4.197903,25,867.9614
2.840264,19,867.997236
4.164138,29,868.049489
4.259779,20,868.083395
0.855627,16,868.111278
3.419906,30,868.168327
3.118288,20,868.205051
3.199019,30,868.256295
0.812056,17,868.287504
4.044551,18,868.319672
3.404745,30,868.374894
4.210069,17,868.403347
3.068204,30,868.454504
1.192551,30,868.509856
4.154483,22,868.548532
4.285585,23,868.589458
3.354035,30,868.645041
0.072505,30,868.699398
1.811826,29,868.747885
2.216133,19,868.78178
4.115579,28,868.830562
3.57136,30,868.889575
4.088818,21,868.926015
2.953889,30,868.976959
2.444763,13,869.000798
3.283605,22,869.044182
1.175128,30,869.100384
2.536466,19,869.13663
2.973338,14,869.164175
1.892092,30,869.221792
1.711339,14,869.248569
-0.292722,19,869.280267
3.669616,28,869.330389
2.293015,22,869.373231
3.355914,30,869.429517
1.291032,21,869.46536
2.849903,30,869.51646
3.12414,30,869.574706
1.072918,18,869.605139
-0.108025,30,869.660796
0.98895,30,869.712738
3.659672,19,869.752644
2.966324,20,869.788231
3.204964,30,869.84236
1.854587,27,869.889541
3.430898,30,869.95071
2.833816,15,869.978575
4.001551,18,870.008566
4.364261,27,870.056368
3.205046,30,870.110534
3.024106,17,870.144179
2.615348,17,870.175186
3.298024,30,870.226637
4.116139,28,870.279598
4.084863,20,870.316393
4.205867,19,870.350124
3.753308,14,870.378151
4.052403,18,870.412437
1.571664,30,870.464451
1.586001,13,870.487084
2.317008,28,870.536873
3.021618,10,870.555791
3.251604,30,870.614498
1.743509,24,870.658734
4.008384,30,870.708834
1.952437,30,870.768686
3.237854,30,870.822715
3.331523,30,870.876412
2.014512,30,870.930303
4.165919,25,870.980582
3.318162,30,871.037226
3.105513,30,871.09395
-0.236235,25,871.136141
0.835092,30,871.192338
4.235636,26,871.240325
2.972304,14,871.263797
4.005917,15,871.293616
3.994748,20,871.333678
2.118513,30,871.388019
3.657796,19,871.418977
3.206805,30,871.473146
4.384768,27,871.525956
3.301184,30,871.578848
0.913213,30,871.632625
3.148038,30,871.688697
2.449641,30,871.745047
3.319457,30,871.796231
2.050561,28,871.846793
4.15544,17,871.875889
3.362651,30,871.935623
4.199845,30,871.987324
2.958588,30,872.042126
3.981991,30,872.094553
4.196576,28,872.148587
4.197821,20,872.184795
2.184099,25,872.229019
2.794271,15,872.253151
3.738934,22,872.294779
1.31057,30,872.347902
4.354819,22,872.387802
3.159969,30,872.440114
4.033145,18,872.474329
1.969033,30,872.5267
1.843931,21,872.563551
1.17409,30,872.615115
4.229602,14,872.64351
3.915288,19,872.676227
3.041728,30,872.732411
4.070026,23,872.779381
2.281077,23,872.821969
4.111389,15,872.848831
3.276166,30,872.904608
1.427255,30,872.957135
1.601309,9,872.975162
4.04084,26,873.02388
4.236072,21,873.060317
3.045704,12,873.083108
-0.827349,30,873.138623
2.945999,20,873.17355
-0.247546,30,873.224777
3.263233,30,873.279168
1.112528,14,873.305237
-2.932652,30,873.360409
3.389415,30,873.414832
1.181527,30,873.469295
2.869449,30,873.522725
2.856927,19,873.556493
4.399489,27,873.604659
4.283329,16,873.631127
4.326719,17,873.665781
3.901319,24,873.707092
4.160221,25,873.750061
4.418463,28,873.80153
3.392795,30,873.858377
2.934221,19,873.890242
2.098257,15,873.91705
2.837265,30,873.970628
2.842561,18,874.003388
3.572451,25,874.049341
3.041011,30,874.102483
3.179619,30,874.152776
0.609453,17,874.187719
2.928957,16,874.218732
-0.989191,30,874.269822
0.599212,30,874.323751
1.341859,13,874.349648
1.495821,30,874.402952
2.771491,30,874.456914
3.335477,30,874.510669
4.291802,26,874.562058
4.213033,20,874.597355
2.325797,12,874.618754
4.298184,20,874.656328
4.113005,21,874.694957
4.110608,28,874.743271
3.010694,17,874.772175
2.048404,23,874.814334
4.154743,26,874.866525
4.150022,20,874.903033
3.950038,18,874.93399
-1.972347,29,874.982559
1.315384,30,875.040159
4.274705,16,875.068365
2.439978,15,875.096244
2.841358,27,875.140809
1.063303,30,875.196589
-0.19264,19,875.231481
4.179016,14,875.255649
4.21358,26,875.303985
4.067668,14,875.330198
3.673065,14,875.35497
3.967497,23,875.39378
2.137743,23,875.433707
2.634877,11,875.455782
-0.603309,30,875.506992
4.061645,26,875.55335
2.101007,26,875.599159
2.794727,12,875.62247
2.773858,14,875.64998
1.037807,30,875.702608
3.592323,21,875.74257
3.162108,30,875.797583
4.315221,19,875.832423
3.943445,27,875.881822
3.210303,30,875.933698
4.223407,18,875.96895
4.115011,27,876.01436
0.968277,26,876.062934
0.613335,13,876.086446
4.341348,19,876.122824
2.131374,30,876.172985
3.697143,28,876.222096
0.64761,22,876.263611
2.162864,30,876.318763
-0.400419,30,876.37498
2.90945,30,876.428632
3.979539,19,876.462689
3.122357,30,876.521521
3.378118,30,876.575312
3.233837,30,876.630734
2.941249,30,876.686244
4.149872,25,876.732595
3.352609,30,876.788036
3.299389,30,876.840943
1.282503,30,876.919629
4.356489,21,876.963506
3.391877,15,876.992267
1.407351,30,877.046806
4.083416,24,877.088674
1.874551,17,877.122774
4.206069,22,877.15974
4.113979,25,877.203373
4.087641,24,877.246607
-4.068154,30,877.303741
4.346926,18,877.33459
-0.045638,21,877.373471
3.155622,15,877.398146
4.01047,22,877.442816
2.828914,30,877.495871
0.857634,29,877.548425
3.317854,30,877.602437
0.253971,23,877.648108
1.475448,30,877.700281
2.899621,30,877.754825
3.763185,21,877.793244
3.115845,30,877.854305
1.029815,30,877.90509
2.543429,19,877.93966
3.959543,22,877.977593
2.995771,30,878.033917
3.02269,30,878.085721
4.049604,25,878.132236
4.165005,28,878.18191
3.333481,30,878.236929
2.053278,29,878.288735
3.223817,30,878.342476
2.075392,23,878.382285
1.137283,30,878.434467
-0.694756,30,878.489367
2.853345,30,878.540565
2.922789,30,878.592674
4.13706,22,878.632523
1.888762,19,878.669191
2.302671,28,878.719721
3.391464,30,878.772961
1.72472,30,878.829619
2.048557,14,878.853565
3.986084,21,878.892811
3.098655,30,878.94586
3.117791,15,878.974791
3.355718,30,879.026465
2.230843,29,879.077555
3.928696,17,879.107474
2.060752,13,879.131566
4.147339,30,879.185378
0.636867,17,879.21756
3.316971,30,879.271215
3.809874,25,879.319335
4.182109,27,879.368453
2.906591,19,879.405117
2.282565,30,879.457936
4.341537,21,879.496509
2.726087,27,879.5476
3.983151,16,879.578026
2.213912,17,879.608844
4.362462,22,879.649741
2.782642,30,879.704684
2.870905,20,879.73914
4.210654,17,879.770467
0.069434,30,879.827332
3.364308,30,879.880769
3.712292,27,879.93044
4.220189,15,879.956636
2.987442,30,880.012673
4.232158,27,880.06235
3.039725,30,880.114822
2.269928,22,880.153698
3.208864,30,880.209506
4.058194,15,880.238896
1.988435,26,880.285769
1.450949,17,880.314033
4.007105,22,880.35396
1.238243,30,880.410892
3.355484,30,880.464363
0.980536,14,880.491866
2.128251,25,880.538718
0.872969,22,880.579252
3.227892,30,880.633025
3.437752,26,880.6791
3.621858,17,880.710914
3.724655,19,880.744436
2.612832,30,880.795086
4.195156,17,880.825418
1.877324,30,880.885028
4.088508,27,880.933399
2.298937,23,880.972916
4.370875,21,881.00991
1.740598,30,881.065649
3.380693,30,881.121586
1.148603,22,881.160084
1.201384,30,881.214129
1.865387,30,881.270313
4.140267,14,881.298627
1.397783,30,881.350871
2.736655,25,881.395188
-0.300149,17,881.42917
4.269206,22,881.467148
4.165103,15,881.495218
3.899211,26,881.538849
4.330959,18,881.574963
3.887518,25,881.618382
2.829126,30,881.671477
1.685652,30,881.727312
4.072144,18,881.765389
1.82877,30,881.816629
3.240593,30,881.871097
3.315145,30,881.923604
1.774183,20,881.960768
2.139301,22,882.000254
3.881374,25,882.047582
2.54221,12,882.067894
3.296972,30,882.122079
4.182383,21,882.160001
3.236821,30,882.213271
4.235575,15,882.242027
4.072607,18,882.275086
2.919517,15,882.302963
2.528902,22,882.343451
4.235396,24,882.387809
-0.965896,14,882.414171
3.072629,30,882.468788
4.142522,25,882.512496
4.214153,27,882.561873
-0.040312,19,882.59498
3.288283,30,882.650346
4.355935,21,882.688252
1.760809,30,882.743335
4.289877,16,882.776742
4.346052,17,882.808449
3.999056,27,882.856822
2.014297,30,882.91028
3.055755,30,882.968118
0.453576,30,883.020335
3.06032,14,883.047255
1.225591,30,883.099132
2.143306,19,883.136742
2.093264,30,883.189567
2.600094,28,883.240491
3.247962,30,883.296705
3.785919,22,883.335227
1.071009,30,883.390434
2.192568,18,883.422271
4.429957,29,883.478329
2.183141,16,883.509764
3.000691,30,883.567182
0.619868,26,883.615968
2.95126,14,883.639192
0.995638,19,883.677907
4.013401,19,883.713535
4.428072,30,883.767754
2.090449,18,883.800654
2.456256,23,883.840993
3.229542,30,883.897795
3.679787,27,883.944683
3.048728,12,883.966775
3.02424,30,884.021784
3.251751,30,884.07767
3.244767,30,884.131048
4.092949,25,884.17507
3.179211,30,884.23437
3.714459,17,884.265507
3.02254,30,884.320572
3.665929,16,884.348127
4.179632,21,884.386859
3.84334,20,884.424047
3.045986,30,884.474667
3.821815,10,884.495183
0.837114,30,884.547504
1.299348,30,884.604121
3.364413,30,884.657672
2.341751,27,884.705703
4.202328,15,884.73727
2.41343,13,884.759397
3.146797,30,884.814023
2.755584,17,884.844321
-0.012837,21,884.883405
3.099002,14,884.911627
-2.392201,30,884.962911
3.199412,30,885.017102
3.863957,24,885.065915
4.018284,30,885.118635
4.288549,22,885.158227
3.391763,30,885.212095
2.877387,30,885.268756
1.267203,30,885.320432
1.923742,29,885.369254
3.059472,15,885.396438
4.213377,13,885.422248
2.946592,30,885.480079
2.818,13,885.502527
2.289662,25,885.546115
3.295962,30,885.605953
4.086311,15,885.632687
3.000558,15,885.658656
3.23046,30,885.713402
1.600104,16,885.760274
4.250046,29,885.821095
2.672446,30,885.877042
0.904332,27,885.922532
4.238286,24,885.968194
2.995199,13,885.992571
2.37812,30,886.043928
2.786738,30,886.101166
3.318719,30,886.156289
0.615242,30,886.21053
3.047954,30,886.264643
3.237854,30,886.321712
0.69808,15,886.347893
1.93562,12,886.370625
3.850772,15,886.398201
0.109543,30,886.453814
3.697879,29,886.507242
2.447107,30,886.55979
4.132772,22,886.599492
3.28059,30,886.6541
3.89963,29,886.709465
4.05655,26,886.754071
2.1228,28,886.806994
3.062071,25,886.850281
1.866995,15,886.879103
4.208999,23,886.923523
3.198893,30,886.976791
1.492921,12,886.997667
4.141032,17,887.032011
3.935974,19,887.065107
1.897935,30,887.12198
3.190331,30,887.173352
1.058393,30,887.227149
0.46228,30,887.28248
3.618369,27,887.330614
-1.05277,30,887.383449
3.380505,19,887.417689
1.707862,30,887.473907
-1.12744,24,887.517045
0.364975,26,887.56364
3.015231,18,887.601609
2.127714,20,887.636276
4.241335,19,887.67197
3.430509,30,887.725276
3.122848,30,887.788023
0.924089,16,887.817549
4.32196,18,887.848994
2.313309,16,887.878215
0.299273,30,887.934238
3.724374,17,887.962773
2.818322,23,888.00353
3.069065,21,888.03845
4.199328,18,888.072111
4.211847,30,888.129342
3.401589,24,888.20442
1.510776,30,888.322134
4.059426,17,888.392984
3.409555,30,888.490838
1.990135,25,888.554374
3.236666,30,888.621332
2.268694,20,888.667716
3.038355,16,888.703023
2.844981,30,888.776393
3.32367,30,888.843419
2.986218,14,888.872323
3.903514,17,888.910568
2.535873,29,888.972041
3.319206,30,889.02945
3.139224,14,889.061558
3.063085,12,889.085574
3.21629,24,889.129825
3.643532,16,889.159259
3.337243,30,889.2185
3.155195,30,889.272004
3.722766,27,889.333698
3.751839,26,889.387148
3.081641,26,889.44553
0.847076,16,889.478295
3.608235,15,889.508699
2.325855,17,889.546677
3.209048,30,889.61329
2.848716,19,889.654634
3.632571,18,889.69202
4.006212,18,889.733681
1.002386,22,889.779791
1.000306,30,889.845304
3.404326,21,889.887031
3.777978,23,889.93808
2.926519,17,889.989348
3.03882,20,890.056373
1.839522,30,890.1635
3.045773,30,890.26086
3.433405,30,890.365776
3.605988,15,890.407043
-0.667613,30,890.507854
1.44353,14,890.543206
4.178832,13,890.575202
4.389312,19,890.612007
0.641024,30,890.67264
3.832776,22,890.71489
3.954777,14,890.745819
3.463689,26,890.797923
4.065333,15,890.832172
2.641006,27,890.886764
3.323808,30,890.943507
0.987162,30,891.002648
3.843253,23,891.04447
0.949301,30,891.095541
2.704746,19,891.133366
0.15049,22,891.17304
2.060025,12,891.195142
3.265736,30,891.271315
3.306516,30,891.347308
0.744599,30,891.426968
3.603408,25,891.475132
2.293496,19,891.510947
3.851514,24,891.560839
3.227243,30,891.61511
3.398839,30,891.669087
4.13163,15,891.697255
2.921689,30,891.752651
3.964522,29,891.806192
-0.920037,30,891.864758
4.071659,23,891.907598
1.521776,22,891.948631
1.152363,30,892.005794
4.184295,27,892.055421
4.104974,15,892.086515
3.04762,30,892.160307
2.851556,30,892.259454
4.146185,27,892.350056
2.984292,25,892.415431
4.20304,21,892.461661
3.262038,30,892.544465
3.41081,30,892.649865
1.509594,16,892.687281
3.303781,30,892.763
3.25553,30,892.824885
2.145017,17,892.860906
4.082597,27,892.92125
0.052024,30,892.986733
3.226957,30,893.042239
-1.011787,27,893.092882
4.149549,28,893.146678
2.277817,30,893.207565
2.962651,30,893.281293
4.196255,20,893.322573
4.366561,20,893.360758
4.18066,26,893.411314
3.817108,16,893.442893
0.595522,17,893.472652
3.093909,30,893.532357
3.983925,18,893.568544
3.14839,30,893.620364
4.106595,15,893.6517
2.521054,30,893.705833
1.972044,22,893.749667
4.149979,23,893.791887
3.36735,30,893.848351
4.246604,19,893.894301
1.8433,26,893.959824
4.349324,19,894.003008
2.426585,21,894.051914
3.979579,24,894.110853
3.994312,19,894.152031
2.951695,25,894.23422
1.601209,24,894.323377
4.070291,21,894.38089
3.85864,24,894.444482
2.909998,17,894.483605
0.47658,23,894.531862
1.831585,30,894.593485
3.355656,30,894.657859
-3.519155,30,894.714428
4.234342,21,894.753593
-0.856041,30,894.806469
4.205323,26,894.854139
1.554296,30,894.912935
1.935829,30,894.968693
4.398604,21,895.003805
4.171819,29,895.053866
2.879183,16,895.086644
4.186773,15,895.113868
3.36754,30,895.164989
4.396158,24,895.20842
2.746781,11,895.228093
0.272492,26,895.276032
2.602823,30,895.327115
3.337309,30,895.380538
1.046817,30,895.429239
2.752432,25,895.469627
3.421902,30,895.523208
0.716977,30,895.576486
3.389918,30,895.628509
4.189951,30,895.679422
1.041717,14,895.704729
2.918284,21,895.762632
3.147393,30,895.82403
4.209656,16,895.854513
2.846537,30,895.906895
1.800883,15,895.934994
2.240366,20,895.971377
2.574199,19,896.005776
3.402472,30,896.059384
3.877098,25,896.105811
3.524971,17,896.137709
1.862059,17,896.168029
2.81895,30,896.21917
1.292833,30,896.277964
3.965148,28,896.328139
4.226956,19,896.362194
4.23627,20,896.397312
1.999053,19,896.430338
4.014514,30,896.485275
3.91957,21,896.523094
-1.118147,14,896.547975
3.279872,30,896.603112
3.365073,30,896.660298
3.762073,15,896.685136
0.523392,21,896.721731
3.461257,30,896.775274
4.185238,29,896.824085
3.026951,30,896.876798
4.238654,15,896.901136
3.111234,30,896.953049
3.248519,30,897.004528
3.335433,30,897.054125
4.106285,23,897.092981
1.915054,30,897.144723
3.27255,30,897.19693
4.079171,30,897.245366
3.987792,15,897.270054
3.721778,22,897.313185
4.287078,28,897.364253
3.972396,18,897.395321
1.312072,30,897.449934
3.248311,30,897.504599
4.286287,30,897.56354
4.040549,23,897.604652
3.397519,30,897.664546
3.322137,30,897.71956
2.934103,16,897.748083
3.860368,21,897.787837
3.836211,18,897.818655
2.545889,18,897.852498
3.444311,27,897.897985
4.042498,30,897.947851
-1.889647,30,897.995987
3.583546,12,898.018503
4.34302,14,898.044501
2.375381,30,898.095757
1.62183,10,898.114606
4.1727,19,898.150575
3.000029,23,898.187559
4.122395,20,898.221249
3.531955,17,898.252206
2.143257,22,898.293212
4.185183,29,898.346123
4.053633,13,898.371398
4.260603,25,898.41558
3.871949,21,898.455559
4.265868,14,898.482497
1.816501,20,898.517168
2.084173,30,898.566221
0.488961,30,898.621012
2.110102,30,898.670714
1.901243,16,898.698464
1.991234,18,898.732333
1.177434,30,898.792848
3.734397,30,898.854908
4.389256,23,898.896874
2.23966,20,898.933237
2.481242,10,898.955362
3.991381,30,899.009817
2.34473,24,899.055678
3.039356,17,899.087503
3.172548,30,899.147311
3.742288,16,899.177114
4.101555,25,899.221284
1.625232,23,899.261136
3.403432,30,899.321961
2.625439,30,899.407688
4.259554,22,899.469728
3.101626,30,899.553829
3.240745,30,899.628333
4.33421,22,899.669372
-0.678791,30,899.725025
1.918372,30,899.775195
4.119798,19,899.815732
4.242006,20,899.853016
2.180927,30,899.910159
4.016366,30,899.968489
3.365279,30,900.032713
4.239261,22,900.082082
2.816995,30,900.146688
3.319021,30,900.211836
4.155893,18,900.248212
2.561922,17,900.28078
4.381076,18,900.31388
1.744886,30,900.373081
3.162439,30,900.429162
-0.695727,23,900.473702
3.391065,16,900.500548
0.852713,11,900.520125
2.589894,30,900.572863
3.239344,30,900.62661
3.846237,30,900.679052
3.983201,16,900.70587
1.123529,30,900.759454
4.269582,24,900.801903
3.383596,30,900.864244
1.774767,26,900.942775
4.285598,21,900.997332
4.317711,27,901.048012
4.310368,26,901.092937
4.122661,21,901.128499
2.590227,30,901.183638
3.965245,19,901.217506
3.335524,30,901.267015
-0.707432,30,901.326573
1.375049,30,901.380329
1.360014,30,901.433476
2.841972,30,901.509117
4.219948,21,901.567645
-0.911662,18,901.621382
3.201789,30,901.688405
3.223306,30,901.742078
3.353428,30,901.79182
4.401538,18,901.824507
1.973047,30,901.872285
1.146218,30,901.931181
2.940247,30,901.982969
2.930717,18,902.019201
-0.730791,30,902.073102
4.196472,19,902.106882
2.978099,30,902.154764
4.104407,25,902.201521
3.282737,30,902.278653
4.065105,24,902.346824
3.15606,30,902.427996
2.276023,17,902.462995
1.213354,30,902.517259
4.243552,30,902.56831
4.260167,19,902.60076
3.245426,30,902.652673
1.999127,30,902.704576
4.374974,16,902.73248
3.101512,30,902.788639
4.104029,18,902.822093
3.405162,30,902.873212
3.456072,21,902.909416
1.182875,30,902.957312
2.460575,24,903.001451
0.84061,22,903.039748
3.5953,16,903.067533
2.97471,30,903.114668
2.986056,29,903.166023
2.900042,15,903.193296
4.121296,18,903.22932
4.323825,28,903.297827
1.985725,16,903.329285
3.387805,30,903.384972
4.338256,17,903.414181
4.155006,26,903.459603
0.618203,30,903.510812
2.137209,30,903.563729
1.26301,30,903.6079
1.487154,30,903.652131
3.988349,28,903.700493
3.935715,15,903.725637
4.286556,16,903.750891
1.280827,13,903.769401
2.258039,30,903.819077
3.150321,30,903.895985
2.873376,30,903.975441
4.351859,27,904.048216
3.574506,17,904.095186
4.006215,21,904.144885
3.263022,30,904.22413
4.064288,28,904.298528
3.34957,30,904.381741
2.804466,30,904.449407
4.282696,21,904.486727
3.159436,30,904.543085
3.192699,30,904.599271
3.160558,30,904.673245
2.72017,30,904.765026
0.896904,10,904.803673
2.446681,30,904.868568
3.96569,27,904.920562
1.209095,30,904.97607
2.759518,30,905.027686
1.54809,26,905.079887
2.124098,30,905.13506
4.681291,27,905.186174
4.208988,20,905.223693
3.864629,29,905.281658
3.340469,30,905.342987
1.358447,30,905.396195
4.209212,24,905.440203
3.952458,27,905.494218
3.417344,30,905.553145
1.124551,30,905.624788
3.442732,30,905.677517
3.133301,30,905.732589
3.347939,30,905.783119
4.052246,23,905.820374
3.269928,30,905.866523
4.184177,18,905.898149
2.152655,30,905.955837
1.838618,30,906.007586
3.420618,22,906.048052
4.242072,21,906.08704
3.361788,30,906.137162
2.988085,23,906.173854
3.379757,30,906.222217
2.758887,22,906.2586
4.026588,17,906.287286
4.120034,18,906.317184
4.295343,20,906.354472
3.267041,30,906.42989
2.734261,18,906.485003
1.492536,12,906.517612
3.398087,30,906.590659
4.119556,19,906.629316
1.132024,16,906.658222
4.252713,20,906.693528
2.621856,30,906.744792
4.358844,21,906.783543
2.827719,16,906.811243
3.760816,18,906.844429
2.266599,23,906.886988
3.049906,14,906.916821
2.635596,30,906.97314
4.039202,13,906.997736
0.428678,16,907.028502
4.203503,21,907.070928
3.135283,30,907.125599
4.027137,13,907.148159
1.552554,18,907.178963
2.927888,30,907.229923
4.36383,27,907.281612
3.869562,29,907.33022
4.057611,18,907.363257
4.347883,28,907.411834
3.342945,30,907.462587
4.295636,26,907.510677
4.056565,17,907.538974
0.870029,16,907.56862
4.225234,26,907.612171
2.498943,23,907.649008
3.376914,30,907.698538
4.002638,26,907.743958
3.41628,28,907.798283
3.234198,30,907.849921
-0.978576,30,907.899803
2.966184,20,907.938908
3.114318,30,908.019384
1.335876,30,908.087563
3.296878,30,908.147665
2.049511,14,908.174484
1.34218,30,908.237087
2.73845,21,908.279139
2.86162,18,908.318423
4.085007,20,908.360464
2.504698,21,908.400584
4.067042,19,908.440804
1.010718,30,908.500863
3.236297,30,908.56669
1.208693,30,908.633526
3.157547,30,908.706573
1.318552,30,908.771889
4.164349,20,908.826531
2.572368,30,908.901241
4.132923,27,908.956862
-3.343483,25,909.034664
3.367093,30,909.106535
3.314312,30,909.180158
1.845547,30,909.24977
4.186792,16,909.288521
2.152665,18,909.333415
3.35577,30,909.409481
2.309605,28,909.472972
-0.021237,30,909.540287
3.131948,30,909.607458
3.429015,30,909.670366
4.164323,16,909.707451
3.356703,30,909.779091
4.240903,29,909.844007
1.003023,29,909.908033
4.22373,30,909.977076
3.357412,30,910.045798
0.985867,30,910.106634
2.91318,21,910.154558
3.334291,30,910.226317
4.183052,27,910.291331
-0.754202,30,910.357879
3.138153,30,910.427025
3.067226,30,910.489964
3.339265,30,910.586312
0.860289,17,910.643553
3.257421,30,910.72207
3.40835,30,910.795679
2.213255,19,910.835205
1.168129,30,910.900126
1.357834,30,910.964699
2.927476,30,911.029962
3.699623,17,911.068924
3.182757,30,911.131677
3.347609,30,911.183254
3.277048,30,911.23544
4.346313,24,911.275999
0.90479,20,911.312778
4.148693,13,911.339304
4.06913,22,911.381551
4.045641,23,911.417285
1.883979,29,911.475539
3.247562,30,911.532234
4.03744,20,911.586219
4.083947,21,911.625847
3.021622,11,911.653677
2.323364,24,911.706926
2.491466,25,911.752444
3.412968,27,911.7972
1.193127,30,911.847785
3.290362,30,911.899204
3.822167,21,911.944424
0.715347,30,912.010046
1.668351,30,912.078558
0.273539,17,912.117734
1.475485,30,912.181262
2.351264,23,912.229675
2.53881,13,912.263788
3.946678,17,912.299608
3.230692,30,912.381098
2.723473,30,912.453779
2.736996,30,912.524996
2.344225,27,912.590312
3.864227,19,912.628062
4.210624,16,912.666301
2.27934,20,912.711412
3.702846,17,912.750504
4.381125,21,912.792706
4.421612,19,912.829139
3.903576,26,912.877585
4.336599,18,912.915462
4.343021,20,912.952893
3.389792,30,913.003577
2.896466,18,913.037814
4.053002,16,913.071611
2.753695,24,913.121482
0.174949,18,913.160384
3.232194,30,913.235786
3.938264,30,913.330245
3.558771,18,913.377357
3.059017,14,913.409699
3.177474,11,913.439532
2.773215,15,913.475827
3.318993,30,913.549816
2.802238,30,913.626215
4.150382,18,913.668028
3.184474,30,913.732631
4.201551,28,913.788586
3.312732,30,913.845072
4.002507,16,913.876822
4.081122,24,913.91782
4.245952,19,913.951504
3.555228,22,913.989757
4.297695,18,914.024534
4.085698,18,914.061908
4.06659,18,914.099903
1.835131,30,914.153945
1.086261,30,914.213303
2.361316,30,914.271731
3.019042,30,914.331968
3.039611,30,914.387898
3.83588,26,914.440489
3.743225,23,914.483846
2.188016,17,914.514133
3.091101,14,914.539301
3.208936,30,914.600111
3.526066,29,914.656425
3.355535,30,914.720437
3.229754,19,914.75735
4.318789,24,914.812237
3.085312,12,914.841398
3.518654,24,914.895492
4.194411,21,914.942246
3.148359,13,914.973294
1.996799,30,915.036364
3.945734,19,915.07752
1.034873,30,915.138253
4.226615,16,915.174141
4.075695,24,915.228513
4.398105,19,915.267097
1.670765,30,915.333714
2.177592,18,915.37122
1.909245,30,915.43468
4.28104,19,915.470682
1.972264,30,915.525871
4.168775,29,915.588923
4.227999,16,915.621653
4.16468,23,915.669305
0.807844,30,915.727676
4.23014,29,915.810199
2.202304,26,915.860292
2.545935,29,915.918178
4.166505,16,915.948961
4.396634,26,916.003189
1.756754,13,916.02824
2.137076,25,916.074578
4.355444,27,916.121635
4.388353,21,916.166106
3.034469,21,916.205559
2.299872,29,916.26047
3.354674,30,916.320055
1.744448,30,916.382088
2.832252,30,916.443436
3.180208,30,916.502121
4.227519,15,916.531079
0.955432,30,916.593184
3.372333,30,916.654736
1.349788,30,916.710954
1.540045,30,916.767625
4.191811,27,916.824142
3.207523,30,916.87972
3.7935,30,916.936411
2.744064,18,916.967387
2.813508,17,916.999638
3.330697,30,917.062079
3.325496,30,917.117588
1.552584,17,917.152558
3.248544,30,917.213559
3.039084,21,917.252427
4.132006,23,917.296619
3.269817,30,917.356608
0.467595,30,917.414874
4.262726,22,917.45476
2.516536,30,917.508093
4.098962,13,917.531227
-0.245935,30,917.588116
2.371001,24,917.63065
0.669317,22,917.667955
-1.116613,30,917.725224
2.206006,17,917.76099
2.182017,16,917.79314
1.842477,30,917.853033
1.835738,30,917.904892
4.163614,20,917.941153
1.881682,30,917.996403
2.735029,30,918.049068
-0.948012,30,918.107433
4.598697,28,918.164143
2.785371,24,918.208205
1.75092,30,918.255464
4.131906,25,918.30514
-0.671307,30,918.370271
3.450133,30,918.430887
3.464131,24,918.471466
1.776757,19,918.505069
2.860959,20,918.540895
0.179377,26,918.58615
4.321223,21,918.630513
-2.678235,29,918.686166
4.296671,19,918.723753
2.957216,30,918.777027
4.144383,30,918.831728
3.636655,22,918.868685
4.109161,20,918.905271
1.78854,30,918.971595
1.365335,30,919.041334
-0.682069,30,919.112683
2.958744,30,919.185519
3.956183,23,919.23381
4.025256,15,919.263036
1.780829,15,919.290313
2.930927,30,919.344725
4.085503,28,919.39328
1.644112,30,919.448814
4.083759,19,919.481818
3.927465,20,919.519439
2.202595,25,919.570604
4.167972,14,919.604255
2.788145,14,919.637383
2.1711,26,919.696809
3.660254,15,919.729553
3.323302,30,919.792069
4.204764,20,919.833969
3.149674,30,919.903554
3.878513,19,919.944775
4.148043,24,919.998322
3.342527,30,920.06688
3.173969,18,920.112752
3.328478,30,920.181149
3.286588,30,920.256951
3.314852,30,920.325984
1.997212,29,920.396031
1.614417,28,920.455182
0.906803,30,920.508147
4.121574,26,920.550112
4.147774,16,920.579582
3.310453,30,920.631122
2.483436,14,920.653948
0.356934,30,920.702807
4.173856,18,920.733658
2.761013,30,920.783531
0.248807,23,920.820086
3.985434,19,920.845899
3.500562,28,920.8911
1.704466,16,920.919316
4.273371,26,920.964127
1.940159,30,921.011817
3.288953,30,921.066802
-0.402404,30,921.129765
3.037139,27,921.189313
0.856398,30,921.251252
1.436329,30,921.314925
1.183646,30,921.384773
4.244609,24,921.438609
3.095783,30,921.503074
2.784353,30,921.573034
1.948671,30,921.638794
2.055385,30,921.710003
2.006543,30,921.766708
2.666564,15,921.795085
4.109167,25,921.836256
1.851018,24,921.872082
3.216026,30,921.918091
1.252226,30,921.967486
2.393,21,921.998513
3.008643,29,922.046245
2.308456,28,922.085877
1.256412,30,922.136439
4.516238,18,922.166454
2.823497,30,922.21073
0.988223,14,922.232053
3.946009,25,922.2735
4.190182,20,922.305449
4.322212,22,922.348572
4.26523,17,922.379205
4.041738,23,922.419323
3.351477,30,922.49438
3.131063,30,922.559671
2.351694,23,922.609299
3.923021,21,922.660316
0.594887,30,922.725185
1.335394,30,922.79219
4.290391,25,922.836192
3.377404,30,922.887965
3.027248,30,922.940487
3.285831,30,922.990377
4.221274,23,923.02651
3.948405,28,923.075513
4.125927,23,923.115762
4.232077,21,923.152352
1.340769,30,923.199482
2.841256,18,923.232161
3.27775,30,923.280774
4.078405,21,923.316943
1.019184,30,923.362467
4.259636,23,923.403865
3.875131,26,923.444955
0.736239,21,923.478252
2.455085,27,923.53118
4.035972,19,923.575985
3.729945,29,923.643317
1.373255,30,923.71679
4.250157,18,923.759771
4.321779,19,923.807623
1.215636,30,923.881331
1.241075,30,923.947509
2.359785,30,924.006809
4.027411,15,924.031712
3.189201,30,924.084421
3.269655,30,924.132329
3.322621,30,924.180962
2.136225,14,924.208751
4.309899,24,924.249324
2.192074,23,924.288226
3.958327,25,924.326373
3.907005,16,924.354921
3.016211,30,924.403136
3.812641,29,924.446634
3.19842,15,924.471539
2.338358,28,924.518674
4.208318,25,924.575372
2.797348,26,924.639867
3.231086,30,924.713985
3.302038,30,924.792511
2.79286,26,924.853534
1.465089,30,924.928474
0.204635,25,924.983964
1.241453,30,925.057423
4.295616,22,925.112926
2.27445,15,925.161654
3.907377,19,925.201826
3.412103,30,925.275792
3.34535,30,925.345654
4.082804,25,925.401844
3.357653,27,925.448147
1.020544,30,925.50251
2.765343,21,925.537546
3.23822,30,925.589936
3.0777,14,925.612915
3.075056,13,925.636657
3.097554,16,925.664923
-0.253121,13,925.690371
2.800371,30,925.751778
3.295077,30,925.822299
2.782691,30,925.883687
3.164369,30,925.947767
1.975482,17,925.984014
2.714455,30,926.052972
1.036445,9,926.082482
1.211434,30,926.139275
1.931468,30,926.192089
4.337864,20,926.228105
3.12998,30,926.277658
4.137264,27,926.323862
3.351912,24,926.360203
4.38315,17,926.390737
3.194208,30,926.442711
3.184708,30,926.497578
3.410055,30,926.547619
3.961433,26,926.594893
2.881151,17,926.622425
2.932992,30,926.672965
4.155296,24,926.709419
2.504391,30,926.766453
4.171406,14,926.804373
2.324161,21,926.853884
4.350955,22,926.907508
3.130123,30,926.980316
3.122172,30,927.057223
2.334061,28,927.131346
3.00248,30,927.20787
4.034242,24,927.259962
3.405381,30,927.322738
1.500637,27,927.367884
3.732567,14,927.393753
3.047954,30,927.446726
3.340532,30,927.499394
4.15452,20,927.534874
3.358333,18,927.562577
3.370655,30,927.614951
2.848238,15,927.640372
-0.033969,30,927.687448
2.600468,24,927.729376
3.859739,17,927.762935
3.158934,30,927.821141
1.704885,13,927.848922
2.830992,23,927.903606
2.15833,22,927.958955
1.281533,30,928.036455
3.233314,30,928.107071
3.039465,29,928.179791
3.135262,16,928.218349
3.098352,30,928.290852
4.318588,17,928.328894
3.83498,23,928.372806
3.002417,19,928.408799
3.308654,30,928.461205
1.840485,30,928.512022
3.351406,30,928.561175
3.342484,30,928.616409
4.359996,18,928.64399
0.044674,30,928.691528
2.917414,30,928.737886
3.369753,30,928.78941
3.277255,30,928.837084
1.335681,30,928.882931
3.953672,23,928.926002
4.154979,20,928.972314
2.862195,18,929.010499
0.645616,13,929.038343
3.604667,19,929.082769
3.199527,30,929.1587
4.200403,26,929.220617
3.322967,30,929.294563
-1.313527,25,929.358239
-0.141589,30,929.435323
2.978031,30,929.523088
4.068186,18,929.565084
1.31585,30,929.637857
2.25814,26,929.696168
3.06002,30,929.753788
4.353275,25,929.799372
3.056727,14,929.82551
2.874864,29,929.882387
4.341893,19,929.91826
2.776025,23,929.956167
2.037206,30,930.010788
1.663726,30,930.064292
3.010263,30,930.121168
1.205549,30,930.171148
3.341784,30,930.225802
4.272033,17,930.257192
3.360122,30,930.310445
2.809022,24,930.354425
3.347861,30,930.405041
4.26594,30,930.460396
-2.190299,27,930.505232
3.274836,30,930.559217
2.790084,30,930.612266
4.005455,21,930.661872
3.023948,15,930.687982
3.372796,30,930.745064
2.924521,30,930.803414
4.083387,23,930.873913
1.997464,18,930.916501
4.297366,16,930.952876
4.159125,15,930.981779
4.324648,27,931.038966
3.182025,30,931.103487
3.002146,29,931.163424
3.044071,30,931.233482
4.002261,30,931.304747
2.892255,30,931.375642
3.274461,30,931.453133
4.16717,16,931.493408
1.351207,9,931.520558
3.163859,30,931.602364
2.828823,30,931.67001
2.385074,17,931.705213
4.222918,28,931.768379
0.915304,30,931.835001
2.052068,23,931.916572
3.055037,18,931.957804
4.305025,23,932.014833
0.972897,30,932.086815
3.693733,17,932.1372
1.267065,30,932.207572
3.34193,30,932.283063
2.029892,30,932.351461
3.199688,30,932.422597
2.483744,30,932.497982
1.998811,21,932.553723
2.256609,26,932.618678
4.215471,20,932.665695
2.847756,30,932.730646
1.524773,11,932.758434
3.0782,16,932.795093
3.360729,30,932.852005
4.017195,17,932.880299
2.842447,12,932.903797
3.263829,30,932.965796
1.124914,30,933.028333
2.046514,30,933.089943
2.962954,15,933.126163
0.290878,26,933.184691
0.843006,28,933.248463
3.038492,23,933.296831
3.295125,30,933.370568
4.05498,18,933.415508
2.623318,18,933.465975
3.403082,30,933.548435
3.281339,30,933.629867
3.237492,30,933.70324
1.941947,13,933.739748
2.198028,30,933.813523
2.814672,12,933.841894
3.224084,30,933.909524
1.126626,15,933.938446
3.132623,23,933.983481
3.171389,30,934.041009
2.538234,30,934.095347
3.203357,30,934.146822
3.358501,30,934.19482
4.248375,30,934.254876
4.348119,24,934.296556
3.249671,30,934.345524
4.367735,27,934.39131
2.953543,29,934.44497
3.862067,22,934.483986
3.849839,17,934.515017
2.664193,21,934.550807
1.536655,28,934.603383
4.114559,16,934.632361
3.359663,30,934.685915
2.071427,16,934.714191
4.315551,17,934.754112
3.041571,30,934.826739
2.976612,30,934.899512
3.360136,30,934.960216
3.201979,30,935.022373
1.079038,30,935.073831
4.233367,25,935.117064
4.149323,14,935.141354
3.198464,30,935.202549
4.038653,21,935.240243
4.132341,23,935.28243
4.225229,27,935.327664
3.520572,18,935.362985
4.362879,23,935.402987
3.427603,24,935.441587
3.876432,19,935.468831
2.98616,30,935.526525
3.374659,25,935.569738
2.938638,30,935.621981
3.187573,30,935.670671
2.331377,21,935.708818
3.149696,30,935.761421
2.314139,17,935.788827
4.232091,21,935.821805
4.254617,29,935.8882
3.957271,15,935.917731
1.738768,13,935.948767
4.075279,24,936.001278
2.881348,17,936.039264
-0.198422,24,936.11689
3.272368,22,936.165162
1.377735,30,936.232998
4.076686,23,936.285762
3.137214,30,936.345307
3.019688,30,936.397621
3.051286,17,936.427092
2.251571,19,936.463042
1.267379,30,936.519776
3.546806,27,936.571009
1.384458,30,936.622011
3.157376,17,936.655196
3.297663,30,936.710145
3.239282,30,936.765902
4.25009,16,936.793974
4.177529,30,936.846279
2.943688,30,936.898152
3.247315,30,936.9522
3.927444,25,936.997721
2.113321,26,937.046925
3.230175,30,937.097005
2.229285,15,937.131965
3.939289,22,937.173278
2.591667,28,937.223888
3.978737,24,937.264888
2.659717,16,937.293159
2.268915,18,937.324521
3.974987,26,937.37262
3.445325,30,937.422733
3.359154,28,937.469356
4.259042,25,937.513729
3.296673,30,937.573755
2.851587,15,937.599651
4.225747,20,937.632965
4.40395,21,937.668468
1.925836,30,937.722903
3.410407,30,937.779412
1.046918,30,937.832419
3.626746,25,937.877976
4.22232,23,937.92102
4.046496,19,937.957423
2.020607,23,937.998038
4.258207,27,938.045567
0.850788,30,938.098891
1.170684,30,938.153118
4.291406,23,938.192457
2.112675,30,938.24505
1.864538,19,938.279328
3.980734,19,938.312537
4.223306,24,938.357468
3.874825,12,938.384462
4.043586,21,938.443346
4.040688,22,938.500151
1.935664,30,938.578763
4.241503,20,938.627141
4.30045,27,938.690158
3.434003,23,938.74368
3.110254,15,938.77967
3.190247,30,938.836316
1.976477,18,938.871662
3.217715,30,938.925448
3.43862,18,939.016034
4.082732,22,939.054583
3.086731,14,939.082921
3.078644,30,939.135708
3.651549,19,939.168021
3.769981,23,939.209959
3.192896,30,939.263817
1.099522,19,939.29643
4.117532,18,939.327824
4.414631,26,939.380622
3.101743,22,939.429618
3.269007,30,939.493471
2.135425,21,939.537724
4.176684,22,939.586041
2.687525,30,939.649039
2.157162,30,939.714359
3.076347,30,939.773693
2.926407,30,939.82674
3.275342,30,939.882543
3.001362,30,939.934656
-0.052663,30,939.984833
3.980779,28,940.031438
1.215514,30,940.089237
-0.872794,21,940.136163
3.362054,16,940.176579
3.186734,30,940.252184
3.114419,30,940.320688
1.418942,30,940.384441
1.962531,30,940.446001
4.192785,23,940.495272
3.995614,25,940.552302
3.916255,20,940.59534
0.846852,30,940.658471
3.336775,30,940.721005
2.846027,15,940.755526
2.881646,30,940.813339
3.220773,30,940.864586
3.943236,18,940.892196
1.06533,17,940.922934
4.022607,21,940.961506
4.289715,21,940.996203
4.337282,24,941.039523
3.110505,30,941.113422
3.198971,30,941.186958
4.305897,21,941.23674
2.203111,18,941.281222
4.349015,24,941.32765
3.427098,30,941.385434
4.111206,25,941.430365
3.417462,30,941.481384
3.650636,14,941.513411
2.998262,15,941.53865
2.470017,30,941.595371
3.019355,30,941.644074
3.098486,30,941.699054
3.925309,26,941.742889
2.861507,23,941.785691
3.449427,25,941.82737
4.327537,17,941.860245
3.254005,30,941.920346
2.768043,12,941.950594
3.081938,30,942.026032
4.042047,14,942.058489
3.129715,30,942.132902
3.165558,30,942.205793
4.394911,18,942.252137
3.051547,30,942.318092
3.393599,30,942.377349
4.304757,18,942.409003
2.957082,13,942.430807
3.075042,30,942.484553
3.949113,30,942.536989
3.365177,30,942.593877
2.854866,18,942.623354
2.04854,30,942.67976
-0.92469,30,942.729056
4.017966,24,942.774992
1.249541,30,942.827583
3.879033,22,942.86632
3.301976,30,942.921446
3.846362,26,942.966206
2.272091,17,942.997347
3.307068,30,943.052496
3.222171,30,943.106323
2.854325,30,943.157701
2.039775,25,943.199793
1.899809,30,943.254204
4.098042,30,943.310454
2.349752,19,943.352471
2.399587,18,943.392836
4.022073,17,943.431385
2.84179,13,943.457636
3.311838,30,943.523784
3.152313,30,943.587618
3.214353,30,943.656728
-0.957173,30,943.718148
0.026972,24,943.762079
3.617578,15,943.791372
0.234257,30,943.843843
3.356128,30,943.895251
1.251465,30,943.945758
1.272744,30,944.000652
3.342555,30,944.054624
3.234146,30,944.131346
2.683648,30,944.210843
2.647572,30,944.287256
3.354464,30,944.356603
4.072116,17,944.398431
3.458557,30,944.464981
3.930369,26,944.523618
3.235452,30,944.580378
4.240986,18,944.61393
0.725011,18,944.64251
1.775296,30,944.697477
0.175652,30,944.752679
3.714073,14,944.78178
4.09113,25,944.826748
4.154086,14,944.851956
1.003397,15,944.882768
1.309557,30,944.948176
4.058435,25,945.004054
3.869436,12,945.030031
4.134555,14,945.061228
-0.02899,30,945.129439
3.230617,30,945.194539
3.151957,26,945.255887
3.281172,30,945.333822
0.201602,30,945.408005
1.253919,30,945.477836
4.213577,18,945.519478
3.059052,30,945.575526
3.267651,30,945.632051
3.075737,30,945.683293
2.970183,30,945.733128
3.426602,30,945.788582
2.321935,11,945.808769
1.190562,30,945.8634
2.236602,20,945.896778
1.99817,12,945.929021
2.103314,30,946.009946
3.81437,22,946.066516
3.295785,30,946.139074
2.047395,24,946.201945
3.39618,30,946.284696
0.829109,15,946.319186
3.113713,17,946.370205
2.723452,17,946.413398
1.618151,26,946.466976
4.236882,27,946.515129
4.353501,14,946.540712
1.142786,30,946.593343
3.249877,30,946.642423
3.976973,17,946.668685
4.18442,22,946.704912
3.007893,30,946.761427
2.172183,30,946.813206
4.173224,24,946.853855
4.192306,18,946.883378
3.406697,30,946.933498
3.27678,30,946.983553
3.042418,14,947.004563
1.249817,30,947.053534
2.385264,23,947.09272
4.084345,21,947.126288
3.223293,30,947.173949
2.918451,17,947.200826
2.298966,16,947.226139
2.524209,23,947.262514
4.037799,23,947.30158
2.99786,30,947.347425
2.908746,12,947.367691
0.583877,25,947.405186
3.933593,28,947.448405
2.096898,23,947.492332
3.355131,30,947.559555
1.147362,30,947.623081
2.843075,13,947.649938
4.101869,19,947.691259
4.137008,20,947.734133
1.907125,30,947.801693
3.321642,30,947.866585
2.583234,19,947.90327
2.917926,25,947.951893
2.813923,29,947.99667
-0.295311,30,948.043023
4.093396,23,948.076836
2.674132,25,948.11903
3.403619,30,948.172804
1.304374,30,948.236445
2.181291,24,948.284726
3.325952,30,948.351965
4.225913,22,948.395733
2.809936,30,948.458409
2.924625,14,948.486038
2.024071,24,948.535972
4.284897,27,948.592872
4.370681,20,948.628181
3.241417,30,948.681895
4.308181,18,948.72255
-0.702811,30,948.790695
2.094213,30,948.857338
3.39309,30,948.924957
4.378554,19,948.965018
3.22986,30,949.029434
4.225087,14,949.055052
4.228829,17,949.085239
1.398065,30,949.139047
2.966706,24,949.183556
0.637099,30,949.247699
4.132703,28,949.307174
2.267218,27,949.366099
4.108046,27,949.424709
3.411442,30,949.492887
4.358062,17,949.529638
2.31575,28,949.59429
2.317202,25,949.641214
4.264756,22,949.68158
3.445366,30,949.734163
3.964717,25,949.778336
3.899956,14,949.80347
1.542254,12,949.822668
1.754821,18,949.849635
2.140787,19,949.883798
-1.453173,30,949.931786
3.80834,22,949.967051
3.810279,16,949.99261
4.176814,22,950.039923
3.202767,30,950.103774
1.455986,13,950.131247
3.15402,30,950.195769
4.29645,29,950.26291
4.234836,16,950.301353
2.664951,14,950.33496
3.352674,30,950.41087
3.17054,15,950.450111
4.205015,25,950.51118
4.007398,22,950.564063
3.385898,30,950.628284
-0.439769,16,950.664603
1.311053,30,950.730356
3.443715,30,950.788461
2.983526,16,950.819015
4.054643,24,950.864372
3.279045,30,950.915613
1.510751,25,950.956096
3.541395,26,950.995101
4.137979,13,951.020673
4.130971,21,951.055755
1.357613,25,951.099123
4.172906,15,951.132838
2.934343,18,951.172246
0.425529,29,951.236943
0.757091,28,951.299609
3.174184,30,951.365616
1.479639,30,951.436538
3.373991,30,951.492092
4.20693,18,951.529869
1.888169,25,951.573285
4.308634,21,951.612204
4.251818,14,951.637555
3.366374,30,951.687723
3.078018,30,951.737899
3.411585,30,951.791961
3.797571,25,951.831614
1.649759,21,951.866602
1.877655,30,951.912524
3.373725,30,951.965562
4.064355,18,951.999076
2.35857,14,952.031582
4.136349,20,952.078155
0.014839,26,952.133842
3.305244,30,952.191359
3.880936,18,952.222193
1.411809,30,952.273487
2.334154,22,952.31455
4.174258,20,952.362413
3.955598,22,952.414201
3.383182,30,952.481404
4.362396,22,952.534519
3.19278,30,952.596253
4.419722,22,952.647216
3.35905,30,952.723683
0.09077,25,952.776618
0.872617,14,952.808165
3.292437,30,952.870848
3.613499,22,952.917844
3.370624,24,952.968872
3.014764,30,953.021346
3.344742,30,953.074454
3.007117,30,953.128087
1.296129,30,953.198588
3.245947,30,953.262267
1.092682,30,953.339518
3.468829,14,953.37725
4.196589,14,953.410308
3.297072,30,953.466829
2.859923,27,953.515528
2.070413,19,953.552311
4.186187,24,953.60011
3.018913,20,953.636979
3.26605,30,953.711374
3.170053,30,953.783242
3.319229,30,953.866368
4.254079,28,953.937839
1.203438,30,954.014359
4.193591,23,954.082611
3.39545,30,954.162237
1.220328,30,954.280896
3.285489,30,954.424218
4.118773,25,954.504625
3.413775,30,954.589547
4.102606,22,954.637956
3.695127,30,954.705375
2.362347,16,954.745982
3.351462,30,954.809474
3.125932,30,954.869162
3.173717,30,954.933858
4.38564,19,954.980997
4.022624,29,955.056336
1.051982,22,955.107805
2.900568,15,955.141415
3.396097,30,955.208359
0.533665,30,955.284239
1.911098,30,955.379055
2.941157,20,955.441902
2.662401,14,955.489117
2.044527,23,955.552701
4.209412,15,955.588015
0.803938,19,955.626329
3.193957,30,955.687729
3.693079,15,955.722402
2.261854,23,955.770372
3.123196,30,955.82338
3.905965,23,955.865399
2.967433,23,955.910522
3.398637,30,955.966847
3.046998,17,955.998059
2.696932,30,956.05233
3.331942,30,956.134564
2.826066,28,956.190003
2.75596,15,956.216825
4.1738,22,956.261218
4.195546,18,956.295523
3.315676,30,956.349993
3.003489,22,956.388008
2.690423,30,956.442147
3.210163,30,956.499315
2.870204,25,956.548898
2.753582,20,956.584193
3.809021,27,956.648344
4.227681,25,956.725264
3.163907,30,956.813009
3.152418,30,956.903102
1.308404,30,956.993506
4.113769,23,957.051433
2.021386,29,957.105725
3.281554,30,957.162904
3.934257,18,957.193004
1.607748,26,957.244509
1.258635,30,957.297894
3.41306,30,957.398707
1.727131,30,957.586098
4.320349,24,957.686365
1.869434,26,957.751518
3.048848,16,957.785373
2.063339,22,957.825278
4.212659,25,957.87369
3.19776,30,957.936071
3.213405,30,957.989432
4.143544,18,958.024625
2.109974,29,958.078184
3.167597,30,958.18718
4.092058,14,958.227674
4.057433,19,958.284487
3.103202,17,958.333149
4.316957,26,958.410086
2.894506,17,958.459583
3.757183,27,958.543808
1.407944,30,958.636378
2.699107,29,958.719897
3.776301,29,958.797822
4.21478,18,958.832522
4.017442,29,958.890508
3.134196,11,958.913528
1.705024,9,958.928933
2.869899,29,958.9845
2.761416,16,959.018209
4.119989,30,959.077098
3.044812,15,959.109477
1.797304,30,959.188613
4.305431,30,959.27181
1.385614,30,959.347855
1.366206,30,959.439656
3.704359,18,959.487795
2.299824,30,959.577504
3.368097,30,959.660144
3.349589,30,959.748191
1.9179,20,959.798038
1.1221,12,959.828177
3.099058,17,959.861344
2.873175,13,959.886983
2.091623,22,959.927254
4.065856,25,959.974549
3.346744,30,960.029798
2.196892,29,960.089461
4.165742,15,960.123694
1.180188,30,960.196307
3.128097,30,960.254003
4.389458,16,960.285977
3.96235,23,960.326189
1.754369,30,960.387146
3.95348,26,960.43865
4.191907,30,960.498008
3.58175,20,960.533186
1.557458,21,960.574395
4.134401,24,960.620898
4.187086,27,960.669791
2.887689,30,960.723002
2.12467,25,960.772892
4.144995,18,960.806244
4.356978,15,960.835434
3.384452,30,960.888062
3.061563,13,960.915939
4.237985,26,960.968089
3.039915,30,961.026189
4.17801,21,961.06528
3.309915,30,961.123234
2.869409,18,961.158956
1.424183,30,961.213581
3.394705,30,961.282207
1.323955,30,961.345255
1.04338,30,961.424502
3.284308,30,961.509699
2.861294,23,961.567452
2.79028,21,961.617588
3.986837,15,961.650019
4.400825,17,961.681713
4.238964,25,961.729078
3.24055,30,961.783498
3.106694,30,961.838367
2.712433,30,961.892869
2.072158,29,961.94508
3.101018,30,962.002027
2.412175,14,962.025544
2.076312,22,962.066652
2.986845,25,962.111582
3.237293,30,962.172321
4.038944,18,962.204723
1.605495,30,962.261357
3.339834,30,962.315076
2.191252,15,962.344666
3.295475,30,962.399139
3.700568,18,962.433718
4.038016,22,962.471747
4.321186,27,962.523598
1.164603,30,962.579898
3.642502,20,962.614629
2.934729,17,962.645116
2.890223,30,962.703032
2.972649,15,962.731271
4.343108,14,962.759697
3.358492,30,962.816152
2.156741,26,962.866989
4.08242,24,962.910969
4.04913,27,962.959042
1.847319,16,962.98834
4.266496,22,963.033494
3.188334,30,963.08724
3.296829,30,963.143099
3.057341,30,963.197791
0.755846,30,963.257698
2.921502,30,963.312219
4.196548,18,963.343662
4.315744,20,963.378561
4.107014,20,963.417321
3.5145,30,963.472421
4.012638,25,963.51777
3.340829,30,963.571564
1.734678,19,963.60867
0.062679,30,963.661303
4.341043,15,963.689735
3.324909,30,963.747691
2.163357,24,963.793844
3.034031,23,963.833959
3.262752,30,963.887877
3.310731,30,963.942654
4.149921,13,963.971673
3.298196,30,964.025136
4.099151,20,964.062109
3.530211,30,964.116944
1.112597,30,964.170749
3.064207,12,964.194183
4.362492,27,964.245504
3.260707,30,964.298241
4.178691,22,964.343282
2.148142,12,964.365011
2.288852,17,964.395947
3.105566,13,964.418393
1.168988,30,964.476504
3.690213,30,964.530228
3.254968,30,964.586756
4.297842,18,964.616972
3.915829,27,964.669933
1.29209,30,964.724662
3.466455,24,964.768016
0.899063,30,964.820471
3.380181,22,964.861918
4.018807,24,964.905239
2.621048,25,964.947823
2.861594,30,964.998696
3.076701,12,965.022374
2.291349,13,965.046765
3.216645,30,965.097711
3.365711,30,965.1542
1.798855,30,965.211054
3.423741,30,965.267631
4.108203,17,965.299153
4.036736,13,965.323375
2.824377,30,965.39802
3.337858,30,965.458543
2.279101,20,965.495796
0.707202,30,965.550389
3.019574,15,965.577122
1.802553,30,965.635102
2.992459,30,965.686514
4.363293,17,965.719281
3.261575,30,965.775112
3.399928,30,965.829873
2.776306,30,965.880404
3.0874,29,965.930629
1.994938,28,965.98267
4.05795,17,966.014354
3.333794,30,966.067183
0.881517,18,966.098191
4.248666,16,966.130063
2.99184,30,966.18334
3.85908,17,966.212872
3.943214,27,966.263585
2.027307,30,966.320522
1.84312,9,966.336426
4.275858,26,966.381343
3.230393,30,966.436524
3.306553,30,966.4909
3.311177,30,966.548904
3.073154,14,966.571656
3.355283,30,966.627318
4.356153,21,966.666087
3.328503,30,966.72198
3.324892,30,966.775045
2.21236,17,966.805418
3.188451,30,966.86317
3.028376,13,966.886739
0.824419,30,966.940934
4.120604,24,966.983133
3.138807,15,967.009035
2.816582,26,967.057096
3.074613,13,967.080098
3.447071,30,967.134384
3.996217,26,967.182931
2.167131,18,967.215657
4.098355,21,967.252313
3.356703,30,967.305074
3.192218,30,967.364578
4.208501,19,967.400474
2.768009,30,967.450454
4.044025,17,967.479868
3.164654,12,967.504122
2.518487,21,967.543983
3.878693,24,967.588671
2.50602,17,967.618009
3.215085,22,967.657303
3.435407,30,967.713917
2.953874,16,967.741824
4.320657,27,967.793566
3.697235,17,967.828065
3.814296,21,967.865558
0.938364,16,967.893326
3.915301,22,967.932856
3.127573,30,967.989382
2.253494,30,968.044368
2.139703,19,968.078041
4.34505,20,968.114318
4.093427,20,968.154202
3.460091,14,968.181432
1.68553,19,968.215802
4.09694,18,968.247203
4.371782,22,968.291417
3.947108,19,968.325629
3.246526,30,968.382112
4.113518,18,968.413412
3.059426,30,968.471517
4.292233,19,968.506853
3.163697,30,968.564283
4.23051,21,968.599723
2.898408,30,968.657225
3.32012,30,968.711168
1.891258,30,968.764839
3.924662,26,968.80953
4.318839,27,968.859767
3.351055,30,968.917267
3.757938,25,968.961193
0.896626,30,969.010619
4.160885,29,969.068175
-1.340912,24,969.110075
4.096343,17,969.139093
4.189522,17,969.169351
-0.728114,30,969.227483
3.884809,27,969.273995
2.192747,29,969.326973
1.395276,30,969.379029
4.040524,28,969.433995
3.067349,30,969.490912
4.271526,16,969.520166
4.002147,29,969.572403
2.959614,30,969.630509
0.832758,15,969.657458
3.5396,16,969.686247
4.140365,25,969.730234
3.148177,14,969.762121
3.878531,19,969.800333
3.309377,30,969.85121
1.002481,17,969.879816
2.982577,30,969.937657
3.107058,26,969.984913
3.363316,30,970.041666
3.05375,13,970.066054
4.086821,24,970.112023
2.445503,30,970.166961
3.173226,30,970.220838
3.37069,30,970.278151
4.132112,25,970.327385
2.475268,30,970.386704
2.931634,13,970.410793
1.404037,25,970.455814
1.731297,30,970.512011
2.662897,30,970.569484
-0.672563,30,970.632366
3.328239,30,970.693699
4.213399,16,970.727286
3.975858,28,970.781495
2.618526,30,970.834379
3.281882,30,970.890271
4.139907,23,970.94451
2.866372,30,971.007972
3.364173,30,971.075069
2.771188,18,971.111342
3.027117,14,971.144387
3.326555,30,971.199677
3.401026,30,971.255138
3.175964,30,971.311377
4.318847,17,971.344119
3.114193,30,971.402841
4.054634,27,971.453477
2.736452,30,971.507776
4.019607,30,971.565228
3.078251,16,971.596738
4.124174,16,971.627559
3.998902,20,971.666035
4.154817,27,971.716112
2.702849,17,971.750365
3.149076,17,971.779829
4.145327,22,971.819113
0.34129,23,971.863642
4.194864,29,971.918017
4.174851,30,971.972908
4.250492,22,972.010772
4.002808,29,972.06886
4.331683,14,972.092884
3.479569,28,972.143406
3.958122,18,972.177441
1.17711,30,972.23366
2.109013,29,972.284572
0.878312,30,972.339153
3.17757,29,972.391806
3.600165,16,972.421998
2.682527,16,972.449526
3.756127,27,972.499232
3.488441,11,972.52068
0.794562,30,972.574155
3.381516,30,972.632282
3.815934,29,972.685667
4.364339,25,972.732445
0.554044,30,972.796683
4.423604,29,972.848209
3.307378,30,972.904308
3.861497,23,972.945501
2.607157,30,973.00379
3.153269,30,973.060909
2.75406,12,973.082388
1.021806,19,973.117124
-1.140106,17,973.148113
4.407744,21,973.185247
4.063934,25,973.232686
3.334376,30,973.283767
3.356209,30,973.343415
4.045683,18,973.375706
3.317801,30,973.430987
1.674022,30,973.482776
3.456206,30,973.541754
4.198326,19,973.57391
1.871341,29,973.628792
3.008927,20,973.663626
-0.95332,30,973.718518
-0.762396,30,973.771789
3.309683,30,973.825488
4.307917,18,973.857649
4.288553,19,973.891188
3.356767,30,973.947941
3.528061,15,973.973844
2.632011,30,974.027994
3.414059,23,974.071525
3.412429,30,974.124046
1.650839,30,974.177342
2.858052,17,974.207225
4.177299,13,974.232956
4.138182,22,974.274138
3.090725,30,974.326091
3.659084,27,974.373214
4.008447,17,974.406933
4.41238,28,974.455991
4.303734,18,974.487285
3.197633,30,974.539732
4.148251,20,974.579035
0.958762,30,974.636544
0.124141,27,974.683844
1.189425,30,974.742975
4.249663,28,974.805044
3.141977,30,974.883606
1.81558,29,974.935949
3.192423,30,974.989213
3.319452,30,975.046163
1.772285,30,975.097476
0.080795,20,975.131347
3.072472,30,975.185417
3.244352,30,975.240843
1.252445,23,975.280572
3.275898,29,975.330875
4.065597,29,975.386894
3.445853,30,975.441275
4.376921,22,975.481353
3.028101,30,975.531649
3.13435,30,975.588434
-0.162387,30,975.650487
3.513255,23,975.707151
4.194838,25,975.764601
1.400596,25,975.813302
2.233329,30,975.876322
3.966262,12,975.898901
2.844363,30,975.953786
3.159669,30,976.009953
4.143997,21,976.049384
3.325806,29,976.099198
4.150905,21,976.137059
2.958582,30,976.189648
3.447413,30,976.244631
4.380013,24,976.286599
4.135341,22,976.324105
3.411996,30,976.378185
0.646988,19,976.41063
2.126982,30,976.465693
0.587099,30,976.516358
1.978834,30,976.567649
3.357654,30,976.625805
3.955392,30,976.682314
3.536871,20,976.716972
4.261178,22,976.754756
4.267618,15,976.785384
3.133858,30,976.839709
4.040995,24,976.881415
1.26557,30,976.932714
1.267418,30,976.990193
4.205381,17,977.019603
4.186357,21,977.056735
2.715109,30,977.111943
1.31381,30,977.16611
4.318318,25,977.210976
3.209012,30,977.266228
3.842974,25,977.3097
2.716974,23,977.35348
4.09095,14,977.377574
4.110379,27,977.426902
2.852084,14,977.452509
4.205802,29,977.5072
2.067148,20,977.540934
-0.609358,30,977.594635
1.316263,30,977.648661
3.001585,30,977.704467
4.000582,26,977.752539
0.962724,30,977.805765
1.994428,30,977.860009
2.590992,18,977.895106
1.290224,30,977.948792
1.872862,16,977.976255
3.044212,30,978.029993
3.672839,23,978.073686
4.027973,26,978.119162
3.591706,27,978.16506
2.211932,30,978.218963
2.056497,19,978.257231
4.311335,23,978.298094
3.223356,30,978.353054
4.043656,15,978.381246
3.292789,30,978.439651
2.993563,30,978.501528
4.304424,25,978.550294
3.724045,18,978.582183
1.674183,23,978.627212
1.393028,10,978.646207
3.303173,30,978.698182
-0.754426,30,978.751034
3.113167,30,978.809759
4.122278,21,978.845831
3.364102,30,978.902461
4.330174,25,978.946405
0.969504,16,978.977218
3.666842,19,979.011877
1.447556,30,979.06654
1.606974,11,979.085927
3.098912,30,979.143339
4.329524,16,979.172269
4.173899,21,979.21002
2.742962,27,979.258246
3.259885,30,979.315498
4.340769,20,979.351752
4.275336,23,979.39473
4.079846,29,979.444733
2.176762,29,979.500568
3.784774,21,979.538308
3.97281,12,979.559907
3.366078,30,979.610686
1.925149,30,979.670189
3.293592,30,979.722007
4.074212,22,979.762115
3.119436,30,979.81731
1.181742,30,979.874523
3.229971,30,979.925083
1.243957,30,979.97904
0.523466,19,980.01044
3.213366,30,980.068902
1.291291,30,980.121322
4.284836,21,980.161759
3.225946,30,980.213894
4.07841,30,980.273989
2.700436,21,980.312003
4.313352,18,980.342552
3.085091,30,980.398036
3.036193,30,980.452323
3.233388,30,980.509854
3.421139,30,980.56339
3.143117,20,980.599704
4.203837,20,980.638536
3.14397,30,980.692294
3.102063,30,980.744186
4.192651,17,980.77588
3.245108,30,980.832897
4.052652,29,980.882621
3.193583,30,980.936668
4.368616,16,980.965841
1.470481,30,981.020369
3.310189,30,981.075885
4.306961,20,981.112019
4.066572,21,981.147349
1.182743,30,981.205517
3.313423,30,981.25682
3.765265,30,981.313236
3.216497,30,981.362749
3.00496,30,981.42176
4.384708,18,981.451171
1.491141,24,981.494185
4.357677,17,981.524909
4.326348,18,981.56023
2.822598,28,981.610166
3.352439,30,981.664822
1.129233,30,981.718727
1.235536,30,981.773559
3.037734,22,981.812963
1.08417,23,981.8556
4.141557,21,981.893638
3.429892,30,981.949731
2.127189,30,982.005544
3.409207,30,982.057902
3.932802,20,982.092896
3.214214,30,982.149951
2.930225,17,982.17793
3.673524,24,982.222984
3.843734,17,982.251956
3.862399,28,982.305287
2.384461,25,982.35301
3.384854,30,982.404751
3.307484,30,982.460013
3.192935,30,982.516655
3.393586,30,982.57018
4.093335,24,982.613672
3.35232,30,982.670343
1.287368,20,982.708644
3.935325,15,982.735562
3.257237,30,982.792979
2.140228,22,982.834562
3.817328,18,982.869594
4.219779,16,982.899232
2.317704,30,982.955183
3.102989,30,983.006907
0.737279,22,983.049012
3.853059,20,983.085948
4.204869,18,983.117013
4.119907,20,983.152145
4.362538,24,983.198353
3.375182,30,983.252989
3.792881,24,983.297194
1.986717,9,983.313632
2.884118,30,983.369779
3.968026,14,983.395953
2.770982,19,983.429589
0.92083,25,983.473788
4.084843,24,983.519246
3.634761,30,983.572569
3.129294,30,983.625942
2.931835,28,983.675628
3.314832,30,983.731212
2.110336,30,983.786859
2.327745,15,983.81347
3.361884,30,983.867888
3.11305,30,983.925282
0.667311,30,983.978592
1.958747,30,984.035751
2.986104,30,984.0886
4.122934,17,984.121715
0.533055,30,984.173662
4.272385,17,984.204736
2.964935,30,984.262401
3.817682,24,984.328348
3.422798,30,984.387593
4.161033,18,984.421952
3.977298,30,984.474698
3.118305,14,984.502366
0.748247,17,984.532368
3.358793,30,984.588757
3.65291,22,984.626701
3.242681,30,984.684374
3.231681,30,984.737191
3.226819,30,984.794521
3.066531,30,984.846053
0.950962,12,984.871173
2.076942,30,984.927064
3.989485,25,984.971421
2.164215,15,985.000263
3.402858,30,985.054521
3.979713,20,985.090776
4.279108,22,985.132253
4.183648,20,985.169372
4.324844,26,985.216765
3.289828,30,985.273195
4.292249,15,985.298901
3.013051,18,985.331644
3.339805,30,985.390093
1.864529,30,985.445466
1.947265,17,985.4761
3.998842,22,985.518666
3.02215,30,985.577221
2.061523,30,985.636192
3.722857,28,985.686708
3.300938,30,985.740903
3.891333,30,985.800142
3.25527,30,985.855161
1.943733,30,985.911989
3.201219,30,985.964218
4.085193,21,986.005419
2.770528,30,986.061516
2.763359,29,986.112785
0.889782,30,986.168958
4.013063,21,986.208265
2.434406,30,986.261245
2.069292,30,986.315711
0.921144,30,986.369164
3.297428,30,986.425025
4.223513,22,986.463562
4.092003,23,986.505021
3.369426,30,986.561445
3.26488,30,986.616655
3.906445,20,986.654354
2.917969,16,986.683966
3.379454,30,986.73565
4.352695,25,986.781494
3.199655,30,986.834823
2.098257,15,986.861795
4.349063,27,986.908673
3.399376,30,986.963232
3.063657,13,986.993106
2.619763,12,987.018183
4.102754,27,987.067917
2.079991,20,987.105939
3.213666,30,987.16107
3.246405,30,987.211936
4.232825,19,987.247185
3.637654,20,987.286277
4.31086,21,987.324001
4.319892,26,987.371165
4.43811,25,987.414238
2.204828,27,987.469402
-0.347839,30,987.520807
1.229796,30,987.574367
3.95117,27,987.62344
2.219482,30,987.681675
0.735395,16,987.711103
1.097782,30,987.765466
4.140254,21,987.804332
4.22721,25,987.853826
2.673851,19,987.889908
0.294268,18,987.920065
4.312969,17,987.951861
3.116073,14,987.976479
2.37331,30,988.032941
4.272404,16,988.062042
1.752483,18,988.091757
3.423883,12,988.115255
1.4285,30,988.170736
0.140816,19,988.204057
3.382762,30,988.25866
1.790126,30,988.314301
3.126547,14,988.340323
3.374246,30,988.394176
4.342061,24,988.436835
4.16738,21,988.478285
4.007552,23,988.518583
3.665342,27,988.567465
3.112717,30,988.624705
3.303024,22,988.664982
3.980629,21,988.703174
2.977685,19,988.736887
0.981114,19,988.769507
2.945056,30,988.825482
1.638895,30,988.881078
3.340306,30,988.933464
3.08355,30,988.990386
0.876022,30,989.045723
3.599558,28,989.094913
4.087942,30,989.151774
1.287486,30,989.205571
3.219009,30,989.264577
4.192249,29,989.31583
2.952836,15,989.342096
4.271461,30,989.396266
3.275622,30,989.4554
4.10535,25,989.500963
4.187634,16,989.529374
3.350171,30,989.586602
4.111459,27,989.636945
2.735251,18,989.669584
3.166554,30,989.720939
3.071795,18,989.755232
4.215675,22,989.796221
4.221846,23,989.838336
4.289153,18,989.872092
3.051166,30,989.924664
4.091247,16,989.955079
2.245134,30,990.010094
3.294673,30,990.064818
3.690616,15,990.0924
2.011566,22,990.131596
2.970145,24,990.17347
-0.211746,13,990.199327
3.266377,30,990.251725
3.309449,30,990.310914
3.061408,30,990.363246
4.167162,16,990.39339
4.026837,29,990.443669
4.215618,24,990.488186
2.163553,17,990.521076
1.933294,30,990.576186
2.100127,29,990.628583
3.060082,30,990.685102
3.128147,30,990.738892
3.736702,29,990.794944
1.756401,30,990.848678
2.298087,18,990.885625
2.923226,18,990.916383
3.359282,30,990.973706
2.743554,30,991.028681
2.45841,22,991.073005
2.015199,30,991.123748
4.262913,18,991.15695
4.319977,17,991.187817
4.389274,16,991.220358
3.943985,28,991.270718
2.898961,15,991.29832
3.285469,30,991.352039
4.105771,17,991.383646
3.103412,13,991.408884
3.926637,22,991.448233
4.423237,21,991.486307
4.0575,17,991.521125
3.255269,30,991.573547
3.319941,30,991.635193
3.212395,30,991.689189
4.039418,18,991.72492
3.104915,30,991.779313
1.991113,12,991.801394
3.754918,19,991.836322
3.836126,25,991.882544
3.173704,30,991.938047
3.204668,30,991.992637
1.382731,30,992.047473
3.949931,26,992.09483
1.891662,30,992.150977
3.128763,13,992.172557
4.02104,27,992.22293
3.354522,30,992.278521
3.558156,16,992.308519
1.413788,30,992.362766
3.328053,30,992.413961
-0.586683,30,992.470238
4.350793,25,992.512667
3.885401,28,992.560407
4.113496,13,992.584359
2.802091,15,992.613161
3.239424,30,992.666217
1.932926,30,992.721451
4.097213,20,992.758194
4.334018,22,992.80143
3.992556,17,992.833894
3.783698,28,992.883168
3.381239,30,992.933686
1.518311,10,992.95525
3.595313,19,992.986295
3.983666,21,993.029368
4.268078,16,993.059211
2.065142,19,993.092701
3.177973,30,993.149683
2.693038,23,993.192194
2.555895,30,993.243694
1.29612,30,993.304829
3.325821,26,993.351147
3.061474,14,993.377794
3.884184,16,993.406259
1.135788,30,993.461213
3.342723,30,993.516122
3.382244,30,993.569676
3.139681,30,993.624376
3.395627,30,993.678258
3.215632,30,993.734697
4.265356,30,993.789431
3.097796,30,993.843597
4.125528,17,993.89006
3.53199,20,993.937808
2.894874,30,993.993015
3.034506,16,994.021248
3.986009,27,994.073828
3.942995,28,994.123251
3.169845,30,994.178267
4.151207,21,994.216618
3.344842,30,994.271472
3.24463,30,994.326364
1.999056,30,994.381594
4.172157,25,994.427506
4.207284,25,994.4747
4.234732,17,994.504093
3.361664,30,994.560935
3.127021,14,994.585073
2.949476,25,994.631914
3.182743,30,994.685787
4.098016,16,994.71657
0.097187,30,994.769847
3.256353,30,994.830037
3.072745,15,994.856596
1.65249,30,994.909677
3.794805,19,994.945822
1.403055,30,995.004029
3.611336,18,995.037793
2.906563,15,995.065259
3.367801,30,995.119315
3.384271,30,995.174199
3.042076,12,995.19705
3.623818,16,995.22547
3.297738,30,995.27752
3.103503,30,995.334085
3.120784,30,995.388032
4.274347,24,995.431999
3.219288,30,995.546401
4.093603,26,995.716557
2.979022,30,995.841439
4.219386,13,995.875347
4.04383,18,995.909419
4.039827,25,995.963721
3.290615,30,996.020748
4.049739,12,996.0447
4.069228,20,996.087515
3.872791,26,996.141189
3.393245,30,996.194667
3.5231,21,996.233245
4.267998,29,996.287993
3.261053,16,996.31936
3.067372,17,996.351931
3.371483,30,996.410609
3.918827,13,996.436502
4.11074,15,996.464712
1.827375,30,996.524064
2.107293,24,996.566875
3.277275,30,996.623312
2.930233,30,996.694313
3.29645,30,996.772354
3.062527,30,996.85904
4.004365,20,996.907636
3.203796,30,996.973292
3.028594,30,997.028487
3.133586,30,997.083368
4.181324,22,997.124893
4.350226,24,997.173704
2.699686,30,997.231566
4.290326,27,997.280038
4.087129,17,997.309765
3.310728,30,997.369287
2.944094,14,997.393466
3.233328,30,997.449697
3.012079,24,997.495013
3.208525,30,997.551143
4.203664,20,997.587923
3.019176,30,997.646594
2.95784,19,997.682419
3.189886,30,997.739541
2.163614,22,997.787142
3.828474,30,997.842796
3.366658,30,997.899434
4.409013,21,997.939831
3.912465,28,997.990292
3.54823,28,998.044122
0.052898,27,998.092988
1.184993,30,998.147825
4.136325,25,998.1924
3.179293,30,998.251716
3.337574,30,998.305413
3.144211,30,998.369597
2.457135,30,998.421842
4.362035,20,998.462363
-0.030309,30,998.549643
4.201643,25,998.616629
3.223604,30,998.676948
3.08627,13,998.701582
3.366582,30,998.758477
3.186148,30,998.816475
3.962777,15,998.845601
4.375382,20,998.883147
3.177846,30,998.935828
1.230245,30,998.992153
3.352757,30,999.048098
3.287318,30,999.103032
3.70063,18,999.135246
2.989585,16,999.16683
4.198116,17,999.197236
4.25955,19,999.23566
0.843312,30,999.290776
0.717135,15,999.31719
2.969875,17,999.349881
3.246679,30,999.403611
2.064823,23,999.444615
3.74226,22,999.486735
3.211849,30,999.541856
3.503692,30,999.593826
3.739408,20,999.632131
4.174407,23,999.676672
4.268057,22,999.718357
3.212841,30,999.772734
3.335285,30,999.828039
4.104843,28,999.882347
3.966782,15,999.907069
2.925256,30,999.965683
3.110439,30,1000.019597
3.723101,19,1000.055503
1.529823,20,1000.092009
3.659017,17,1000.123208
3.410117,30,1000.177911
2.196407,30,1000.232663
1.110324,30,1000.290991
3.955166,18,1000.322891
3.414387,30,1000.378426
1.582421,9,1000.395501
3.186043,30,1000.454105
3.986237,28,1000.50447
3.076861,30,1000.558532
1.338724,30,1000.619867
3.93999,17,1000.651985
4.286738,15,1000.681002
4.332468,19,1000.715944
4.355271,16,1000.748376
3.333567,30,1000.80816
3.904706,16,1000.835136
3.607414,24,1000.879754
2.715572,27,1000.930931
0.940321,16,1000.962568
2.150021,26,1001.00907
4.272871,19,1001.044495
3.902715,15,1001.074173
3.25215,30,1001.128106
3.264248,30,1001.183945
2.560917,27,1001.229056
1.257482,30,1001.287137
1.031947,30,1001.340821
3.789961,21,1001.379394
2.924898,15,1001.405576
4.104829,30,1001.462619
3.265294,30,1001.516907
3.905687,23,1001.560199
4.210166,19,1001.596703
3.158537,30,1001.654027
2.977639,18,1001.688673
3.92786,26,1001.73526
2.669914,21,1001.773501
4.149216,22,1001.815375
2.939921,15,1001.843069
-0.113117,30,1001.895384
3.240184,30,1001.95075
0.970163,30,1002.007702
2.096141,30,1002.063299
3.154891,30,1002.11844
3.000287,30,1002.174478
-2.321874,30,1002.229709
-1.843229,30,1002.287371
4.246487,17,1002.316551
4.145287,26,1002.362937
3.164096,30,1002.418287
3.414759,17,1002.448658
3.679692,28,1002.498177
3.217985,30,1002.555846
3.88766,23,1002.601578
3.928656,20,1002.637535
3.018601,30,1002.690331
4.637982,27,1002.739019
1.994383,30,1002.799012
-0.055993,30,1002.85456
4.340911,15,1002.88212
4.111798,20,1002.917866
3.33373,30,1002.973286
3.253891,30,1003.030167
3.366619,30,1003.083635
2.38767,16,1003.110476
4.077336,25,1003.157042
2.188846,21,1003.1966
3.973311,23,1003.238405
3.85294,24,1003.283137
4.126542,21,1003.324657
3.083162,30,1003.376227
2.402941,30,1003.431439
4.374403,30,1003.486312
4.194754,21,1003.525483
2.841587,30,1003.580157
1.059044,30,1003.631904
4.320832,18,1003.665382
3.384248,30,1003.721225
3.976486,26,1003.770825
3.377858,30,1003.825051
2.910863,17,1003.857341
3.335967,30,1003.914973
4.280878,17,1003.944443
1.166468,30,1004.001473
4.059654,24,1004.045865
3.272444,30,1004.101902
3.084051,30,1004.157951
3.402964,30,1004.213863
0.988961,30,1004.271235
3.370465,30,1004.326803
4.340328,21,1004.367182
3.286826,30,1004.421348
1.527227,17,1004.451538
3.242719,30,1004.508266
0.388448,30,1004.562706
3.171858,30,1004.619823
4.127168,25,1004.663925
4.31722,16,1004.694471
3.327025,30,1004.748365
1.394615,30,1004.802375
2.989876,18,1004.837477
4.308687,16,1004.876799
2.54419,30,1004.941153
3.173099,30,1004.998379
3.573222,21,1005.036272
3.467519,30,1005.094315
0.881407,24,1005.13639
4.269213,24,1005.178977
3.454529,30,1005.236503
2.920367,27,1005.287359
4.018107,18,1005.31802
1.490906,30,1005.37116
3.356455,30,1005.429214
4.257411,30,1005.487763
4.211249,25,1005.532683
2.169479,29,1005.582899
3.29783,30,1005.637091
3.121718,30,1005.691217
-0.733653,30,1005.744105
1.411795,30,1005.798529
3.364078,17,1005.827554
2.790564,30,1005.887037
4.307922,20,1005.924133
3.391801,30,1005.977695
4.032843,24,1006.019636
4.393268,19,1006.056715
2.418563,13,1006.079866
1.347142,30,1006.134563
2.764457,14,1006.157445
3.226388,30,1006.21573
3.151252,30,1006.269124
3.938601,26,1006.316654
3.652146,19,1006.350077
4.21089,16,1006.381529
3.13256,30,1006.434973
2.09091,30,1006.490182
4.207722,17,1006.521242
2.610124,30,1006.577372
3.995807,22,1006.616779
3.31415,30,1006.670647
4.148024,21,1006.708529
4.041095,25,1006.752715
4.146301,18,1006.784075
1.340817,30,1006.838177
3.413058,30,1006.890692
0.577041,30,1006.947907
3.141147,30,1007.001526
4.048179,27,1007.051702
3.640376,14,1007.077895
4.062773,26,1007.124662
2.83526,28,1007.173697
4.268796,22,1007.214359
4.131425,17,1007.243963
2.488957,30,1007.298061
0.971369,19,1007.332727
2.704263,15,1007.360249
4.308236,19,1007.396002
3.257822,30,1007.453046
3.347977,30,1007.509296
2.097899,30,1007.563501
3.267179,30,1007.618503
3.414075,30,1007.674802
2.100284,21,1007.710195
3.30149,30,1007.767549
3.221037,30,1007.843471
1.848383,30,1007.90498
3.976802,12,1007.928073
2.814356,15,1007.95702
3.7161,15,1007.983611
3.927073,22,1008.027705
3.326534,30,1008.083662
3.952873,24,1008.127598
4.134948,30,1008.182961
3.920247,26,1008.231151
4.190703,17,1008.265412
2.850479,22,1008.303623
1.54719,30,1008.357888
2.97593,15,1008.384493
2.296261,30,1008.442458
3.504487,27,1008.49066
2.984589,30,1008.544363
3.964567,15,1008.574033
2.502467,19,1008.608141
4.148454,17,1008.640763
3.066729,30,1008.695094
-2.08847,30,1008.75488
4.246357,23,1008.815335
1.183932,30,1008.891251
3.119965,30,1008.945533
2.137369,24,1008.996819
2.981162,30,1009.054541
3.155517,30,1009.111284
2.219816,25,1009.158919
3.777984,22,1009.202553
2.832503,10,1009.223769
3.274164,30,1009.280229
3.418816,15,1009.306512
3.332631,30,1009.366184
4.098567,16,1009.394388
2.122058,22,1009.433137
1.369045,30,1009.492153
-0.075521,30,1009.546865
3.061384,14,1009.574157
3.063274,30,1009.626956
3.189992,30,1009.682537
2.947423,30,1009.738014
3.086616,30,1009.793288
1.322158,30,1009.850288
4.034683,28,1009.9
4.246106,24,1009.945212
3.324207,30,1010.002644
4.188926,17,1010.032376
4.221787,28,1010.083336
1.935974,30,1010.138671
3.240663,30,1010.193861
0.899094,19,1010.228611
3.85465,27,1010.277232
4.160303,22,1010.319695
3.307554,30,1010.374464
3.249517,30,1010.441259
3.345881,30,1010.506028
3.376353,30,1010.569738
2.964178,14,1010.594904
3.429906,30,1010.650091
3.292839,30,1010.701512
4.040916,14,1010.731961
2.919218,20,1010.768644
3.369152,30,1010.824074
3.220699,30,1010.883033
3.410924,30,1010.940454
2.89497,30,1010.995057
3.329665,30,1011.051501
3.450481,18,1011.083638
1.868696,30,1011.139638
4.241203,22,1011.182729
4.122506,24,1011.227305
3.63498,16,1011.258223
4.243872,15,1011.288885
4.242308,22,1011.327875
2.781843,10,1011.346295
3.965531,25,1011.391802
2.823394,30,1011.448879
4.099132,20,1011.496094
3.083231,12,1011.519289
4.312471,17,1011.553418
2.944915,11,1011.579622
1.875909,17,1011.616645
3.285266,30,1011.672092
0.036143,30,1011.726287
1.177673,30,1011.782289
4.105374,19,1011.81685
4.336984,26,1011.865713
3.570461,14,1011.898133
3.094278,30,1011.951985
4.189186,19,1011.987171
3.126844,30,1012.044546
3.364708,30,1012.095446
3.07246,30,1012.153944
2.739354,30,1012.209111
3.062997,15,1012.238072
2.018873,18,1012.267594
3.247345,17,1012.30086
3.541063,23,1012.34009
3.021433,30,1012.396177
1.39271,30,1012.449131
2.347782,30,1012.504946
3.065942,30,1012.561342
3.281112,30,1012.615476
3.426418,30,1012.667712
4.115141,15,1012.698489
3.119624,24,1012.741968
1.218264,30,1012.798988
2.790871,30,1012.85272
3.817404,20,1012.890454
4.362727,14,1012.917016
1.401736,30,1012.971073
3.135727,30,1013.026044
3.750101,23,1013.06756
3.161494,30,1013.125612
1.782336,30,1013.178216
2.680971,16,1013.206512
4.054341,11,1013.229425
3.112594,30,1013.287754
3.856003,21,1013.322901
3.744598,22,1013.361837
2.073308,27,1013.413724
3.292492,30,1013.467508
3.104216,30,1013.520892
3.423559,30,1013.576854
3.666343,20,1013.616889
3.986341,20,1013.654117
3.100813,13,1013.680505
4.252365,21,1013.717906
3.224403,30,1013.774627
3.427631,30,1013.827281
2.677506,24,1013.871341
3.286949,30,1013.926719
3.230446,30,1013.982271
2.958833,21,1014.022092
3.402533,30,1014.077249
3.351192,30,1014.132003
2.992957,30,1014.186991
-1.164424,17,1014.217388
1.256456,30,1014.270393
3.285311,30,1014.325648
4.267039,20,1014.38251
4.086851,30,1014.445862
1.610437,10,1014.463794
3.210215,30,1014.522156
4.025637,28,1014.587041
4.352518,17,1014.63019
0.83416,13,1014.65631
-0.411153,30,1014.713138
4.151875,27,1014.763398
4.1001,30,1014.819599
3.073292,30,1014.873687
3.316021,30,1014.933087
2.945595,20,1014.973698
3.058412,30,1015.027259
2.959111,26,1015.07576
3.153255,30,1015.130008
3.000103,18,1015.165797
1.396792,30,1015.218562
3.361616,30,1015.275141
3.027346,30,1015.329158
2.172788,17,1015.362829
2.956848,28,1015.413116
4.156585,16,1015.442448
-0.71214,30,1015.498495
3.151546,30,1015.558387
4.404509,21,1015.599584
2.85702,30,1015.657154
4.274206,20,1015.693709
4.263142,21,1015.734627
3.420301,30,1015.788236
4.264871,14,1015.815084
3.366646,16,1015.845338
2.970202,14,1015.870736
4.171181,17,1015.901758
-0.099028,30,1015.95653
3.195083,30,1016.008439
4.280938,29,1016.065347
3.566708,14,1016.090265
3.392691,30,1016.143796
3.29063,30,1016.19587
2.960972,13,1016.220849
0.96223,22,1016.263043
3.982651,20,1016.298632
3.287417,30,1016.351659
2.781509,19,1016.387568
2.110101,30,1016.445561
2.281558,21,1016.482119
1.4167,27,1016.529268
2.902868,30,1016.586018
-0.340848,16,1016.615222
4.328233,19,1016.65068
3.757666,22,1016.691093
4.28337,24,1016.736211
3.355841,30,1016.789799
-1.720436,27,1016.839081
3.318437,30,1016.892214
3.393404,30,1016.949911
2.345555,24,1016.993262
4.298206,21,1017.031671
4.14088,23,1017.07242
3.932777,22,1017.113991
3.370944,30,1017.170135
2.659315,29,1017.22545
0.96594,24,1017.271436
3.118099,30,1017.33016
3.833588,28,1017.380629
4.094777,18,1017.415818
3.285653,26,1017.462018
3.216954,30,1017.522248
3.067664,30,1017.577295
3.049428,14,1017.605288
2.122528,30,1017.659867
0.171144,30,1017.718808
3.118318,14,1017.743016
2.159495,30,1017.806112
4.238067,25,1017.852672
3.352128,30,1017.912043
3.435516,30,1017.971689
4.169,29,1018.026099
3.376587,30,1018.082366
1.89479,16,1018.112404
2.133294,24,1018.158306
4.259492,21,1018.193667
3.008264,15,1018.221626
3.701824,21,1018.262858
1.804892,10,1018.283155
4.278958,19,1018.315254
2.930958,19,1018.351448
3.240399,30,1018.411329
3.024282,25,1018.457687
3.393269,30,1018.512779
3.297185,30,1018.568865
3.079892,30,1018.624967
2.117616,19,1018.660728
3.344239,30,1018.718512
3.231941,30,1018.76854
3.244385,30,1018.827126
3.2199,30,1018.881004
-1.194778,30,1018.934537
1.85538,25,1018.98093
4.381961,22,1019.021199
4.021347,14,1019.048411
1.040515,13,1019.070913
4.225488,27,1019.1203
1.652995,26,1019.168769
3.045089,30,1019.228002
2.42408,30,1019.285598
2.221951,26,1019.334596
3.035552,12,1019.358753
2.240326,16,1019.388242
3.009559,30,1019.444536
1.068758,30,1019.500111
1.490549,14,1019.526011
3.779216,13,1019.551203
4.137307,24,1019.598096
4.429654,20,1019.633751
3.285185,30,1019.690303
3.271774,30,1019.746375
2.706998,23,1019.788143
0.876124,30,1019.845974
3.190322,24,1019.892548
4.267242,30,1019.950046
0.980715,30,1020.008615
3.440909,28,1020.060285
3.33879,30,1020.117824
1.231828,8,1020.131629
4.176627,20,1020.168796
2.298126,17,1020.201571
3.310698,30,1020.259226
4.130941,22,1020.300248
1.420539,30,1020.353533
3.363042,30,1020.410062
3.369606,30,1020.472603
1.937596,30,1020.5312
3.032253,20,1020.569409
4.074192,29,1020.620389
4.383316,28,1020.67404
3.0356,30,1020.729531
3.239642,30,1020.784185
2.762231,21,1020.82352
1.908875,24,1020.870561
2.506611,16,1020.90115
2.752512,15,1020.928435
4.40198,21,1020.964881
3.767861,18,1021.002008
3.262157,30,1021.058199
3.330441,30,1021.113082
3.161997,30,1021.167042
0.045437,20,1021.206838
3.274246,30,1021.265849
0.087149,30,1021.320187
3.217913,30,1021.376828
2.883824,23,1021.419095
4.329999,21,1021.459343
4.303411,18,1021.491378
3.053224,30,1021.544907
4.179765,20,1021.583416
4.191778,29,1021.637406
3.336648,30,1021.693052
2.321025,26,1021.74042
4.149944,21,1021.779778
3.577418,18,1021.813058
2.938785,19,1021.845433
3.400723,30,1021.903854
3.126154,30,1021.961556
3.349437,30,1022.016724
4.170945,17,1022.047647
4.202818,22,1022.088014
3.293067,30,1022.144353
3.373038,30,1022.202276
1.749167,9,1022.218169
-0.772583,30,1022.27172
3.272645,30,1022.330596
1.94919,23,1022.373254
3.255833,17,1022.403263
2.531044,20,1022.438097
3.233007,30,1022.493933
2.879787,14,1022.519351
3.889994,22,1022.558174
1.21088,30,1022.614404
3.019386,30,1022.668252
4.237205,18,1022.702517
3.176929,30,1022.756688
3.286378,30,1022.814234
4.05548,15,1022.84607
1.382558,18,1022.877862
4.241243,25,1022.923868
3.283166,30,1022.979668
1.706598,17,1023.011023
3.053348,30,1023.068608
3.283133,30,1023.123598
4.319691,24,1023.167435
3.127747,30,1023.225129
4.136753,27,1023.275928
1.067457,26,1023.324831
3.352742,30,1023.37875
2.845689,13,1023.405714
4.139708,16,1023.435334
3.306283,30,1023.490643
4.172877,29,1023.542665
2.067131,25,1023.593312
2.789415,26,1023.639918
3.866437,14,1023.665189
4.137904,17,1023.696972
3.90165,27,1023.748966
4.077714,14,1023.775559
0.678726,18,1023.811713
2.867629,12,1023.834653
4.007738,25,1023.901095
4.032193,23,1023.948245
2.855202,30,1024.011083
4.135587,28,1024.061394
1.400563,30,1024.125134
3.754461,27,1024.171643
3.097508,30,1024.227763
3.556195,16,1024.258502
3.041676,22,1024.299801
1.160955,25,1024.346931
3.228035,30,1024.403022
1.176693,30,1024.458039
2.846903,30,1024.516163
1.497306,17,1024.545917
3.335309,30,1024.602686
3.181978,30,1024.655473
3.103398,30,1024.71418
2.735515,22,1024.752303
2.931376,26,1024.801608
2.732723,30,1024.855143
1.160516,30,1024.912701
4.041548,16,1024.941444
4.457769,25,1024.986763
3.006551,30,1025.046365
1.092793,30,1025.101983
1.785226,30,1025.159757
3.24005,30,1025.211927
4.096822,20,1025.250047
3.394231,30,1025.307829
0.106918,29,1025.361398
3.349599,30,1025.414844
3.270143,30,1025.46864
3.322729,30,1025.525846
3.422648,30,1025.582287
2.393133,30,1025.636599
1.325595,30,1025.692108
3.17357,30,1025.747531
4.217026,25,1025.793874
3.3285,30,1025.849659
0.962238,13,1025.872948
1.513618,19,1025.908967
4.022674,26,1025.96087
1.686768,30,1026.012533
0.421133,18,1026.046529
1.258886,30,1026.102336
4.106753,25,1026.146407
1.372859,30,1026.203354
3.36719,30,1026.257083
4.015134,29,1026.314543
2.945565,21,1026.351282
3.318858,30,1026.40595
3.338585,30,1026.461028
4.225207,19,1026.498492
4.321077,21,1026.535618
3.945271,30,1026.588817
4.236538,28,1026.638268
3.3545,30,1026.698143
1.282505,30,1026.75326
3.211048,30,1026.810534
0.860761,21,1026.846699
2.923094,29,1026.901701
-4.774173,30,1026.958019
3.224645,30,1027.01129
4.266594,27,1027.06079
3.186226,30,1027.121314
3.904433,30,1027.173759
3.935299,19,1027.209238
2.971297,19,1027.244692
3.08333,30,1027.301184
-0.957785,30,1027.355965
2.788381,14,1027.380815
4.271752,27,1027.432157
3.057979,30,1027.487559
4.090939,17,1027.520506
3.96883,28,1027.572594
3.313629,30,1027.626309
3.173443,30,1027.686403
1.151058,30,1027.742411
3.958945,27,1027.7954
2.211181,30,1027.849279
3.363661,30,1027.907738
1.405546,30,1027.961309
4.059871,11,1027.982484
3.864614,19,1028.018245
3.76368,21,1028.060528
2.916282,22,1028.103264
1.254911,30,1028.15684
3.137064,30,1028.212797
3.31837,30,1028.272284
1.1115,30,1028.328527
3.277668,30,1028.379206
1.745852,11,1028.39975
2.14491,24,1028.445708
-1.563872,20,1028.481828
3.112931,30,1028.532393
2.077708,30,1028.586945
3.647062,23,1028.632279
3.291945,30,1028.685915
4.040125,20,1028.723241
3.326549,30,1028.778646
2.879207,30,1028.835387
3.982048,22,1028.897319
2.894348,30,1028.998334
3.234131,30,1029.098867
3.280993,30,1029.192544
-0.222664,30,1029.274011
3.879816,30,1029.331312
4.08023,27,1029.378869
3.241173,30,1029.43454
3.216265,30,1029.487837
4.319908,21,1029.525101
2.083412,19,1029.558622
3.300558,30,1029.613434
3.909213,19,1029.646866
0.819129,24,1029.689786
2.50887,30,1029.74383
3.633878,23,1029.783771
1.437277,30,1029.842103
3.031748,15,1029.876023
1.843464,29,1029.957723
1.247643,30,1030.046777
3.008943,14,1030.087069
3.107092,30,1030.173261
3.057461,30,1030.260563
3.932275,17,1030.299453
1.878824,25,1030.347422
2.254388,25,1030.394664
3.104599,30,1030.44774
-0.091872,30,1030.505079
3.410319,13,1030.529528
4.154018,30,1030.581964
3.299362,30,1030.639218
3.300875,30,1030.695838
3.279163,30,1030.758979
3.328681,30,1030.811172
2.123763,30,1030.864749
3.434651,30,1030.921189
3.31727,30,1030.976347
4.201646,23,1031.017626
3.90577,29,1031.068306
3.406006,30,1031.12427
2.75391,13,1031.149096
2.870031,30,1031.202255
1.706471,22,1031.245887
1.297255,30,1031.302224
3.377484,30,1031.358361
3.076118,19,1031.390226
3.317122,30,1031.444779
1.318011,30,1031.499312
4.391395,18,1031.549527
2.278176,25,1031.629159
3.339914,30,1031.74377
1.226899,30,1031.831926
3.093947,13,1031.868238
1.076418,30,1031.944313
3.284084,30,1032.00648
2.990498,30,1032.073855
4.040662,15,1032.104251
4.197264,20,1032.141669
2.089054,26,1032.186787
2.255078,23,1032.231552
2.118905,20,1032.269793
3.259408,30,1032.328478
3.282818,30,1032.384291
3.275102,30,1032.443429
4.234669,29,1032.49711
3.02276,30,1032.553817
4.208307,22,1032.598516
3.272954,30,1032.656219
3.021881,22,1032.698689
3.932516,26,1032.746693
2.828541,30,1032.806808
4.303143,25,1032.858372
3.060832,30,1032.912145
1.113471,30,1032.967603
2.038748,26,1033.01306
2.989598,23,1033.06007
4.367455,19,1033.100483
3.279716,30,1033.158823
4.151326,20,1033.195353
1.119084,30,1033.254091
3.942198,19,1033.289095
4.083377,24,1033.333173
4.310258,17,1033.363167
3.358872,30,1033.422828
1.307744,30,1033.492367
4.306954,25,1033.561998
3.261257,30,1033.648805
3.682228,27,1033.726367
1.941608,30,1033.817329
3.618328,18,1033.868146
3.126415,30,1033.929026
3.994386,24,1033.999951
3.611693,28,1034.054223
0.017969,30,1034.108234
1.330098,30,1034.165941
2.967652,12,1034.188442
4.336439,23,1034.231935
2.755894,30,1034.287814
2.582657,13,1034.310327
4.179575,24,1034.355294
3.358375,30,1034.412356
3.291593,30,1034.463028
4.242556,17,1034.495594
3.216064,30,1034.553032
3.369798,30,1034.610472
4.145482,26,1034.65658
3.008548,14,1034.682415
3.970329,15,1034.708123
2.781346,30,1034.765273
1.937904,27,1034.817806
3.299605,30,1034.880694
3.836927,22,1034.928198
3.092048,30,1034.982915
3.388213,30,1035.036989
3.261627,30,1035.097519
1.895618,28,1035.180469
2.999482,30,1035.250339
1.079341,30,1035.303179
3.338675,30,1035.361355
3.931515,20,1035.400299
2.264688,29,1035.454121
2.956558,30,1035.534235
2.93787,17,1035.580864
3.285272,30,1035.664763
3.350464,30,1035.726354
3.265753,30,1035.780216
4.03611,18,1035.815462
1.929951,30,1035.873506
2.862283,15,1035.905748
3.104212,30,1035.972511
2.813551,30,1036.035646
2.877719,30,1036.095751
3.169623,30,1036.151373
2.794182,16,1036.179993
2.04541,24,1036.223266
3.380929,30,1036.28255
3.309989,30,1036.336301
3.245318,30,1036.38902
3.250775,30,1036.445642
4.209729,28,1036.495694
2.621753,30,1036.547484
3.338273,30,1036.605944
3.690444,16,1036.634273
1.704832,30,1036.690246
4.306648,20,1036.727195
3.11546,30,1036.781717
1.098581,30,1036.835688
0.950969,30,1036.895942
4.249328,27,1036.942218
1.426099,30,1036.997623
3.165817,30,1037.051311
3.705326,25,1037.099236
4.391099,28,1037.154323
1.75013,12,1037.175243
2.090659,21,1037.211452
4.249367,19,1037.248061
2.972278,18,1037.279914
4.266533,17,1037.311731
2.9317,30,1037.36493
3.420313,30,1037.421691
3.362404,30,1037.476392
3.111081,30,1037.529782
1.752495,30,1037.582192
3.344977,30,1037.641145
3.288287,30,1037.693641
3.227303,30,1037.749424
4.311845,24,1037.794827
1.134349,21,1037.834644
3.797251,15,1037.862814
3.323274,30,1037.915203
0.877342,13,1037.937029
3.269355,30,1037.993281
3.240647,30,1038.047504
2.99046,20,1038.083177
3.032323,13,1038.105849
4.216308,29,1038.15978
2.002657,29,1038.21116
2.820603,30,1038.265285
3.099699,30,1038.314225
1.161616,30,1038.373334
3.815728,27,1038.419446
3.078336,30,1038.475583
3.434677,28,1038.524381
2.169254,28,1038.574672
4.278356,24,1038.618898
2.47303,18,1038.648659
3.886886,23,1038.690791
4.241366,14,1038.719109
3.141876,30,1038.771125
3.155565,30,1038.826789
2.865524,17,1038.859354
3.170393,30,1038.913086
3.109358,30,1038.968861
4.022533,16,1038.996684
3.17181,30,1039.049663
3.648482,19,1039.087793
3.403537,30,1039.146839
3.837757,22,1039.19071
3.336364,30,1039.247895
1.983217,30,1039.303416
3.020931,30,1039.364393
2.759203,30,1039.416428
4.339056,16,1039.444854
3.602157,19,1039.481702
4.413489,26,1039.527835
3.565868,15,1039.555226
4.142377,26,1039.601858
3.248363,30,1039.656517
4.095699,17,1039.68828
3.216519,30,1039.744478
3.84832,25,1039.787575
4.102979,27,1039.841058
3.194732,30,1039.896658
3.306955,30,1039.952167
4.181104,18,1039.983335
3.966271,30,1040.043344
4.377467,29,1040.101214
3.334713,30,1040.171432
0.035964,30,1040.23115
3.077487,30,1040.292211
4.303348,24,1040.335725
3.366365,30,1040.388242
3.378512,30,1040.444285
3.336449,30,1040.497252
2.707392,20,1040.534604
3.943934,19,1040.570055
2.006731,30,1040.624018
3.224196,30,1040.683696
4.162074,19,1040.717822
3.140957,30,1040.771366
-0.633015,30,1040.825518
1.168846,30,1040.882376
4.304264,17,1040.913321
4.335643,30,1040.970826
3.216516,30,1041.024331
4.094117,27,1041.078351
4.095593,23,1041.121324
3.76422,28,1041.17086
3.152209,30,1041.223077
3.162067,30,1041.283172
3.262475,30,1041.337552
3.895588,22,1041.377616
3.394504,30,1041.428598
2.923479,12,1041.452481
3.169059,30,1041.510036
4.148175,14,1041.536614
1.580954,20,1041.571104
4.317281,22,1041.613918
3.361214,30,1041.665989
4.225708,27,1041.715847
3.423805,30,1041.769478
4.133736,16,1041.800131
2.770087,22,1041.838526
4.202283,14,1041.865506
3.210724,30,1041.919229
1.842006,21,1041.959409
3.199927,30,1042.013173
2.193015,30,1042.066084
3.359466,30,1042.125851
4.231391,20,1042.164658
3.714369,20,1042.199289
2.03328,19,1042.233311
2.854265,30,1042.288988
2.890759,30,1042.343857
2.387652,17,1042.375324
2.317717,26,1042.419313
1.642994,29,1042.472307
1.979556,30,1042.527382
3.814913,18,1042.561177
3.718341,27,1042.608886
4.337103,25,1042.653776
3.378894,30,1042.707216
2.916094,30,1042.76486
3.930878,20,1042.80136
2.935115,15,1042.825521
3.518645,17,1042.859865
2.89644,21,1042.897292
2.9899,21,1042.934735
4.080557,27,1042.984242
3.274498,30,1043.039071
2.092537,14,1043.065041
4.369929,20,1043.102004
4.07844,28,1043.152439
3.242763,30,1043.207205
4.379934,20,1043.244511
3.329345,30,1043.299484
3.39453,30,1043.349982
1.592076,17,1043.383028
3.294249,30,1043.438413
3.005749,17,1043.466877
3.399133,30,1043.522617
3.084308,30,1043.592167
3.01335,30,1043.653644
3.013381,17,1043.683192
4.076733,21,1043.720964
3.99165,16,1043.751431
3.209439,30,1043.808555
3.229432,30,1043.862299
3.077525,16,1043.891605
4.290264,21,1043.932926
3.092601,30,1043.983027
2.344371,30,1044.035173
0.719426,30,1044.08602
2.152858,21,1044.124925
3.436938,30,1044.179167
1.423973,30,1044.232738
2.042965,21,1044.27073
3.198376,30,1044.324263
3.280795,30,1044.376807
2.542139,19,1044.408978
4.186214,20,1044.444462
3.35386,30,1044.5008
3.016002,30,1044.553451
4.245245,25,1044.601599
3.1082,30,1044.653118
3.144722,30,1044.711218
3.33252,30,1044.767526
4.147192,16,1044.795439
3.372687,30,1044.853427
3.903309,28,1044.910558
3.344428,30,1044.965737
4.204312,18,1044.999304
3.300507,30,1045.052638
3.343365,30,1045.112095
3.907774,16,1045.14157
2.846286,26,1045.188472
3.394428,30,1045.245508
3.114568,18,1045.279421
-0.588939,30,1045.33812
1.772507,30,1045.390093
3.154139,30,1045.447693
3.352099,26,1045.494273
3.452904,30,1045.553646
3.307693,30,1045.609633
3.183335,30,1045.66759
2.86742,18,1045.701978
3.398653,30,1045.760028
3.583319,20,1045.796366
2.188311,30,1045.849333
2.815523,30,1045.907059
3.864656,17,1045.939134
1.125484,13,1045.96266
3.137032,13,1045.984987
3.34311,30,1046.043273
1.755967,30,1046.097439
-0.754831,30,1046.152397
4.114908,16,1046.182406
4.155666,25,1046.231314
-1.116917,28,1046.28336
4.094638,30,1046.339357
2.779275,30,1046.39405
3.016148,15,1046.424288
3.202436,30,1046.477233
3.280401,30,1046.531229
2.40105,17,1046.56069
2.104752,24,1046.606712
3.956692,26,1046.656008
3.000341,30,1046.708878
4.319372,19,1046.744979
3.22327,30,1046.799817
2.662006,17,1046.829572
3.025552,14,1046.854936
4.180535,26,1046.901706
4.256215,19,1046.936139
-0.341325,15,1046.96364
2.084578,24,1047.00622
4.097885,30,1047.060869
3.105386,30,1047.115872
3.37033,30,1047.173067
3.342976,30,1047.22728
3.282872,30,1047.28496
4.10074,16,1047.316794
3.413433,30,1047.374989
3.345475,30,1047.430869
4.230923,27,1047.478955
3.369122,30,1047.53602
1.986947,23,1047.579564
4.244962,24,1047.623991
2.85866,18,1047.653574
1.418021,30,1047.711473
4.293172,26,1047.760591
4.254883,22,1047.803549
3.261785,30,1047.857129
4.381237,15,1047.888377
-0.158604,13,1047.909543
3.187776,30,1047.966599
1.386125,19,1047.997066
3.395214,30,1048.056874
3.21537,30,1048.109938
1.132169,13,1048.135899
3.45601,30,1048.189142
3.17071,30,1048.247405
3.433272,30,1048.300529
3.421419,30,1048.354315
3.301929,30,1048.408155
4.089466,25,1048.454858
2.99444,30,1048.512048
2.234739,24,1048.557785
3.238193,30,1048.612684
3.986709,23,1048.658126
4.079318,24,1048.701681
4.236587,17,1048.733457
2.379952,25,1048.781278
4.387127,28,1048.833405
3.297353,30,1048.889142
3.061114,16,1048.917418
4.219779,18,1048.951633
3.131269,30,1049.011492
3.366072,30,1049.06622
4.203448,27,1049.116534
1.388138,30,1049.170374
3.315871,30,1049.22745
3.346144,30,1049.286462
1.355251,30,1049.340739
3.263526,30,1049.397008
1.214712,30,1049.452823
4.250079,25,1049.502799
4.120207,24,1049.545827
1.113611,15,1049.571522
2.009501,30,1049.629263
3.330819,30,1049.683629
2.463197,27,1049.733668
3.197555,30,1049.790972
4.187968,17,1049.823278
3.864452,25,1049.872775
3.195892,30,1049.929138
3.143072,30,1049.982642
3.286129,30,1050.042329
3.264237,30,1050.096245
1.951543,30,1050.150424
2.747679,30,1050.205426
0.077835,30,1050.265821
3.283393,30,1050.321857
2.617353,18,1050.357381
3.202495,30,1050.412749
3.121524,13,1050.437405
4.167628,18,1050.471062
3.957188,30,1050.527998
3.302637,30,1050.586978
2.425642,25,1050.636153
3.35698,30,1050.694268
3.9425,26,1050.740479
1.66981,30,1050.797992
3.275068,30,1050.854934
3.039015,29,1050.906212
4.208748,30,1050.962343
2.758548,30,1051.015525
4.172381,24,1051.061783
2.942235,30,1051.120146
3.905737,19,1051.15351
2.26927,25,1051.200804
3.721823,23,1051.246073
4.361349,22,1051.284679
2.846449,20,1051.319996
2.690278,18,1051.352341
3.279886,30,1051.408148
4.025472,28,1051.460386
4.239874,24,1051.504624
1.24192,30,1051.560616
3.40356,30,1051.61486
3.083801,30,1051.66892
4.197105,17,1051.699412
3.439208,30,1051.754046
2.301287,22,1051.796905
3.218159,30,1051.851359
2.088732,18,1051.885526
1.969545,30,1051.941011
4.361346,17,1051.976246
3.34057,30,1052.029802
3.348926,30,1052.088232
4.23682,15,1052.113929
3.656956,13,1052.1411
3.31663,30,1052.196416
2.112139,30,1052.252468
3.211438,30,1052.307609
2.302043,28,1052.361986
4.218569,16,1052.392766
3.411334,30,1052.452958
3.336225,30,1052.506221
4.093763,22,1052.551303
4.137652,18,1052.582595
2.032594,20,1052.619469
4.000933,29,1052.67207
2.30388,24,1052.719616
3.400391,30,1052.784606
2.714735,30,1052.841263
4.000419,21,1052.884317
2.805902,30,1052.942938
4.05103,19,1052.980302
4.281284,22,1053.028965
4.377757,15,1053.074843
3.730888,19,1053.115124
4.346188,21,1053.15276
3.373441,30,1053.209049
3.392201,30,1053.261117
4.035384,23,1053.305185
3.400808,30,1053.358871
2.114555,28,1053.410547
2.071819,16,1053.441434
3.252773,30,1053.499022
2.918385,14,1053.525358
3.415048,30,1053.581635
0.585776,19,1053.615936
4.334413,28,1053.670048
1.954443,20,1053.705939
0.375754,19,1053.740663
4.043318,23,1053.783554
3.375756,30,1053.841625
4.317584,26,1053.890218
3.361006,30,1053.946783
2.806742,18,1053.978605
3.411679,30,1054.039858
3.848094,28,1054.091274
4.411768,17,1054.122843
2.113179,18,1054.152597
3.085677,30,1054.213271
0.914705,19,1054.24983
4.064862,16,1054.279384
3.881681,20,1054.316201
2.315896,19,1054.351849
3.694911,21,1054.394976
1.330571,30,1054.451212
3.300615,30,1054.506114
3.149239,30,1054.562705
4.387935,23,1054.605141
3.141983,30,1054.659129
3.332585,30,1054.714768
2.995255,30,1054.770881
3.005678,21,1054.812007
3.263196,30,1054.866476
0.967332,30,1054.924947
3.087016,19,1054.959565
2.174454,19,1054.994059
3.102094,30,1055.04894
3.004543,30,1055.10116
3.345663,30,1055.160414
4.31793,23,1055.202021
4.018207,17,1055.236328
0.193997,30,1055.289696
2.535455,30,1055.345765
3.296031,30,1055.402531
2.876136,25,1055.448246
4.09954,17,1055.48413
3.88546,24,1055.532183
4.018317,25,1055.579391
4.387034,19,1055.616001
3.027197,19,1055.648588
3.369719,30,1055.70697
3.282138,30,1055.766015
3.384273,30,1055.822389
3.232698,30,1055.877564
3.184247,15,1055.908534
1.696799,17,1055.940567
2.195336,29,1055.998134
3.185626,30,1056.054018
4.157306,25,1056.105092
4.407558,18,1056.140814
3.384247,30,1056.194888
4.149891,30,1056.254985
4.322812,28,1056.312109
3.285414,30,1056.367263
4.118604,17,1056.401028
3.345297,30,1056.45443
2.546773,15,1056.48545
4.194331,24,1056.530288
3.40497,30,1056.585428
4.197798,23,1056.628052
3.332559,30,1056.687501
2.688306,17,1056.718505
4.278995,14,1056.74237
2.882611,22,1056.781454
4.319998,29,1056.837579
3.40947,30,1056.893348
3.894546,21,1056.930293
1.167204,30,1056.981995
0.72044,29,1057.039981
4.218574,20,1057.078127
3.253518,30,1057.132295
3.259313,30,1057.189208
2.920215,15,1057.221683
1.674307,26,1057.269582
1.416641,30,1057.323174
3.228927,30,1057.378731
3.186324,30,1057.434525
4.320405,22,1057.476241
3.944453,10,1057.494557
3.74961,23,1057.536891
2.057265,30,1057.595838
3.73186,20,1057.630758
2.097707,27,1057.679621
3.186097,30,1057.734871
3.337526,30,1057.794347
4.165523,21,1057.836053
1.830025,30,1057.890677
4.109048,28,1057.941
2.916959,16,1057.971956
3.029748,30,1058.028327
3.357071,30,1058.081068
4.044821,20,1058.11817
4.334994,18,1058.155203
2.306811,23,1058.196352
1.957644,30,1058.253038
3.028831,15,1058.281567
4.074488,13,1058.307319
0.792405,15,1058.335867
2.834459,16,1058.365945
3.399781,30,1058.419638
3.091999,30,1058.478981
4.153113,27,1058.526789
2.7292,18,1058.560928
2.252119,18,1058.591981
4.141004,23,1058.637238
4.026159,27,1058.688818
4.108079,17,1058.720062
3.394698,30,1058.774874
3.127192,30,1058.83195
3.122598,30,1058.891618
2.128254,24,1058.93522
4.091843,18,1058.967446
4.258675,19,1059.005609
4.32417,23,1059.049044
3.300702,30,1059.101588
3.025282,30,1059.158078
4.14149,18,1059.191734
4.134762,22,1059.237412
3.078125,30,1059.290501
3.224608,30,1059.345531
3.669448,24,1059.391614
4.288719,25,1059.436621
3.217126,30,1059.489424
4.217271,21,1059.530245
3.006842,30,1059.586882
3.241773,30,1059.64214
1.547952,13,1059.664284
4.060174,25,1059.7095
1.118334,20,1059.747625
4.143463,27,1059.796934
3.187149,30,1059.850209
4.150929,27,1059.902118
0.739345,30,1059.958491
2.993779,30,1060.013057
1.607489,17,1060.043231
4.145607,19,1060.079026
3.338867,30,1060.135349
3.884663,20,1060.172484
4.359936,30,1060.225197
3.309317,30,1060.283577
3.384094,30,1060.339227
3.352305,30,1060.39641
3.131067,13,1060.420082
1.341369,30,1060.47616
3.208664,30,1060.534383
3.386344,30,1060.590435
4.116884,28,1060.641709
4.013025,25,1060.689807
3.352851,30,1060.745807
3.358986,30,1060.803461
3.353767,30,1060.858978
2.963323,15,1060.888255
4.270905,21,1060.928741
3.91213,20,1060.967486
4.148498,22,1061.007489
2.183589,30,1061.060772
3.355466,30,1061.122216
1.147255,30,1061.176416
4.231713,22,1061.2188
3.316033,30,1061.273796
4.266769,25,1061.321716
3.336366,30,1061.378587
3.159853,30,1061.432271
3.298855,30,1061.490299
3.291827,30,1061.545424
3.133854,30,1061.603789
2.836544,17,1061.632409
4.950208,20,1061.668998
3.670787,18,1061.706028
3.40726,30,1061.761437
4.202853,29,1061.812921
2.276658,30,1061.867546
3.333219,30,1061.92452
3.147653,27,1061.975772
4.204513,17,1062.006518
3.001194,30,1062.064152
4.180272,20,1062.104182
3.308491,30,1062.160904
2.768904,30,1062.21823
3.175209,30,1062.272747
2.908087,20,1062.310795
3.082833,16,1062.34028
-0.796622,30,1062.396857
2.887196,11,1062.416723
2.975804,15,1062.457211
3.226369,30,1062.528636
3.990022,19,1062.567632
2.335674,23,1062.608891
2.83008,30,1062.665881
4.16121,18,1062.698975
1.25685,30,1062.756011
3.418588,30,1062.811116
2.051106,30,1062.870522
1.736103,16,1062.899678
3.418756,30,1062.955405
3.077496,30,1063.009831
3.072234,30,1063.067921
4.327087,27,1063.118569
1.111037,30,1063.175251
1.776997,30,1063.230648
3.277877,19,1063.267519
3.574886,20,1063.306205
3.154892,30,1063.361994
4.184497,15,1063.39014
3.090116,15,1063.421646
3.348774,30,1063.476583
4.23104,19,1063.512567
4.191612,16,1063.543031
2.310927,20,1063.582196
3.078421,30,1063.640689
2.031278,30,1063.696926
3.804622,30,1063.752478
3.998763,20,1063.791515
3.222367,30,1063.848063
3.418396,30,1063.904994
3.029083,16,1063.935112
3.265415,30,1063.991688
3.331605,30,1064.048885
1.060358,30,1064.103756
3.377985,30,1064.161213
1.927743,22,1064.203448
3.252064,30,1064.260257
3.290509,30,1064.316688
3.07108,17,1064.347432
3.380319,30,1064.407056
0.970011,30,1064.459897
3.273206,30,1064.514673
3.132538,30,1064.568594
3.323259,30,1064.628152
3.415089,30,1064.685428
3.307061,30,1064.741656
3.344956,30,1064.795569
3.67055,20,1064.83428
3.009228,30,1064.890024
3.259746,30,1064.943051
3.10835,30,1065.000772
2.890705,30,1065.059417
3.271021,30,1065.116349
3.356765,30,1065.17033
2.838072,24,1065.213966
3.041585,15,1065.244234
3.267091,30,1065.301665
3.410281,30,1065.354271
4.267993,21,1065.393501
1.404743,30,1065.452165
4.064811,29,1065.504822
2.215579,30,1065.562353
3.177452,30,1065.618911
3.205106,30,1065.679457
2.036787,21,1065.715943
3.99452,22,1065.755645
1.583586,20,1065.792625
3.385168,30,1065.852631
3.862047,18,1065.88575
4.208032,18,1065.920299
4.171131,21,1065.959041
3.287897,30,1066.017414
3.891008,25,1066.063828
4.158279,14,1066.089814
2.15483,18,1066.123641
2.226552,22,1066.165422
4.24017,17,1066.198591
2.14857,28,1066.249416
4.050053,20,1066.287259
3.189612,30,1066.343597
4.395225,17,1066.375628
4.365493,20,1066.411829
3.567061,17,1066.44534
3.19626,30,1066.502954
4.06514,20,1066.540295
3.102615,16,1066.574658
3.334307,30,1066.632154
3.755689,19,1066.667296
3.013939,13,1066.693076
3.893623,24,1066.737993
1.348065,30,1066.791534
3.390563,30,1066.851019
4.274296,27,1066.899738
3.699673,20,1066.936558
3.042406,30,1066.992194
2.344789,27,1067.048379
4.216213,16,1067.080644
4.004209,30,1067.134619
3.349724,30,1067.191614
4.102313,18,1067.227315
4.352344,20,1067.267411
3.343873,30,1067.325313
2.868143,13,1067.348408
4.35772,26,1067.399945
2.699339,21,1067.440829
2.817226,30,1067.49801
3.333583,30,1067.556508
4.138045,19,1067.592594
3.205323,30,1067.651008
2.285104,10,1067.667184
4.290014,16,1067.697432
4.030056,27,1067.751773
1.96533,30,1067.81093
2.860936,30,1067.866893
2.372204,20,1067.904956
3.211996,30,1067.96562
2.947445,30,1068.021268
3.065723,30,1068.082257
2.876595,30,1068.134393
3.224368,30,1068.192536
3.369758,30,1068.246738
3.349077,30,1068.304891
3.406927,30,1068.361108
3.040572,30,1068.420544
2.700094,16,1068.450131
4.010917,30,1068.504982
1.308766,30,1068.562871
3.015324,26,1068.610425
3.98239,22,1068.651707
3.932287,21,1068.691841
3.414808,30,1068.744729
3.222972,30,1068.809352
4.249994,21,1068.853157
2.776798,12,1068.878667
0.715637,30,1068.938247
1.907422,30,1068.99961
4.277152,19,1069.037948
1.306345,30,1069.093697
3.36631,30,1069.151398
4.047348,28,1069.211578
4.048565,13,1069.236045
3.47278,16,1069.266883
3.2623,30,1069.327947
3.721693,13,1069.355616
3.397116,30,1069.412651
3.010972,30,1069.470693
4.230234,24,1069.515033
1.520329,23,1069.561474
3.050508,30,1069.615895
4.360536,20,1069.651922
3.165792,30,1069.708262
3.219968,30,1069.769214
3.410677,30,1069.824519
3.312158,30,1069.881587
4.130519,25,1069.926608
3.277468,30,1069.987157
3.330877,30,1070.044844
1.253053,30,1070.101768
3.383146,30,1070.1566
1.591692,20,1070.196347
3.209038,30,1070.254076
3.398468,30,1070.307313
1.142376,30,1070.364151
3.39294,30,1070.420224
4.266976,25,1070.467132
1.441725,16,1070.496669
3.119544,19,1070.528606
3.415695,30,1070.587582
3.354081,30,1070.644493
2.285243,22,1070.686229
3.400941,30,1070.741467
4.272001,18,1070.777525
3.061098,30,1070.830522
3.001313,14,1070.858709
3.177844,30,1070.911974
3.291569,30,1070.972649
4.266801,23,1071.016707
3.20385,30,1071.07199
3.13172,30,1071.128135
3.090424,30,1071.184167
3.695497,22,1071.225922
4.215826,19,1071.260205
4.262308,25,1071.309278
3.334079,30,1071.367171
4.244304,24,1071.41118
3.213327,30,1071.464852
3.283402,30,1071.519535
3.424038,30,1071.579344
3.166925,30,1071.63615
3.97169,25,1071.682959
4.301299,17,1071.71607
4.162894,15,1071.744141
1.803023,23,1071.787015
3.207654,30,1071.843951
4.196826,26,1071.889719
4.329009,18,1071.927082
4.168428,28,1071.977452
4.125479,16,1072.007633
3.269831,30,1072.060645
4.289167,19,1072.099258
1.923314,25,1072.145114
3.966985,21,1072.183783
1.383885,30,1072.238963
1.051855,18,1072.270669
3.200003,30,1072.32827
3.408991,30,1072.382996
3.31015,30,1072.440202
2.943525,30,1072.510787
1.130778,30,1072.57144
3.169111,30,1072.625471
3.314515,30,1072.683721
3.28941,30,1072.740661
4.274487,15,1072.772641
3.156293,30,1072.829365
4.322258,27,1072.879986
3.189271,30,1072.937955
3.200933,30,1072.991932
3.249816,30,1073.050216
3.31154,30,1073.102493
3.922825,13,1073.130681
1.079759,30,1073.183919
3.124677,30,1073.241568
3.367861,30,1073.295778
1.120668,17,1073.32845
2.860634,30,1073.384006
4.159058,20,1073.418826
3.216545,30,1073.472279
3.84983,26,1073.522326
2.104657,30,1073.576792
3.27771,30,1073.63217
3.284653,30,1073.686872
4.17669,13,1073.715461
3.913716,18,1073.746777
3.371101,30,1073.805223
2.04793,30,1073.859138
3.278468,30,1073.917225
4.313848,16,1073.946126
4.003746,30,1074.000397
4.261751,25,1074.046882
2.322608,23,1074.093222
4.023163,28,1074.144856
2.963616,30,1074.201293
4.149017,13,1074.223832
3.092929,30,1074.282385
3.38395,30,1074.338908
3.762678,16,1074.368921
2.985757,23,1074.410384
3.436832,30,1074.465606
2.820162,12,1074.490225
3.265561,30,1074.544525
3.039575,27,1074.59144
4.355004,24,1074.638181
3.296695,30,1074.693622
3.56355,28,1074.748988
3.319707,30,1074.812883
4.320502,19,1074.852815
4.209471,16,1074.884652
3.299537,30,1074.940846
3.268475,30,1074.99361
0.84524,30,1075.0514
1.991347,17,1075.081637
1.929435,30,1075.134053
4.093332,21,1075.172739
3.917533,30,1075.227695
3.451754,30,1075.28578
1.732161,21,1075.322369
3.334086,30,1075.376055
4.149298,26,1075.427451
3.092611,30,1075.482741
2.356078,26,1075.530461
4.135203,22,1075.568101
2.867405,16,1075.606822
3.964508,27,1075.657086
3.427724,30,1075.712522
-0.200425,14,1075.737073
3.305505,30,1075.794286
4.28364,29,1075.845709
3.323647,30,1075.898185
3.076382,30,1075.952945
4.355107,17,1075.985636
3.340938,30,1076.043255
3.325642,30,1076.095267
0.991793,19,1076.129533
3.426072,30,1076.183824
3.308455,30,1076.242175
3.192102,30,1076.295188
4.270036,26,1076.344081
3.392365,30,1076.40148
2.321138,25,1076.447618
3.329811,30,1076.500053
3.245417,30,1076.556377
3.402893,30,1076.612406
3.167985,30,1076.667889
2.402605,23,1076.710506
3.589427,14,1076.736997
4.205185,25,1076.783934
3.193028,30,1076.840088
4.060151,16,1076.867924
3.33605,30,1076.92148
3.374847,30,1076.979508
2.988361,16,1077.009899
3.314838,30,1077.064435
3.393181,30,1077.120214
2.913468,12,1077.14328
4.321842,26,1077.190374
2.96766,30,1077.248477
1.12039,17,1077.278902
4.22509,16,1077.310684
4.172636,28,1077.366521
3.307373,30,1077.419956
3.396167,30,1077.478933
3.04378,30,1077.535155
4.199447,21,1077.575251
1.289158,30,1077.628059
1.648116,30,1077.683254
3.576696,18,1077.716667
3.884838,28,1077.76951
4.190245,24,1077.814233
3.384467,30,1077.869549
3.285216,30,1077.927011
1.435667,30,1077.98397
3.455967,30,1078.041148
2.935865,30,1078.096656
1.265486,30,1078.150343
2.987714,30,1078.207186
4.085915,21,1078.245171
3.060284,30,1078.297821
3.379194,30,1078.356131
3.326692,30,1078.409914
-0.215189,30,1078.463778
2.086332,27,1078.513523
0.59038,17,1078.544985
4.2793,25,1078.58939
3.414982,30,1078.646896
4.054017,18,1078.678543
3.325964,30,1078.737286
3.433532,30,1078.791242
4.297691,21,1078.828171
4.24615,29,1078.88368
4.202742,24,1078.936763
4.298726,25,1078.987254
3.352996,30,1079.042598
3.400162,30,1079.099161
3.131088,12,1079.124236
3.552902,16,1079.153266
4.115824,21,1079.191027
1.551384,9,1079.206877
3.399398,30,1079.261829
3.362391,30,1079.319979
4.288865,19,1079.356114
2.609608,30,1079.412712
4.357555,26,1079.461625
3.383696,30,1079.518922
4.334945,19,1079.55214
3.112547,30,1079.607767
3.335662,30,1079.661429
4.151989,27,1079.710649
4.053185,22,1079.751844
3.348789,30,1079.804777
4.072364,27,1079.855062
4.370293,21,1079.892631
1.83815,29,1079.942884
2.923399,30,1079.997911
0.810861,16,1080.027701
3.404655,30,1080.084309
2.027205,26,1080.130841
3.350065,30,1080.182627
3.820792,20,1080.220345
2.605875,30,1080.277895
3.351744,30,1080.332923
3.320809,30,1080.388266
2.797512,30,1080.443412
3.216255,30,1080.498301
2.846382,30,1080.548296
4.09721,19,1080.583653
2.149415,22,1080.628135
-0.865703,30,1080.681229
4.259828,18,1080.716762
2.674361,30,1080.768862
3.388346,30,1080.825013
3.403896,30,1080.880031
3.29159,30,1080.933203
3.543085,28,1080.98193
4.085851,20,1081.019402
3.393086,30,1081.073011
3.156506,30,1081.128772
4.117916,27,1081.176687
2.582138,16,1081.206513
3.268414,30,1081.260297
3.418648,30,1081.312394
2.944785,15,1081.341872
3.423133,30,1081.399072
3.993562,28,1081.449151
3.979739,26,1081.495645
1.208213,30,1081.550272
4.299312,25,1081.599357
3.326903,30,1081.65293
3.988825,26,1081.69954
3.423874,30,1081.752851
1.351558,30,1081.809412
3.38752,30,1081.862853
3.156241,30,1081.918143
4.243982,22,1081.956382
-0.689366,30,1082.012729
4.282923,20,1082.048177
3.225243,30,1082.101262
1.423096,30,1082.158365
4.269882,25,1082.204849
4.217615,20,1082.242926
4.314436,21,1082.280956
3.435399,30,1082.336881
4.300786,15,1082.366585
2.383765,21,1082.402837
3.267246,30,1082.455118
3.256191,30,1082.508148
4.33525,14,1082.534271
3.077666,14,1082.560913
4.123256,17,1082.589227
3.261157,30,1082.644804
2.202595,23,1082.684294
2.899056,18,1082.717476
3.050892,30,1082.773985
3.267037,30,1082.828649
3.059817,30,1082.885092
1.34539,30,1082.938226
4.181706,21,1082.975561
4.329231,19,1083.010528
2.112581,13,1083.034787
3.819271,20,1083.06986
2.817055,13,1083.092216
4.235963,15,1083.119737
3.287161,30,1083.176593
4.108697,27,1083.223656
1.987422,19,1083.259164
3.25122,30,1083.315388
2.865187,14,1083.342009
3.810762,19,1083.377598
4.08069,27,1083.427292
4.163454,25,1083.472193
1.225375,22,1083.512491
3.093093,30,1083.569815
3.318956,30,1083.623695
2.072725,30,1083.702823
1.357101,30,1083.767112
3.384412,30,1083.824142
3.147164,30,1083.878924
4.140395,15,1083.905394
4.366002,17,1083.938806
4.29728,22,1083.983736
1.258938,30,1084.03663
4.151652,29,1084.090388
2.175995,30,1084.143838
3.155811,30,1084.196314
2.923348,30,1084.249937
4.049564,21,1084.285769
3.955387,23,1084.331749
4.301118,17,1084.36317
3.304665,30,1084.418133
3.02153,30,1084.4724
2.28736,17,1084.509674
2.824687,30,1084.564715
3.742704,19,1084.599598
1.214736,30,1084.654467
1.052439,16,1084.688523
1.131088,30,1084.746036
3.245054,30,1084.803788
3.307812,30,1084.860192
3.543987,25,1084.906447
4.117295,14,1084.935114
3.99057,27,1084.983402
1.513932,18,1085.017304
3.402105,30,1085.072244
4.010718,28,1085.123755
3.379411,30,1085.179182
3.127721,30,1085.232259
4.038108,14,1085.261563
1.110564,30,1085.315016
3.305875,30,1085.372488
4.317053,28,1085.423733
4.114138,30,1085.478845
4.098844,26,1085.527625
3.127605,30,1085.581271
3.376281,30,1085.638556
2.438192,30,1085.695519
3.18807,30,1085.750809
3.354241,30,1085.805293
4.227313,17,1085.838036
1.771565,26,1085.888063
3.113554,30,1085.946225
4.245775,15,1085.974496
2.346917,16,1086.002712
3.027589,19,1086.040638
4.232518,20,1086.077779
1.428407,30,1086.134473
1.048675,30,1086.185809
3.053148,30,1086.24597
4.318493,25,1086.2915
4.236235,28,1086.342523
3.886186,22,1086.383369
4.30286,30,1086.443017
4.226639,24,1086.48724
3.405082,30,1086.541991
3.386953,30,1086.601444
4.075176,25,1086.648478
4.237378,20,1086.685327
4.280604,16,1086.714442
2.265856,27,1086.762631
3.442424,30,1086.819641
4.157685,30,1086.877111
2.568477,30,1086.931808
4.254674,26,1086.980832
3.073002,30,1087.037566
4.171862,12,1087.060275
4.292594,24,1087.103595
4.029118,30,1087.164024
3.424567,30,1087.219227
4.175081,19,1087.254364
2.055332,25,1087.299227
3.545152,23,1087.343107
3.748942,28,1087.397789
3.36389,30,1087.454734
4.13685,22,1087.495178
3.393436,30,1087.55149
4.116302,14,1087.578046
2.903877,14,1087.605504
3.381896,30,1087.661709
2.143526,30,1087.719277
4.15873,21,1087.760751
4.236152,22,1087.803777
3.134769,30,1087.860284
4.372291,21,1087.898236
4.265757,25,1087.945491
3.295462,30,1088.00269
2.624615,30,1088.052916
3.236771,30,1088.107617
4.363183,22,1088.149544
3.07444,24,1088.195262
4.214529,24,1088.240822
3.315138,30,1088.296836
4.069723,24,1088.343361
4.023262,30,1088.398788
1.337304,30,1088.454671
4.345456,24,1088.497543
3.042783,30,1088.551356
2.251292,18,1088.586239
3.302477,30,1088.640541
3.5259,13,1088.665127
1.701698,30,1088.722226
0.089538,23,1088.76469
2.094406,15,1088.792181
1.378362,30,1088.84884
3.904604,14,1088.877414
4.165954,19,1088.907999
4.225619,18,1088.942597
0.831128,13,1088.965725
3.972571,30,1089.024275
3.623089,24,1089.067058
2.204656,30,1089.120075
3.233425,30,1089.176682
3.117685,14,1089.204163
3.383188,30,1089.260422
1.445416,30,1089.313849
3.412352,30,1089.371336
2.475386,22,1089.412587
3.267117,30,1089.468539
4.358665,23,1089.509473
3.260627,30,1089.567917
3.238914,30,1089.625157
4.222181,19,1089.661943
3.972657,24,1089.706494
3.390903,30,1089.763493
4.176528,30,1089.818022
4.153763,25,1089.86351
4.139708,25,1089.910729
3.098177,17,1089.940763
3.382412,30,1089.9972
3.189325,30,1090.053207
3.427111,30,1090.106105
4.214467,22,1090.146362
4.114772,22,1090.190992
3.377878,30,1090.248356
3.836174,23,1090.289356
4.04002,16,1090.319872
4.346202,17,1090.355787
3.191243,30,1090.408507
3.209792,30,1090.46283
2.335037,25,1090.508157
4.16439,17,1090.54311
4.393994,29,1090.596531
3.242077,30,1090.650113
1.991024,22,1090.691195
3.863864,25,1090.738328
3.430793,21,1090.77675
1.355808,30,1090.832529
3.695473,23,1090.871565
1.667706,30,1090.933874
2.906046,21,1090.970628
1.284859,11,1090.990238
3.337382,30,1091.044956
3.388734,30,1091.103064
3.035971,30,1091.157396
3.183668,30,1091.212453
2.994877,24,1091.255009
2.904627,12,1091.282371
4.123686,14,1091.3071
3.393474,30,1091.365647
4.374926,25,1091.410641
3.336002,30,1091.470261
1.968919,23,1091.509103
4.370896,30,1091.567912
3.269204,30,1091.621834
3.382941,30,1091.68064
1.089185,13,1091.703895
4.233972,24,1091.749876
1.286981,30,1091.809785
3.365892,30,1091.864233
3.111086,30,1091.922874
3.391378,30,1091.97695
3.34032,18,1092.010577
3.212981,30,1092.064337
4.330718,22,1092.106207
2.932873,20,1092.143106
1.049541,12,1092.164408
3.401784,30,1092.218605
4.18283,17,1092.249499
4.261177,15,1092.276363
1.272837,30,1092.330472
3.322256,30,1092.385122
4.136863,13,1092.412434
3.443044,30,1092.46881
1.692932,30,1092.522732
1.938068,30,1092.581076
4.328774,24,1092.623366
2.032097,25,1092.666986
3.983684,30,1092.726046
3.017775,15,1092.753355
3.373902,30,1092.813275
-0.358597,30,1092.865645
1.18063,30,1092.923291
3.313814,30,1092.978594
1.198197,22,1093.041128
0.07909,30,1093.104035
3.395371,30,1093.161636
4.160083,27,1093.215409
1.779276,30,1093.267327
4.108444,12,1093.29081
3.939312,19,1093.32711
3.229237,30,1093.38408
3.192761,30,1093.44126
3.064619,30,1093.49517
3.002363,23,1093.537219
3.288188,30,1093.595036
3.807095,18,1093.626058
4.273983,21,1093.665836
3.42713,30,1093.723056
3.296378,30,1093.77904
3.372851,30,1093.837091
1.275688,30,1093.914509
2.900308,30,1094.010629
2.383127,12,1094.057127
3.920691,27,1094.152896
3.180101,30,1094.228117
4.256135,27,1094.286096
1.289247,30,1094.343693
2.151712,30,1094.401098
3.272168,30,1094.453759
2.965709,15,1094.480992
3.028219,15,1094.509848
4.269536,23,1094.552711
4.307058,26,1094.599209
3.443605,30,1094.65345
3.17699,30,1094.707565
1.316924,30,1094.769374
3.987226,23,1094.821136
1.043158,30,1094.892157
3.399942,21,1094.94391
3.378892,30,1095.013303
2.803004,22,1095.049764
2.856099,30,1095.097303
4.097687,23,1095.136275
3.451342,30,1095.184739
4.024527,27,1095.225467
2.958292,30,1095.270636
1.939539,14,1095.296382
3.147273,30,1095.344816
4.31973,21,1095.376631
1.000035,22,1095.409607
4.22139,22,1095.445684
3.944592,21,1095.48198
3.285809,30,1095.527345
2.323987,21,1095.557817
1.076675,30,1095.60968
3.204191,30,1095.657173
4.291204,29,1095.702663
1.157998,14,1095.723026
3.168466,30,1095.774237
3.22143,30,1095.81995
3.212977,30,1095.866538
3.254364,30,1095.911109
3.200578,30,1095.963403
4.011679,16,1095.988334
1.012833,30,1096.030077
4.200147,20,1096.061093
1.119952,30,1096.11155
3.250933,30,1096.156815
3.230985,30,1096.20269
2.909409,30,1096.248103
3.241297,30,1096.299273
3.408554,30,1096.347557
2.830389,16,1096.37284
3.457838,30,1096.420131
1.243874,30,1096.469526
3.364504,30,1096.516134
4.205131,19,1096.54353
4.204525,27,1096.586204
2.904621,12,1096.607666
3.151521,30,1096.65832
4.157035,19,1096.685811
2.895431,23,1096.720526
3.18364,30,1096.770665
3.03291,30,1096.81729
4.322302,14,1096.83956
3.414345,30,1096.901149
1.834765,25,1096.98074
3.314619,30,1097.044426
3.984073,28,1097.096071
2.074698,30,1097.148793
3.40663,30,1097.20321
3.646136,28,1097.248004
4.160035,26,1097.285423
3.280224,30,1097.331586
4.086712,14,1097.354739
3.352655,30,1097.402975
3.365897,30,1097.446332
3.904218,19,1097.477477
3.663649,27,1097.523574
3.40091,30,1097.570065
3.596964,28,1097.612108
3.346829,30,1097.660301
4.183371,16,1097.688277
3.905547,27,1097.73256
3.078315,30,1097.784063
4.053713,30,1097.834526
3.254107,30,1097.883399
3.205872,30,1097.930839
2.948206,23,1097.964264
3.376374,30,1098.013598
3.249027,30,1098.06181
4.111737,28,1098.103548
3.40177,30,1098.152241
3.037504,13,1098.17327
3.621687,28,1098.220501
3.274325,30,1098.266947
1.469203,12,1098.285856
2.283314,30,1098.331235
3.306753,30,1098.383917
3.968728,29,1098.428628
2.402936,22,1098.461311
4.251147,18,1098.490723
3.433316,30,1098.53959
2.923579,30,1098.586327
3.204067,30,1098.631748
3.250805,30,1098.681185
4.284789,25,1098.723062
4.218199,20,1098.754883
3.072907,17,1098.779175
3.396176,30,1098.826147
3.295267,30,1098.875511
2.255086,30,1098.924305
3.309906,30,1098.969915
3.570607,15,1098.994284
2.027542,30,1099.050493
2.071006,20,1099.082895
3.201688,12,1099.102407
3.135592,30,1099.146223
2.929062,12,1099.166795
4.127088,23,1099.205064
4.283227,29,1099.249158
3.354679,30,1099.29828
3.773681,20,1099.331817
3.854334,28,1099.386052
3.705855,20,1099.422472
3.315917,30,1099.472931
0.220977,30,1099.525339
3.751877,29,1099.57089
1.8334,30,1099.635577
3.098806,30,1099.749593
1.140592,30,1099.852163
3.160703,30,1099.946819
3.403109,30,1100.025934
3.421302,30,1100.086797
3.233381,30,1100.139865
3.250104,30,1100.189589
1.306779,30,1100.233879
4.328126,20,1100.264282
4.017786,14,1100.289307
2.971154,15,1100.313408
3.281497,30,1100.365785
2.256494,30,1100.426039
3.145668,18,1100.46369
-0.923679,30,1100.529886
2.084737,30,1100.596677
4.323895,16,1100.632449
0.961506,30,1100.697917
1.917426,24,1100.744947
3.124684,21,1100.790469
3.398927,30,1100.906527
3.235229,30,1100.997654
3.246802,30,1101.065157
3.14857,30,1101.131971
3.367264,30,1101.186811
3.298806,30,1101.248739
4.37563,26,1101.296369
4.232472,25,1101.344417
4.108898,13,1101.367535
3.088484,30,1101.423986
4.126296,16,1101.458729
3.240562,30,1101.515182
3.045285,18,1101.545394
2.601789,19,1101.580419
1.941601,30,1101.637834
3.099699,30,1101.694692
3.055494,30,1101.753644
3.183154,30,1101.808862
1.725294,10,1101.828988
4.141879,16,1101.857881
4.054095,17,1101.88762
1.241756,30,1101.951572
3.24236,30,1102.026584
2.093703,30,1102.094323
3.010826,20,1102.139415
3.682107,12,1102.16812
3.277457,30,1102.286799
3.199387,30,1102.362914
4.234273,22,1102.437293
1.553323,19,1102.503008
4.470165,22,1102.567474
3.286941,30,1102.660547
2.343179,30,1102.724322
2.959712,27,1102.78146
3.382507,30,1102.836074
2.968896,30,1102.885146
2.328466,30,1102.935894
3.043991,30,1102.992542
3.459117,30,1103.045533
3.414885,30,1103.097731
4.04684,30,1103.147168
2.843016,30,1103.205608
3.400572,30,1103.25703
3.24048,30,1103.313294
3.119351,30,1103.368813
3.395849,30,1103.445008
1.531892,16,1103.474097
3.311429,30,1103.534779
3.336122,30,1103.58947
3.37488,30,1103.658413
3.164475,30,1103.73678
3.106463,30,1103.81227
2.097726,30,1103.890455
3.384412,30,1103.977028
3.429125,30,1104.063713
3.378717,30,1104.133369
3.632927,20,1104.175829
4.047608,28,1104.238275
3.240058,30,1104.302279
4.140868,23,1104.34991
2.595723,30,1104.411289
3.373763,30,1104.476464
3.083235,30,1104.543393
4.347122,20,1104.586994
-0.000883,30,1104.659809
1.957799,30,1104.734105
3.189729,30,1104.824511
1.25857,30,1104.926843
2.390597,21,1104.990055
2.890926,30,1105.079869
4.077199,30,1105.159827
4.392748,18,1105.211088
3.300015,30,1105.288434
3.171277,30,1105.37158
4.049912,25,1105.432328
2.972803,30,1105.496182
3.345286,30,1105.551203
2.981634,30,1105.608214
4.35999,15,1105.643577
0.96291,30,1105.735627
3.355709,30,1105.817148
3.414145,30,1105.92335
3.073781,30,1106.005762
3.216298,30,1106.080121
3.962235,30,1106.14923
3.124408,30,1106.225302
4.111612,19,1106.269763
3.082902,30,1106.339205
1.319828,30,1106.410944
3.37333,30,1106.478367
4.076562,19,1106.517153
1.379398,30,1106.580996
4.492052,19,1106.621967
2.805944,30,1106.69758
3.419931,30,1106.773932
2.991792,30,1106.854193
3.976885,13,1106.887216
4.312441,24,1106.950588
3.350571,30,1107.009557
1.341809,30,1107.062454
3.300744,28,1107.122015
3.315552,30,1107.19364
4.323872,19,1107.239235
3.195187,30,1107.307307
3.281737,30,1107.374852
3.442384,30,1107.450736
4.043554,28,1107.510974
4.039583,25,1107.554719
4.20746,19,1107.588099
4.198921,23,1107.633706
2.717692,30,1107.689795
3.138618,30,1107.73735
2.204742,30,1107.801131
3.637852,12,1107.832479
1.948047,26,1107.89331
3.980989,30,1107.966518
3.149124,30,1108.03576
3.276603,30,1108.107855
4.203304,20,1108.144471
3.211777,30,1108.196552
1.974651,22,1108.243794
2.850236,30,1108.313918
3.056199,30,1108.388443
3.977944,27,1108.457397
3.203443,30,1108.53118
3.338161,30,1108.614386
1.133603,30,1108.673879
3.748061,20,1108.710284
4.380388,24,1108.748663
2.067154,30,1108.800316
1.808852,30,1108.847075
4.06871,14,1108.86968
2.930039,14,1108.891766
3.094988,30,1108.944027
3.164418,30,1108.995259
0.100961,27,1109.04266
3.296779,30,1109.090282
4.303364,20,1109.124144
1.840985,30,1109.176713
2.086899,30,1109.222543
1.169084,30,1109.281789
4.319071,30,1109.363502
2.12179,30,1109.44683
3.272255,30,1109.523459
2.966467,30,1109.606936
3.349765,30,1109.680316
4.346656,19,1109.716926
3.76033,23,1109.758407
2.117017,30,1109.804039
1.248449,30,1109.855849
3.297389,30,1109.905311
1.802316,30,1109.955716
3.346918,30,1110.006841
4.027159,11,1110.026871
3.404726,30,1110.081093
3.348302,30,1110.129307
3.29097,30,1110.174145
1.057675,30,1110.221822
3.368369,30,1110.268539
3.271617,30,1110.315952
3.271363,30,1110.365696
4.0244,23,1110.403748
2.03816,30,1110.459318
3.602848,23,1110.495368
3.673263,19,1110.524638
-1.855284,30,1110.576913
3.213796,30,1110.625786
0.777828,30,1110.676848
2.110052,30,1110.722028
3.265821,30,1110.774348
1.255314,30,1110.822451
3.336785,30,1110.869774
3.440088,30,1110.915966
3.380895,30,1110.969323
3.36613,30,1111.029
3.150886,30,1111.113491
0.948123,30,1111.179632
2.224079,30,1111.25427
4.096583,20,1111.301942
3.127789,30,1111.372439
1.311225,30,1111.44713
3.401024,30,1111.519332
1.699856,11,1111.546461
4.072821,26,1111.609907
3.373615,30,1111.662246
1.270388,30,1111.716542
1.919096,30,1111.764067
4.085832,24,1111.804484
2.761909,30,1111.863654
4.210699,25,1111.9085
4.136552,18,1111.938476
3.365924,30,1111.992636
1.857236,30,1112.054175
2.308294,27,1112.131372
2.16214,30,1112.201772
1.080657,30,1112.270002
4.094496,30,1112.342297
3.01193,30,1112.412372
2.069579,30,1112.480475
4.107045,19,1112.520034
3.32725,30,1112.589559
2.731245,30,1112.657197
4.292132,29,1112.729768
4.247098,19,1112.77389
1.857362,30,1112.832291
1.379689,30,1112.885246
3.271608,30,1112.938142
2.350964,30,1112.987581
4.128813,25,1113.029077
2.289873,30,1113.081583
3.131372,30,1113.134298
3.276282,30,1113.186537
3.852582,30,1113.244757
2.697364,30,1113.315202
4.305197,28,1113.385291
4.40655,24,1113.4356
4.326242,25,1113.48275
4.064309,30,1113.543113
3.385556,30,1113.596106
4.040021,21,1113.644267
3.291763,30,1113.705547
3.143775,30,1113.775942
3.410803,30,1113.842488
4.168384,22,1113.887316
3.829111,22,1113.931828
3.32505,30,1114.012848
4.361498,27,1114.058448
4.041671,21,1114.099819
2.207731,30,1114.162388
3.074864,30,1114.25658
1.334403,30,1114.337772
3.075688,30,1114.419943
2.229771,30,1114.502763
1.381956,30,1114.566609
3.382443,30,1114.619536
3.083865,30,1114.670681
2.834086,30,1114.724626
3.320451,30,1114.795593
4.078609,24,1114.842292
3.943781,25,1114.887056
4.352575,27,1114.933476
4.305928,21,1114.971186
4.198193,15,1114.999498
3.343614,30,1115.050091
3.189416,30,1115.096841
4.354999,24,1115.1384
3.324205,30,1115.22261
4.066151,26,1115.273734
3.403274,30,1115.323122
3.321762,30,1115.381855
1.58063,30,1115.435116
1.251135,30,1115.493641
3.329835,30,1115.545025
2.957843,20,1115.586181
3.016253,30,1115.639474
3.377705,30,1115.689456
3.034794,30,1115.742413
1.087786,30,1115.796468
3.334386,30,1115.851448
0.805297,30,1115.902176
4.247889,24,1115.95138
3.930845,14,1116.004525
3.133701,30,1116.081965
3.354914,30,1116.167002
2.343114,30,1116.266337
3.392733,30,1116.344961
4.374401,15,1116.382373
3.295375,30,1116.461075
3.157868,30,1116.521034
3.076802,30,1116.577669
3.247773,30,1116.628794
0.973255,24,1116.668849
3.259645,30,1116.720906
1.435063,30,1116.775472
3.186252,30,1116.830537
4.225098,22,1116.876301
3.31829,30,1116.93769
3.431876,30,1116.994154
3.411874,30,1117.049056
3.913808,27,1117.096288
4.250283,26,1117.141205
3.941588,26,1117.190772
2.847002,14,1117.218048
3.047109,30,1117.307147
3.306751,30,1117.395553
2.331642,25,1117.468323
4.219376,27,1117.556241
3.406322,30,1117.638298
-0.757339,30,1117.704032
3.970469,25,1117.758616
4.370184,22,1117.803238
3.380249,30,1117.854103
2.344268,18,1117.884208
-0.403192,11,1117.904396
3.266684,30,1117.956391
1.235791,30,1118.009804
3.259956,30,1118.060959
2.852588,30,1118.124778
2.07974,20,1118.161546
3.984107,20,1118.195738
4.298475,28,1118.240999
3.435779,30,1118.292493
3.163495,30,1118.344588
2.662086,30,1118.390514
1.983822,30,1118.441416
3.147412,30,1118.495845
3.324794,30,1118.558758
4.059185,17,1118.591654
3.262686,30,1118.649655
3.209409,30,1118.720919
3.316227,30,1118.779189
3.356863,30,1118.836831
2.754248,24,1118.87785
4.24922,27,1118.925469
2.745476,14,1118.948473
1.991001,25,1118.987106
1.986056,30,1119.042325
3.93435,27,1119.107576
2.7631,9,1119.126734
1.960413,30,1119.182106
3.315317,30,1119.239367
3.943738,27,1119.296973
3.205985,30,1119.359177
3.362072,30,1119.428541
3.138618,30,1119.489064
3.952386,29,1119.55753
1.249931,30,1119.627704
3.234906,30,1119.698311
2.883442,13,1119.738003
3.152803,30,1119.80265
3.24149,30,1119.859124
2.182626,23,1119.900966
3.172624,30,1119.953678
3.371292,25,1119.99841
4.241472,25,1120.044931
3.662565,15,1120.071347
3.982673,21,1120.10832
3.385312,30,1120.163301
3.318287,30,1120.214113
4.036454,28,1120.260632
2.930554,30,1120.315984
3.083485,30,1120.404385
3.31659,30,1120.497411
3.171671,30,1120.565408
3.113557,30,1120.619931
3.422768,30,1120.67415
3.055753,30,1120.724658
3.1285,30,1120.769472
3.137452,25,1120.809474
4.124521,29,1120.859685
3.242323,30,1120.909066
3.218584,30,1120.963283
2.357495,30,1121.011037
3.393964,30,1121.067587
3.252741,30,1121.129628
3.372676,30,1121.225168
3.385212,30,1121.309495
3.437987,30,1121.379964
3.313893,30,1121.432469
4.21056,30,1121.483864
3.420227,30,1121.529602
4.248387,24,1121.573629
4.076924,20,1121.608921
3.260835,30,1121.660161
2.849343,30,1121.709905
2.802839,30,1121.765994
3.209975,30,1121.816152
3.89796,23,1121.862253
3.410536,30,1121.915153
3.339153,30,1121.967503
4.187215,29,1122.014874
3.224809,30,1122.074918
4.004572,25,1122.14307
1.419477,30,1122.228612
3.766912,30,1122.310083
3.124589,30,1122.384141
3.387129,30,1122.439135
3.007182,30,1122.495167
4.056033,25,1122.53954
3.224992,30,1122.591995
3.407646,30,1122.641486
3.182002,30,1122.69394
4.369102,29,1122.746956
3.139036,30,1122.800723
3.900261,15,1122.826396
4.320233,14,1122.853147
1.078922,30,1122.912374
2.969512,15,1122.938131
2.03087,26,1122.984339
1.895696,30,1123.040093
4.275234,26,1123.08198
2.855624,12,1123.100806
3.273909,30,1123.150254
3.329979,30,1123.201531
1.406794,30,1123.255247
3.352726,30,1123.307943
3.238887,30,1123.361648
3.205516,30,1123.416462
2.998613,13,1123.43858
0.077018,30,1123.495027
4.1383,15,1123.537685
2.105343,28,1123.616105
4.248313,30,1123.690075
4.23683,27,1123.763224
4.313877,19,1123.813842
3.115324,30,1123.891509
3.404228,30,1123.951993
4.179891,24,1123.991662
3.313927,30,1124.041483
3.925372,27,1124.090868
3.40922,30,1124.141004
3.291214,30,1124.189191
3.32253,30,1124.247385
3.230663,30,1124.333933
3.271159,30,1124.39849
4.13017,17,1124.437903
3.070158,30,1124.50129
4.190812,20,1124.552823
3.244992,30,1124.617438
4.14905,27,1124.677718
4.108886,16,1124.71686
3.205103,30,1124.78645
1.059047,30,1124.864184
2.65652,30,1124.945902
3.307115,30,1125.007976
3.148461,30,1125.065503
4.356667,20,1125.104416
1.948897,26,1125.155693
3.267511,30,1125.216163
3.330812,30,1125.272354
3.444446,30,1125.340014
3.40151,30,1125.405854
4.266897,23,1125.457003
4.32045,21,1125.495883
4.242366,20,1125.531913
3.353549,30,1125.58764
3.346364,30,1125.641023
4.007332,27,1125.695107
3.33441,30,1125.749561
3.255619,30,1125.80006
4.394277,28,1125.846131
4.334538,24,1125.894318
1.006624,30,1125.959653
4.221617,18,1125.997212
2.066405,30,1126.063265
2.843737,12,1126.09234
3.224212,30,1126.165107
3.320302,30,1126.238957
3.369346,30,1126.309933
2.981819,13,1126.342588
4.100715,26,1126.406598
2.214063,20,1126.45609
2.326555,23,1126.50597
4.146386,23,1126.552742
1.440509,30,1126.60705
3.305113,30,1126.653688
4.2892,18,1126.684152
3.396743,30,1126.76296
3.341303,30,1126.853974
1.363218,30,1126.942902
3.409899,30,1127.04423
2.08595,30,1127.157688
3.163967,13,1127.207385
3.383954,30,1127.264285
2.955792,30,1127.319412
3.293144,30,1127.377056
2.874614,10,1127.403948
3.004908,30,1127.48002
3.412287,30,1127.559647
2.933463,17,1127.601997
4.396747,23,1127.661019
3.393859,30,1127.737677
1.097518,30,1127.813329
3.395386,30,1127.884903
3.202479,30,1127.941497
3.292048,30,1127.989831
3.202914,30,1128.037607
3.404352,30,1128.086723
3.283384,30,1128.13738
1.822933,30,1128.182657
3.07464,19,1128.213238
3.696496,14,1128.237311
2.038889,28,1128.292212
3.337126,30,1128.344386
3.271203,30,1128.404504
3.324478,30,1128.469271
3.162499,27,1128.521382
2.873755,30,1128.574674
3.253796,30,1128.628287
3.212089,30,1128.680432
3.294009,30,1128.733491
4.189273,20,1128.768655
2.403344,17,1128.799733
3.029824,30,1128.865264
3.233396,30,1128.93351
3.252186,30,1128.998797
2.891635,20,1129.036868
3.915925,15,1129.083124
3.35827,30,1129.152222
4.109684,30,1129.216117
3.845495,24,1129.271658
3.254733,30,1129.343609
3.233918,30,1129.407269
4.079235,21,1129.453565
3.910475,12,1129.486619
3.249362,30,1129.566212
3.365202,30,1129.634259
2.056636,27,1129.699216
3.068657,30,1129.776421
3.356254,30,1129.853332
4.26792,18,1129.896207
3.088555,30,1129.954144
0.918368,19,1129.992623
4.195953,16,1130.03456
3.114199,30,1130.120461
3.282072,30,1130.207016
2.965361,16,1130.246751
3.267941,30,1130.305092
3.270034,30,1130.362394
2.018546,23,1130.405542
4.048661,16,1130.446959
4.644423,27,1130.530118
4.278244,27,1130.620724
3.402982,30,1130.703061
3.922222,27,1130.773499
3.160724,30,1130.862587
4.054608,17,1130.908124
3.854333,18,1130.959716
3.93548,18,1131.00079
3.187744,30,1131.070616
3.071133,30,1131.159925
3.095333,12,1131.200195
1.986674,30,1131.290461
2.898528,30,1131.380863
3.040129,30,1131.471488
4.15236,26,1131.537331
2.989495,30,1131.603402
3.204433,30,1131.669199
3.203897,30,1131.736224
-0.718623,30,1131.809131
2.88894,30,1131.892644
3.096877,30,1131.957395
3.210536,30,1132.025614
4.137739,21,1132.071567
1.287034,30,1132.144106
4.196922,19,1132.204807
2.863763,23,1132.275363
3.29371,30,1132.355281
3.052069,20,1132.410316
4.201816,30,1132.498806
2.339716,30,1132.568729
3.159289,30,1132.633906
3.723575,18,1132.670958
3.350881,30,1132.739076
3.314453,30,1132.802664
1.673141,30,1132.863366
1.838717,30,1132.919476
4.214628,27,1132.974101
1.000077,30,1133.029902
4.291991,16,1133.061327
4.371024,20,1133.100048
4.38908,20,1133.141556
2.698873,14,1133.168115
3.055255,12,1133.190547
4.223962,13,1133.214564
1.345922,30,1133.275414
3.404895,30,1133.332806
3.857904,29,1133.390625
3.297394,30,1133.445661
3.993159,29,1133.502525
3.32404,30,1133.562841
2.135724,19,1133.600606
3.25282,30,1133.658212
2.778722,15,1133.689922
3.328369,30,1133.748833
2.416969,30,1133.806806
2.166832,13,1133.831737
4.154185,22,1133.876183
2.285487,30,1133.931775
3.391084,30,1133.989865
3.253341,30,1134.044603
2.071082,30,1134.10798
3.430989,30,1134.165408
3.36249,30,1134.221878
0.860518,16,1134.252762
3.118246,30,1134.315552
3.350228,30,1134.375587
4.195076,27,1134.42467
1.991946,30,1134.489621
4.292108,22,1134.535195
3.347364,30,1134.596854
3.340767,30,1134.651046
3.318512,30,1134.709983
2.729681,10,1134.730113
3.309954,30,1134.790689
1.340549,30,1134.84782
1.990575,24,1134.893071
4.427834,17,1134.938365
3.303461,30,1135.008929
3.121102,30,1135.068936
3.015374,30,1135.130614
4.220563,25,1135.181966
3.310091,30,1135.241884
1.933936,26,1135.290703
4.036775,30,1135.348104
3.221302,30,1135.408149
1.189745,30,1135.466362
3.382772,30,1135.52498
1.181195,30,1135.586393
3.992948,29,1135.645462
3.214625,30,1135.705954
4.280803,27,1135.753377
4.030828,17,1135.787755
3.187298,30,1135.846547
3.337981,30,1135.90371
3.260044,30,1135.960405
4.273567,16,1135.990552
4.366062,21,1136.033
3.107595,30,1136.092029
1.15143,30,1136.146258
3.307057,30,1136.203121
3.33091,30,1136.260055
3.515872,23,1136.305004
3.248243,30,1136.362129
4.045198,29,1136.415658
3.162739,30,1136.47588
3.277145,30,1136.53487
3.337631,30,1136.599884
2.23039,23,1136.646834
3.414904,30,1136.707601
2.189194,30,1136.76236
3.885901,17,1136.80306
3.275012,30,1136.873152
1.966583,30,1136.935634
4.193417,18,1136.972136
4.166361,26,1137.022534
3.625926,24,1137.066314
1.25558,30,1137.125022
3.44023,30,1137.180393
4.174788,14,1137.206507
3.006448,30,1137.26168
3.216637,30,1137.321452
3.318569,30,1137.37458
4.344109,29,1137.429066
3.963483,16,1137.45917
3.402065,30,1137.515931
3.218018,30,1137.577222
2.949682,13,1137.603852
0.21014,30,1137.657551
3.326046,30,1137.718579
3.263205,30,1137.778224
2.519526,17,1137.811634
3.280871,30,1137.867587
3.424096,30,1137.931578
3.29941,30,1137.98887
3.046355,21,1138.026314
3.23079,29,1138.081556
3.013688,30,1138.139903
3.145828,30,1138.199243
3.050611,30,1138.253399
4.251128,25,1138.301586
0.690588,27,1138.355862
3.939615,29,1138.410373
3.156082,30,1138.468167
3.405075,30,1138.526522
3.320284,30,1138.589287
0.741006,21,1138.6275
3.30822,30,1138.684721
3.297007,30,1138.737399
3.303049,30,1138.798807
3.026937,30,1138.851878
-0.85316,30,1138.909443
4.415031,27,1138.954678
3.220964,30,1139.014226
4.188495,18,1139.045833
2.923669,15,1139.073498
3.164224,30,1139.134118
4.178621,18,1139.165981
3.312307,30,1139.223159
2.90754,30,1139.280696
2.112038,24,1139.332791
4.013905,27,1139.394449
1.159615,30,1139.453179
3.10904,11,1139.474241
4.171415,22,1139.517645
3.166562,30,1139.580498
1.1598,30,1139.641521
4.243564,28,1139.696307
3.451094,30,1139.750617
3.423173,30,1139.814042
2.733971,16,1139.844676
3.416474,30,1139.898044
4.412158,26,1139.948313
3.080693,30,1140.006426
4.412191,25,1140.053942
3.630925,23,1140.098277
3.38602,30,1140.155148
4.043311,30,1140.211292
4.25476,21,1140.252091
3.328319,30,1140.312789
3.319292,30,1140.369559
3.343484,30,1140.431205
3.938614,22,1140.470615
0.983057,19,1140.505872
1.054113,27,1140.555674
3.842999,23,1140.603829
3.907901,29,1140.659075
4.310144,18,1140.693784
4.334186,18,1140.734156
3.449285,30,1140.793988
4.051325,25,1140.842043
3.291562,30,1140.903558
3.869325,20,1140.941677
1.926535,30,1141.002046
3.040846,30,1141.057608
3.21415,30,1141.131242
3.273016,30,1141.199605
4.204344,24,1141.248866
4.337257,24,1141.294318
2.800404,16,1141.324893
4.297338,17,1141.359149
1.368466,30,1141.440139
4.133227,16,1141.480752
0.947821,30,1141.552602
3.200073,30,1141.614152
3.322237,30,1141.672721
3.05209,30,1141.751516
4.117619,30,1141.818959
4.356114,17,1141.858931
3.307363,30,1141.932094
2.753878,10,1141.956111
3.229762,30,1142.022406
2.908721,30,1142.106031
1.451951,30,1142.185825
3.9998,26,1142.249893
1.316144,30,1142.316652
3.161449,30,1142.387312
3.998289,14,1142.422268
3.370016,30,1142.503387
4.295306,18,1142.545828
4.2704,19,1142.591487
3.11794,30,1142.658706
2.154685,30,1142.726523
3.090355,30,1142.791506
3.289063,30,1142.863012
3.007181,19,1142.907124
4.173598,15,1142.940821
3.445082,30,1143.009561
3.351454,30,1143.076698
3.106388,30,1143.151052
3.119067,30,1143.216598
4.05765,19,1143.266616
4.336763,20,1143.320998
4.197008,25,1143.390384
3.341341,30,1143.477387
3.127342,30,1143.552109
2.132858,30,1143.630629
3.199702,30,1143.701492
3.151295,30,1143.77426
3.321102,30,1143.851236
3.307423,30,1143.971711
3.008732,30,1144.070388
1.99797,30,1144.151093
3.388772,30,1144.219086
3.014725,30,1144.293482
1.233701,30,1144.371759
4.088703,13,1144.40966
3.139606,30,1144.479395
4.295174,30,1144.559506
2.540646,16,1144.600869
4.018228,20,1144.653667
3.898258,24,1144.721374
0.919492,30,1144.806443
3.372243,30,1144.890199
3.873381,15,1144.924069
4.390776,17,1144.965972
3.566013,19,1145.010487
4.049028,14,1145.052247
3.103093,13,1145.080593
2.677722,29,1145.147596
3.215807,30,1145.219048
3.189752,30,1145.293538
4.197875,14,1145.342
2.990817,14,1145.371696
1.991572,30,1145.446472
1.936349,30,1145.511522
3.277518,30,1145.577346
3.991888,17,1145.614871
2.939843,30,1145.689858
3.448665,30,1145.757177
4.288348,24,1145.805598
3.390649,30,1145.872317
3.690114,28,1145.939783
2.157525,24,1145.999999
1.121966,30,1146.074914
2.079288,27,1146.141327
4.353273,18,1146.182796
3.224415,30,1146.262428
3.273653,30,1146.338165
3.367604,30,1146.410366
3.303453,30,1146.478027
3.229291,30,1146.548474
3.336779,30,1146.631923
3.07528,30,1146.702233
3.243911,30,1146.76972
3.349064,30,1146.846652
3.613779,26,1146.9248
2.924047,30,1146.99611
4.374986,27,1147.055042
2.291726,17,1147.091239
4.387507,22,1147.134654
3.361429,30,1147.22868
2.982844,30,1147.313325
4.023061,21,1147.363865
4.064685,14,1147.392696
4.090093,28,1147.454613
4.254396,23,1147.535757
3.221736,30,1147.624104
3.369679,30,1147.705569
3.26282,30,1147.796008
3.11253,30,1147.881413
1.85788,15,1147.92039
4.288699,19,1147.964092
4.101308,27,1148.027154
4.056046,22,1148.084818
4.195872,29,1148.158725
3.872776,18,1148.194765
2.907756,26,1148.252822
3.383158,30,1148.321759
4.103743,22,1148.385602
4.153808,17,1148.42912
2.23315,25,1148.48392
3.170402,30,1148.553453
4.363808,22,1148.60502
3.022134,19,1148.656646
2.451148,10,1148.685416
2.80099,30,1148.750586
3.336934,30,1148.820259
3.889457,30,1148.882847
3.147142,30,1148.956512
4.005278,28,1149.019956
4.027273,15,1149.053303
3.245097,30,1149.123512
3.702653,29,1149.178484
4.268654,19,1149.214195
3.270233,30,1149.267611
3.975829,26,1149.3138
2.57431,30,1149.362716
4.121571,21,1149.400822
3.416213,30,1149.454781
3.355986,30,1149.506509
2.953535,30,1149.558873
3.859862,23,1149.598335
3.125839,30,1149.651204
3.256897,30,1149.711253
3.373552,30,1149.772805
3.285447,30,1149.827118
3.007485,30,1149.88413
3.971174,28,1149.933109
3.175789,30,1149.986544
3.826175,23,1150.030253
2.659226,30,1150.082887
3.318284,30,1150.131884
4.181594,28,1150.176552
4.246525,25,1150.218001
4.351287,23,1150.25984
3.363669,30,1150.310491
4.16747,17,1150.338576
4.12683,29,1150.39115
3.216087,30,1150.442569
4.656696,24,1150.482321
4.071961,29,1150.529938
3.197215,15,1150.552246
3.325487,30,1150.606533
3.392132,30,1150.657032
3.897877,27,1150.703182
3.353785,30,1150.753814
2.534198,20,1150.791043
3.411166,30,1150.843976
3.402795,30,1150.916729
2.805854,14,1150.95148
2.926803,15,1150.987645
2.143879,30,1151.056407
3.361203,30,1151.126046
3.936203,15,1151.157548
3.339838,30,1151.22693
4.075191,16,1151.262721
1.367489,30,1151.31917
3.193595,30,1151.370345
3.953292,11,1151.390812
3.286473,19,1151.421143
4.076129,12,1151.441947
3.836075,15,1151.469431
3.720333,18,1151.50595
-0.115504,30,1151.557666
1.107178,30,1151.60722
3.409414,30,1151.654
3.204705,30,1151.708007
4.406887,24,1151.749781
3.213679,30,1151.801003
3.339441,30,1151.852082
3.391022,30,1151.904422
3.066221,11,1151.923881
3.256782,30,1151.97105
4.284063,17,1152.001621
2.564031,25,1152.058354
3.288542,30,1152.122613
1.402849,30,1152.192912
3.818405,26,1152.24502
4.010271,28,1152.30948
3.247655,30,1152.378831
1.302855,30,1152.443756
3.140837,30,1152.503552
4.347268,21,1152.545153
4.028804,14,1152.5715
2.034305,30,1152.621001
3.037084,30,1152.669007
4.069158,25,1152.714739
3.308019,30,1152.766563
3.16418,30,1152.819694
3.27662,30,1152.868275
3.282734,30,1152.930752
4.056127,19,1152.964762
4.266415,24,1153.007133
3.987892,27,1153.070402
3.07227,30,1153.128567
3.281261,30,1153.181859
4.124737,23,1153.222976
4.144043,28,1153.279899
3.361365,30,1153.349655
1.200779,30,1153.413127
3.282711,30,1153.470221
3.410305,30,1153.521395
2.873032,11,1153.542442
4.139202,24,1153.594791
2.883979,30,1153.655759
3.229538,30,1153.718647
1.8413,30,1153.776297
3.282409,30,1153.827307
3.189964,30,1153.877126
4.390702,18,1153.907339
3.610655,14,1153.933509
2.070994,30,1153.988756
3.461315,25,1154.02988
4.109614,20,1154.064484
3.315952,30,1154.119211
3.304374,30,1154.169413
2.960372,30,1154.217801
4.047824,20,1154.250072
4.116648,29,1154.2994
3.31971,30,1154.346737
3.338652,10,1154.364311
4.185053,17,1154.391647
2.970854,30,1154.442959
0.753822,30,1154.490047
2.235892,21,1154.522091
4.229843,21,1154.558751
4.41829,22,1154.598022
2.671613,30,1154.650496
3.971199,24,1154.692185
1.527372,14,1154.715071
4.369681,27,1154.765718
3.195519,30,1154.815635
3.275879,30,1154.868299
1.206054,30,1154.934203
2.170449,30,1155.003346
2.347925,25,1155.113396
3.573843,13,1155.174736
4.010408,13,1155.228007
3.065329,30,1155.324691
4.102498,19,1155.370852
3.33971,30,1155.435601
3.360906,30,1155.498704
4.351333,14,1155.534718
3.292382,30,1155.610558
3.044319,30,1155.666349
3.216548,30,1155.727117
4.29049,15,1155.757927
3.029965,30,1155.810459
3.40786,30,1155.868073
2.390404,19,1155.902401
3.253975,30,1155.960527
2.008916,30,1156.009233
1.274659,25,1156.050213
1.706996,27,1156.094025
2.359904,10,1156.114181
3.464183,29,1156.16625
3.206969,30,1156.213658
1.316044,30,1156.260179
4.184744,30,1156.312733
3.103576,12,1156.332702
-0.602618,30,1156.380047
4.292745,23,1156.422442
1.428162,30,1156.478777
2.895969,30,1156.539891
2.944258,30,1156.602245
3.380511,30,1156.662343
3.783139,28,1156.71771
3.24469,30,1156.769784
3.009947,30,1156.821111
3.082449,30,1156.873965
3.315551,30,1156.94186
2.366061,22,1156.982268
3.436521,30,1157.037681
3.977825,27,1157.079704
3.752891,20,1157.116137
3.75646,15,1157.150866
3.339064,30,1157.213593
2.003982,30,1157.356162
4.169451,20,1157.437084
2.943527,30,1157.508343
3.437884,21,1157.551446
4.353699,21,1157.590623
3.349359,30,1157.655002
4.026108,26,1157.70398
3.889234,23,1157.748816
3.271416,30,1157.811789
3.31488,30,1157.86604
4.166352,23,1157.906322
2.66374,12,1157.925645
2.890886,30,1157.973242
2.131353,30,1158.028977
2.720802,30,1158.084147
1.32265,30,1158.13814
3.234419,30,1158.190287
3.186542,30,1158.24862
3.936799,13,1158.272754
2.051206,30,1158.330249
2.838875,30,1158.383618
4.236564,25,1158.432515
4.085312,29,1158.488728
3.207851,30,1158.542239
3.136628,30,1158.605684
3.355866,30,1158.670238
3.317511,30,1158.728272
2.327778,18,1158.758384
3.345033,30,1158.817925
3.342358,30,1158.876157
3.259379,30,1158.933723
3.36554,30,1158.988822
3.326372,30,1159.048512
3.210101,30,1159.117712
3.250596,30,1159.175124
3.512776,14,1159.19816
3.96653,13,1159.22113
3.368937,30,1159.28429
3.052778,15,1159.313418
3.082429,13,1159.339033
2.822648,13,1159.364039
3.186126,30,1159.431463
0.839157,13,1159.455001
3.643272,16,1159.485223
3.272367,30,1159.541022
4.120492,15,1159.574665
3.073733,30,1159.63855
3.356858,30,1159.694264
3.32151,30,1159.751898
3.256974,30,1159.810193
3.391924,30,1159.865925
1.875717,30,1159.915842
2.801921,15,1159.941341
3.416001,30,1160.008921
3.173776,30,1160.066997
3.268031,30,1160.118876
4.127537,24,1160.162992
2.867951,16,1160.196106
3.69955,13,1160.222749
3.136809,30,1160.279106
2.177995,17,1160.308636
3.081775,30,1160.363788
2.050676,30,1160.416566
2.23711,26,1160.462864
0.272653,22,1160.50759
4.179542,24,1160.566374
3.236458,30,1160.635984
3.900781,27,1160.690201
3.409196,30,1160.750106
3.287363,30,1160.810621
3.336779,30,1160.864121
3.290825,30,1160.920732
3.397409,30,1160.978629
2.890892,10,1161.005162
1.39266,30,1161.065512
3.267473,30,1161.127476
4.246301,19,1161.169495
3.254053,30,1161.236184
1.105429,30,1161.294061
3.176227,30,1161.355918
0.167236,30,1161.415548
2.166002,22,1161.462322
1.630027,9,1161.47876
3.387539,30,1161.542089
2.924078,10,1161.563877
3.97844,13,1161.597001
3.945959,16,1161.637019
3.173327,30,1161.705868
4.204599,21,1161.7564
3.402008,30,1161.830206
2.081085,28,1161.89671
3.390113,17,1161.944316
1.364554,30,1162.030408
3.234479,30,1162.106845
3.971195,20,1162.150853
3.434653,30,1162.221491
1.374659,30,1162.294472
3.049871,17,1162.332026
4.147196,24,1162.382406
3.285956,30,1162.451788
3.341318,30,1162.518202
4.226111,23,1162.574984
3.129932,30,1162.641763
3.179832,30,1162.729896
3.339925,30,1162.81544
3.313126,30,1162.90123
3.039162,22,1162.969497
1.441472,30,1163.046095
4.212934,20,1163.084488
3.349885,30,1163.139276
2.950012,12,1163.160478
4.014264,18,1163.192499
3.172128,30,1163.242559
4.228351,22,1163.284928
4.398459,26,1163.330267
4.36834,16,1163.357734
3.296409,30,1163.408332
4.001535,21,1163.443994
3.180417,30,1163.497006
3.176946,30,1163.551894
4.209371,30,1163.624926
3.180345,30,1163.692802
4.077396,14,1163.725177
4.130658,14,1163.755064
4.228904,27,1163.815845
3.269929,30,1163.88012
2.883881,26,1163.938257
3.343639,30,1164.001433
1.339072,30,1164.06818
4.110992,13,1164.099017
3.221531,30,1164.167664
3.982737,30,1164.229298
3.361857,30,1164.29594
4.121337,24,1164.350166
3.16536,30,1164.414289
1.401905,30,1164.48125
3.30428,30,1164.551675
3.241455,30,1164.619811
3.105024,15,1164.647338
3.20256,30,1164.705613
2.998472,14,1164.731341
4.004573,16,1164.764791
3.413063,30,1164.819808
4.114111,12,1164.843457
3.163625,30,1164.90135
3.469153,30,1164.963668
3.413239,30,1165.027061
4.36952,29,1165.106032
4.166436,27,1165.176081
1.354442,30,1165.260192
4.318679,15,1165.298187
3.395963,30,1165.371771
4.103684,12,1165.400167
3.144568,30,1165.467088
3.337167,30,1165.521541
4.220298,15,1165.549667
4.293416,24,1165.596978
2.760063,30,1165.678043
3.294192,30,1165.738867
3.772493,19,1165.774341
3.376772,30,1165.826882
3.386263,30,1165.88658
3.045576,30,1165.942004
3.281536,30,1165.997504
3.447072,30,1166.053935
4.12255,17,1166.087242
3.097912,30,1166.146308
3.325895,30,1166.198496
3.979245,20,1166.24118
3.834241,16,1166.289987
3.050915,13,1166.339638
3.151872,30,1166.435512
4.053343,24,1166.516719
3.118117,30,1166.586349
3.32413,30,1166.640165
3.245,30,1166.695113
2.006009,30,1166.749221
3.10296,30,1166.808106
4.362671,17,1166.836685
3.093243,30,1166.886226
4.283785,15,1166.913751
3.189343,30,1166.970562
4.173261,13,1166.994023
2.848436,26,1167.038599
3.369968,30,1167.093443
3.128632,30,1167.147567
3.914779,28,1167.193968
4.090425,14,1167.220248
4.072331,13,1167.242896
3.258773,30,1167.297576
3.354788,30,1167.346784
3.8532,26,1167.391937
1.949899,30,1167.439781
4.370321,21,1167.478098
3.942207,11,1167.497535
3.101688,30,1167.549461
3.411686,30,1167.601695
3.41039,30,1167.660038
3.298628,30,1167.7126
3.164358,30,1167.768718
3.448366,30,1167.820813
4.392653,22,1167.86224
3.07779,30,1167.91212
1.412379,30,1167.964489
1.93084,20,1167.997511
3.293275,30,1168.052031
4.146092,12,1168.073313
4.268608,18,1168.104923
1.068331,30,1168.152869
4.094258,16,1168.180486
3.046881,30,1168.230303
3.146013,30,1168.27564
4.423533,19,1168.306805
4.324585,19,1168.340981
3.845441,21,1168.375489
3.130577,30,1168.424001
3.40859,30,1168.471829
1.944657,21,1168.509081
3.225237,30,1168.565628
3.244,30,1168.613475
2.001338,27,1168.657239
0.650432,13,1168.680274
1.9237,15,1168.705438
3.176859,30,1168.756739
1.297307,30,1168.807971
3.410817,30,1168.864047
1.281037,30,1168.922597
3.275205,30,1168.995302
3.371433,30,1169.058564
-2.869966,30,1169.112614
2.68714,30,1169.164212
1.273214,30,1169.217261
3.393077,30,1169.292244
3.99821,29,1169.348728
3.225506,30,1169.408336
3.178869,30,1169.481924
3.348894,30,1169.539689
3.276868,30,1169.594015
2.277874,30,1169.662808
3.248005,30,1169.72043
1.95229,12,1169.742757
3.994247,22,1169.78723
3.236189,30,1169.858636
4.115843,22,1169.921772
1.261691,30,1169.991631
3.359293,30,1170.066598
1.26941,30,1170.139427
2.813039,12,1170.178275
2.839786,16,1170.218196
4.030135,27,1170.296205
3.20393,30,1170.364675
2.89537,15,1170.395323
3.002789,30,1170.483871
3.16092,30,1170.634806
4.216167,15,1170.677104
2.06643,26,1170.733285
3.104107,30,1170.804694
4.058177,27,1170.881596
2.998675,30,1170.967161
2.809254,12,1170.999814
3.064611,30,1171.064233
4.293844,26,1171.115847
3.367935,30,1171.171678
2.986969,30,1171.251528
3.370584,30,1171.36221
2.254868,15,1171.41033
3.301974,30,1171.507369
3.180106,30,1171.606016
3.389966,30,1171.695338
3.301974,30,1171.780305
4.129112,30,1171.865087
4.272906,15,1171.905588
3.407675,30,1171.98172
4.066289,29,1172.059047
3.404727,15,1172.100136
0.76457,13,1172.139288
1.759954,30,1172.233501
4.062379,18,1172.289009
2.1224,29,1172.377848
3.037394,30,1172.472008
4.107331,16,1172.517435
4.277292,26,1172.597706
3.306796,15,1172.638139
3.594108,18,1172.691416
4.299815,16,1172.737786
3.408769,30,1172.829693
4.10469,29,1172.916776
3.059048,16,1172.962778
3.433175,30,1173.044832
3.340538,30,1173.128605
4.37216,15,1173.166232
3.057629,30,1173.252146
4.108676,30,1173.33112
1.370931,30,1173.418452
4.270511,29,1173.496172
3.253665,30,1173.580985
3.277505,30,1173.662599
4.288438,27,1173.742367
4.208019,22,1173.804914
1.179575,30,1173.889275
3.305426,30,1173.97281
4.211278,17,1174.027726
3.34269,30,1174.11283
2.831241,21,1174.171805
3.404684,30,1174.258912
3.215477,30,1174.348135
3.316777,30,1174.434417
-0.277143,30,1174.520222
0.04523,30,1174.606845
4.406938,19,1174.666154
4.230601,20,1174.716428
3.316825,30,1174.797234
1.220499,30,1174.886004
4.262819,17,1174.939911
4.253319,24,1175.018624
3.709315,27,1175.106673
3.404863,21,1175.171859
4.211377,13,1175.212458
2.872219,28,1175.295126
3.346244,20,1175.351315
1.21075,30,1175.44136
3.391576,30,1175.533808
3.547143,25,1175.605608
2.729143,14,1175.648038
4.194433,20,1175.708313
4.401674,20,1175.771598
3.276708,30,1175.844896
3.027489,30,1175.919266
3.382972,30,1175.996085
3.371836,30,1176.086244
3.980991,28,1176.165894
2.166933,30,1176.246683
1.475071,14,1176.286654
3.353805,30,1176.400761
3.349333,30,1176.491123
3.376648,30,1176.577716
3.292117,30,1176.671293
2.910542,30,1176.763384
4.29146,22,1176.831615
3.357935,30,1176.913782
3.721341,18,1176.964498
3.331844,30,1177.038812
3.246767,30,1177.114166
3.305541,30,1177.199531
3.034467,30,1177.290546
2.957049,30,1177.384184
3.680289,17,1177.438906
3.205773,30,1177.527969
3.044561,30,1177.619963
2.210721,21,1177.674684
3.19371,30,1177.751666
3.119255,14,1177.79254
2.037597,30,1177.867799
2.797322,13,1177.904113
3.309049,30,1177.977772
4.105946,23,1178.036922
3.399132,30,1178.112193
2.859189,13,1178.149135
3.139677,30,1178.222318
1.913277,30,1178.296394
3.19099,30,1178.368524
3.119436,30,1178.444644
3.245962,30,1178.516881
3.403563,30,1178.594493
3.418337,30,1178.667002
3.483079,24,1178.725003
4.261755,18,1178.770429
2.685997,30,1178.844197
3.116357,30,1178.920052
3.313353,30,1178.995022
4.1654,18,1179.040948
4.329191,18,1179.082674
3.258018,30,1179.157209
3.233882,30,1179.230613
3.029932,15,1179.267661
4.307483,30,1179.343614
3.229704,30,1179.43059
4.604724,27,1179.515605
3.334415,30,1179.600492
3.396024,30,1179.689821
2.220384,30,1179.773516
3.072013,30,1179.873248
3.169402,30,1179.960952
2.557514,27,1180.035128
3.36481,30,1180.110977
3.214204,30,1180.190679
1.699484,27,1180.261191
3.027129,23,1180.316727
1.453739,28,1180.387769
3.915643,23,1180.449641
0.035359,30,1180.52865
-0.646473,30,1180.603602
1.883137,30,1180.686248
4.089346,17,1180.737413
1.954673,30,1180.826345
3.44771,30,1180.927613
1.357803,30,1181.022976
4.36438,25,1181.125913
3.418068,30,1181.206559
3.154805,30,1181.281376
3.259855,30,1181.356505
3.404076,30,1181.430049
3.250561,30,1181.499865
3.420692,30,1181.577587
2.03069,28,1181.642754
2.774126,30,1181.718225
2.881439,30,1181.790625
3.328191,30,1181.860222
1.19326,30,1181.930822
2.738642,30,1182.001958
3.103478,30,1182.073308
3.122506,18,1182.113029
3.367785,30,1182.185596
3.312177,30,1182.257678
3.083761,22,1182.318417
3.089085,30,1182.399916
2.910458,15,1182.43996
3.994285,21,1182.49468
3.227003,26,1182.569896
3.351389,30,1182.650127
3.275679,30,1182.732186
3.394676,30,1182.82053
3.359688,30,1182.903325
2.77463,30,1182.976254
3.090165,30,1183.052619
3.9521,29,1183.131857
1.418913,30,1183.212425
3.339502,30,1183.295111
4.195505,18,1183.342814
3.158193,30,1183.422586
3.345457,30,1183.498831
3.367589,30,1183.578593
2.864231,30,1183.655681
4.031087,22,1183.716619
3.128593,30,1183.795576
4.272671,30,1183.878711
1.634588,25,1183.946976
1.127581,30,1184.03354
3.401788,30,1184.106781
2.67902,30,1184.179585
3.400264,30,1184.248494
3.387876,30,1184.325205
3.103152,22,1184.376535
1.825407,12,1184.403808
2.857757,30,1184.478511
1.911521,26,1184.54088
3.878598,22,1184.595384
4.340643,15,1184.62833
3.343638,30,1184.705476
4.287363,16,1184.75133
4.048557,25,1184.821304
3.273503,30,1184.905859
4.390141,30,1184.98499
3.250924,30,1185.07372
3.397396,30,1185.159546
3.172487,30,1185.243287
2.882099,30,1185.321627
2.851586,30,1185.407903
3.129014,30,1185.488668
3.242441,30,1185.569133
4.050822,17,1185.612177
3.249504,30,1185.694471
4.084589,23,1185.753789
2.5588,30,1185.834873
3.265992,30,1185.916529
3.211619,30,1186.00755
3.173375,30,1186.093697
4.244175,28,1186.16856
0.988845,30,1186.251201
2.720102,17,1186.29281
-0.829308,30,1186.360753
4.125168,24,1186.416338
3.986674,25,1186.477629
4.398058,23,1186.531588
1.686958,24,1186.588841
1.358629,17,1186.630302
3.177375,30,1186.700411
1.603732,10,1186.728457
2.66317,24,1186.785149
3.268635,30,1186.860391
4.270357,30,1186.941711
3.376792,30,1187.029738
1.303612,30,1187.105416
4.39318,27,1187.171598
4.183606,17,1187.213483
3.272686,30,1187.287389
2.95386,20,1187.34331
2.706874,30,1187.419543
3.373918,30,1187.497799
3.243189,30,1187.583372
3.278325,30,1187.646687
3.295868,30,1187.716626
3.419157,30,1187.801692
3.223358,30,1187.88432
3.017601,14,1187.918161
4.121528,24,1187.979277
3.387306,30,1188.056579
4.47246,26,1188.117278
3.329148,30,1188.180445
3.421245,30,1188.233268
2.216895,30,1188.28538
4.033732,18,1188.316164
4.038867,19,1188.349613
3.367774,30,1188.400457
4.261029,24,1188.440846
3.279172,30,1188.496934
3.106623,30,1188.547431
4.204259,20,1188.589461
3.102291,30,1188.656193
2.946385,30,1188.735497
4.336213,29,1188.816057
3.277249,30,1188.896266
3.305257,30,1188.977872
4.319594,22,1189.032506
3.306885,30,1189.120833
3.995091,10,1189.14778
1.247232,30,1189.230695
3.065834,30,1189.316968
4.062234,27,1189.389669
3.268791,30,1189.47688
3.715929,16,1189.515628
3.033387,30,1189.590988
3.985722,25,1189.647826
3.428674,19,1189.691947
4.286886,14,1189.72425
2.206724,30,1189.799406
3.016695,12,1189.82989
4.10934,19,1189.879055
1.918078,30,1189.952085
3.35778,30,1190.032136
2.906698,21,1190.083338
2.34199,19,1190.132672
3.257378,30,1190.204361
3.432561,30,1190.283395
3.372149,30,1190.356804
2.009385,17,1190.399063
3.530652,12,1190.427283
4.25767,28,1190.500488
3.393065,30,1190.576655
2.277704,30,1190.647955
3.109168,30,1190.722749
3.348392,30,1190.792876
4.32175,20,1190.838821
4.056329,29,1190.907118
1.037026,18,1190.945307
4.020706,24,1191.002235
1.143447,30,1191.071354
2.19176,30,1191.138073
4.073617,29,1191.201466
0.915981,11,1191.229677
4.182527,24,1191.28705
3.06555,13,1191.317573
3.151004,30,1191.391308
2.932757,30,1191.463723
3.274349,30,1191.535343
3.101943,30,1191.603833
4.076459,19,1191.648776
3.247684,30,1191.726139
2.986769,16,1191.764252
3.268128,30,1191.830326
3.334247,30,1191.899723
4.271477,30,1191.972235
3.85384,15,1192.010579
3.419104,30,1192.082917
4.10917,26,1192.146946
3.103304,30,1192.223444
1.271446,30,1192.302539
3.371955,30,1192.375548
3.293622,30,1192.452224
4.271212,19,1192.501604
1.895059,26,1192.562826
3.402145,30,1192.639406
3.218978,30,1192.714183
4.172077,19,1192.763548
2.686136,30,1192.832057
4.352508,24,1192.883449
4.238242,18,1192.928274
4.107384,13,1192.961372
2.155893,21,1193.011029
2.846268,13,1193.043349
3.727102,24,1193.09676
2.861318,17,1193.138418
3.69589,17,1193.177862
4.350497,29,1193.244224
3.432712,30,1193.322023
3.264112,30,1193.397207
3.143265,30,1193.478655
4.314574,24,1193.545158
3.027277,30,1193.627831
2.793786,30,1193.714025
3.195751,30,1193.787515
4.308789,27,1193.855822
3.306589,30,1193.932544
3.170161,30,1194.00234
1.247498,30,1194.07477
4.020916,21,1194.126305
4.112424,20,1194.172121
3.218263,30,1194.244057
3.336863,30,1194.313998
3.331206,30,1194.37835
2.96643,22,1194.430256
3.020946,30,1194.499629
1.165634,30,1194.576031
3.029883,30,1194.644693
3.168186,30,1194.716677
2.065922,13,1194.746406
2.971975,30,1194.815486
1.241366,30,1194.882781
3.229783,30,1194.951122
3.327186,30,1195.021846
2.127085,15,1195.057055
2.89955,30,1195.123816
1.356555,30,1195.192819
3.125115,12,1195.221313
1.893756,30,1195.287208
3.290769,30,1195.36048
4.15145,30,1195.42523
4.17075,15,1195.462183
3.057252,24,1195.515399
4.351021,21,1195.562258
3.366509,30,1195.643111
3.410255,30,1195.724532
1.259033,30,1195.807176
3.375449,22,1195.865681
2.705797,16,1195.909897
3.704605,22,1195.974582
3.228871,30,1196.045345
3.060885,30,1196.114504
-0.222686,30,1196.184785
2.001101,28,1196.260061
3.364583,30,1196.3426
1.348049,30,1196.42027
2.030555,30,1196.506243
3.258456,30,1196.587569
4.240988,28,1196.656152
3.215488,30,1196.729106
4.025952,22,1196.778498
4.262381,25,1196.839485
3.057506,22,1196.890972
4.274678,25,1196.950399
2.995202,27,1197.017402
3.237622,30,1197.094242
3.114401,30,1197.166132
3.366048,30,1197.242458
3.239135,30,1197.312938
2.889229,17,1197.357062
1.009697,30,1197.44225
4.333738,14,1197.480334
3.69686,22,1197.542597
3.38542,30,1197.626873
3.319386,30,1197.710442
1.27381,30,1197.791796
3.026343,30,1197.866443
4.232611,16,1197.906938
2.156195,30,1197.981282
3.024225,30,1198.056763
2.127887,30,1198.126976
4.46454,22,1198.182964
3.129031,30,1198.253434
4.296855,15,1198.287747
3.273139,30,1198.358869
4.041014,18,1198.402176
1.556779,30,1198.474351
3.32299,30,1198.554833
3.375113,30,1198.639159
1.928481,30,1198.723486
3.596893,30,1198.804995
3.017357,30,1198.884813
3.314075,30,1198.961334
1.166104,30,1199.036288
4.170452,20,1199.084778
3.219387,30,1199.15847
3.36719,30,1199.230876
3.131865,30,1199.308433
4.305318,29,1199.376294
2.87377,16,1199.414143
2.932264,11,1199.440632
4.140957,16,1199.480159
3.05497,30,1199.55217
3.382049,30,1199.626708
2.995141,30,1199.699414
3.103307,30,1199.776811
3.966314,25,1199.835654
3.302542,30,1199.905879
3.238478,30,1199.978342
2.963752,30,1200.054111
3.408742,30,1200.129516
1.353115,30,1200.202713
4.272932,27,1200.267186
3.037523,30,1200.342156
4.155766,25,1200.400996
3.269399,30,1200.471648
4.399721,24,1200.527664
4.101554,23,1200.584058
3.290458,30,1200.654149
0.83292,30,1200.721275
4.284049,27,1200.783926
4.411174,16,1200.822799
-1.005004,14,1200.854123
2.9946,30,1200.923423
2.828668,30,1200.990991
3.353616,30,1201.066118
4.264814,19,1201.112348
3.285115,30,1201.180125
3.438509,30,1201.250807
3.878337,30,1201.322526
3.265714,30,1201.39458
3.213694,30,1201.459726
3.297926,30,1201.532837
3.170322,30,1201.603382
2.500199,27,1201.665794
4.278098,26,1201.725228
3.376146,30,1201.793815
4.019549,27,1201.864102
3.039822,30,1201.933196
1.836048,30,1202.006133
4.014346,12,1202.037558
2.95158,12,1202.070317
3.302436,30,1202.149333
3.235567,30,1202.225393
3.367235,30,1202.295926
3.441038,30,1202.357739
2.910662,10,1202.376523
3.354697,30,1202.431061
3.050583,14,1202.45459
3.270538,30,1202.512496
2.161887,24,1202.555958
3.036176,23,1202.595363
3.019746,26,1202.640198
2.856093,30,1202.692991
1.266075,30,1202.745213
3.252002,30,1202.801378
2.990551,30,1202.853531
2.912629,17,1202.883277
3.995414,26,1202.92984
-0.245114,30,1202.979452
1.337164,30,1203.034642
4.147308,25,1203.084299
3.331288,30,1203.140224
2.902441,30,1203.192067
3.320709,30,1203.256649
1.821655,30,1203.36225
3.909216,27,1203.43328
1.390339,30,1203.514993
3.329156,30,1203.587232
4.195729,24,1203.642587
4.305859,29,1203.71117
3.26614,30,1203.77719
3.427175,30,1203.8457
4.085822,15,1203.881354
3.946164,18,1203.919416
2.521069,30,1203.975763
1.281843,30,1204.026597
1.640182,10,1204.047637
4.085812,30,1204.108448
4.28679,19,1204.152328
3.151027,30,1204.219483
3.230425,30,1204.292885
3.311737,30,1204.373991
3.376186,30,1204.448281
4.28127,21,1204.500437
3.050052,18,1204.547533
3.341776,30,1204.621882
2.933056,30,1204.692148
3.315321,30,1204.764832
3.08558,30,1204.84196
3.208067,30,1204.91723
1.263146,30,1204.999363
2.388151,30,1205.081524
3.138599,30,1205.145897
3.413867,30,1205.20067
4.151579,30,1205.259495
2.848993,12,1205.283411
2.621769,15,1205.311665
4.025943,22,1205.35896
3.340656,30,1205.415828
4.342744,16,1205.444961
4.048656,14,1205.488291
3.180595,30,1205.560346
3.105003,30,1205.626107
3.287949,30,1205.689642
3.15293,30,1205.757154
3.383065,30,1205.82087
3.231901,30,1205.881108
3.305801,30,1205.947531
4.037596,27,1206.016431
4.183136,18,1206.05925
1.273807,30,1206.132792
1.037285,30,1206.199325
3.149836,30,1206.276131
3.427075,30,1206.358827
2.031017,30,1206.428246
3.349171,30,1206.483031
3.236966,30,1206.535779
3.295831,30,1206.587039
3.332871,30,1206.635484
1.26859,30,1206.686239
2.10537,30,1206.740623
2.266882,20,1206.774677
4.157797,25,1206.815194
3.317226,30,1206.864458
4.102951,16,1206.893366
3.073879,30,1206.945862
3.299724,30,1206.999874
4.352619,26,1207.072034
3.153118,30,1207.152104
3.991303,17,1207.193736
3.23558,30,1207.274185
3.421434,30,1207.352977
3.3912,30,1207.432145
3.352527,30,1207.503006
3.395649,30,1207.57483
3.134187,30,1207.650426
4.118314,25,1207.71889
-0.903243,30,1207.799903
3.221272,30,1207.87594
2.796503,25,1207.941448
4.082983,22,1207.986393
1.566593,16,1208.016307
3.266059,30,1208.072923
4.039799,25,1208.117351
3.205373,30,1208.169576
4.174279,22,1208.210834
3.236176,30,1208.271475
3.399461,30,1208.327348
1.281774,30,1208.381227
2.753886,30,1208.43083
3.061008,30,1208.485188
3.919861,30,1208.562574
2.017637,30,1208.63457
3.090199,30,1208.710256
2.391372,30,1208.785567
3.388797,17,1208.831525
3.016297,24,1208.891111
2.637196,30,1208.945284
3.366337,30,1208.998903
3.297304,30,1209.049524
4.178612,20,1209.086151
3.07612,30,1209.140477
3.964114,15,1209.163376
4.232467,16,1209.189661
3.351036,30,1209.246969
4.333663,25,1209.292562
3.219869,30,1209.357247
4.2114,23,1209.39857
2.164958,30,1209.469261
3.997068,28,1209.524472
3.221241,30,1209.587887
3.080115,30,1209.656578
4.003047,16,1209.694501
3.179986,30,1209.76368
1.195615,30,1209.838241
3.383556,30,1209.906349
3.985784,14,1209.938021
2.991277,30,1209.998842
3.448978,30,1210.057671
4.330809,21,1210.100834
4.015706,26,1210.157601
2.110163,30,1210.219757
3.431214,30,1210.285606
3.162639,30,1210.345139
3.888658,30,1210.401577
4.020637,26,1210.444972
3.314568,30,1210.493606
4.175386,13,1210.513847
2.986351,30,1210.565055
3.370369,30,1210.617492
3.348591,30,1210.667702
3.09846,12,1210.68689
3.350199,30,1210.740262
3.250338,30,1210.789366
3.374252,30,1210.837621
3.446291,30,1210.887026
3.429224,30,1210.946578
0.155172,30,1211.020328
3.238914,30,1211.099469
4.024682,20,1211.155586
3.178381,30,1211.236573
3.052041,30,1211.296291
2.96363,13,1211.31781
2.08498,30,1211.365797
3.170554,30,1211.420023
3.321387,30,1211.476914
3.218246,30,1211.541314
3.937153,27,1211.592561
3.112178,11,1211.614791
3.340883,30,1211.666551
4.200704,28,1211.713391
1.224539,30,1211.769915
2.531526,30,1211.826562
3.369614,30,1211.884125
4.294375,26,1211.927498
0.827622,30,1211.97991
3.390266,30,1212.034612
3.963006,24,1212.078315
3.244256,30,1212.14129
2.129968,30,1212.190576
4.247181,24,1212.233611
2.900688,18,1212.264717
3.347253,30,1212.317837
3.114459,30,1212.377555
3.442849,30,1212.452254
4.086346,21,1212.507548
3.901653,18,1212.5535
3.774717,30,1212.629004
3.384354,30,1212.706371
4.134822,26,1212.771861
2.24714,30,1212.855583
2.889411,30,1212.919753
3.341561,30,1212.976641
3.217903,30,1213.027664
3.59072,16,1213.054117
1.324576,30,1213.102598
3.545468,15,1213.131927
3.320851,30,1213.203197
2.740279,30,1213.279235
3.414917,30,1213.351938
3.150781,30,1213.41288
3.3185,30,1213.462617
4.090493,15,1213.486783
3.25627,30,1213.532546
4.097004,17,1213.56468
3.829623,28,1213.611483
2.375981,10,1213.626142
2.639275,30,1213.679678
3.61616,22,1213.71772
3.117441,30,1213.772218
4.128038,25,1213.817157
4.305554,22,1213.868089
3.34011,30,1213.977734
3.368433,30,1214.047191
3.10623,22,1214.08694
3.97884,13,1214.10907
4.244923,16,1214.139978
3.380492,30,1214.191782
4.22192,12,1214.212014
3.135659,30,1214.257291
2.978467,14,1214.292265
2.03009,30,1214.368777
3.306504,30,1214.447002
3.228536,30,1214.515221
4.191793,27,1214.568618
3.280805,30,1214.622237
3.315044,30,1214.672727
1.954948,30,1214.723811
3.378187,30,1214.778879
4.235058,18,1214.807287
3.280047,30,1214.858113
3.003888,30,1214.906119
3.330597,30,1214.96437
3.285292,30,1215.015906
3.328487,30,1215.066752
4.153469,21,1215.102182
3.520363,17,1215.134761
4.323876,22,1215.175106
0.776636,30,1215.223008
3.354807,30,1215.2723
0.60839,30,1215.325125
3.279005,30,1215.376249
0.792829,24,1215.430842
3.293877,30,1215.501712
1.702637,30,1215.581675
3.338634,30,1215.654282
3.054323,30,1215.730581
3.056224,20,1215.782027
3.057514,30,1215.853394
4.368179,27,1215.903916
4.383196,27,1215.948309
3.253988,30,1215.995576
3.772457,29,1216.049028
3.301901,30,1216.094897
2.323644,23,1216.13337
3.15748,30,1216.181916
1.23007,30,1216.235261
3.23874,30,1216.283707
3.225905,30,1216.344328
4.084742,28,1216.391804
3.369381,30,1216.4441
3.35602,30,1216.500384
4.137999,27,1216.553012
3.437915,30,1216.604681
4.121391,28,1216.655553
3.712068,18,1216.686977
3.257457,30,1216.734196
-0.260126,30,1216.782222
3.974806,15,1216.807293
1.692755,29,1216.861227
3.111232,30,1216.920994
3.419422,30,1216.987246
3.220541,30,1217.045326
3.254081,30,1217.1166
3.348568,30,1217.19434
3.201776,30,1217.249257
1.080814,30,1217.302552
3.382439,30,1217.356431
4.129358,14,1217.381155
3.084304,30,1217.43333
4.160124,17,1217.46459
4.319529,30,1217.519201
3.177676,30,1217.578783
3.962788,19,1217.617865
2.946922,30,1217.674516
3.795598,16,1217.704709
4.033696,14,1217.736241
3.188555,13,1217.769345
3.082118,30,1217.836711
1.888594,30,1217.898861
3.015658,30,1217.952592
3.11947,30,1218.022168
3.207596,30,1218.087898
3.450129,30,1218.14447
3.201972,30,1218.194174
1.676294,30,1218.243642
3.369186,30,1218.31102
4.078329,24,1218.358273
1.504126,30,1218.411382
3.214183,30,1218.462051
4.310287,25,1218.511212
3.083658,30,1218.56184
4.142528,15,1218.587276
3.264862,30,1218.635671
3.684315,15,1218.663456
3.313241,30,1218.720106
3.139494,30,1218.799473
3.389073,30,1218.889532
3.322626,30,1218.968988
2.617011,30,1219.045714
4.238318,21,1219.099637
3.36376,30,1219.172693
3.130134,30,1219.233361
3.004547,30,1219.293083
3.219478,30,1219.359164
2.684816,24,1219.409909
3.240663,30,1219.476146
3.081653,30,1219.543375
1.622178,30,1219.616494
1.290426,30,1219.687669
3.415207,30,1219.751663
2.363733,30,1219.809139
3.280928,30,1219.86186
3.392639,30,1219.914288
3.110225,21,1219.954689
3.69028,25,1219.99705
3.125829,30,1220.054086
3.097358,16,1220.082412
3.028719,30,1220.135466
3.936054,13,1220.161192
3.397168,30,1220.213266
1.619612,14,1220.240179
2.41769,30,1220.297774
3.044996,30,1220.356574
4.262417,27,1220.405361
3.150978,30,1220.462704
3.156812,30,1220.525343
3.418194,30,1220.584654
1.945594,28,1220.638285
3.099032,30,1220.69503
2.994192,30,1220.754354
2.101133,30,1220.80798
3.412658,30,1220.861974
3.295909,30,1220.911547
2.857365,30,1220.966418
4.285811,19,1221.000814
3.849622,26,1221.044919
2.305575,30,1221.103594
4.014581,30,1221.166343
3.382439,30,1221.223765
3.05946,15,1221.249646
3.317389,30,1221.306387
1.342904,30,1221.363849
4.286031,16,1221.394758
2.303362,17,1221.426166
3.224834,30,1221.473797
3.25258,30,1221.540676
2.986429,14,1221.574401
3.248386,30,1221.657342
3.359103,30,1221.730404
3.259407,30,1221.793985
4.329718,18,1221.824474
2.871052,11,1221.843953
2.978204,30,1221.893055
3.345479,30,1221.946366
3.324319,30,1221.994386
2.62309,13,1222.01784
3.386466,30,1222.06949
3.309322,30,1222.12322
4.368428,20,1222.158516
3.2922,30,1222.210837
2.915287,30,1222.262953
2.049011,25,1222.308857
1.306114,30,1222.361649
1.74515,30,1222.413909
3.228282,30,1222.463659
4.080948,14,1222.491235
4.150471,15,1222.518533
3.206349,30,1222.570459
3.230417,30,1222.618903
2.983901,25,1222.665869
3.239494,30,1222.716218
3.143987,30,1222.768952
1.377494,30,1222.820466
3.351742,30,1222.875365
3.969644,29,1222.931356
1.950133,30,1222.984028
2.948953,20,1223.018122
2.734041,30,1223.070394
-0.001633,30,1223.12014
3.254175,30,1223.167767
3.255613,30,1223.21599
4.070366,16,1223.244673
4.090999,15,1223.268975
4.332325,25,1223.310188
2.838444,30,1223.358586
4.243018,23,1223.399464
3.373799,30,1223.448626
2.751294,15,1223.472816
2.930963,11,1223.492651
3.326187,30,1223.545022
3.288791,30,1223.593948
2.858956,26,1223.6347
2.840192,15,1223.659557
2.77756,14,1223.685411
3.204631,30,1223.734067
2.989964,30,1223.787166
2.988983,30,1223.836406
3.243436,30,1223.888606
3.306651,30,1223.935374
3.304554,30,1223.986107
3.272102,30,1224.034575
3.368785,30,1224.088547
2.915282,19,1224.120386
4.109079,20,1224.154018
4.092644,29,1224.201453
4.011062,16,1224.228521
3.311366,30,1224.293277
3.293295,30,1224.370902
3.198174,30,1224.438603
3.307217,30,1224.518203
3.354317,30,1224.588683
1.254523,30,1224.661271
3.181616,30,1224.724963
3.959585,17,1224.7621
3.32975,30,1224.824867
2.065039,25,1224.867085
4.193829,16,1224.892669
3.320193,30,1224.945115
3.330895,30,1224.992783
1.061918,20,1225.025213
4.183713,24,1225.066728
1.42982,30,1225.11926
3.102104,30,1225.1695
3.187711,30,1225.22055
4.159546,17,1225.246592
2.994618,14,1225.269302
3.265154,30,1225.322795
4.227363,15,1225.348811
3.050738,14,1225.370766
3.365991,30,1225.427158
4.149982,26,1225.469621
3.191352,30,1225.518414
3.326327,30,1225.565959
3.180514,30,1225.620407
4.332338,22,1225.656202
4.203336,17,1225.683256
2.947388,16,1225.710245
4.398193,19,1225.743989
2.487791,30,1225.795353
3.384225,30,1225.843406
4.247828,29,1225.891456
2.527987,30,1225.947705
2.899189,30,1225.99539
3.988023,13,1226.017565
2.703628,30,1226.06587
4.133224,25,1226.130023
3.402902,30,1226.186154
2.163328,27,1226.23213
4.138237,29,1226.278129
3.289366,30,1226.328196
3.332208,30,1226.378391
-1.052973,15,1226.402458
3.304454,30,1226.451999
4.324395,26,1226.500694
3.572375,21,1226.536726
3.0197,30,1226.583984
2.176545,23,1226.621228
2.300821,22,1226.660267
4.29885,22,1226.695963
4.315716,15,1226.721373
3.202524,30,1226.770145
3.264018,30,1226.823488
3.860147,16,1226.848782
4.311806,24,1226.888508
3.73035,25,1226.930271
3.064874,30,1226.983064
3.326552,30,1227.030867
3.333504,30,1227.0851
3.861894,28,1227.134033
3.384926,30,1227.185157
4.149079,28,1227.230131
2.838901,30,1227.27883
2.909044,30,1227.327078
-0.961316,30,1227.379553
4.061671,23,1227.417852
3.1308,30,1227.469398
1.966762,27,1227.512686
4.285585,25,1227.556302
3.392813,30,1227.604324
3.202284,30,1227.653716
2.50198,24,1227.694596
3.249071,30,1227.746344
3.320618,30,1227.80062
3.780253,30,1227.849555
2.876053,13,1227.871199
3.080677,30,1227.920836
2.996199,23,1227.958046
3.412664,30,1228.005922
3.375329,10,1228.023852
2.878532,10,1228.04037
1.08108,30,1228.092243
2.008001,30,1228.137919
2.577595,30,1228.187516
4.161867,17,1228.216437
4.232181,30,1228.265659
0.954043,17,1228.294462
2.891171,30,1228.341668
4.250784,21,1228.379872
3.332309,30,1228.427111
3.225945,30,1228.47758
3.168948,30,1228.527293
2.29795,22,1228.567328
4.213175,14,1228.590139
1.602905,23,1228.626417
3.283055,30,1228.674691
3.315094,30,1228.728796
3.957367,22,1228.763474
3.162255,30,1228.813328
3.313998,30,1228.862258
3.920682,27,1228.911556
3.390777,30,1228.96346
4.102656,17,1228.990794
2.816214,14,1229.01153
3.169047,30,1229.066925
1.266794,30,1229.113239
3.214307,30,1229.163435
1.619755,30,1229.212483
3.324285,30,1229.264835
4.1164,30,1229.310935
3.228108,30,1229.360455
3.239279,30,1229.409106
3.261661,30,1229.461139
4.098555,20,1229.493958
3.136901,30,1229.544065
3.122188,30,1229.592082
3.433237,30,1229.643733
3.325727,30,1229.692965
4.115019,21,1229.726398
2.996707,30,1229.776363
4.092694,30,1229.826446
3.380328,30,1229.876683
2.826531,25,1229.916598
3.238468,30,1229.966217
3.03816,30,1230.018593
2.92643,30,1230.067837
3.36438,30,1230.122042
3.972344,19,1230.155226
3.424392,30,1230.206365
3.100902,30,1230.257184
4.369435,15,1230.279434
4.158453,16,1230.304984
3.345533,30,1230.356543
2.106909,30,1230.403752
3.200105,30,1230.455163
2.750078,13,1230.476413
1.383438,30,1230.528757
3.365418,30,1230.578904
3.341989,30,1230.628438
3.417469,30,1230.678299
3.271851,30,1230.732474
3.023727,30,1230.780192
1.96361,26,1230.822424
4.336694,17,1230.850178
3.06581,19,1230.882626
3.144293,30,1230.931806
1.246711,30,1230.98329
4.210669,16,1231.009374
3.059782,30,1231.059922
3.300508,30,1231.110064
2.098955,30,1231.154098
2.175528,30,1231.205533
3.225986,30,1231.255876
3.090454,30,1231.307784
3.893183,28,1231.354544
3.01602,30,1231.402092
3.356426,30,1231.454981
3.067708,30,1231.504075
3.35877,30,1231.555347
3.352364,30,1231.604171
2.803538,19,1231.639037
3.221501,30,1231.686912
3.926648,25,1231.72902
3.393367,30,1231.777989
4.033771,15,1231.80489
3.228969,30,1231.853989
3.283757,30,1231.904619
1.922941,30,1231.95378
3.241976,30,1232.007206
2.381616,21,1232.042262
1.396549,30,1232.094788
3.041126,30,1232.141281
4.194058,18,1232.174627
0.05415,17,1232.201433
3.327425,30,1232.249596
-0.718801,30,1232.298651
2.446135,30,1232.348816
4.35914,22,1232.384618
3.235852,30,1232.433327
4.154036,27,1232.477722
3.270523,30,1232.533941
-0.121696,30,1232.582305
1.259076,30,1232.631028
4.280962,16,1232.656427
3.218119,30,1232.707252
3.936988,22,1232.743603
3.402432,30,1232.800621
3.137196,30,1232.853662
1.347242,30,1232.906101
3.367383,30,1232.954907
3.231861,30,1233.002781
3.265222,25,1233.043637
1.989316,29,1233.102085
1.371139,30,1233.152022
2.843747,30,1233.201063
1.365889,30,1233.248396
2.087798,30,1233.299049
1.940137,30,1233.346565
2.850193,30,1233.396779
3.318582,30,1233.446277
4.234729,29,1233.496075
3.007739,20,1233.529943
2.770239,29,1233.577101
4.33502,20,1233.610372
3.364802,30,1233.66171
1.381348,30,1233.71491
4.302186,23,1233.753771
3.345608,30,1233.805907
3.079,20,1233.842268
3.559944,19,1233.873011
4.296595,28,1233.918354
3.041598,17,1233.944379
3.872248,28,1233.99311
3.344859,30,1234.041305
3.370362,30,1234.092526
4.092332,16,1234.11823
3.047591,30,1234.168803
3.252078,30,1234.219608
3.006022,30,1234.267311
1.799072,30,1234.320656
4.21288,15,1234.347483
3.361979,30,1234.396896
4.113528,23,1234.433791
1.13668,30,1234.479676
4.182665,14,1234.505794
4.171533,20,1234.538348
3.155006,30,1234.585076
2.624875,25,1234.628136
3.04764,30,1234.679564
3.327912,30,1234.729736
3.322303,30,1234.778936
3.389296,30,1234.830373
3.015456,30,1234.879902
3.232038,30,1234.934959
4.304397,15,1234.957734
3.120277,30,1235.00615
1.231337,30,1235.05795
3.152967,30,1235.108132
3.363266,30,1235.158569
3.2478,30,1235.210098
3.180554,30,1235.261533
4.105179,18,1235.291697
3.234119,30,1235.338499
4.059132,29,1235.38753
4.217769,21,1235.424775
4.206501,28,1235.47102
3.247147,30,1235.522704
1.349896,30,1235.572182
4.250326,26,1235.618882
3.298786,30,1235.669482
3.306759,30,1235.715676
4.187918,16,1235.743046
4.067607,13,1235.768262
3.385705,30,1235.817948
3.968827,18,1235.850214
4.083314,20,1235.883449
4.184478,30,1235.935071
3.315826,30,1235.986462
3.209735,30,1236.035963
4.189493,19,1236.071256
2.297104,30,1236.127592
3.116171,13,1236.151747
3.277033,30,1236.199391
3.227125,30,1236.265728
1.115232,30,1236.339984
3.350386,30,1236.41599
3.208085,30,1236.489106
3.303761,30,1236.563898
3.409852,30,1236.637277
3.898609,16,1236.675297
2.815105,26,1236.743491
-10.036459,30,1236.812341
3.417007,30,1236.888776
3.394698,30,1236.963974
3.058487,20,1237.014436
3.251012,30,1237.088737
1.655237,30,1237.162359
1.304107,30,1237.231216
4.191634,24,1237.26915
0.954771,30,1237.317886
3.087119,17,1237.347132
4.187578,14,1237.37153
3.994828,30,1237.418586
3.025621,13,1237.440512
2.085064,19,1237.469872
3.052546,30,1237.518502
3.255665,30,1237.56563
4.081038,21,1237.601792
4.261311,17,1237.631155
1.850752,26,1237.671917
3.425947,30,1237.720491
1.116146,30,1237.769454
0.731974,20,1237.806155
3.697148,20,1237.839709
3.383935,30,1237.88876
4.079441,30,1237.938256
4.266896,17,1237.970761
3.123757,30,1238.017897
3.357549,30,1238.067005
1.981002,30,1238.114462
2.572403,30,1238.166221
3.27608,30,1238.213662
4.111057,16,1238.248644
4.060858,29,1238.314429
3.997088,14,1238.350755
3.323144,30,1238.419148
3.331937,30,1238.492054
3.282499,30,1238.563124
3.138415,30,1238.639911
3.432047,30,1238.707896
3.99482,18,1238.751776
3.282306,30,1238.823237
3.324596,30,1238.899515
3.338062,30,1238.971382
3.35454,30,1239.044378
3.391276,30,1239.117863
4.083563,24,1239.177141
3.770098,29,1239.242036
3.18484,30,1239.288597
3.341358,30,1239.338121
0.994259,30,1239.388028
4.15703,26,1239.430218
1.370926,30,1239.475995
3.900895,30,1239.52273
4.200698,20,1239.556629
3.595581,17,1239.585671
3.302746,30,1239.632607
3.896042,25,1239.673265
4.205465,20,1239.710267
4.221043,28,1239.75675
1.044969,30,1239.804258
3.349788,30,1239.853477
3.314685,30,1239.904226
3.334111,30,1239.954015
3.347206,30,1240.001371
3.365785,30,1240.051128
0.120663,30,1240.101327
3.651361,18,1240.131518
1.444893,19,1240.159165
3.328986,30,1240.210907
3.989236,21,1240.25584
2.344779,29,1240.322841
3.048382,30,1240.397543
4.27796,18,1240.441694
0.045415,30,1240.516392
3.411428,30,1240.58638
3.370599,30,1240.658404
3.200578,30,1240.728426
3.345427,30,1240.801389
1.350753,30,1240.871834
3.30423,30,1240.9461
3.175021,30,1241.017616
3.967393,28,1241.086715
4.278474,24,1241.143203
4.130092,27,1241.207515
3.87424,27,1241.256507
3.353555,30,1241.307344
3.186898,13,1241.329188
3.922994,21,1241.361316
3.132148,30,1241.406505
1.08382,30,1241.457054
-0.754932,30,1241.504802
1.926335,30,1241.555805
3.295546,30,1241.603374
3.368545,30,1241.656875
4.220573,21,1241.690187
4.167551,19,1241.719562
4.044773,13,1241.739898
4.046219,26,1241.785082
3.000524,12,1241.804157
4.104028,19,1241.832371
4.049695,23,1241.87091
2.557312,30,1241.922669
3.064676,30,1241.968598
3.412412,30,1242.019512
2.198273,24,1242.058205
3.103616,30,1242.113497
2.877979,17,1242.142811
4.297195,23,1242.182091
2.319158,30,1242.235841
3.296678,30,1242.311535
2.140279,30,1242.386648
3.376246,30,1242.459639
3.400854,30,1242.536533
3.153308,17,1242.580499
4.285771,24,1242.641393
4.095077,13,1242.672481
3.376046,30,1242.749036
3.927177,24,1242.811775
1.992974,30,1242.883392
1.145288,30,1242.9555
3.412879,30,1243.025057
4.081406,26,1243.090275
2.300198,30,1243.160564
4.248258,17,1243.200738
4.255991,25,1243.25347
4.318654,27,1243.302186
2.91579,30,1243.354218
3.509235,22,1243.388501
2.625626,20,1243.419213
1.4142,30,1243.472493
1.773275,30,1243.520277
3.318551,30,1243.5694
3.384072,30,1243.618285
3.393899,30,1243.67198
3.264548,30,1243.719693
2.75125,29,1243.765985
1.898696,30,1243.813396
3.451896,30,1243.86681
3.209462,30,1243.915223
2.833397,17,1243.942727
3.356477,20,1243.975809
4.198775,20,1244.011673
3.206897,30,1244.062261
3.301646,30,1244.108804
3.37382,30,1244.157432
3.256452,30,1244.208659
4.116591,28,1244.265496
3.318074,30,1244.33748
3.18153,23,1244.392019
1.626657,30,1244.461839
3.383502,30,1244.538534
3.374124,30,1244.609712
3.331915,30,1244.681614
4.223569,22,1244.732523
3.37027,30,1244.806364
4.220188,17,1244.845041
3.409582,30,1244.912764
3.212113,30,1244.985854
1.924264,30,1245.056263
2.044076,19,1245.104388
3.321492,30,1245.177591
2.085249,27,1245.239475
4.281894,24,1245.277998
3.27599,30,1245.325212
3.129401,30,1245.371145
2.134109,30,1245.422378
3.43783,30,1245.469579
4.137848,24,1245.508946
3.831646,18,1245.539009
3.409384,30,1245.589851
3.095336,30,1245.640038
2.868726,14,1245.660923
3.26677,30,1245.711427
2.036978,30,1245.761492
2.226037,30,1245.812386
3.314628,30,1245.858905
3.963114,25,1245.899115
3.132127,30,1245.947934
3.413436,30,1245.998171
1.72361,19,1246.027511
4.020564,29,1246.076499
3.298435,30,1246.126601
3.232385,30,1246.175108
4.131465,25,1246.214864
3.415798,30,1246.275254
3.191761,30,1246.352462
2.98521,30,1246.421914
3.367803,30,1246.49609
4.306361,27,1246.560543
3.159624,14,1246.594267
4.324997,24,1246.650804
2.754368,30,1246.723048
3.267026,30,1246.795545
2.114358,30,1246.870632
3.291774,30,1246.943871
2.088916,30,1247.016431
3.239638,30,1247.088394
3.289245,30,1247.163671
4.073957,22,1247.216641
3.115395,30,1247.273731
3.201431,30,1247.317541
3.149536,30,1247.369621
4.070163,21,1247.403519
1.343113,30,1247.448541
2.863014,30,1247.502558
4.075638,12,1247.536061
2.944735,11,1247.564924
3.382505,30,1247.620753
4.112229,19,1247.652505
4.125686,21,1247.689515
3.047249,30,1247.740433
4.020118,12,1247.761377
4.215865,28,1247.810973
3.904756,21,1247.848856
1.172896,30,1247.898166
2.246503,24,1247.934479
4.258058,27,1247.977829
4.042687,20,1248.014481
1.968591,16,1248.04219
3.27169,30,1248.100865
3.242842,30,1248.151884
3.250043,30,1248.205494
3.583212,26,1248.247511
3.196585,30,1248.295231
2.943452,30,1248.342233
2.198731,20,1248.376779
3.414409,30,1248.425647
3.375883,30,1248.471886
4.212802,25,1248.511403
1.228684,30,1248.564296
1.217166,30,1248.612224
3.545731,15,1248.635917
4.145568,18,1248.66704
2.945299,16,1248.69726
4.190488,22,1248.735286
3.349209,30,1248.787179
4.2422,17,1248.816322
1.332744,30,1248.872505
2.918716,17,1248.907344
4.249337,19,1248.940182
4.338132,20,1248.976883
3.167719,30,1249.03427
1.659535,30,1249.087334
3.37525,30,1249.142227
3.344911,30,1249.195245
4.28438,20,1249.233537
2.980726,21,1249.274268
3.164084,30,1249.327995
4.151177,30,1249.376879
2.928309,13,1249.398664
2.9663,30,1249.44888
3.268603,30,1249.498528
3.427106,30,1249.54532
3.438769,30,1249.597103
4.070178,13,1249.618242
2.940112,19,1249.649448
4.317733,22,1249.682759
3.410103,30,1249.736198
4.202103,30,1249.784645
3.401705,30,1249.834879
3.64941,12,1249.854034
4.202519,23,1249.894785
3.089041,30,1249.947377
3.246007,30,1249.995218
3.370356,30,1250.044179
3.281587,30,1250.099879
3.246424,30,1250.147425
3.19733,30,1250.198402
3.388755,30,1250.246764
4.352078,17,1250.276906
3.141983,30,1250.329926
3.341496,30,1250.375326
2.098604,30,1250.424823
3.365601,30,1250.476153
3.226615,30,1250.530905
4.232053,30,1250.580089
3.052916,18,1250.610111
3.233085,30,1250.661466
3.407874,30,1250.711385
3.171949,24,1250.750232
3.452101,28,1250.794964
3.318558,30,1250.845976
3.187717,30,1250.894873
2.763072,30,1250.943364
2.922661,30,1250.993913
4.407685,23,1251.034586
3.403129,30,1251.09097
4.307592,24,1251.133255
3.199177,30,1251.182119
4.302535,22,1251.218621
3.115941,30,1251.270068
4.108569,27,1251.311492
3.129068,15,1251.334801
4.201616,26,1251.381563
3.339948,30,1251.428487
3.507998,19,1251.459031
3.960506,19,1251.491072
2.991458,15,1251.515754
2.218854,17,1251.545448
3.253017,30,1251.593276
3.080379,30,1251.64432
4.274554,24,1251.68478
2.59012,30,1251.737105
3.088754,30,1251.81965
3.344275,30,1251.911512
2.972692,12,1251.95498
3.154953,30,1252.040709
3.172572,30,1252.120249
3.303109,30,1252.21806
4.246844,27,1252.294442
4.119862,18,1252.344877
3.328851,30,1252.399799
4.113029,15,1252.427052
4.127053,28,1252.477831
3.049627,30,1252.529994
3.328381,30,1252.585466
2.803372,30,1252.637642
3.242069,30,1252.690123
2.188607,30,1252.739239
2.726522,30,1252.792419
1.379845,30,1252.848941
3.315986,30,1252.91084
3.369278,30,1252.972156
3.363581,30,1253.028085
1.840888,30,1253.084286
2.010605,30,1253.143693
4.056451,15,1253.172015
3.318545,30,1253.227821
2.446749,28,1253.28049
3.333634,30,1253.348268
4.043461,27,1253.405044
2.687779,10,1253.424608
3.206597,30,1253.500807
3.326222,30,1253.567965
4.401565,20,1253.609167
3.395824,30,1253.675466
2.870477,30,1253.737821
4.18094,17,1253.775417
1.183679,30,1253.844425
-0.84796,30,1253.91394
3.362065,30,1253.98423
4.236333,24,1254.038014
3.135063,11,1254.061302
3.373773,30,1254.12357
4.146717,23,1254.172024
3.174657,30,1254.254543
3.036529,15,1254.301384
4.260154,24,1254.367576
2.992887,30,1254.448584
4.000363,20,1254.501823
3.271516,30,1254.589876
2.971378,13,1254.617042
2.614817,30,1254.682675
3.2678,30,1254.744626
4.401706,28,1254.797206
3.377261,30,1254.850102
3.368574,30,1254.896342
4.293096,15,1254.923069
2.939478,30,1254.979856
3.353277,30,1255.032736
4.287621,25,1255.076905
3.285755,30,1255.133633
3.504872,23,1255.173653
1.093699,30,1255.22557
4.110537,15,1255.252438
3.020599,29,1255.313287
3.793069,18,1255.363831
3.070983,30,1255.421333
3.245295,30,1255.477549
4.195077,15,1255.504436
3.121308,30,1255.559934
4.23603,23,1255.601505
4.179392,23,1255.648493
3.274455,30,1255.706985
-0.230471,30,1255.757891
3.252399,30,1255.816505
-0.246455,30,1255.86729
3.175431,30,1255.923208
3.163741,30,1255.973956
4.335745,16,1256.001446
3.341244,30,1256.053966
3.43071,30,1256.105043
1.254452,30,1256.159126
3.34436,30,1256.21077
2.797571,19,1256.245199
3.321665,30,1256.304117
2.936761,14,1256.330551
1.085478,30,1256.400374
3.208461,30,1256.461951
1.96066,30,1256.523247
2.310022,30,1256.574342
3.319381,30,1256.625407
3.253917,30,1256.676346
4.174463,28,1256.726379
3.656006,23,1256.766049
3.351451,30,1256.817641
3.165418,28,1256.864576
2.080633,30,1256.94195
4.269801,23,1256.984675
4.203384,25,1257.028629
3.112266,30,1257.075933
3.361572,30,1257.13151
1.891099,30,1257.186742
3.081567,30,1257.262188
1.698443,30,1257.360661
0.220508,30,1257.483678
3.096966,30,1257.586246
2.772726,23,1257.65383
3.353679,30,1257.746832
1.164912,30,1257.832566
4.000378,16,1257.890396
4.076686,23,1257.99172
3.370614,30,1258.065995
4.416738,24,1258.119336
2.1757,30,1258.183312
4.137222,26,1258.236363
3.240823,30,1258.322831
2.983267,30,1258.388965
1.359632,30,1258.462258
3.380889,30,1258.532903
3.083165,30,1258.612652
3.131164,29,1258.678561
3.340554,30,1258.742118
3.127591,30,1258.798653
4.141227,25,1258.846231
3.417002,30,1258.917781
3.326703,30,1258.984595
2.262013,26,1259.0436
3.199259,30,1259.109152
3.875573,30,1259.178842
2.939345,30,1259.24188
3.869277,27,1259.336799
3.386077,30,1259.421009
2.974722,16,1259.464146
3.938595,29,1259.538691
3.649391,20,1259.593561
3.382467,30,1259.678989
1.215815,30,1259.76151
3.265139,11,1259.789064
3.382215,30,1259.850452
3.419071,30,1259.909877
3.262039,30,1259.976609
2.77873,27,1260.034877
1.765209,30,1260.104249
2.196457,19,1260.16723
2.058871,30,1260.260231
2.658942,30,1260.335364
3.267057,30,1260.396063
4.410541,23,1260.450616
4.230313,26,1260.551687
4.392955,23,1260.636307
3.777528,27,1260.708329
3.373844,30,1260.770889
3.017506,24,1260.823431
2.996503,30,1260.881409
3.147415,30,1260.943355
4.366298,22,1260.983313
3.289098,30,1261.042197
4.286471,25,1261.089735
2.984289,30,1261.154784
3.217078,30,1261.217841
3.215593,30,1261.288635
3.345698,30,1261.351737
4.338505,24,1261.426654
3.865476,24,1261.52217
3.18995,30,1261.604378
3.927079,17,1261.64324
3.331459,30,1261.707504
2.967743,30,1261.775242
3.206244,30,1261.870551
3.294561,30,1261.958081
3.340803,30,1262.024067
2.021897,21,1262.073908
1.986197,30,1262.14231
2.130025,18,1262.181401
4.102207,24,1262.237089
4.173981,25,1262.299095
1.318451,30,1262.371783
4.212342,25,1262.42987
4.251721,20,1262.486356
3.030417,20,1262.536001
4.224109,14,1262.607718
2.944107,16,1262.680926
3.35545,30,1262.769035
3.133903,30,1262.83561
3.328946,30,1262.906417
3.295138,30,1262.981247
3.340979,30,1263.066012
4.165828,16,1263.121374
3.201168,30,1263.20642
4.093104,17,1263.250047
3.338073,30,1263.328654
3.063394,14,1263.355767
3.179004,30,1263.418716
3.21402,30,1263.473797
1.026602,24,1263.519491
3.752185,15,1263.549851
1.833637,30,1263.61382
4.241021,19,1263.648464
3.310089,30,1263.708064
2.936907,11,1263.72946
3.989729,30,1263.788447
3.680055,16,1263.820088
3.232137,30,1263.877445
3.265828,30,1263.931615
3.323389,30,1263.989638
4.03773,25,1264.037356
3.82934,23,1264.07917
2.983269,30,1264.133307
2.20418,30,1264.190279
3.03543,30,1264.244571
3.359096,30,1264.299374
3.330994,30,1264.353339
3.224449,30,1264.411416
2.788541,30,1264.465959
3.631273,21,1264.503625
3.286052,30,1264.560107
3.183247,30,1264.619042
3.158655,30,1264.673389
4.208699,17,1264.704234
3.347385,30,1264.758836
3.087859,30,1264.815623
4.077032,26,1264.864281
3.340179,30,1264.917607
3.703498,16,1264.946055
3.081181,30,1265.00452
3.966429,30,1265.059561
3.391054,30,1265.1134
1.191698,30,1265.16315
2.064162,30,1265.226734
3.240128,30,1265.28004
4.164898,19,1265.314045
3.338737,30,1265.367554
4.008999,29,1265.425607
2.965054,30,1265.478969
3.096751,30,1265.533094
4.222299,20,1265.570511
1.264031,30,1265.62561
2.627249,16,1265.654421
2.649785,30,1265.708983
4.328754,20,1265.74492
3.059522,12,1265.767416
3.360177,30,1265.825637
3.118032,30,1265.881624
3.282344,30,1265.936211
4.16116,22,1265.980009
4.123662,21,1266.018955
3.243061,30,1266.07352
3.900757,30,1266.12714
2.34472,30,1266.182988
1.242815,30,1266.237597
3.724757,26,1266.282229
4.297313,25,1266.329344
3.99195,29,1266.384434
3.892822,21,1266.422079
3.335106,25,1266.465033
3.109548,30,1266.521254
3.340011,30,1266.577013
2.007596,30,1266.631403
3.353253,30,1266.685106
4.204575,17,1266.717032
4.408427,13,1266.742489
3.097782,30,1266.798127
2.098709,30,1266.8562
4.247741,26,1266.90491
3.407775,30,1266.986831
3.360678,30,1267.042478
4.127522,19,1267.076762
4.109282,24,1267.119693
3.143311,30,1267.177927
3.367225,30,1267.230336
4.271432,30,1267.283399
3.435814,30,1267.335991
2.994417,14,1267.364559
3.342285,30,1267.420841
2.034183,30,1267.474251
3.185005,30,1267.52809
2.298362,18,1267.564295
3.403779,30,1267.617679
3.227775,30,1267.672058
3.321997,30,1267.725543
2.759553,17,1267.756701
3.264776,30,1267.818021
3.250574,30,1267.870345
3.067133,30,1267.923683
3.277631,30,1267.981761
3.217391,30,1268.037302
3.209516,30,1268.090063
3.250683,30,1268.147718
3.44094,30,1268.204182
3.340059,30,1268.261194
3.191533,30,1268.313167
3.248278,30,1268.37567
3.099746,30,1268.438501
3.847397,25,1268.490055
3.239133,30,1268.542813
4.13706,28,1268.593009
4.270624,22,1268.636369
3.162008,30,1268.689001
3.094894,30,1268.744751
4.264442,24,1268.790621
3.106648,30,1268.84632
3.325967,30,1268.901821
3.33073,30,1268.955122
3.337804,30,1269.009834
3.967033,19,1269.045802
3.195466,30,1269.103443
4.235965,24,1269.14586
3.167488,30,1269.198858
2.71326,30,1269.257812
3.247113,30,1269.312801
3.3439,30,1269.366076
3.401823,30,1269.41993
4.011914,28,1269.471837
4.10615,25,1269.517638
3.466053,22,1269.555453
3.187316,30,1269.611694
4.294976,21,1269.651184
3.291013,30,1269.705252
4.26497,17,1269.738389
1.925201,27,1269.785391
2.991085,24,1269.832236
3.410455,30,1269.888794
2.763995,16,1269.916566
3.172042,30,1269.972241
0.556978,18,1270.006683
3.307311,30,1270.059835
3.156428,30,1270.114069
2.757957,30,1270.165826
2.991008,30,1270.223606
3.019506,30,1270.27794
3.319342,30,1270.332322
2.108369,30,1270.385422
1.11918,30,1270.445364
4.154953,19,1270.481954
2.650899,18,1270.513268
3.920855,13,1270.535872
2.775659,27,1270.589935
2.903583,21,1270.628674
4.155447,20,1270.665719
4.141236,29,1270.720657
3.183298,30,1270.777997
3.2574,30,1270.834293
3.258096,30,1270.888489
1.724495,29,1270.941508
4.00061,13,1270.96858
4.022864,14,1270.9934
3.141887,30,1271.051872
3.159868,30,1271.107455
-2.200263,30,1271.164755
4.14429,21,1271.20328
3.424928,30,1271.258965
3.228387,30,1271.315309
4.388005,18,1271.349214
4.056175,26,1271.399344
1.310487,30,1271.452863
3.263631,30,1271.508758
4.256462,26,1271.558621
4.069269,13,1271.585613
3.973637,19,1271.617116
4.228196,18,1271.649912
4.426801,26,1271.698545
1.881315,30,1271.754835
2.77139,12,1271.777493
1.10873,30,1271.829152
3.283091,30,1271.888567
4.368341,22,1271.92725
2.389104,30,1271.982037
1.402632,30,1272.034594
0.91055,30,1272.093544
3.815558,15,1272.122905
4.317362,24,1272.168771
0.93188,16,1272.197569
3.364202,30,1272.25412
3.354977,30,1272.311467
4.208718,20,1272.347614
3.167189,30,1272.400837
1.140233,30,1272.461051
2.731861,30,1272.523482
3.178954,30,1272.584884
3.207533,30,1272.640347
4.353413,22,1272.684121
3.273634,30,1272.740951
0.127284,30,1272.796358
3.221897,30,1272.849814
3.121736,30,1272.90751
2.329881,30,1272.959415
3.177668,30,1273.014341
4.298562,21,1273.051623
3.30918,30,1273.106605
2.129023,30,1273.161642
2.036183,30,1273.216375
3.715723,22,1273.257478
2.771814,17,1273.290632
3.429294,30,1273.346663
3.374424,30,1273.39973
3.610754,29,1273.450289
3.340917,30,1273.509872
2.941904,30,1273.562446
3.258204,30,1273.616673
4.306168,29,1273.668776
4.150824,21,1273.70834
3.316336,30,1273.762731
3.374459,30,1273.817152
3.330745,30,1273.872968
3.104968,30,1273.928958
0.052166,28,1273.979154
3.243534,30,1274.033936
3.041744,30,1274.087221
2.55433,15,1274.117556
1.483704,19,1274.153144
3.312435,30,1274.207096
3.717187,21,1274.24455
3.023155,19,1274.280934
3.366578,30,1274.336859
3.08574,30,1274.388323
3.079253,30,1274.442784
3.13695,30,1274.497924
3.050432,30,1274.553716
4.252125,20,1274.589511
3.993125,14,1274.612652
2.927999,30,1274.670495
4.251342,16,1274.699483
1.928474,27,1274.749301
2.351715,30,1274.801289
2.783944,17,1274.83559
3.307848,30,1274.893991
1.297891,26,1274.93966
3.279252,30,1274.994488
3.277694,30,1275.050206
4.081002,18,1275.083904
3.415303,30,1275.138141
2.963739,15,1275.166445
3.738739,23,1275.211999
3.292,30,1275.268425
4.381818,23,1275.311907
3.334076,30,1275.368693
2.890174,30,1275.424499
3.325349,30,1275.480587
4.174288,18,1275.511581
3.56154,26,1275.55862
3.231534,30,1275.6171
2.867203,30,1275.670069
3.790343,23,1275.709692
2.549545,30,1275.762592
3.179576,30,1275.820541
4.10536,16,1275.850026
3.38646,30,1275.906082
3.346836,30,1275.956894
3.435523,30,1276.038664
3.158964,30,1276.096773
4.312315,20,1276.13295
3.131176,30,1276.190622
4.090707,30,1276.248991
3.691095,15,1276.277298
3.325184,30,1276.333968
3.099296,30,1276.388055
3.859358,25,1276.434293
2.972867,16,1276.464296
3.26641,30,1276.519732
3.254165,30,1276.574814
3.829325,28,1276.627715
3.306404,30,1276.683106
2.83047,30,1276.737043
3.395644,30,1276.792644
2.230978,30,1276.850092
3.211986,30,1276.906697
2.300544,30,1276.959808
1.407031,30,1277.015163
4.184743,21,1277.056312
2.214018,30,1277.110517
3.263684,30,1277.165998
3.046373,30,1277.222386
3.309096,30,1277.277599
3.90753,29,1277.332622
2.821165,30,1277.38873
4.38664,25,1277.433806
3.075174,30,1277.496099
3.177976,30,1277.55184
4.328527,21,1277.596347
2.000766,17,1277.632752
2.117832,30,1277.699086
2.559603,30,1277.766392
3.581871,17,1277.803572
3.277398,30,1277.869267
3.016347,30,1277.938406
4.337275,28,1277.995838
3.897719,27,1278.054368
2.771922,30,1278.117779
4.362052,19,1278.160276
1.162312,30,1278.223889
3.388179,30,1278.289282
3.388549,30,1278.35334
4.292502,28,1278.417376
4.164065,23,1278.467364
3.276254,30,1278.528502
3.386383,30,1278.591649
3.414193,30,1278.661749
3.332622,30,1278.71917
3.424213,30,1278.776375
2.96239,30,1278.831578
4.288998,14,1278.861292
3.322529,30,1278.915137
3.499551,22,1278.9608
4.255962,25,1279.016231
3.423955,30,1279.086574
2.041058,30,1279.159419
3.331199,30,1279.219076
3.225878,30,1279.28505
3.413329,30,1279.346833
3.249951,30,1279.408488
3.254797,30,1279.471144
3.441884,30,1279.537292
3.197818,30,1279.595793
3.240403,30,1279.650725
4.293935,27,1279.70035
3.356721,30,1279.753916
4.322847,15,1279.785723
3.220942,30,1279.847693
2.044047,12,1279.871836
3.164039,30,1279.933956
3.322421,30,1280.039947
3.222072,30,1280.161465
1.173407,30,1280.293517
3.031037,14,1280.357679
3.927217,27,1280.460387
1.886127,30,1280.541639
3.693086,21,1280.587212
3.622168,13,1280.618859
3.33856,30,1280.683169
4.112426,28,1280.737473
3.280018,30,1280.792886
2.401923,15,1280.81853
4.328255,26,1280.87167
1.283723,30,1280.926945
3.264281,30,1280.98604
3.003429,30,1281.039009
2.571675,30,1281.097829
3.032262,30,1281.150442
4.381064,23,1281.192858
3.717177,28,1281.245885
3.149318,30,1281.30616
4.284978,24,1281.353936
4.255802,14,1281.379658
2.164182,30,1281.433343
3.068641,30,1281.49234
3.971219,23,1281.538826
3.084916,30,1281.592091
4.307245,21,1281.632625
3.72571,25,1281.679511
3.081684,30,1281.735312
3.250509,30,1281.815776
4.04565,29,1281.906377
3.231992,30,1281.992423
3.433616,30,1282.078123
3.893336,25,1282.153658
1.845765,30,1282.221469
3.3804,30,1282.281695
2.937214,30,1282.342177
4.145281,15,1282.372136
3.342677,30,1282.425614
2.922236,15,1282.455538
3.155323,30,1282.511246
3.548108,20,1282.548632
2.829826,30,1282.606093
2.874728,30,1282.662457
4.205712,26,1282.711084
3.39455,30,1282.765958
3.131966,30,1282.824296
3.262959,30,1282.886397
2.991791,30,1282.943577
3.406436,30,1282.996352
3.357172,30,1283.053562
3.443538,30,1283.107447
3.26446,30,1283.1665
4.075438,18,1283.200876
3.154042,30,1283.258371
2.07664,25,1283.305677
0.107826,30,1283.360485
2.781388,17,1283.391382
3.358359,30,1283.446887
3.246869,30,1283.50614
4.223263,14,1283.531814
1.284005,30,1283.58769
3.330754,30,1283.641654
4.00329,21,1283.684718
3.282324,30,1283.75859
2.831251,30,1283.860303
3.75163,26,1283.930339
3.213045,30,1284.008653
3.236457,30,1284.064646
3.358068,30,1284.119738
2.688626,30,1284.17479
3.24654,30,1284.256621
3.306915,30,1284.313307
3.42437,30,1284.369249
3.746229,25,1284.413464
2.753918,30,1284.467535
3.291899,30,1284.5226
1.161891,30,1284.575836
3.407612,30,1284.629972
1.378174,30,1284.683882
4.198687,19,1284.719176
2.959637,30,1284.774981
3.238752,30,1284.827372
3.190525,30,1284.88651
4.059117,25,1284.931714
3.871238,13,1284.954374
3.307353,30,1285.009611
3.309202,30,1285.065383
3.152614,30,1285.121088
1.336152,30,1285.172902
3.377122,30,1285.229537
3.381409,30,1285.288127
3.385282,23,1285.328985
2.860232,14,1285.353665
4.323457,19,1285.38836
3.186849,30,1285.445067
3.36689,30,1285.499825
3.265723,30,1285.55198
3.363313,30,1285.604949
2.714807,30,1285.66485
3.133384,30,1285.718667
2.68544,19,1285.753808
3.314648,30,1285.805201
3.291615,30,1285.863905
-0.452185,30,1285.916134
3.220711,30,1285.970304
3.322384,30,1286.023238
4.060175,20,1286.061363
1.272022,30,1286.1157
2.987575,30,1286.167641
4.007359,25,1286.215425
3.070886,15,1286.241241
2.048093,30,1286.298649
2.987873,17,1286.327541
4.050347,18,1286.361305
3.388612,30,1286.41771
3.360585,30,1286.47435
4.234012,20,1286.51184
3.810819,23,1286.552438
3.446158,30,1286.610309
3.22143,30,1286.66567
4.298794,18,1286.700223
3.352384,30,1286.752491
3.187419,30,1286.812003
3.280664,30,1286.866676
1.663792,30,1286.921812
3.098294,30,1286.976562
3.22303,30,1287.035988
2.924021,19,1287.071615
3.41506,30,1287.126781
3.275027,30,1287.182286
0.341742,30,1287.23648
2.398974,26,1287.285393
1.982126,13,1287.308588
1.883818,30,1287.361774
4.172991,28,1287.417225
2.952752,15,1287.444975
4.086797,17,1287.476258
3.227387,30,1287.536803
3.200684,30,1287.594291
3.179608,30,1287.651579
2.810603,30,1287.704015
4.138626,24,1287.746102
1.965655,30,1287.809056
3.135159,30,1287.86287
3.383838,30,1287.918526
3.201942,30,1287.969735
4.463798,28,1288.023565
0.488734,19,1288.057611
4.267525,25,1288.102873
3.368842,30,1288.158712
1.400417,30,1288.215094
1.322033,30,1288.271916
2.88094,17,1288.303694
3.210221,30,1288.360569
4.017965,23,1288.4031
2.099111,21,1288.444673
-0.363153,30,1288.499249
4.015157,22,1288.540659
4.035457,14,1288.565548
2.806838,11,1288.586544
3.080491,30,1288.639599
3.345642,30,1288.694961
3.270523,30,1288.749597
3.466248,30,1288.807924
4.315293,23,1288.850911
3.381258,30,1288.904136
3.031005,30,1288.961621
3.408403,30,1289.015651
3.411183,30,1289.070693
3.168077,30,1289.123946
4.041595,15,1289.154968
3.024399,30,1289.210861
3.365894,30,1289.269101
3.145042,30,1289.322288
3.144179,30,1289.380795
3.205277,30,1289.434543
4.021685,13,1289.462352
4.230845,22,1289.502771
3.245558,30,1289.561325
3.370426,30,1289.614435
3.99554,17,1289.64357
3.297897,30,1289.699619
3.099209,30,1289.756853
3.339804,30,1289.814309
1.856997,30,1289.866986
3.275055,30,1289.923537
2.078773,30,1289.981228
3.375907,30,1290.037143
3.379858,30,1290.092934
3.862545,28,1290.144202
1.876971,30,1290.200198
3.343325,30,1290.256288
3.010273,30,1290.310777
3.304054,30,1290.364896
3.232176,30,1290.424789
1.262251,30,1290.478372
3.23168,30,1290.534049
2.746371,30,1290.589965
3.197486,30,1290.650166
1.944209,30,1290.707227
3.24178,30,1290.763537
3.162926,30,1290.819334
1.118384,30,1290.874867
3.354045,30,1290.931512
2.140399,20,1290.968565
3.269849,30,1291.026074
3.251835,30,1291.080697
4.221771,24,1291.125629
4.433535,20,1291.160949
2.890013,16,1291.189313
3.344743,30,1291.24396
4.31514,20,1291.28032
1.741041,30,1291.333422
1.83748,30,1291.387587
4.09565,29,1291.442277
2.850855,30,1291.500576
4.19777,22,1291.539518
3.413387,30,1291.593113
3.353223,30,1291.649488
4.277404,23,1291.692603
3.009991,23,1291.734019
4.427708,24,1291.77628
3.422928,30,1291.830503
4.260387,21,1291.868294
3.152767,30,1291.924092
3.228524,30,1291.97898
4.024999,26,1292.029042
3.29844,30,1292.083884
3.254961,30,1292.141573
3.235364,30,1292.192169
3.219755,30,1292.25256
1.902683,30,1292.306022
3.199763,30,1292.360775
3.409441,30,1292.414257
3.168616,15,1292.443423
3.197647,30,1292.501397
3.241723,30,1292.555796
4.253358,27,1292.606324
3.316912,30,1292.661881
3.307932,30,1292.717691
3.374562,30,1292.772774
3.41722,30,1292.830544
4.383913,21,1292.870781
3.324956,30,1292.926131
3.001472,15,1292.95207
3.007079,13,1292.976778
4.400306,27,1293.025779
2.881708,30,1293.079954
4.173424,29,1293.131124
3.384775,30,1293.188039
3.36988,30,1293.242411
4.259556,27,1293.292531
4.207249,15,1293.319351
4.328139,27,1293.368777
3.430439,30,1293.426377
0.895563,30,1293.47976
3.004666,18,1293.513529
3.266215,30,1293.56782
1.897485,30,1293.624611
3.322952,30,1293.679787
2.005362,26,1293.726968
2.953232,30,1293.782275
3.269676,30,1293.862173
3.145024,21,1293.904092
1.30979,30,1293.961623
3.330236,30,1294.020013
3.315456,30,1294.078372
4.030832,15,1294.104178
4.427915,21,1294.144306
3.253528,30,1294.197085
3.11146,30,1294.257339
1.337873,30,1294.311765
4.066844,22,1294.352463
3.231284,30,1294.407132
3.313613,30,1294.464583
3.39243,30,1294.520119
3.397662,30,1294.57771
3.397,30,1294.631747
1.319491,30,1294.689725
3.392605,30,1294.743332
2.024074,30,1294.799363
4.21037,23,1294.839341
3.890921,30,1294.89974
2.281154,28,1294.952469
4.150332,25,1294.997975
3.371117,30,1295.055888
3.306421,30,1295.113047
4.125241,28,1295.166123
3.448678,30,1295.223462
3.84384,26,1295.27193
3.647333,23,1295.315868
3.267872,30,1295.370468
3.291324,30,1295.426188
3.301124,30,1295.480034
3.405587,30,1295.540921
4.1374,22,1295.58204
3.008775,14,1295.608244
3.330324,30,1295.662923
3.155726,30,1295.72038
1.352985,30,1295.774823
3.397794,30,1295.831136
4.163349,24,1295.876019
3.243486,30,1295.933323
4.118887,23,1295.977101
3.377223,30,1296.034873
4.280327,25,1296.081876
2.285939,20,1296.120445
3.216096,30,1296.176902
3.436149,30,1296.233501
2.089382,30,1296.289158
4.135556,24,1296.335945
4.289075,25,1296.385486
2.861295,30,1296.438557
3.392148,30,1296.497709
3.264155,30,1296.554645
3.398912,30,1296.613166
3.323703,30,1296.669203
4.367692,21,1296.709466
4.094597,19,1296.74817
1.478215,27,1296.798257
3.126381,30,1296.853427
3.049129,30,1296.911793
4.014504,19,1296.948875
3.167759,30,1297.002954
4.067308,28,1297.057423
3.260524,30,1297.114365
2.58078,22,1297.155526
1.321935,30,1297.213588
3.233427,30,1297.266133
4.389942,23,1297.310082
2.335558,17,1297.343158
4.391846,30,1297.399589
3.33956,30,1297.457754
3.000212,30,1297.514351
2.630157,30,1297.572871
4.381077,27,1297.623732
3.256374,30,1297.678798
4.226429,30,1297.736161
0.276724,30,1297.793596
3.930673,30,1297.852968
3.97424,29,1297.906268
2.087767,30,1297.962242
4.094524,14,1297.990256
3.31311,30,1298.048412
1.918804,27,1298.096171
4.333396,24,1298.141277
4.211439,25,1298.191403
3.268382,30,1298.246192
3.983147,13,1298.270607
4.266039,17,1298.305971
2.79023,30,1298.362068
3.641936,20,1298.398757
3.671451,24,1298.44461
3.162265,13,1298.469172
4.115253,22,1298.511993
3.346687,30,1298.566254
1.65228,22,1298.60785
1.846125,30,1298.662483
3.320507,30,1298.721309
4.014827,17,1298.75325
4.14161,21,1298.791112
3.237825,30,1298.845514
2.13568,14,1298.872838
2.059057,30,1298.932534
3.958266,25,1298.98052
3.21166,20,1299.018223
4.347831,19,1299.057883
3.004348,29,1299.110984
4.285505,14,1299.138372
3.363075,30,1299.192394
3.340888,30,1299.253352
3.372898,30,1299.307444
3.412145,30,1299.363224
3.40498,30,1299.422209
4.254259,29,1299.475769
3.346912,30,1299.53344
3.275534,30,1299.586045
3.344765,30,1299.642352
2.11232,20,1299.679149
3.328612,30,1299.735332
3.296151,30,1299.790589
3.34268,30,1299.844948
4.072703,26,1299.899014
3.281598,30,1299.951539
3.260696,30,1300.007485
3.111039,30,1300.062635
3.416226,22,1300.105896
2.932658,30,1300.159391
4.316321,22,1300.19984
0.919548,30,1300.253936
3.295823,30,1300.313788
3.742783,19,1300.348108
3.325771,30,1300.402086
3.315196,22,1300.444081
3.012018,30,1300.500654
3.153563,30,1300.556572
1.995797,30,1300.613178
3.381953,30,1300.670291
3.085518,12,1300.693408
3.234624,30,1300.74794
4.085256,24,1300.791804
2.754864,30,1300.846487
2.770145,19,1300.880298
2.815361,20,1300.918852
3.150732,30,1300.974959
4.068054,15,1301.001507
3.026979,30,1301.058654
1.350976,30,1301.11565
2.880442,23,1301.156839
4.034202,15,1301.184825
2.989752,18,1301.221566
3.385584,30,1301.275602
3.309121,30,1301.332437
3.215054,30,1301.389635
3.305067,30,1301.448392
3.42214,30,1301.504605
3.32146,30,1301.559696
1.255999,30,1301.617595
3.281173,30,1301.674402
3.319189,30,1301.730959
1.331164,30,1301.787261
3.301278,30,1301.840103
3.339785,30,1301.899933
3.380872,30,1301.953185
2.181546,30,1302.00963
3.009591,30,1302.062768
3.388089,30,1302.121022
3.234614,30,1302.177575
3.175788,30,1302.233467
3.38397,30,1302.287771
2.958711,30,1302.345894
3.083066,15,1302.37259
2.987861,30,1302.428304
4.172264,26,1302.476464
4.348267,25,1302.527294
3.384009,30,1302.582386
3.384388,30,1302.638973
3.394477,30,1302.694236
3.251612,30,1302.754573
3.364407,30,1302.813979
2.341602,22,1302.855673
3.299177,30,1302.910779
3.227855,30,1302.970212
3.408116,30,1303.024703
3.350401,30,1303.081339
4.187641,17,1303.114028
1.139062,30,1303.168896
2.527238,30,1303.226271
4.25496,27,1303.276402
3.305376,30,1303.329185
4.001501,24,1303.37749
0.468219,30,1303.434083
1.013225,30,1303.487706
1.868129,30,1303.54608
3.319464,30,1303.628035
3.289583,30,1303.686126
3.433943,30,1303.741409
3.287982,30,1303.797589
3.172187,30,1303.855121
3.3595,30,1303.912344
3.353545,30,1303.965801
4.089789,28,1304.020458
3.151061,30,1304.079675
3.302476,30,1304.133957
2.241501,23,1304.1759
3.065784,22,1304.216235
3.436585,30,1304.277396
4.190728,19,1304.312479
3.31735,30,1304.370821
3.224447,30,1304.426792
4.112216,29,1304.482872
3.041094,22,1304.521466
2.98059,23,1304.565226
3.232122,30,1304.621262
4.230695,28,1304.675865
2.087666,30,1304.731791
2.715937,30,1304.786224
1.233592,30,1304.840011
4.315825,17,1304.874928
1.971606,30,1304.933215
3.160525,30,1304.987949
3.341339,30,1305.044678
3.998162,23,1305.091232
2.019722,30,1305.147464
3.168741,30,1305.204424
2.995809,30,1305.260118
2.194346,30,1305.320886
3.270556,30,1305.3783
4.221881,28,1305.428071
1.312398,30,1305.484374
3.381524,13,1305.50983
3.061816,13,1305.534132
3.144544,30,1305.593028
2.931911,18,1305.624764
4.129912,16,1305.65968
4.086761,20,1305.698612
3.290736,30,1305.754456
3.033291,12,1305.777407
2.895049,30,1305.837141
3.183709,30,1305.895533
3.403195,30,1305.950794
3.401756,30,1306.009486
3.308865,30,1306.067904
2.594371,30,1306.124803
4.126893,25,1306.171098
4.204955,16,1306.201016
2.090568,15,1306.232518
1.281945,17,1306.264454
3.024933,30,1306.32143
3.214686,30,1306.378405
2.252055,15,1306.413265
3.686194,18,1306.445024
4.261947,28,1306.498086
1.393476,30,1306.553304
2.670813,12,1306.577955
3.438831,30,1306.633076
1.386582,30,1306.690179
3.407427,30,1306.743729
-0.912751,30,1306.802674
1.360907,30,1306.857363
3.227409,30,1306.914636
4.174404,26,1306.962264
3.378661,30,1307.023269
3.100806,13,1307.045161
3.287999,30,1307.102118
3.132916,30,1307.158413
2.683915,14,1307.185922
3.335945,30,1307.243491
4.295557,23,1307.288026
3.218456,30,1307.34273
3.307992,30,1307.403451
3.41197,30,1307.467566
2.960231,30,1307.527665
3.238498,30,1307.585507
3.083779,13,1307.610941
3.406286,30,1307.672734
4.207606,22,1307.714178
3.26743,30,1307.772593
3.944174,30,1307.832341
4.333695,27,1307.882889
3.439436,30,1307.941882
4.037456,30,1307.995218
-1.073179,16,1308.02499
4.096195,21,1308.06234
3.178876,30,1308.120498
3.225052,30,1308.174007
3.018244,30,1308.237417
1.680558,23,1308.28161
2.930259,21,1308.32043
4.165201,25,1308.367214
2.899629,16,1308.398542
3.24009,30,1308.456157
4.270639,28,1308.506897
3.967843,26,1308.55602
3.466481,30,1308.617335
3.014902,30,1308.671895
3.983029,28,1308.722619
3.328851,30,1308.780158
3.350317,30,1308.838907
3.999769,17,1308.874991
3.036558,30,1308.937099
3.094993,30,1308.992908
2.102643,30,1309.055118
3.407035,30,1309.111901
3.344744,30,1309.172551
4.216442,17,1309.203955
3.352452,30,1309.268653
4.109519,29,1309.323296
3.956814,14,1309.349371
4.091033,12,1309.372565
4.160885,22,1309.41629
2.694734,30,1309.472075
4.268009,27,1309.524201
3.391744,30,1309.584409
3.378916,30,1309.639215
3.131334,30,1309.69802
3.29177,30,1309.751248
4.040262,26,1309.800254
4.364294,26,1309.848207
3.233143,30,1309.90659
3.220058,30,1309.960953
3.111024,14,1309.990199
4.13031,13,1310.015426
4.106725,20,1310.053247
3.141795,30,1310.10798
1.741918,30,1310.161858
4.229369,26,1310.213575
3.391264,30,1310.269655
3.075538,28,1310.320784
2.978079,30,1310.374248
3.410535,30,1310.431071
3.371365,11,1310.457951
1.367994,30,1310.5157
4.176439,18,1310.550238
4.206788,28,1310.605812
3.174903,19,1310.639939
3.72163,22,1310.684294
1.892153,30,1310.739215
1.264589,30,1310.797982
4.130033,22,1310.838534
2.945289,30,1310.89525
3.302899,30,1310.94903
-1.44905,30,1311.004806
2.128778,25,1311.050935
4.233523,24,1311.097669
4.004071,18,1311.131231
1.889486,18,1311.164659
4.266255,17,1311.19702
3.339292,30,1311.256979
4.012477,15,1311.28407
2.580789,18,1311.318136
1.817086,30,1311.376529
1.3677,30,1311.429118
3.413974,30,1311.492154
1.221606,30,1311.557399
4.165257,20,1311.600466
3.024309,30,1311.66307
4.364053,13,1311.686238
3.225159,30,1311.743871
4.10306,20,1311.781749
4.285975,17,1311.815107
4.314994,26,1311.861621
2.201069,30,1311.91915
3.026756,30,1311.973326
4.264713,25,1312.017721
3.245016,30,1312.072718
3.364221,30,1312.128251
4.126307,17,1312.164945
3.317453,30,1312.219482
3.190935,30,1312.276203
3.975501,25,1312.323704
3.076461,20,1312.361139
2.129885,20,1312.397121
2.488947,30,1312.449509
2.949037,29,1312.50847
4.128654,28,1312.560531
3.129127,30,1312.617321
4.121969,25,1312.665129
3.975581,26,1312.716673
4.140872,23,1312.759225
1.39969,30,1312.817178
3.36147,30,1312.875603
3.141535,30,1312.934962
1.433707,30,1312.992015
1.883364,27,1313.039579
3.4099,30,1313.098701
3.232155,30,1313.1545
2.977497,15,1313.182511
3.365774,30,1313.239095
2.771347,30,1313.293358
3.401109,30,1313.377386
3.410946,30,1313.443482
1.183549,30,1313.500403
3.078038,30,1313.556128
3.323491,30,1313.616793
4.328717,25,1313.663486
1.381298,30,1313.717956
3.22959,30,1313.790428
4.37647,25,1313.84046
4.193555,19,1313.875966
3.343913,30,1313.930619
2.93111,30,1313.985768
3.342732,30,1314.042907
3.218371,30,1314.099842
4.10825,22,1314.141409
2.765481,30,1314.198407
4.142103,18,1314.231946
0.383744,14,1314.259495
4.395748,23,1314.302293
2.620944,17,1314.331707
4.178865,24,1314.378456
3.402178,30,1314.432263
3.27437,30,1314.489622
3.293567,30,1314.550541
3.083444,19,1314.593425
4.393146,19,1314.631018
4.038017,20,1314.668781
4.161854,26,1314.714933
3.319099,30,1314.774951
3.299731,30,1314.826843
3.151104,30,1314.881809
3.04821,30,1314.934614
3.246875,30,1314.992386
2.650521,30,1315.043858
4.061719,27,1315.094919
4.23006,21,1315.132051
3.166982,30,1315.191822
4.084759,26,1315.236484
3.407803,30,1315.293288
4.153893,26,1315.339169
2.978927,30,1315.39781
2.496343,30,1315.452646
3.950424,24,1315.496451
3.195566,30,1315.553012
4.401615,20,1315.591148
4.317186,21,1315.630034
3.718486,28,1315.685291
4.213708,20,1315.72154
4.011888,26,1315.773783
4.364537,19,1315.805844
3.816331,30,1315.86138
3.808914,29,1315.913643
2.735589,20,1315.951921
2.948113,30,1316.007577
3.092245,30,1316.060898
3.333433,30,1316.117291
4.258356,23,1316.159973
3.297118,30,1316.217464
4.22672,24,1316.260229
3.219972,30,1316.314595
3.06757,30,1316.374596
3.298223,30,1316.428588
3.392374,30,1316.482606
3.384319,30,1316.539597
3.390105,30,1316.599138
3.171605,30,1316.654394
3.235552,30,1316.712531
2.174866,26,1316.760805
3.263731,30,1316.820707
3.386778,30,1316.875521
3.240223,30,1316.93294
1.447857,30,1316.985798
3.197114,30,1317.042747
3.445335,30,1317.0989
3.41296,30,1317.155242
3.37293,30,1317.210829
3.338021,30,1317.270815
3.440657,30,1317.324086
4.2498,20,1317.362762
3.579417,20,1317.400522
4.148401,24,1317.446811
2.992882,30,1317.504299
3.206251,30,1317.557086
3.164995,30,1317.61446
3.399489,30,1317.670892
2.982724,30,1317.730951
3.222735,30,1317.785182
3.353519,30,1317.842879
3.191833,30,1317.900584
1.382299,30,1317.957076
3.070589,11,1317.978364
4.042246,27,1318.027115
3.212669,30,1318.085803
2.668917,22,1318.124598
3.272409,30,1318.184524
1.25827,30,1318.260217
3.333252,30,1318.326322
4.264091,24,1318.371845
4.318721,26,1318.418659
3.329361,30,1318.473492
1.173561,30,1318.52987
3.326072,30,1318.588318
4.144309,19,1318.624358
3.424274,30,1318.677708
3.392238,30,1318.738713
4.08486,24,1318.783919
3.92517,29,1318.837322
3.221232,30,1318.892523
3.325044,30,1318.950572
3.293305,30,1319.005332
3.070079,30,1319.06332
3.303763,30,1319.116396
3.716634,27,1319.171128
4.314671,18,1319.20537
3.407148,30,1319.261276
4.000869,20,1319.297857
4.182393,18,1319.332994
2.914035,19,1319.36709
4.127591,20,1319.402633
1.262379,30,1319.459112
4.219158,28,1319.51348
3.162865,30,1319.580856
1.378166,30,1319.641571
4.20845,23,1319.685805
4.203001,23,1319.730595
3.353844,30,1319.787842
1.34427,30,1319.84032
3.759155,15,1319.869717
3.240024,30,1319.927439
2.676904,21,1319.965807
4.238347,24,1320.010971
3.354333,30,1320.067314
4.122862,28,1320.11904
3.411339,30,1320.179509
4.367855,18,1320.212068
4.331576,24,1320.256837
4.125459,26,1320.308386
4.235138,25,1320.35437
3.29263,30,1320.414175
3.310014,30,1320.469083
1.877096,30,1320.532992
4.110293,28,1320.587882
3.057195,30,1320.643152
4.146363,16,1320.672899
1.234518,30,1320.733248
3.420717,30,1320.786832
4.338304,23,1320.829397
4.370296,19,1320.864512
1.360032,29,1320.917879
3.908758,15,1320.945391
3.283463,30,1321.00002
3.382674,30,1321.05607
3.288357,30,1321.111966
3.365269,30,1321.170128
3.284882,30,1321.22538
4.37043,19,1321.260693
3.162837,30,1321.318235
3.976072,15,1321.347044
3.190963,30,1321.402579
3.356648,30,1321.45811
2.111867,30,1321.516278
3.398986,30,1321.571518
0.850929,16,1321.600504
4.073515,14,1321.628175
3.071485,30,1321.684827
3.461401,30,1321.741945
4.307751,30,1321.796336
4.160938,20,1321.833952
3.037983,16,1321.864641
3.721991,15,1321.893866
3.223123,30,1321.946655
3.31482,30,1322.001928
4.000823,27,1322.054899
2.000445,16,1322.082271
4.255198,26,1322.129574
4.070453,19,1322.164619
1.977798,30,1322.221365
4.320955,23,1322.262294
4.550007,25,1322.308628
4.066736,25,1322.354857
3.338458,30,1322.4119
3.921231,15,1322.439298
4.380756,23,1322.482642
2.896897,30,1322.537132
1.86943,30,1322.595226
3.307481,30,1322.648831
2.779295,30,1322.706539
3.336089,30,1322.760336
3.954506,27,1322.816705
3.967604,27,1322.866374
1.952556,30,1322.918941
3.992911,10,1322.939638
2.391496,22,1322.998994
3.39138,30,1323.062826
4.046135,17,1323.093561
3.097521,30,1323.146777
3.294249,30,1323.204035
4.38596,23,1323.246973
3.118204,30,1323.300917
4.04267,18,1323.335355
0.601374,30,1323.393022
4.21704,25,1323.438266
3.384333,30,1323.494819
4.390353,21,1323.532886
2.81135,30,1323.594792
3.141085,30,1323.64942
3.536297,22,1323.693225
2.938836,30,1323.746904
1.161572,30,1323.804407
4.325812,29,1323.858356
3.391967,30,1323.911443
4.368326,26,1323.958
1.997925,30,1324.01506
4.213141,18,1324.04932
3.283605,30,1324.102774
3.381021,30,1324.157138
1.205945,30,1324.213962
3.414981,30,1324.270373
3.329037,30,1324.322645
-0.683338,19,1324.358013
4.169737,30,1324.416579
3.137405,30,1324.471902
3.259343,30,1324.529724
3.803652,26,1324.575965
0.729871,30,1324.633928
3.204754,30,1324.689594
3.293184,30,1324.746404
3.228698,30,1324.800608
1.846393,29,1324.855208
3.98351,23,1324.89784
3.267745,30,1324.953716
3.190371,30,1325.006569
2.714735,30,1325.065202
3.073234,30,1325.117373
1.170724,30,1325.172925
3.124949,30,1325.226509
3.407262,30,1325.284049
2.712343,30,1325.339105
1.055193,30,1325.392256
3.21035,30,1325.444253
2.640392,30,1325.505806
3.635638,19,1325.53934
3.284951,27,1325.590017
4.251369,20,1325.627056
4.201945,22,1325.671305
4.005046,30,1325.725434
3.296637,30,1325.78383
2.709489,16,1325.813717
3.854113,13,1325.838037
3.254931,30,1325.893822
3.733725,16,1325.922051
3.299668,30,1325.980341
3.210827,30,1326.036498
3.22035,30,1326.095038
4.017886,29,1326.148186
3.91478,29,1326.201972
3.237895,30,1326.261603
3.057902,30,1326.315931
2.012435,14,1326.343413
3.806719,18,1326.375463
3.29891,22,1326.420593
3.300034,30,1326.473259
3.769932,26,1326.522076
2.713356,21,1326.560717
2.229757,30,1326.619043
2.140804,29,1326.671497
3.223366,30,1326.726435
3.07234,30,1326.784518
1.836395,30,1326.8434
3.273099,30,1326.900195
3.386801,30,1326.953622
0.947355,18,1326.984995
3.117162,30,1327.041376
1.336666,13,1327.06715
4.315668,28,1327.116959
2.753352,23,1327.157811
3.286155,30,1327.217379
3.359185,30,1327.270502
3.373214,30,1327.326039
4.277572,27,1327.378072
2.77671,25,1327.424417
3.250522,30,1327.478431
3.397106,30,1327.533649
3.13202,30,1327.587591
4.072238,16,1327.618664
3.412341,30,1327.678351
3.111492,30,1327.733306
2.571323,25,1327.783982
3.348068,30,1327.841695
3.046634,30,1327.898747
3.796387,19,1327.930116
4.255854,28,1327.981093
1.373526,30,1328.038202
3.217128,30,1328.094509
4.121857,21,1328.134573
3.216499,30,1328.189989
3.110063,30,1328.248703
2.722665,30,1328.305224
2.787998,13,1328.328008
4.000088,13,1328.354137
3.058667,30,1328.411222
4.166422,19,1328.44646
4.339067,25,1328.490766
3.04417,30,1328.545349
1.959124,30,1328.598446
4.355385,23,1328.6423
4.001893,14,1328.666572
4.482151,29,1328.718594
3.357689,30,1328.778464
3.7229,15,1328.806282
3.618501,17,1328.835948
2.844092,30,1328.892726
3.25743,30,1328.949986
3.399236,30,1329.006002
4.113905,25,1329.05182
2.859289,30,1329.104722
4.192322,27,1329.156842
2.834571,15,1329.185729
1.382933,30,1329.237514
3.423763,30,1329.2927
3.162518,30,1329.349195
2.142845,30,1329.404237
3.405346,30,1329.459667
3.394098,30,1329.515396
3.203839,30,1329.572224
0.09549,30,1329.628413
2.240523,26,1329.674233
3.33837,30,1329.730279
4.168842,29,1329.787533
4.300682,18,1329.822279
3.419432,30,1329.873163
3.413177,30,1329.927665
1.255387,30,1329.986185
3.397016,30,1330.041263
1.949436,30,1330.095305
4.029992,26,1330.142302
1.951981,30,1330.198121
3.268229,30,1330.252459
3.395635,30,1330.309813
3.323718,30,1330.365637
3.564758,22,1330.40834
4.032051,19,1330.443344
4.280308,16,1330.474
3.166524,30,1330.52712
-0.18554,30,1330.583938
3.029364,30,1330.640655
3.335966,30,1330.700554
3.319711,30,1330.755895
4.14922,14,1330.784913
3.285136,30,1330.840533
2.194352,30,1330.89829
2.405516,16,1330.927993
3.468232,30,1330.984295
3.396514,30,1331.041191
3.311906,30,1331.096207
2.755595,12,1331.117282
2.78669,20,1331.155936
3.099669,30,1331.212319
4.08796,15,1331.238975
3.398729,30,1331.295533
1.977232,30,1331.353874
3.337701,30,1331.408395
3.375913,20,1331.444071
2.991687,30,1331.500924
3.155306,14,1331.527171
4.219463,28,1331.579638
2.088291,30,1331.636971
0.354388,28,1331.691139
4.076937,21,1331.731618
4.184494,22,1331.772137
2.541128,30,1331.830546
1.25785,30,1331.884038
3.750534,24,1331.930856
2.898012,17,1331.962959
-0.178597,30,1332.01835
3.27945,30,1332.073895
4.037147,12,1332.099185
3.339007,30,1332.154533
4.061203,27,1332.205032
3.2084,30,1332.260753
3.398049,30,1332.320378
2.059203,30,1332.375796
2.634443,30,1332.429507
3.379063,30,1332.481925
4.305337,24,1332.529408
3.28128,30,1332.585752
2.82268,30,1332.646613
2.115956,30,1332.710109
4.275065,20,1332.752485
3.213798,30,1332.815713
3.38389,30,1332.872248
3.40503,30,1332.926712
3.319265,30,1332.98795
3.385144,30,1333.043057
4.195276,30,1333.101194
1.145831,30,1333.154942
3.29209,30,1333.213987
3.423573,30,1333.270381
3.344118,30,1333.327642
2.684599,16,1333.35674
3.057512,30,1333.415896
3.136095,30,1333.474158
1.75299,23,1333.518221
3.275833,30,1333.572736
0.972454,30,1333.651974
3.355035,30,1333.710916
2.15886,18,1333.745028
1.681943,8,1333.759137
4.323726,18,1333.79594
3.379589,30,1333.856453
3.396136,30,1333.911547
-0.525215,17,1333.942417
3.282517,30,1334.001141
1.102605,30,1334.056565
3.346088,30,1334.114319
3.227849,30,1334.167719
3.314095,30,1334.227102
4.280001,29,1334.279912
3.712243,14,1334.30872
3.13442,30,1334.361821
1.366391,30,1334.422486
3.375186,30,1334.478444
4.361883,19,1334.514579
2.902235,22,1334.553704
3.432263,30,1334.612874
2.872977,13,1334.636419
2.713006,12,1334.659529
3.276155,30,1334.716512
2.30628,26,1334.765048
3.153307,30,1334.824861
3.440881,30,1334.878388
4.148633,23,1334.921694
3.336247,30,1334.982427
2.899281,15,1335.009871
3.897992,23,1335.052768
4.28675,16,1335.081623
4.120513,28,1335.136552
4.332167,20,1335.174296
1.245396,30,1335.229343
1.306307,30,1335.287017
3.918372,12,1335.313276
3.302137,30,1335.370042
4.081054,12,1335.391906
3.317584,30,1335.449499
2.614555,30,1335.508493
1.33675,30,1335.566456
4.11076,13,1335.590623
3.044073,30,1335.649184
3.917606,25,1335.699463
3.278172,30,1335.75478
3.150864,30,1335.813857
4.127303,29,1335.866695
3.429349,30,1335.927612
3.188647,30,1335.982659
0.99608,30,1336.035668
3.272468,30,1336.090563
2.141407,30,1336.149116
1.113394,30,1336.203391
3.16094,30,1336.262597
1.0106,30,1336.316588
3.408591,30,1336.376509
3.160215,30,1336.429044
1.297448,30,1336.485032
4.187142,15,1336.511309
4.259614,24,1336.556773
4.187509,19,1336.59428
4.305176,15,1336.623694
3.391884,30,1336.676697
3.394783,30,1336.735733
3.087659,16,1336.763944
4.277791,21,1336.805241
4.416546,17,1336.841958
3.889,27,1336.900747
3.830182,15,1336.931051
4.27423,30,1336.986676
3.307954,24,1337.032389
4.151783,13,1337.061414
2.969495,30,1337.116485
2.932025,30,1337.172506
2.128648,30,1337.228302
3.368864,30,1337.28688
3.415274,30,1337.342227
4.102541,27,1337.390739
4.130722,17,1337.422105
2.127955,30,1337.478869
2.975858,30,1337.535192
4.232555,16,1337.56442
-0.11038,30,1337.62117
2.977597,30,1337.678755
3.365568,30,1337.736856
3.37536,30,1337.791885
3.874994,30,1337.851702
3.203027,30,1337.912724
3.325991,30,1337.967928
3.998948,19,1338.000226
4.04753,19,1338.036064
2.424667,11,1338.059695
3.808286,26,1338.105636
4.061952,26,1338.153475
3.06303,15,1338.181309
4.147202,26,1338.230733
2.971635,30,1338.286374
4.276918,27,1338.334997
4.387378,17,1338.369417
3.199743,30,1338.426224
4.321319,20,1338.462974
4.232774,18,1338.497129
3.360322,30,1338.551324
4.04507,12,1338.575254
3.436939,30,1338.632972
-0.901365,30,1338.687574
3.157372,23,1338.729038
3.253995,30,1338.785981
3.003957,12,1338.807786
3.30861,30,1338.866003
3.202835,30,1338.918752
-0.565832,30,1338.979239
3.13574,30,1339.032579
3.173176,30,1339.091399
4.024673,21,1339.128826
3.383496,26,1339.182374
4.004809,29,1339.235485
3.341182,30,1339.291035
2.110159,30,1339.349988
0.915319,30,1339.406073
4.199191,17,1339.44195
2.759427,30,1339.507109
2.090638,30,1339.564964
3.057439,30,1339.625378
1.498841,30,1339.683095
3.879374,30,1339.738446
4.127486,12,1339.760756
3.280636,30,1339.825021
2.089349,30,1339.878282
2.774325,19,1339.912094
4.294737,18,1339.944836
3.333689,30,1340.004774
2.111574,30,1340.058881
3.281304,30,1340.113269
3.345767,30,1340.16633
3.01822,30,1340.224505
3.433129,30,1340.277764
1.813212,30,1340.335832
1.333454,30,1340.389173
4.107453,28,1340.441379
4.059012,23,1340.484182
3.009869,30,1340.542812
3.683302,23,1340.584969
2.042059,15,1340.616146
3.016376,30,1340.672333
3.247126,30,1340.726712
3.291322,30,1340.785105
3.356527,30,1340.841289
3.421219,30,1340.900821
2.810346,16,1340.928777
3.07333,30,1340.983176
3.092779,30,1341.040503
1.766324,30,1341.096921
1.444672,30,1341.152782
4.09211,14,1341.179014
3.217641,30,1341.241561
3.327202,30,1341.295398
3.054313,30,1341.353276
4.228413,18,1341.386516
4.341914,16,1341.420214
1.005223,30,1341.475821
2.747181,29,1341.527301
4.380465,24,1341.57306
1.289722,30,1341.628116
0.223911,30,1341.683558
3.438603,30,1341.742623
3.737213,22,1341.783794
3.257512,30,1341.839472
3.757188,12,1341.862901
3.177242,30,1341.920076
3.190154,30,1341.975024
3.009992,30,1342.034692
3.982227,23,1342.077564
4.119371,16,1342.107204
4.003807,15,1342.132688
3.382309,30,1342.192693
3.951886,18,1342.225621
2.084813,30,1342.281455
3.043899,30,1342.336652
0.895282,30,1342.39518
4.299057,21,1342.433292
3.30169,30,1342.491763
3.335958,30,1342.548161
3.179632,30,1342.607792
3.31269,30,1342.663545
3.397868,30,1342.72137
3.140645,30,1342.777471
4.112927,26,1342.832252
4.158844,22,1342.872715
3.356595,30,1342.930663
4.235149,21,1342.969541
2.954443,21,1343.009467
4.142218,24,1343.054392
2.726515,12,1343.07514
3.120549,30,1343.131974
3.306607,30,1343.188268
3.345541,30,1343.244608
3.134774,30,1343.300079
3.382803,30,1343.357287
4.071952,17,1343.389898
3.305427,30,1343.445312
3.378013,30,1343.503697
4.147412,30,1343.557948
4.160851,17,1343.593363
2.730818,13,1343.618505
3.251081,30,1343.67384
3.25127,30,1343.730409
3.25844,30,1343.78723
3.390355,30,1343.84463
4.269713,23,1343.887577
2.766628,30,1343.943299
2.010479,26,1343.993436
3.247464,30,1344.046914
3.244689,30,1344.102928
3.028409,30,1344.157166
2.023017,30,1344.217328
3.396494,30,1344.270378
3.107603,30,1344.326013
2.877095,30,1344.381148
3.268588,30,1344.437112
4.273011,28,1344.488376
3.267968,30,1344.542422
3.00752,30,1344.597847
3.263417,30,1344.654813
3.359319,30,1344.712893
4.268888,30,1344.765987
3.19742,30,1344.826965
2.983127,12,1344.851913
3.316697,30,1344.905366
1.098188,30,1344.960855
4.09565,25,1345.007037
2.602656,30,1345.063707
3.288581,30,1345.119793
3.310298,30,1345.174228
3.262707,30,1345.227054
4.030696,27,1345.27811
1.389793,30,1345.332707
3.389835,30,1345.3897
3.370644,30,1345.443335
-2.237459,26,1345.496938
1.321338,30,1345.550072
2.190732,22,1345.591439
3.151566,30,1345.643853
1.294899,30,1345.703888
3.043169,30,1345.757735
3.275007,30,1345.815388
4.241348,21,1345.853533
2.787739,14,1345.881535
3.358177,30,1345.950565
2.709907,30,1346.004946
2.828307,23,1346.04705
4.082779,29,1346.100309
2.251563,30,1346.155153
4.202437,27,1346.205372
3.14467,30,1346.259619
3.167254,18,1346.295714
3.006116,30,1346.348114
3.138057,30,1346.402675
3.356171,30,1346.458069
2.947271,15,1346.487075
3.822181,23,1346.5299
4.265526,18,1346.561693
3.298679,30,1346.617153
3.163958,30,1346.671566
3.088632,30,1346.73045
2.967898,30,1346.783537
3.357519,30,1346.839636
2.310757,14,1346.866124
4.054573,30,1346.922654
3.948604,28,1346.974628
4.266184,18,1347.005409
3.317771,30,1347.065837
3.286074,30,1347.118929
2.737821,9,1347.135393
3.270082,30,1347.191372
3.426725,30,1347.247641
2.258918,30,1347.303188
3.299931,30,1347.356575
3.238467,30,1347.413772
4.162204,24,1347.458584
3.298342,30,1347.515067
3.028783,30,1347.574573
3.176455,30,1347.628881
2.020366,30,1347.685526
1.024925,28,1347.737096
3.30834,30,1347.792504
3.922908,25,1347.841193
3.38324,30,1347.898428
3.318018,30,1347.955365
3.199683,30,1348.007811
3.02077,30,1348.061622
2.595531,16,1348.091666
3.411548,30,1348.144098
3.103565,30,1348.198902
2.473422,30,1348.253468
1.953051,22,1348.295304
3.956609,22,1348.331815
3.139381,30,1348.386465
4.127745,14,1348.409283
4.157566,17,1348.440062
3.41151,30,1348.496594
3.372538,30,1348.549213
1.948857,30,1348.602456
3.54862,22,1348.641855
1.297033,30,1348.697795
3.148284,30,1348.750087
4.270586,24,1348.793756
3.905418,27,1348.846835
3.338855,30,1348.902288
3.35403,30,1348.954547
2.993002,12,1348.976508
3.413819,30,1349.034909
3.344099,30,1349.087925
2.045967,30,1349.1447
3.286673,30,1349.19742
3.412155,30,1349.25636
3.31428,30,1349.308725
3.208076,30,1349.364674
4.247301,24,1349.411874
3.057769,22,1349.452021
4.046574,24,1349.495749
3.186568,30,1349.551451
3.30185,30,1349.603253
3.125391,30,1349.662407
4.220089,16,1349.692019
3.203713,30,1349.746088
4.162349,19,1349.782449
3.342083,30,1349.838387
3.422671,30,1349.896889
1.666762,30,1349.951411
2.826953,10,1349.970903
2.142383,30,1350.030557
3.211639,30,1350.089352
3.393011,30,1350.143448
3.26441,30,1350.198379
4.171794,23,1350.243022
3.918482,28,1350.296736
3.827997,22,1350.337606
0.899288,30,1350.396105
3.142261,30,1350.45249
2.837618,30,1350.50733
4.105943,28,1350.558789
2.15195,14,1350.585235
3.150458,14,1350.61462
2.822889,12,1350.636734
4.30809,25,1350.682581
3.190933,30,1350.738283
2.976003,13,1350.764333
1.095708,30,1350.823709
3.009885,30,1350.880417
0.694731,30,1350.936828
2.072054,30,1350.994831
4.198554,22,1351.035573
4.177147,23,1351.078782
3.198244,30,1351.134037
4.007509,30,1351.195786
3.231794,30,1351.254597
4.221424,18,1351.289628
3.963386,26,1351.33817
2.537239,30,1351.397515
1.197624,30,1351.450602
-0.262667,30,1351.509056
3.104294,30,1351.564958
3.103334,11,1351.58915
3.991055,19,1351.625103
3.017525,30,1351.679391
3.097666,30,1351.738459
4.143156,17,1351.771417
3.21474,30,1351.829793
4.196831,20,1351.867495
2.785543,30,1351.924223
4.467784,19,1351.962111
3.254345,30,1352.018923
4.322509,19,1352.054608
3.357344,30,1352.111783
2.225756,25,1352.159753
2.882559,30,1352.216688
3.393854,30,1352.274169
3.260637,30,1352.327308
1.721011,30,1352.385915
4.136204,21,1352.424376
3.549824,20,1352.461264
3.84717,30,1352.51924
1.334648,30,1352.577344
2.990752,17,1352.607535
3.200125,30,1352.665329
3.982453,27,1352.716219
2.919019,16,1352.747613
2.976814,30,1352.806975
4.177956,22,1352.852039
2.105087,30,1352.908206
2.867445,27,1352.961885
3.143533,30,1353.01926
2.798,30,1353.074934
3.430574,30,1353.130993
4.220075,24,1353.178805
4.064191,19,1353.216713
3.158236,30,1353.272919
3.348758,30,1353.327885
3.322379,30,1353.38904
1.244226,12,1353.410475
3.065495,30,1353.462795
3.314041,30,1353.520259
4.132268,18,1353.556247
2.106588,30,1353.614755
3.122643,30,1353.669703
3.348567,30,1353.727236
4.022982,21,1353.766515
4.255792,21,1353.806085
4.445734,23,1353.852072
4.255934,24,1353.896327
1.828661,30,1353.952208
4.135775,22,1353.994064
2.788615,30,1354.049759
3.261021,30,1354.106628
2.999361,30,1354.163995
3.31583,30,1354.22063
4.064939,30,1354.274947
2.925067,30,1354.331358
3.216115,30,1354.387344
3.17532,30,1354.442968
2.990354,30,1354.497341
4.001705,17,1354.529618
3.224123,30,1354.58532
3.34099,30,1354.642469
1.292329,30,1354.6974
1.95019,30,1354.754794
3.409093,30,1354.814436
4.088667,24,1354.860421
3.267756,30,1354.918062
3.048298,30,1354.975234
3.302118,30,1355.037663
3.399464,30,1355.091315
1.389594,30,1355.14936
4.203365,30,1355.202652
-0.43118,9,1355.223414
1.448396,30,1355.278868
3.952409,30,1355.333135
3.218759,30,1355.390806
4.175365,18,1355.433081
4.15769,20,1355.478572
4.116745,22,1355.522498
3.300909,30,1355.576996
4.485738,22,1355.620277
1.751204,21,1355.657834
3.140526,30,1355.712747
4.013285,21,1355.749841
4.125205,18,1355.783236
3.341086,30,1355.840688
3.338552,30,1355.893433
3.754961,27,1355.944374
4.03887,29,1356.000737
3.198975,30,1356.058419
4.255326,24,1356.100408
2.904129,30,1356.153044
3.032048,30,1356.208671
3.289317,30,1356.26151
2.182621,30,1356.31512
3.155741,30,1356.368848
3.300766,30,1356.4245
3.119505,30,1356.477279
3.359298,30,1356.533725
1.971357,23,1356.57592
3.42105,30,1356.631607
1.305328,30,1356.687075
4.135176,24,1356.731126
3.359294,30,1356.783367
3.146086,30,1356.840135
-0.126769,16,1356.870447
-0.667344,30,1356.924016
2.684162,30,1356.98039
3.127149,30,1357.035971
3.347232,30,1357.091402
3.126248,30,1357.146398
3.333064,30,1357.202009
3.082466,30,1357.258029
3.070618,30,1357.31184
3.963564,27,1357.35785
1.480492,13,1357.383679
3.017164,13,1357.407715
3.986364,23,1357.449507
3.327615,30,1357.503904
1.137539,30,1357.556677
3.389392,30,1357.613183
4.002624,29,1357.666487
2.784405,16,1357.69608
3.99122,22,1357.737177
3.273548,30,1357.794919
4.316651,18,1357.833165
4.053905,15,1357.861159
3.3647,30,1357.913985
3.129398,30,1357.972463
2.936567,30,1358.02637
3.047638,15,1358.05382
4.272827,21,1358.089055
4.096198,22,1358.132862
4.224753,25,1358.179338
3.396076,22,1358.218694
2.803741,30,1358.272884
3.054936,30,1358.329824
4.33965,21,1358.371836
4.222983,15,1358.397243
3.317901,30,1358.452962
3.612474,13,1358.47722
3.070892,22,1358.518471
3.36152,30,1358.573989
3.360447,30,1358.630811
3.279133,30,1358.687895
2.784419,21,1358.725432
3.258961,30,1358.784374
4.05118,17,1358.817201
1.925588,30,1358.877363
3.415655,30,1358.931817
3.359173,30,1358.98803
4.278142,19,1359.021125
4.377663,22,1359.064089
2.268705,30,1359.114604
4.017234,29,1359.169208
3.141115,30,1359.221909
3.957612,28,1359.272844
3.124824,30,1359.329104
4.035843,23,1359.36867
3.060193,30,1359.425287
3.249109,30,1359.479545
3.343157,30,1359.537438
2.982509,30,1359.59032
2.062049,30,1359.645973
3.297811,30,1359.70276
3.494433,20,1359.740256
3.162137,30,1359.795547
2.98615,30,1359.850264
3.341559,30,1359.908483
3.344445,30,1359.96455
2.973731,30,1360.020701
3.270716,30,1360.073554
3.799842,14,1360.103143
3.484826,14,1360.127088
2.238789,16,1360.157109
3.116463,30,1360.212379
2.337018,30,1360.266965
-0.105138,30,1360.322622
4.218322,25,1360.368999
3.336902,30,1360.425202
4.312247,16,1360.456466
2.309012,29,1360.507636
3.109089,30,1360.561497
3.217165,30,1360.620944
3.16239,30,1360.677261
1.379653,30,1360.734984
4.475343,22,1360.771668
3.196168,30,1360.828995
3.316944,30,1360.885688
3.308919,30,1360.944608
3.320667,30,1360.99733
4.399884,24,1361.039181
4.201809,23,1361.0845
3.248902,30,1361.142243
3.635287,24,1361.184618
3.258368,30,1361.237087
2.753389,30,1361.294886
3.063627,30,1361.348718
0.401363,12,1361.370488
2.011374,30,1361.425092
3.308207,30,1361.47922
3.327817,30,1361.537511
3.640403,28,1361.586827
1.143204,30,1361.639021
3.309329,30,1361.69951
3.34767,30,1361.752561
3.353466,30,1361.809413
4.164356,29,1361.86374
3.357515,30,1361.918839
3.295297,30,1361.979021
3.157368,30,1362.031549
3.225767,30,1362.088724
3.323159,30,1362.14467
3.449915,30,1362.202988
4.224321,17,1362.235133
3.176553,30,1362.29134
3.716789,20,1362.330979
2.912911,30,1362.385196
1.213467,30,1362.440357
3.908183,29,1362.49427
3.239236,30,1362.550277
3.262312,30,1362.606803
3.00694,30,1362.660922
3.202508,30,1362.715765
3.06101,14,1362.742392
2.01909,30,1362.800627
3.290404,30,1362.860481
4.069634,17,1362.893735
1.52277,19,1362.9282
1.781392,30,1362.985499
3.24845,30,1363.038735
2.409859,23,1363.082081
4.050006,18,1363.117751
3.124706,30,1363.17091
2.17194,23,1363.214623
3.915415,25,1363.258055
3.403853,30,1363.317263
3.030532,14,1363.342804
3.274661,30,1363.398665
3.399138,30,1363.452098
3.19681,30,1363.512415
1.152557,30,1363.565979
3.404966,30,1363.623358
3.31602,30,1363.676977
3.971831,21,1363.717489
0.771681,30,1363.775706
3.1886,30,1363.830496
3.088384,30,1363.888054
2.844125,30,1363.945231
1.239339,30,1364.002416
3.192951,30,1364.057404
3.085054,18,1364.090996
2.844491,30,1364.147966
3.184385,30,1364.204928
3.020056,11,1364.226233
3.341606,30,1364.278556
4.223496,13,1364.303352
0.562174,30,1364.357578
2.97093,11,1364.378303
3.087989,13,1364.400711
3.979941,17,1364.433963
3.676996,27,1364.481998
3.971806,27,1364.534521
3.201964,30,1364.588655
2.055496,30,1364.647605
3.227291,30,1364.701711
3.279121,30,1364.758136
3.244618,30,1364.813163
3.214586,30,1364.87199
4.155372,15,1364.898198
3.403126,30,1364.954799
0.903929,14,1364.980808
2.97741,20,1365.036489
2.960766,30,1365.10271
4.112829,18,1365.136204
3.399803,30,1365.193117
3.293856,30,1365.250011
3.219744,30,1365.307857
1.983376,30,1365.363907
3.309585,30,1365.426719
4.023444,25,1365.472755
3.437579,16,1365.502075
3.262148,30,1365.558807
3.978365,17,1365.590412
4.084074,21,1365.629993
3.383349,30,1365.685974
3.312597,30,1365.74246
3.401342,30,1365.799012
4.096152,25,1365.846793
4.157404,24,1365.892228
3.159116,30,1365.948081
3.229912,30,1366.002447
2.185883,14,1366.030703
3.26148,30,1366.091367
3.801894,27,1366.141385
3.301931,30,1366.195903
3.291168,30,1366.255642
2.84606,30,1366.312138
3.361011,30,1366.371571
3.025792,30,1366.428009
3.326658,30,1366.4886
2.853282,30,1366.546315
3.41147,30,1366.603997
4.36566,17,1366.634668
3.347377,30,1366.692932
2.032152,24,1366.736229
3.289351,30,1366.793699
1.310498,30,1366.848291
3.311296,30,1366.907585
2.965942,30,1366.962059
2.982103,30,1367.020071
3.114562,30,1367.074509
3.156086,30,1367.13233
1.189786,30,1367.187267
2.720924,30,1367.246264
1.674757,11,1367.267658
2.803356,30,1367.324257
3.064269,30,1367.380955
3.101958,30,1367.436771
1.885049,30,1367.497471
3.404895,30,1367.555596
4.009304,26,1367.60786
4.103636,20,1367.647139
3.269559,30,1367.703572
3.198886,30,1367.765155
2.740614,30,1367.825737
3.355957,30,1367.88501
3.357883,30,1367.942756
3.18753,30,1368.001542
4.072117,16,1368.031866
3.199174,30,1368.086603
3.245599,30,1368.143969
2.998305,12,1368.168031
4.349765,14,1368.193633
4.216077,13,1368.218081
4.302348,22,1368.258981
3.911544,26,1368.308795
4.206968,16,1368.33855
1.193066,30,1368.3937
3.341473,30,1368.447483
4.298281,13,1368.475718
4.401326,15,1368.502948
3.123962,30,1368.558329
1.02665,30,1368.613806
3.183772,30,1368.67373
3.088554,30,1368.728333
3.127406,30,1368.786175
3.166115,30,1368.841032
4.259889,19,1368.884629
3.136022,30,1368.947246
3.397279,30,1369.003921
2.09644,12,1369.028205
3.344283,30,1369.089767
2.78578,18,1369.122262
1.871954,30,1369.181991
3.21603,30,1369.239366
1.316149,30,1369.304057
3.365689,30,1369.446331
3.391649,30,1369.567521
1.993342,20,1369.625678
2.148158,30,1369.702397
4.081118,19,1369.747481
3.833235,16,1369.805693
3.733392,28,1369.915433
1.161399,30,1370.036492
2.549744,18,1370.103825
2.888055,15,1370.145683
3.22091,30,1370.230386
3.987566,23,1370.309884
0.996438,16,1370.365355
0.827981,30,1370.468008
3.230464,30,1370.593561
3.31067,30,1370.729811
2.563035,30,1370.856265
1.533281,30,1370.94376
3.16158,30,1371.02154
3.31148,30,1371.100341
2.699758,11,1371.128947
3.201867,30,1371.202125
3.061982,30,1371.263885
3.111935,30,1371.325967
3.353725,30,1371.384027
4.23379,25,1371.433859
2.194437,19,1371.469876
3.081458,14,1371.499241
4.218468,24,1371.545621
4.450729,26,1371.592595
1.315405,30,1371.648449
-1.057322,30,1371.710543
3.472893,30,1371.769679
3.240448,30,1371.83327
4.231945,22,1371.884952
1.460174,30,1371.957977
3.439878,30,1372.034976
1.356907,30,1372.093493
3.307712,30,1372.151927
3.947677,17,1372.187483
3.470095,15,1372.217026
3.343101,30,1372.275976
2.918057,30,1372.334156
2.934749,30,1372.39449
3.078081,30,1372.453242
3.239855,30,1372.510071
3.256063,30,1372.620222
3.113362,25,1372.69593
3.038589,30,1372.769917
3.145528,20,1372.822161
1.251322,30,1372.903234
3.119909,30,1373.002208
3.26106,30,1373.102489
3.807769,29,1373.181188
2.982291,30,1373.28473
4.220642,28,1373.369879
2.860041,10,1373.401921
3.816286,23,1373.464947
3.749709,20,1373.518066
2.750345,30,1373.595528
4.316961,17,1373.639656
2.906611,30,1373.700164
1.963172,30,1373.758399
3.156647,30,1373.818503
4.244457,22,1373.864844
3.222905,30,1373.922054
3.846209,21,1373.960978
3.221862,30,1374.025183
3.1968,30,1374.087439
3.250606,30,1374.217224
3.830975,29,1374.350483
2.644267,30,1374.435224
3.186401,30,1374.501829
3.079919,30,1374.563554
3.397109,30,1374.621453
3.536634,20,1374.661668
3.293341,30,1374.720011
3.275688,30,1374.774427
4.157525,23,1374.81712
2.893887,30,1374.874383
2.712833,30,1374.992547
1.381977,30,1375.114283
2.734064,14,1375.153651
3.185601,30,1375.229134
3.363711,30,1375.307261
3.054789,30,1375.410922
4.046664,15,1375.451588
4.357568,23,1375.518257
4.323833,24,1375.580695
3.363629,30,1375.679251
0.667229,20,1375.768449
3.383797,30,1375.857201
4.171179,14,1375.893691
3.341703,30,1376.01339
3.210701,30,1376.143211
2.830981,30,1376.22374
1.345111,30,1376.30085
3.282304,30,1376.37533
3.224509,30,1376.439237
3.24216,30,1376.503072
3.177812,30,1376.558086
1.17758,30,1376.61564
3.445978,30,1376.670227
3.354015,30,1376.729799
3.808727,30,1376.785566
3.964466,25,1376.835964
3.871148,19,1376.872903
-1.033567,17,1376.911115
3.364565,30,1376.975453
3.324523,30,1377.045089
1.794538,30,1377.113742
4.384607,18,1377.158545
3.226815,30,1377.222727
3.275494,30,1377.280924
1.825101,30,1377.337507
2.147804,24,1377.384067
3.289064,30,1377.446061
3.215208,30,1377.506755
3.260016,30,1377.564533
1.248898,30,1377.620849
3.378527,30,1377.679129
3.265091,30,1377.736518
3.270641,30,1377.799566
4.062285,30,1377.857854
3.972479,21,1377.927548
3.292817,30,1378.052927
3.199288,30,1378.149308
3.281806,30,1378.231343
3.825753,27,1378.296993
3.123644,30,1378.35409
0.86886,19,1378.3893
3.274386,30,1378.445203
3.315146,30,1378.502711
3.314837,30,1378.557817
4.271054,17,1378.592523
3.19127,30,1378.64993
3.325863,30,1378.707936
3.680615,15,1378.735811
3.376251,30,1378.791641
3.144693,30,1378.855571
3.238143,30,1378.915008
3.246216,30,1378.971396
4.065084,13,1378.998604
3.333399,30,1379.055878
3.21607,30,1379.122416
4.174465,23,1379.175201
4.35446,21,1379.22904
3.286769,30,1379.300591
3.099004,30,1379.360036
3.638886,16,1379.393054
3.653544,29,1379.446585
3.988782,16,1379.476956
3.218852,30,1379.532213
2.714503,20,1379.568395
3.39722,30,1379.625155
3.423764,30,1379.685661
3.445335,30,1379.746304
1.924309,30,1379.799536
4.046944,14,1379.827862
3.155214,30,1379.883025
3.258936,30,1379.939425
3.24936,30,1379.997811
3.261979,30,1380.055797
3.903155,16,1380.086279
3.314886,30,1380.141993
3.440696,30,1380.198401
-0.224195,21,1380.237493
3.17367,30,1380.297447
4.036104,28,1380.34889
3.370621,30,1380.404338
3.21399,30,1380.459442
3.962068,16,1380.491001
3.354019,30,1380.549766
3.207317,30,1380.605395
3.142741,30,1380.660603
3.345298,30,1380.717106
4.284182,16,1380.745822
3.359547,30,1380.801612
4.402079,20,1380.84173
1.912023,29,1380.910274
3.203148,30,1381.003799
3.348655,30,1381.062789
3.385383,30,1381.117607
4.355584,22,1381.162781
4.163711,28,1381.216216
4.243701,23,1381.258029
4.049053,17,1381.286257
3.284003,30,1381.350307
3.267934,30,1381.404999
2.177133,16,1381.434597
3.77331,19,1381.470179
4.068871,23,1381.513813
3.25776,30,1381.567394
2.921587,16,1381.595471
3.409103,30,1381.652537
3.3417,30,1381.708768
2.120069,20,1381.744809
3.033949,21,1381.782978
3.162735,30,1381.83533
3.315851,30,1381.893077
3.866082,14,1381.916529
4.280233,25,1381.961298
3.158458,30,1382.018357
4.084496,30,1382.073354
3.414601,30,1382.131215
3.181993,30,1382.185803
4.002633,19,1382.221242
3.077986,30,1382.27938
2.631895,30,1382.334667
4.098771,14,1382.36125
1.078127,30,1382.416448
2.440631,15,1382.444702
2.683334,30,1382.498626
3.110657,30,1382.552643
3.043689,21,1382.59199
4.258926,23,1382.637032
4.310597,24,1382.681048
4.417872,24,1382.725741
3.051365,30,1382.784799
3.180495,30,1382.843016
3.218722,30,1382.899713
4.190995,17,1382.93236
3.142445,30,1382.986071
4.144654,30,1383.043143
3.337344,30,1383.098973
3.197235,30,1383.153714
4.128864,25,1383.198288
4.060333,25,1383.245151
3.954308,27,1383.295499
3.024888,30,1383.348471
3.422665,30,1383.40577
2.040436,30,1383.463194
3.416172,30,1383.519957
2.016359,19,1383.554038
3.824695,25,1383.602068
2.913449,13,1383.629726
4.110037,17,1383.661031
3.532226,27,1383.710661
4.335456,23,1383.752321
2.186497,23,1383.796764
1.271445,30,1383.850804
3.158921,30,1383.908782
4.340726,19,1383.940851
4.049764,29,1383.997411
3.860745,28,1384.048774
3.41877,30,1384.103197
3.282081,30,1384.158321
3.273767,30,1384.215239
2.324011,12,1384.235307
2.477918,30,1384.290556
3.064783,30,1384.344655
3.136808,30,1384.401388
3.902215,30,1384.45629
2.689414,30,1384.512167
1.435566,30,1384.563134
2.821814,30,1384.628722
3.399844,30,1384.682911
3.344879,30,1384.741047
3.271355,30,1384.792788
3.240645,30,1384.851955
3.279423,30,1384.904999
3.813183,22,1384.946984
3.209333,30,1385.001082
3.604666,27,1385.054541
3.40875,30,1385.109146
3.415448,30,1385.166044
3.259148,30,1385.221606
4.247103,29,1385.276699
3.375666,30,1385.33316
0.925217,24,1385.377199
3.28907,30,1385.435891
4.261264,23,1385.477379
2.922942,30,1385.535595
3.91419,17,1385.563481
3.403114,30,1385.620226
3.098709,30,1385.67565
3.347634,30,1385.730344
3.374749,30,1385.783999
3.973698,26,1385.832406
3.265738,30,1385.890501
3.236239,30,1385.948271
3.330823,30,1386.002398
3.103098,30,1386.059913
3.358883,30,1386.142346
4.121759,23,1386.187459
3.699144,27,1386.237563
3.637983,26,1386.282853
3.308107,30,1386.345205
3.324611,30,1386.400352
3.251725,30,1386.459018
3.273055,30,1386.511355
4.388187,20,1386.550665
2.860597,30,1386.60637
3.3914,18,1386.636798
3.278572,30,1386.692856
3.288943,30,1386.749303
3.274292,30,1386.805033
1.854361,26,1386.850355
3.355707,30,1386.906513
2.779462,30,1386.963024
3.206998,30,1387.022504
3.405469,30,1387.0752
4.202378,17,1387.106306
3.007946,12,1387.130489
3.280189,30,1387.18655
3.22471,30,1387.238219
1.172183,30,1387.2935
3.391162,30,1387.350018
4.294555,14,1387.378962
1.526708,17,1387.4089
3.401885,30,1387.465284
2.180398,30,1387.523099
3.209139,30,1387.578248
3.034332,30,1387.630843
3.163958,30,1387.68561
3.10126,30,1387.742146
3.219668,30,1387.801047
3.074208,30,1387.855941
3.307967,30,1387.912353
3.317374,30,1387.96962
4.229035,20,1388.010399
2.278553,30,1388.065441
3.097033,30,1388.118054
1.880744,30,1388.176268
4.101799,22,1388.215107
1.509637,15,1388.240702
3.699631,29,1388.291608
3.171087,30,1388.349009
3.398689,30,1388.402727
3.283727,30,1388.460476
3.123028,30,1388.51418
1.055761,30,1388.573545
1.766761,12,1388.59566
3.244172,30,1388.649339
3.219718,30,1388.705864
3.894778,28,1388.75673
0.884922,16,1388.785848
3.380102,30,1388.839585
3.295939,30,1388.89756
3.96876,30,1388.954964
4.115484,13,1388.97912
4.255151,15,1389.007801
2.833235,30,1389.066887
3.154947,30,1389.121899
1.010978,30,1389.179375
3.353438,30,1389.233917
3.17434,30,1389.289667
3.201597,30,1389.345629
2.89733,14,1389.373149
3.129428,30,1389.427286
4.089361,12,1389.449188
3.044619,30,1389.508215
2.907719,16,1389.538339
3.387006,23,1389.578645
3.31878,30,1389.632695
2.506306,30,1389.68867
3.986146,25,1389.737049
3.241131,30,1389.789887
1.982314,14,1389.816309
1.11328,30,1389.873185
4.219782,18,1389.908516
4.260954,22,1389.948819
3.353304,30,1390.006474
3.713224,28,1390.06122
2.030413,28,1390.113176
4.214404,20,1390.149363
3.290738,30,1390.201954
1.656812,30,1390.2611
3.318177,30,1390.316142
4.263485,20,1390.3527
3.18085,30,1390.407475
3.267411,30,1390.465003
4.18314,22,1390.507512
3.226675,30,1390.558184
1.369712,11,1390.580055
3.223379,30,1390.635369
3.338863,30,1390.69103
3.194313,30,1390.742663
3.186152,30,1390.797787
3.562294,26,1390.844656
3.952701,17,1390.878624
1.380325,30,1390.932841
3.200915,30,1390.988684
4.154456,22,1391.02926
3.419094,30,1391.085133
3.904989,27,1391.135133
3.194762,30,1391.191456
4.336945,19,1391.228094
4.002589,26,1391.274308
3.272335,30,1391.329114
3.982642,23,1391.370754
2.954978,30,1391.431275
2.285701,17,1391.462565
3.376789,30,1391.519103
3.410519,30,1391.575568
3.387255,30,1391.635279
2.70636,23,1391.675805
3.257842,30,1391.732638
3.366941,30,1391.788237
4.241487,28,1391.845401
4.331387,24,1391.890874
3.360502,30,1391.947944
3.113444,30,1392.002502
4.209792,22,1392.047313
4.125772,18,1392.078793
2.961371,17,1392.113639
3.214341,30,1392.171467
3.099017,30,1392.229753
3.292665,30,1392.284253
4.169836,29,1392.335169
3.457679,30,1392.390893
3.072204,15,1392.421055
3.169417,30,1392.477311
4.094678,15,1392.506291
3.06268,30,1392.55932
3.482815,19,1392.596696
2.911776,30,1392.655531
4.19639,28,1392.706751
2.89935,12,1392.727547
4.713057,27,1392.777728
3.947603,16,1392.807413
3.378432,30,1392.865541
3.208959,30,1392.918939
3.361468,30,1392.980007
2.790768,22,1393.021048
3.062691,30,1393.077493
3.204466,30,1393.13373
3.179781,30,1393.195813
2.972955,21,1393.23549
3.099852,20,1393.272948
2.779166,30,1393.329962
2.852025,22,1393.369853
3.394736,30,1393.428232
3.175945,30,1393.48318
4.16523,24,1393.529572
3.135914,30,1393.589087
3.381452,30,1393.642187
2.670357,30,1393.701273
2.375426,21,1393.738703
3.408397,30,1393.795644
3.134775,30,1393.853366
3.209107,30,1393.908232
3.731985,15,1393.936566
1.026073,14,1393.964751
4.178993,22,1394.008374
-0.093718,30,1394.065437
3.715938,23,1394.105525
3.51176,12,1394.128409
3.070397,30,1394.188123
3.422158,17,1394.219162
3.715836,17,1394.250316
3.056358,30,1394.311446
3.318997,30,1394.364752
4.105703,27,1394.415317
4.295752,19,1394.44962
3.579305,29,1394.505917
4.005876,25,1394.550281
2.957428,30,1394.60342
3.117877,30,1394.659015
3.232464,30,1394.717024
3.326816,30,1394.769412
2.631625,24,1394.813256
2.973873,11,1394.833167
2.787583,24,1394.876934
3.266811,30,1394.933827
3.879554,29,1394.985916
4.094289,17,1395.017265
2.709542,17,1395.048184
3.40334,30,1395.104658
2.722924,30,1395.156523
4.137282,15,1395.19395
4.137965,15,1395.237611
3.087952,30,1395.296438
2.684009,30,1395.352359
4.201986,27,1395.401812
3.290235,30,1395.459307
4.049236,15,1395.487866
4.036769,15,1395.514676
3.380659,30,1395.569887
3.165644,30,1395.629102
3.078875,11,1395.64671
3.438442,30,1395.702644
2.01381,30,1395.754809
3.241364,30,1395.81187
4.420127,23,1395.855308
3.385294,30,1395.908511
2.644617,30,1395.962842
3.256926,30,1396.019956
3.234356,30,1396.0759
1.975443,16,1396.105577
3.973754,25,1396.150165
3.032403,30,1396.206193
3.387343,30,1396.263718
3.285445,30,1396.316303
3.415094,30,1396.373871
3.18443,30,1396.430413
3.145303,30,1396.485741
3.489269,28,1396.536673
3.172992,30,1396.590239
2.969798,30,1396.648513
3.064523,22,1396.686408
3.003549,30,1396.742059
4.089576,23,1396.783825
3.453805,15,1396.809575
3.714529,23,1396.854307
3.166497,30,1396.908704
2.928009,26,1396.962328
2.926727,29,1397.027293
3.548328,20,1397.065336
2.929968,30,1397.121817
3.257863,30,1397.177152
0.116341,30,1397.235131
3.249068,30,1397.289365
4.294721,15,1397.317351
3.324792,30,1397.372581
1.90088,30,1397.426584
4.062022,23,1397.469212
1.33137,30,1397.521223
2.89171,15,1397.548753
2.957753,19,1397.588383
2.050591,30,1397.642802
4.325688,21,1397.681229
3.938876,15,1397.707801
3.363766,30,1397.766742
2.915683,16,1397.796783
3.288358,30,1397.85164
3.725665,16,1397.878769
3.3469,30,1397.937729
1.851059,26,1397.984696
-1.957359,30,1398.041504
3.53084,13,1398.065377
4.190129,15,1398.095297
4.125362,16,1398.124928
3.283136,30,1398.179879
3.965608,21,1398.220801
4.364264,14,1398.246396
3.233318,30,1398.302948
4.104061,25,1398.347229
3.295211,30,1398.39978
4.105099,16,1398.431382
3.405442,17,1398.463753
2.629851,29,1398.514427
1.307325,30,1398.569017
3.193896,30,1398.627228
3.106193,18,1398.65839
3.425638,30,1398.712716
3.267651,30,1398.765602
3.360559,30,1398.824854
4.12517,20,1398.863249
4.167857,22,1398.901757
4.125703,21,1398.940275
2.939699,12,1398.962497
4.094715,29,1399.017354
3.189921,30,1399.070286
3.311294,30,1399.125416
3.247117,30,1399.181733
3.410529,30,1399.239045
3.165669,30,1399.291996
3.030642,16,1399.32124
3.354544,30,1399.379857
3.120165,11,1399.400037
3.374051,30,1399.454156
3.27263,30,1399.508304
3.011033,30,1399.562806
3.408418,30,1399.619426
3.309668,30,1399.674136
4.191534,18,1399.709256
4.252182,26,1399.75726
3.363676,30,1399.814378
4.089172,27,1399.85998
3.120342,30,1399.915384
3.445398,30,1399.971679
3.013209,30,1400.028571
3.323216,30,1400.084028
4.403146,29,1400.141628
4.327957,22,1400.183619
1.832909,30,1400.240674
0.189964,30,1400.295835
3.188817,30,1400.351357
3.230416,30,1400.406895
4.341435,16,1400.437015
3.257312,30,1400.492686
1.264929,30,1400.546983
4.060041,21,1400.589968
3.345164,30,1400.648082
3.391286,30,1400.702237
3.399891,30,1400.757415
3.365389,30,1400.814992
4.117002,28,1400.867812
4.211756,27,1400.917261
3.91752,24,1400.96128
3.914292,23,1401.007317
3.190761,30,1401.063996
4.006359,26,1401.1209
3.173734,30,1401.18037
3.16432,30,1401.238868
3.435667,30,1401.29362
3.400044,30,1401.348994
4.167415,15,1401.376821
-0.772306,30,1401.431932
3.365355,30,1401.487901
3.051706,20,1401.524691
1.721647,20,1401.560804
3.050263,30,1401.617791
3.116392,30,1401.673478
3.392053,30,1401.726589
3.909429,24,1401.772858
4.029758,18,1401.808602
3.414733,30,1401.863983
4.315728,19,1401.898611
1.934041,30,1401.951258
3.914563,23,1401.994918
1.989305,30,1402.053437
3.090562,30,1402.106177
3.338995,30,1402.16205
4.314503,20,1402.199223
2.961081,14,1402.223978
3.045271,30,1402.277578
2.967188,26,1402.321527
3.926657,23,1402.365048
4.409611,21,1402.403548
2.101994,26,1402.44982
3.223084,30,1402.502902
3.39997,30,1402.560076
3.062693,30,1402.614748
4.310244,22,1402.655405
1.415025,30,1402.70841
3.322911,30,1402.765345
1.390524,30,1402.822281
4.169763,16,1402.850926
3.957567,27,1402.900938
3.408299,30,1402.955708
3.202569,30,1403.013702
3.381662,30,1403.068711
2.068609,19,1403.105205
3.890733,28,1403.158158
3.165921,30,1403.2138
3.722007,27,1403.261212
1.602864,20,1403.296088
3.351938,30,1403.355136
3.221444,30,1403.408216
3.408674,30,1403.467058
3.276549,30,1403.518955
4.278897,22,1403.562748
4.185792,26,1403.610502
4.353678,24,1403.654852
4.326333,21,1403.69512
3.299167,30,1403.74947
4.192324,22,1403.790696
3.407471,30,1403.848657
3.767113,14,1403.873678
4.083977,19,1403.907101
3.372548,30,1403.963534
1.913661,29,1404.017064
3.324862,30,1404.073669
3.356092,30,1404.129765
3.100925,30,1404.186498
3.287579,30,1404.240482
1.754562,30,1404.297783
0.88162,30,1404.356481
4.275126,14,1404.385481
4.193774,12,1404.40754
3.401911,14,1404.432464
0.991619,30,1404.490204
3.102491,19,1404.523232
3.217674,18,1404.557391
2.201019,30,1404.613196
3.340812,30,1404.689432
3.37782,30,1404.74828
3.314888,30,1404.806706
3.332313,30,1404.862679
4.216087,21,1404.907041
3.817876,26,1404.956884
3.117319,30,1405.01665
3.966126,26,1405.063684
2.122505,30,1405.124784
3.434928,30,1405.180536
4.100173,17,1405.218004
3.145382,30,1405.274926
4.269558,19,1405.31392
3.368124,30,1405.369473
3.27422,30,1405.425598
4.24007,23,1405.466956
3.294053,30,1405.526632
4.097357,26,1405.575389
1.969715,30,1405.632125
3.722154,22,1405.671426
3.389237,30,1405.733515
3.426619,30,1405.78801
3.367693,30,1405.844524
1.210187,30,1405.897561
3.375274,30,1405.958244
3.206577,30,1406.014186
4.245931,15,1406.04227
4.027523,12,1406.065599
4.020916,20,1406.105282
3.365332,30,1406.162323
4.279467,22,1406.200917
1.41274,30,1406.25949
4.172375,18,1406.295031
3.063605,30,1406.352551
2.960148,30,1406.405534
2.898496,21,1406.445625
3.087069,17,1406.481306
3.437874,30,1406.539513
3.155574,30,1406.598798
3.122609,30,1406.655164
1.325545,30,1406.716252
3.273065,16,1406.747195
3.386329,30,1406.801514
3.1647,30,1406.858438
1.405833,30,1406.916427
2.090221,30,1406.975263
3.319432,30,1407.030132
3.213364,30,1407.087017
3.097287,30,1407.145569
3.43034,30,1407.203141
2.470626,24,1407.249973
4.212131,19,1407.282387
3.613496,25,1407.333107
3.887572,21,1407.37255
4.233982,21,1407.410525
2.754325,21,1407.448351
1.340482,30,1407.50999
3.406276,30,1407.566975
3.695247,16,1407.597027
3.118846,30,1407.654907
2.868706,12,1407.679548
2.932855,30,1407.736506
3.2606,30,1407.795932
3.321336,30,1407.855075
0.992863,30,1407.914196
3.079455,30,1407.968912
1.653719,30,1408.026751
3.061805,26,1408.073694
3.153649,30,1408.133032
0.063997,23,1408.175888
3.399732,30,1408.230541
4.42028,17,1408.260957
3.387285,30,1408.318125
3.284105,30,1408.373064
3.395796,30,1408.428897
1.328781,30,1408.481502
1.901144,30,1408.542631
4.066168,27,1408.593023
3.405596,30,1408.648656
3.451896,11,1408.669757
1.738122,30,1408.72508
3.221567,30,1408.781756
0.085443,30,1408.83654
3.363321,30,1408.893923
4.194825,25,1408.942795
4.175597,19,1408.98034
3.15029,30,1409.034946
4.133293,24,1409.079548
3.2922,30,1409.143102
3.080023,15,1409.172755
3.40038,30,1409.227863
3.387119,30,1409.28656
1.789016,30,1409.34505
-0.598651,30,1409.402817
3.331905,30,1409.459341
3.263993,30,1409.516288
3.383149,30,1409.575093
3.27549,30,1409.631961
3.397182,30,1409.689765
3.384025,30,1409.748393
3.321798,30,1409.807467
2.234055,11,1409.829455
4.247319,20,1409.866179
1.335013,30,1409.921482
2.175993,30,1409.984375
3.948551,29,1410.039447
3.152158,30,1410.098616
3.211732,30,1410.155533
3.339415,30,1410.219066
-0.148127,30,1410.272642
1.231371,30,1410.328398
2.627635,26,1410.375978
4.249253,24,1410.423997
4.150895,22,1410.466901
3.316808,30,1410.52345
4.249055,18,1410.558568
1.090154,30,1410.61787
3.168948,30,1410.675816
4.217055,17,1410.707262
2.952623,30,1410.761461
0.596331,30,1410.820828
3.32209,30,1410.875937
3.291135,30,1410.933457
1.761689,11,1410.954233
3.302536,30,1411.012187
3.244525,16,1411.040405
1.000474,30,1411.099157
2.706363,18,1411.129621
3.225172,30,1411.189996
3.983502,25,1411.238414
0.440463,30,1411.291944
2.304328,26,1411.340886
3.403875,30,1411.397837
1.291579,30,1411.455723
2.119209,30,1411.509398
3.04188,30,1411.565228
1.038481,17,1411.597947
3.267509,30,1411.655431
3.400961,30,1411.708734
3.419787,30,1411.764849
3.449474,30,1411.823019
3.602333,21,1411.861692
3.29942,30,1411.918057
3.149212,30,1411.971128
2.967621,30,1412.031376
2.509489,30,1412.085219
3.391093,30,1412.143586
3.169532,24,1412.187542
4.065763,14,1412.215176
3.398472,30,1412.272181
3.324367,30,1412.325641
4.185465,24,1412.371006
3.086495,30,1412.429966
1.500603,13,1412.452466
3.287514,30,1412.511089
4.332477,16,1412.540785
3.09805,30,1412.595683
4.156399,16,1412.626171
3.026282,30,1412.68043
1.195459,30,1412.734538
4.207415,18,1412.770968
4.349685,27,1412.822507
4.23515,24,1412.86782
4.276228,17,1412.901655
3.261069,30,1412.958396
1.348822,30,1413.017487
3.263217,30,1413.072435
3.413179,30,1413.130224
3.324654,30,1413.188348
3.044764,20,1413.224932
3.303278,30,1413.280418
2.967738,30,1413.334915
3.184455,30,1413.394347
3.388397,30,1413.447715
2.959282,30,1413.506055
3.335619,30,1413.559711
3.386695,30,1413.620311
3.391255,30,1413.674385
3.37256,30,1413.734791
4.018662,28,1413.784999
4.335049,21,1413.826543
4.072225,19,1413.863087
4.029454,17,1413.893636
4.337972,17,1413.923595
3.15114,30,1413.982638
4.165387,19,1414.016957
3.890011,20,1414.055114
1.805055,30,1414.111787
4.019344,18,1414.146318
4.251824,24,1414.19164
3.305413,30,1414.24908
2.956699,30,1414.303108
3.394283,30,1414.386233
2.967421,14,1414.412521
2.515877,30,1414.470739
4.374608,19,1414.505496
2.223006,15,1414.53311
1.253592,30,1414.590181
3.350309,30,1414.643934
3.369882,30,1414.702946
3.225202,30,1414.759925
3.121717,30,1414.81578
4.079368,23,1414.858879
4.393088,21,1414.89621
3.394203,30,1414.950584
3.363522,30,1415.009166
3.325193,30,1415.065286
3.27485,30,1415.12082
3.246904,30,1415.180498
2.652598,30,1415.238749
3.039515,16,1415.270621
3.213259,30,1415.33062
3.244653,30,1415.391305
4.166495,18,1415.42569
1.224411,30,1415.485693
4.398543,26,1415.53457
3.401421,30,1415.59651
3.41581,30,1415.655075
2.648444,30,1415.714179
3.351885,30,1415.770733
3.276571,30,1415.834667
2.985916,10,1415.854569
3.982993,17,1415.888826
1.210129,30,1415.946816
2.897544,16,1415.980977
3.240198,30,1416.041399
3.915463,16,1416.070692
3.221599,30,1416.126019
3.401808,30,1416.188406
3.005427,30,1416.244171
3.369545,30,1416.30215
3.314039,30,1416.357409
3.956635,15,1416.388169
3.206351,30,1416.44439
2.161617,30,1416.503554
4.265534,20,1416.540045
3.758808,16,1416.572722
0.875557,22,1416.612099
2.915053,11,1416.633284
3.348173,30,1416.69067
4.219992,14,1416.716919
4.352986,21,1416.756496
2.990762,30,1416.814432
2.059402,29,1416.867655
1.604726,30,1416.927483
3.1491,30,1416.983316
3.366223,30,1417.040606
3.44125,30,1417.094288
2.093805,15,1417.122933
3.357011,30,1417.178645
4.177121,26,1417.228892
3.099888,30,1417.283637
3.250245,30,1417.342533
1.635177,30,1417.396528
3.301633,30,1417.454069
1.390568,30,1417.506963
3.233217,30,1417.564994
3.325369,30,1417.621886
3.330257,30,1417.676383
4.378723,23,1417.721523
3.393591,30,1417.77925
2.829143,19,1417.815485
3.379482,30,1417.870963
3.422102,30,1417.9277
4.232356,25,1417.976531
3.119284,30,1418.034059
3.302232,30,1418.088625
4.383506,26,1418.137794
3.403342,30,1418.1958
4.109458,25,1418.241363
3.265375,30,1418.299228
3.062639,30,1418.351623
3.214203,30,1418.410069
3.346181,30,1418.463981
3.363999,30,1418.520246
3.249057,30,1418.574062
4.398377,26,1418.626259
3.311141,30,1418.682837
1.909287,30,1418.754014
2.262419,19,1418.798491
3.973886,26,1418.859355
1.78991,30,1418.92928
2.967614,19,1418.970824
3.185026,30,1419.038262
3.390503,30,1419.105425
4.083752,20,1419.150703
2.11211,24,1419.197901
-0.635683,30,1419.25689
3.06427,30,1419.314932
3.24809,30,1419.373531
2.860286,25,1419.418571
3.123676,30,1419.476758
4.146372,17,1419.508463
2.898127,30,1419.562177
3.411055,30,1419.62004
3.315162,30,1419.67497
3.403921,30,1419.736782
3.224567,30,1419.792668
2.434029,21,1419.833197
3.070014,30,1419.888625
3.247276,30,1419.948255
3.132983,30,1420.003464
3.279393,30,1420.058805
3.318161,30,1420.11413
1.300004,30,1420.175282
4.196408,22,1420.214078
0.987168,30,1420.272205
3.285742,30,1420.327282
3.092866,30,1420.386898
3.670336,19,1420.420735
3.359791,30,1420.477692
2.99845,30,1420.531683
3.558007,26,1420.58399
3.091452,30,1420.638037
2.940063,30,1420.69578
1.536804,15,1420.723264
4.357285,17,1420.75626
3.275973,30,1420.811247
3.283731,30,1420.86843
2.996884,21,1420.908277
1.290976,30,1420.96537
1.967932,30,1421.021822
3.180358,30,1421.08007
4.119487,29,1421.133938
3.096644,30,1421.192837
3.3217,30,1421.252227
3.380125,30,1421.308135
4.16094,21,1421.349659
4.351457,26,1421.399355
3.355058,30,1421.456932
4.446019,18,1421.487884
4.324958,21,1421.527063
4.142026,18,1421.564821
3.404533,30,1421.623589
4.182907,27,1421.67566
3.335782,30,1421.735713
0.363674,22,1421.77662
3.265158,30,1421.835711
3.099598,30,1421.891923
2.879082,26,1421.939625
3.272305,30,1421.99653
4.240698,16,1422.026689
3.370884,30,1422.084797
3.928242,24,1422.129716
2.003144,30,1422.189801
2.90105,30,1422.247279
4.339604,15,1422.274135
3.360498,30,1422.332442
3.979148,15,1422.360924
3.306487,30,1422.417463
4.372732,14,1422.444222
4.252972,14,1422.470213
3.323951,30,1422.530629
4.246158,16,1422.560166
3.303259,30,1422.614768
3.192516,30,1422.671482
2.937063,11,1422.692031
4.051144,20,1422.729971
3.60658,16,1422.759726
3.365721,30,1422.819624
3.197912,30,1422.877107
4.124224,13,1422.903819
2.891792,30,1422.956759
4.338903,21,1422.994779
3.354686,30,1423.055794
3.97745,17,1423.086021
4.168243,16,1423.115412
4.16268,16,1423.146366
1.448464,20,1423.190933
-0.073486,30,1423.262573
4.366517,16,1423.300313
3.308506,30,1423.362139
3.413163,30,1423.439288
4.042635,24,1423.489057
3.363411,30,1423.544393
4.197432,15,1423.572628
3.361282,30,1423.629394
4.19183,30,1423.686161
4.044002,14,1423.712542
3.353947,30,1423.766887
3.852009,22,1423.810422
3.136316,30,1423.868209
2.766016,30,1423.92114
1.152968,30,1423.978931
4.361995,17,1424.011398
1.558592,30,1424.068461
4.020218,28,1424.121502
3.327679,30,1424.178228
1.211843,30,1424.234994
2.865119,30,1424.290468
3.281301,30,1424.348342
3.063533,30,1424.402471
4.306619,15,1424.433007
1.840371,29,1424.486637
3.415153,30,1424.613453
4.131629,12,1424.698304
3.913582,28,1424.848537
3.284979,30,1424.917863
3.17366,30,1424.979251
3.389637,30,1425.034469
4.143767,18,1425.071348
3.312932,30,1425.136331
3.206374,30,1425.194537
1.316004,30,1425.250394
4.344431,22,1425.296357
4.223335,16,1425.327208
3.150177,30,1425.386817
4.218887,26,1425.440618
4.31209,20,1425.485182
3.302845,30,1425.540398
1.127772,30,1425.595145
3.195333,30,1425.653692
3.685312,14,1425.684055
3.444591,30,1425.747719
1.877519,30,1425.823372
3.197248,30,1425.891608
1.369423,30,1425.965118
3.104983,16,1425.997056
3.316855,30,1426.054201
-5.961492,30,1426.11154
4.24681,22,1426.152236
0.771682,13,1426.176095
1.069804,30,1426.236245
3.976263,18,1426.270144
4.180369,18,1426.307148
1.104245,30,1426.362
2.713398,10,1426.382993
3.961183,14,1426.407001
3.99973,22,1426.452635
4.24526,24,1426.501621
4.064572,21,1426.541308
3.979679,24,1426.585541
3.261637,30,1426.645131
4.054815,15,1426.671254
4.225658,16,1426.70206
3.398437,30,1426.759548
3.27594,30,1426.818763
3.350687,30,1426.876834
2.792659,18,1426.909888
3.660418,14,1426.936614
3.36505,30,1426.993784
4.110866,29,1427.049043
3.165566,30,1427.106792
3.147429,30,1427.162987
3.23864,30,1427.222406
3.390303,30,1427.279666
3.240644,30,1427.333589
3.206667,30,1427.391276
4.080003,14,1427.420157
4.080145,22,1427.463216
3.389262,30,1427.523285
4.205988,28,1427.619258
2.877325,12,1427.652287
3.571219,12,1427.675767
3.193192,30,1427.738031
3.316643,30,1427.797264
3.331453,30,1427.861182
2.512265,29,1427.916183
4.294069,22,1427.956007
3.14936,30,1428.013196
3.21419,30,1428.072829
3.417613,30,1428.129871
1.616142,30,1428.184469
4.145483,30,1428.241497
1.393916,30,1428.296103
3.080285,12,1428.319637
3.893445,18,1428.354208
4.205204,23,1428.39748
3.444719,14,1428.424128
3.356592,30,1428.48023
3.391432,30,1428.535367
3.206351,30,1428.591784
3.286308,30,1428.650783
4.346312,15,1428.679583
3.26979,30,1428.733703
4.29608,23,1428.777065
1.412815,30,1428.8394
3.785946,27,1428.89151
3.191029,30,1428.952564
2.382244,30,1429.008434
3.240929,30,1429.072957
3.707203,26,1429.122371
2.74225,30,1429.182316
3.273967,30,1429.240067
4.223544,23,1429.29133
3.97648,28,1429.344163
2.394162,19,1429.379205
3.262911,30,1429.431493
4.261222,26,1429.483595
2.141179,30,1429.538162
3.825305,29,1429.591603
3.383162,30,1429.646954
3.340184,30,1429.708852
4.17934,30,1429.767282
1.391063,30,1429.825347
3.024994,30,1429.878228
3.390954,30,1429.938765
3.372578,30,1429.994902
4.390297,18,1430.028899
2.837596,30,1430.084011
2.082761,30,1430.144333
3.204202,30,1430.197696
3.099012,30,1430.263718
1.179715,30,1430.326251
3.984294,18,1430.363914
3.312426,30,1430.421427
3.247464,30,1430.479377
3.051608,30,1430.536141
3.853104,26,1430.588776
3.899933,27,1430.636583
3.300388,30,1430.692816
2.369268,21,1430.729235
3.040483,30,1430.791571
3.833134,28,1430.843578
3.852209,30,1430.899401
3.174999,30,1430.954932
4.188714,19,1430.990392
2.974965,30,1431.047855
2.626997,30,1431.102289
3.390795,30,1431.159422
2.746775,30,1431.215653
2.042923,18,1431.250678
2.5205,19,1431.285359
4.510383,18,1431.317904
2.105599,29,1431.373165
1.372192,30,1431.430327
3.121668,30,1431.486023
2.627021,30,1431.541765
3.961751,21,1431.582659
3.265747,30,1431.638916
3.104405,12,1431.661081
4.119072,13,1431.682814
4.096907,19,1431.722095
2.836754,14,1431.748976
3.385498,30,1431.806131
4.458781,23,1431.847483
3.275634,30,1431.910027
4.142363,30,1431.963962
3.355311,30,1432.021062
3.355333,30,1432.076702
3.276359,30,1432.140395
4.217692,13,1432.16244
3.222289,30,1432.220933
3.182503,30,1432.274206
3.271088,30,1432.335171
0.192271,29,1432.386913
3.384225,30,1432.442096
3.133113,30,1432.501012
2.994909,24,1432.549134
3.881397,18,1432.581551
3.137753,24,1432.624357
3.301312,30,1432.68106
3.206423,30,1432.740405
4.356738,20,1432.778638
3.186517,30,1432.837035
3.292761,30,1432.891266
1.361631,30,1432.953296
3.997256,22,1432.991562
3.035804,17,1433.025799
3.416561,30,1433.080774
3.056491,30,1433.143627
4.023796,14,1433.168565
3.633736,18,1433.201279
2.879855,30,1433.257731
0.699641,15,1433.287659
3.387246,30,1433.344734
3.003179,30,1433.399805
3.351024,30,1433.455559
3.310378,30,1433.514965
3.397689,30,1433.569827
4.293646,20,1433.605379
3.067779,30,1433.661916
3.563455,27,1433.715209
3.887232,24,1433.759347
3.087873,30,1433.814749
3.056092,30,1433.871647
3.278414,30,1433.926506
3.32941,30,1433.984495
3.252549,30,1434.03892
3.281326,30,1434.095213
3.23779,30,1434.153606
2.808848,11,1434.175456
4.167076,24,1434.219455
3.358067,30,1434.273098
4.393715,18,1434.308804
0.09813,20,1434.344972
3.459659,30,1434.398185
3.968455,30,1434.454739
3.336623,30,1434.512771
3.067595,30,1434.569656
3.309949,30,1434.624814
3.387395,30,1434.680249
3.291469,30,1434.739043
-0.90725,30,1434.796545
2.909152,12,1434.819983
-0.094604,30,1434.873866
3.452491,30,1434.955104
2.970959,30,1435.01291
4.268708,14,1435.039506
3.36327,30,1435.094881
2.868076,27,1435.149396
1.390481,30,1435.207498
2.162985,30,1435.26858
3.067538,15,1435.300975
4.270615,25,1435.349166
4.189147,19,1435.385311
3.217669,30,1435.438288
1.695537,10,1435.458899
3.300353,30,1435.51763
3.321404,30,1435.57275
4.130271,18,1435.603519
3.253954,30,1435.660226
3.17126,30,1435.715563
3.182286,30,1435.771958
3.443213,30,1435.826225
4.22621,19,1435.863019
3.198449,30,1435.919474
3.376901,30,1435.972309
2.732457,10,1435.991737
3.46102,30,1436.045036
3.157919,30,1436.104748
3.287234,30,1436.158788
2.912395,11,1436.180115
4.324978,24,1436.22392
3.300133,30,1436.280507
3.251627,30,1436.339313
3.115622,30,1436.394695
3.068103,30,1436.451167
4.313483,18,1436.485271
4.171978,24,1436.533011
4.232868,19,1436.568247
3.303499,30,1436.624266
3.015152,12,1436.647511
4.35648,22,1436.687343
3.387234,30,1436.744813
3.431751,30,1436.800236
2.805941,30,1436.859684
4.383681,18,1436.891777
4.336034,21,1436.927649
2.86321,30,1436.984472
1.299564,30,1437.037501
2.863234,30,1437.093442
4.16261,28,1437.145248
4.190898,28,1437.196363
2.889194,30,1437.250798
3.320531,30,1437.309194
3.412488,30,1437.363094
1.364585,30,1437.420112
3.314921,30,1437.476489
3.116562,30,1437.535092
3.1435,30,1437.590219
2.918142,15,1437.645457
3.24843,30,1437.862672
2.967747,15,1437.907348
2.215858,24,1437.972318
3.308719,30,1438.04934
4.200868,24,1438.157417
1.233296,30,1438.238547
4.237977,25,1438.310682
1.674444,13,1438.345642
3.264211,30,1438.427461
3.138698,30,1438.4977
0.97086,17,1438.527989
3.275442,30,1438.58504
4.151179,25,1438.631766
3.218467,30,1438.69051
3.215872,30,1438.746368
3.192505,30,1438.800681
3.228123,30,1438.860551
3.158997,30,1438.914333
3.191998,30,1438.973257
3.36606,30,1439.028466
3.200947,30,1439.100329
3.130019,30,1439.174342
3.30777,30,1439.253043
3.296211,30,1439.315552
4.090532,23,1439.360344
2.599578,30,1439.417156
3.107488,30,1439.472648
1.981989,19,1439.508362
1.335965,30,1439.562752
4.297798,22,1439.604182
3.200759,30,1439.65907
-0.643488,30,1439.713383
2.429264,10,1439.735606
3.052664,30,1439.799118
1.280232,30,1439.85427
0.989952,30,1439.910408
3.263974,30,1439.966272
1.449441,30,1440.025399
-0.484139,30,1440.081034
2.992534,22,1440.124385
1.898678,30,1440.180827
3.173828,30,1440.236238
4.272504,13,1440.26174
4.183329,17,1440.299405
2.925226,10,1440.322998
3.362894,30,1440.380849
3.922409,21,1440.420502
4.272367,15,1440.445944
3.025065,30,1440.50727
3.33755,30,1440.560609
1.231199,30,1440.620703
3.257875,30,1440.673747
1.217042,30,1440.734269
3.123053,30,1440.787205
3.277939,30,1440.843543
3.220424,30,1440.899329
3.30903,30,1440.95804
3.261081,30,1441.011242
3.281658,30,1441.075785
4.076122,19,1441.13812
4.28438,14,1441.179384
4.103379,17,1441.214464
3.932781,19,1441.250303
3.346402,30,1441.310688
3.087427,30,1441.36822
1.447145,30,1441.425724
1.030508,24,1441.4698
4.124575,14,1441.495066
3.302902,30,1441.552651
3.435116,13,1441.57694
3.154228,30,1441.631169
4.360303,21,1441.671947
3.240436,30,1441.72747
3.261991,30,1441.784526
3.796856,30,1441.838147
4.366409,21,1441.875678
4.461237,24,1441.922035
3.138685,30,1441.978566
2.976674,30,1442.031901
3.142372,30,1442.088213
3.23518,30,1442.145575
4.3951,21,1442.185481
4.037825,23,1442.225047
1.411776,30,1442.280909
1.316524,30,1442.337767
3.257373,30,1442.393898
3.204221,30,1442.447524
3.034246,15,1442.475772
3.251218,30,1442.534557
3.417213,30,1442.587221
3.221955,30,1442.643521
2.972912,15,1442.668959
2.865504,18,1442.704035
3.899382,24,1442.747737
3.099357,30,1442.802897
3.239569,30,1442.859905
3.068746,30,1442.914578
2.913774,30,1442.969206
2.679242,30,1443.022856
3.407616,30,1443.078125
3.26516,30,1443.135113
4.280186,18,1443.168667
3.691229,17,1443.198136
2.976711,30,1443.255119
4.292344,24,1443.302345
3.271114,30,1443.355825
3.85037,23,1443.398284
3.039773,12,1443.419726
3.327582,30,1443.47508
3.249181,30,1443.531571
3.036085,19,1443.566869
3.248604,30,1443.621059
3.867124,24,1443.666214
1.299106,30,1443.720955
3.31199,30,1443.77137
4.16881,27,1443.82126
4.216511,15,1443.851728
3.293086,30,1443.905862
1.66051,30,1443.958448
3.259611,30,1444.015558
3.374871,30,1444.075939
1.812718,22,1444.115073
3.136748,30,1444.175174
4.249343,18,1444.206697
4.009279,30,1444.269086
3.267977,30,1444.323258
3.275153,30,1444.382846
2.855808,12,1444.40457
2.767799,14,1444.431935
2.089684,28,1444.487003
3.853591,30,1444.545688
3.29714,30,1444.598714
4.279593,20,1444.640401
3.085005,11,1444.662999
3.365235,30,1444.718635
3.46175,30,1444.775028
1.59437,21,1444.81548
2.265912,24,1444.859985
4.161933,22,1444.900779
3.262736,30,1444.952357
1.337092,19,1444.988669
3.279263,30,1445.044934
4.161774,19,1445.080164
2.268899,18,1445.114655
2.98066,30,1445.17451
3.780741,17,1445.204834
4.052517,15,1445.233054
3.087856,30,1445.290234
2.868581,30,1445.351712
2.207008,18,1445.386853
1.368994,30,1445.44079
1.990373,14,1445.469492
3.258216,30,1445.527652
3.296844,30,1445.58442
4.254859,18,1445.616316
3.334178,30,1445.673056
2.451777,30,1445.730921
3.395477,30,1445.787335
2.748049,29,1445.839679
4.088073,16,1445.880638
3.114698,30,1445.950992
3.327747,30,1446.012924
3.448828,30,1446.068377
1.182653,30,1446.124392
1.867131,30,1446.183312
2.776608,27,1446.233588
1.679118,16,1446.265185
3.417301,30,1446.325259
2.985972,30,1446.383144
3.34747,30,1446.439456
3.248738,30,1446.497087
4.203921,21,1446.536569
2.2257,30,1446.596323
4.172611,22,1446.635533
4.113277,30,1446.692551
1.443183,30,1446.746089
3.982688,15,1446.777563
3.289831,30,1446.835909
4.086691,28,1446.890663
3.853406,20,1446.927734
2.692675,30,1446.985861
3.284747,30,1447.042877
3.273044,30,1447.101072
4.352201,23,1447.144732
3.203743,30,1447.202356
2.924626,30,1447.261189
3.222077,30,1447.316195
4.066871,26,1447.364722
3.421728,30,1447.42546
1.929019,30,1447.483957
4.247909,17,1447.514612
3.360142,30,1447.572448
3.473589,30,1447.629935
3.295806,30,1447.690952
3.427834,30,1447.746641
1.405368,30,1447.809789
3.270548,30,1447.870496
4.088623,13,1447.896269
4.189288,22,1447.937273
3.882741,23,1447.979189
4.132574,16,1448.012982
3.282326,30,1448.068949
3.140603,30,1448.124485
3.559705,20,1448.161501
3.405296,30,1448.222106
3.965531,15,1448.251152
3.189849,30,1448.307596
3.39132,30,1448.361302
3.114697,30,1448.418445
2.342104,21,1448.462063
3.215836,30,1448.516513
3.444654,30,1448.573153
0.919727,23,1448.61634
4.031723,30,1448.673308
1.481269,21,1448.711022
4.261311,20,1448.746544
3.315663,30,1448.802482
1.477642,19,1448.835483
3.269915,30,1448.89485
2.179998,30,1448.947493
3.328141,30,1449.006621
4.222943,17,1449.036932
3.397116,30,1449.095001
3.067692,30,1449.148909
3.161424,30,1449.208492
3.344348,30,1449.263797
3.161645,30,1449.32149
3.236014,30,1449.379766
3.308032,30,1449.438482
3.28489,30,1449.494317
3.910887,28,1449.546451
2.82095,18,1449.579671
3.409125,29,1449.635067
4.018241,26,1449.682392
2.512881,16,1449.712932
3.389483,30,1449.76823
3.360122,30,1449.82461
3.389799,30,1449.881983
3.304001,30,1449.936738
4.159903,19,1449.971235
4.216799,23,1450.017264
3.271411,30,1450.070542
4.363867,17,1450.104025
3.253325,30,1450.158422
3.090793,14,1450.187647
3.204892,30,1450.24104
3.06116,15,1450.26998
3.247817,30,1450.326828
1.317804,30,1450.383029
4.311842,19,1450.419634
4.23099,19,1450.452489
3.980458,20,1450.491945
4.010358,30,1450.549414
4.210763,20,1450.587178
1.285426,30,1450.643907
3.235025,30,1450.701655
3.06883,30,1450.75855
4.199027,17,1450.792202
4.219664,21,1450.829967
3.982336,26,1450.87694
4.1104,30,1450.934773
1.241197,30,1450.988426
3.925939,17,1451.021063
4.191821,28,1451.071729
0.893582,30,1451.127191
2.724907,30,1451.187873
3.202341,30,1451.240778
3.74906,25,1451.286973
3.394716,30,1451.347555
3.138679,14,1451.371746
4.01761,27,1451.423518
3.094148,30,1451.48054
4.195796,15,1451.508622
4.215776,18,1451.544101
4.221175,30,1451.598442
3.987746,20,1451.634989
3.061766,30,1451.693654
3.267055,30,1451.747417
3.129721,30,1451.803056
4.070893,23,1451.847403
3.417411,30,1451.911289
3.627455,15,1451.939601
4.237293,15,1451.966655
3.252206,30,1452.02046
3.36796,30,1452.078992
4.253559,20,1452.117531
4.028033,26,1452.163413
1.337347,30,1452.219118
2.984525,30,1452.274496
3.256819,30,1452.333518
3.787661,22,1452.373235
2.163027,30,1452.43064
3.318897,30,1452.487973
4.108216,19,1452.522784
3.346564,30,1452.578065
3.274477,30,1452.632602
3.395263,30,1452.687935
3.235808,30,1452.746397
2.774881,30,1452.804429
3.315576,30,1452.862603
3.229204,30,1452.918797
4.216694,16,1452.947403
3.388816,30,1453.004294
3.187844,30,1453.058173
3.398946,30,1453.118671
2.023341,30,1453.173306
3.258172,30,1453.230511
3.024502,30,1453.283651
3.430761,30,1453.345859
2.594066,30,1453.398113
3.678202,14,1453.425255
3.22553,30,1453.478639
1.834368,30,1453.5376
2.887248,15,1453.565631
2.323791,28,1453.61687
4.071799,24,1453.660326
3.398055,30,1453.714734
4.19127,29,1453.765909
3.749313,21,1453.807256
3.208425,30,1453.861499
4.028136,22,1453.904325
4.227066,26,1453.950279
1.953228,30,1454.005112
3.364172,30,1454.060311
1.411888,30,1454.118404
3.916398,28,1454.170045
3.332418,30,1454.226157
3.14359,30,1454.282876
4.02063,30,1454.344129
3.743587,15,1454.373534
3.227242,30,1454.430623
4.023786,25,1454.48034
4.35532,23,1454.52498
3.218681,30,1454.584346
3.314458,30,1454.636517
2.153792,20,1454.673968
3.312216,30,1454.731501
3.896501,13,1454.754677
3.37272,30,1454.812356
3.288527,30,1454.866223
3.281643,30,1454.924072
3.853805,30,1454.978247
3.245589,30,1455.033164
4.070891,28,1455.084436
3.359184,30,1455.143224
3.002069,13,1455.166572
3.373133,30,1455.226225
4.224394,21,1455.265498
4.270722,20,1455.304365
4.12091,23,1455.349545
3.079154,30,1455.402672
3.125311,30,1455.461242
2.981618,14,1455.489828
3.391808,30,1455.546739
4.087509,19,1455.582577
3.931863,27,1455.630568
3.994999,27,1455.682425
3.778925,12,1455.706262
3.400355,30,1455.763134
4.012653,23,1455.802088
3.456102,30,1455.87952
3.236334,30,1455.939018
4.080267,27,1455.988543
3.115713,30,1456.04385
4.135005,21,1456.084785
4.190584,18,1456.11753
3.049082,30,1456.175544
3.172757,30,1456.228113
3.416903,30,1456.285506
3.411971,30,1456.340219
3.118002,30,1456.396562
4.189713,28,1456.448138
0.997695,30,1456.505004
3.984822,19,1456.541335
3.263475,30,1456.597323
2.796484,30,1456.653053
3.262843,30,1456.712204
3.523558,16,1456.742091
4.073348,22,1456.781615
3.319071,30,1456.836113
3.230445,30,1456.892317
2.959871,30,1456.949187
1.155195,30,1457.001458
2.902896,28,1457.054859
4.113862,22,1457.097623
1.186429,30,1457.151581
4.016654,30,1457.206099
1.722929,21,1457.242363
3.373453,30,1457.300079
4.291047,20,1457.335511
1.786844,30,1457.39108
3.620294,30,1457.442968
4.217772,26,1457.493831
3.268349,30,1457.547911
3.946356,15,1457.577299
3.34013,30,1457.631167
3.164081,30,1457.686055
3.333007,30,1457.741575
3.122379,30,1457.796321
1.928567,30,1457.854142
3.092344,14,1457.879786
3.294524,30,1457.93638
3.017589,19,1457.968619
3.303537,30,1458.02475
4.022324,14,1458.050352
3.346655,30,1458.10574
2.580272,30,1458.160361
3.229769,30,1458.218043
3.274123,30,1458.274485
4.216683,13,1458.301406
3.304938,30,1458.35497
2.887521,30,1458.41193
4.432691,25,1458.459643
3.291285,30,1458.514369
3.45322,30,1458.56897
3.382701,22,1458.606906
3.025158,17,1458.640784
3.36935,30,1458.696811
1.357158,30,1458.749935
3.036802,30,1458.801982
3.799272,28,1458.855558
3.406273,30,1458.911054
3.353913,30,1458.963816
3.363017,30,1459.021182
3.173563,17,1459.05393
3.93842,30,1459.109351
3.247108,30,1459.166075
3.286996,30,1459.220891
2.089948,30,1459.277888
4.063808,28,1459.329473
4.244203,17,1459.358304
3.341985,30,1459.415351
1.627577,30,1459.470506
4.307663,28,1459.521944
4.367251,20,1459.557704
4.341445,15,1459.586202
4.229313,25,1459.631483
1.81582,30,1459.685128
3.019337,16,1459.713732
3.886398,12,1459.735875
0.28327,30,1459.795961
3.293127,30,1459.853565
3.079573,19,1459.884709
4.003419,22,1459.925344
3.366888,30,1459.981895
3.085347,30,1460.036613
4.066005,16,1460.066976
1.371059,30,1460.122025
3.152375,30,1460.182937
3.249364,30,1460.237404
3.236432,30,1460.292949
2.980743,30,1460.346332
1.270571,30,1460.402243
4.203599,26,1460.451617
3.179173,30,1460.511983
3.120638,30,1460.562311
4.323763,27,1460.615
4.285918,24,1460.659449
4.235017,19,1460.693837
4.372359,20,1460.728262
3.447876,30,1460.783248
4.339948,14,1460.810082
3.193063,30,1460.863446
3.324883,30,1460.916747
3.332243,30,1460.971842
3.028382,30,1461.025477
3.36172,30,1461.078199
2.789618,30,1461.13237
4.357265,19,1461.170059
3.215396,30,1461.228481
3.401122,30,1461.291476
3.247634,30,1461.345781
3.202492,30,1461.404266
3.307021,30,1461.459364
4.168681,26,1461.507057
3.344729,30,1461.559018
3.166269,30,1461.617721
3.371868,30,1461.671343
2.774783,22,1461.714098
3.299025,30,1461.767511
4.292039,17,1461.799064
2.806717,30,1461.855758
2.896317,30,1461.908695
3.00679,11,1461.928824
4.380922,28,1461.981819
3.991816,18,1462.015732
3.203085,30,1462.069473
2.901726,30,1462.123149
4.08219,30,1462.177572
3.269256,30,1462.23291
4.404449,22,1462.270609
2.990401,30,1462.326691
3.14999,30,1462.381986
4.027181,20,1462.420404
4.230957,20,1462.455712
2.37944,30,1462.510646
3.379292,30,1462.565212
3.284328,30,1462.620911
2.907049,30,1462.674894
1.832388,30,1462.728384
4.232604,27,1462.777408
3.092707,30,1462.835752
3.284424,30,1462.888056
3.259289,30,1462.943867
3.272316,30,1462.999556
4.242299,15,1463.027594
2.206161,26,1463.074313
1.410483,30,1463.125386
4.354068,19,1463.160584
4.325414,17,1463.192651
4.087035,18,1463.226725
4.092645,13,1463.249602
3.324839,30,1463.30631
3.412372,30,1463.360854
1.355178,30,1463.412826
4.187846,21,1463.452351
4.325254,16,1463.482528
3.387028,30,1463.536804
3.979685,26,1463.584209
4.267837,27,1463.631831
2.443051,30,1463.689003
3.449016,30,1463.742261
3.391734,30,1463.798121
2.117239,20,1463.833556
1.257869,30,1463.887766
4.176864,16,1463.916593
3.018113,30,1463.973522
3.406114,30,1464.026347
3.168727,30,1464.083009
1.316907,30,1464.137645
3.843416,14,1464.163028
3.88125,30,1464.217576
1.935334,30,1464.277953
3.292407,30,1464.3314
3.939301,28,1464.380319
4.105848,15,1464.406579
2.014795,26,1464.454851
4.335499,26,1464.50258
1.430176,30,1464.556924
4.266972,18,1464.587092
3.367059,30,1464.642989
4.411735,21,1464.680332
4.386405,25,1464.727435
3.181995,30,1464.783544
3.039183,30,1464.840304
4.310386,14,1464.869171
3.386936,30,1464.921392
2.107699,30,1464.978649
4.278032,20,1465.017167
3.413773,30,1465.070337
3.265901,30,1465.124463
4.130307,24,1465.169409
1.018906,30,1465.224624
3.249969,30,1465.279068
3.941152,23,1465.320127
3.226239,30,1465.384953
4.247651,22,1465.448086
3.085059,30,1465.513916
3.227229,30,1465.565886
1.178563,30,1465.622093
2.378939,19,1465.659214
0.679259,27,1465.706019
1.32386,30,1465.761054
3.286022,30,1465.814987
-0.758717,30,1465.871113
3.356201,30,1465.924943
1.888115,30,1465.978666
3.205157,30,1466.030045
4.085251,17,1466.063842
3.214611,30,1466.11535
3.388225,30,1466.168989
3.348217,30,1466.221645
4.081444,24,1466.266216
3.293311,30,1466.32021
3.977372,13,1466.344458
4.275632,17,1466.374575
4.169562,27,1466.425241
3.373563,30,1466.478077
3.251689,30,1466.535068
3.264557,30,1466.586715
1.931282,13,1466.612465
3.152616,30,1466.667291
4.261309,19,1466.701974
3.242718,30,1466.75611
3.034185,30,1466.815289
4.054778,28,1466.866824
3.380899,30,1466.919549
2.991656,30,1466.977549
2.838514,30,1467.031231
3.394588,30,1467.087123
2.964524,30,1467.140712
4.081006,18,1467.175953
4.104441,13,1467.199933
4.403527,23,1467.243965
3.398514,30,1467.300634
2.900154,30,1467.355521
3.078323,18,1467.388694
4.23305,17,1467.422781
3.400833,30,1467.478655
3.204564,30,1467.537076
3.237954,30,1467.593697
3.349231,30,1467.651045
2.084559,30,1467.703363
3.67278,15,1467.729796
3.286884,30,1467.787262
3.401134,30,1467.844337
3.410813,30,1467.898008
4.072862,29,1467.954753
3.296273,30,1468.008909
3.137992,30,1468.06591
3.21118,30,1468.118082
2.54885,30,1468.173789
3.286663,30,1468.229899
3.24386,30,1468.284467
3.274353,30,1468.339519
3.404046,30,1468.394236
3.448684,30,1468.451918
3.347791,30,1468.509857
3.377339,30,1468.562507
3.129594,30,1468.617867
2.97073,11,1468.636338
3.081784,30,1468.694242
3.322009,30,1468.746414
4.360962,28,1468.796136
2.866652,30,1468.853291
3.066644,30,1468.906185
3.176432,30,1468.961062
3.002281,30,1469.015074
1.998674,18,1469.04881
3.282758,30,1469.102398
3.21696,30,1469.159139
2.449839,19,1469.193457
3.191501,30,1469.247527
3.87617,23,1469.290565
3.411616,30,1469.344576
3.967662,24,1469.386541
4.225301,29,1469.442017
3.196914,30,1469.503841
3.074191,30,1469.574683
3.108792,30,1469.632826
3.420665,30,1469.691768
3.024906,27,1469.739522
4.173457,28,1469.791541
4.366786,22,1469.830796
2.14688,30,1469.88675
3.413844,30,1469.94377
3.139583,30,1469.995673
3.215982,30,1470.050868
-0.690576,30,1470.105415
1.309975,30,1470.160585
3.142693,30,1470.215632
3.397557,30,1470.271163
4.266486,22,1470.312133
2.953932,21,1470.35309
3.304328,30,1470.408214
3.455549,30,1470.46456
4.229333,16,1470.497204
3.724285,15,1470.524055
3.175654,30,1470.580005
3.38227,30,1470.632437
3.268532,30,1470.689789
3.937449,30,1470.742873
4.089801,27,1470.791454
3.851778,14,1470.818344
3.059497,30,1470.8753
1.186969,30,1470.93003
3.27385,30,1470.983675
3.898589,18,1471.01824
3.154038,30,1471.076601
2.352509,28,1471.127343
4.254139,24,1471.172541
4.299595,30,1471.227552
4.242564,25,1471.276339
3.381254,30,1471.330949
0.871031,14,1471.356536
4.117357,20,1471.393135
2.960664,30,1471.450438
3.221465,30,1471.507549
3.395855,30,1471.560543
3.92685,26,1471.60728
3.407635,30,1471.664933
3.394007,30,1471.720858
3.332818,30,1471.77455
3.38454,30,1471.830335
3.308294,30,1471.887249
4.104534,27,1471.937683
4.206201,18,1471.971797
3.30173,30,1472.024414
1.360222,30,1472.085295
0.157032,30,1472.14012
3.430157,30,1472.195119
1.399236,30,1472.248969
3.171153,30,1472.307517
4.250619,15,1472.335536
3.195119,30,1472.392504
3.402934,30,1472.443694
2.878492,30,1472.502506
2.856026,16,1472.531019
4.174382,19,1472.565306
4.36784,15,1472.591184
3.180073,30,1472.649516
3.532718,30,1472.7026
3.006698,15,1472.730285
4.17204,30,1472.787142
3.326833,30,1472.845692
3.222431,30,1472.902576
4.060559,24,1472.9456
4.380665,16,1472.976971
3.667778,21,1473.017089
3.419899,30,1473.072872
2.954746,30,1473.129002
4.035576,29,1473.18055
1.367441,30,1473.23749
4.231893,13,1473.261659
4.271131,15,1473.289627
3.293468,30,1473.342388
3.306757,30,1473.398888
3.052306,16,1473.428648
3.422545,30,1473.481912
3.330271,30,1473.538638
3.118278,12,1473.561275
3.417578,30,1473.615512
3.381304,30,1473.670649
1.072485,30,1473.723192
3.959564,22,1473.766573
3.144722,30,1473.821797
3.420758,30,1473.8778
1.056471,30,1473.93206
1.280185,30,1473.991431
3.402162,30,1474.043855
3.046778,30,1474.099408
3.287968,30,1474.154321
4.377952,14,1474.183351
3.385076,30,1474.237066
4.273424,21,1474.276105
4.233557,26,1474.323782
3.276328,30,1474.382948
3.327369,30,1474.439006
4.098626,29,1474.49617
3.381556,30,1474.551626
3.370299,30,1474.608427
3.376746,30,1474.666033
3.81025,21,1474.704273
1.313343,30,1474.757449
1.243449,30,1474.818099
3.388305,30,1474.874328
1.308886,30,1474.930661
3.156949,30,1474.986631
2.766085,16,1475.034162
3.730983,20,1475.078936
2.121933,25,1475.129883
3.301296,30,1475.182589
3.775072,18,1475.218793
2.880212,30,1475.273886
3.020701,15,1475.301682
3.420819,30,1475.35475
3.320226,30,1475.414884
3.37234,30,1475.470565
3.366102,30,1475.527857
4.347257,19,1475.562113
3.854154,16,1475.592826
4.409603,26,1475.639799
3.221546,30,1475.695683
3.058284,30,1475.751359
2.669866,30,1475.809726
4.396687,16,1475.838954
3.253053,30,1475.893579
3.307112,30,1475.948831
3.256653,30,1476.005217
3.275232,30,1476.06262
3.829529,25,1476.108087
3.37591,30,1476.160208
3.307543,30,1476.218707
3.278798,30,1476.273194
3.219598,30,1476.329484
3.404997,30,1476.385081
4.26223,25,1476.434936
3.351786,30,1476.491457
0.871241,30,1476.546955
4.026594,30,1476.600559
4.301843,26,1476.650454
3.407562,30,1476.704292
1.447475,30,1476.759302
0.718249,30,1476.812432
3.072885,30,1476.870792
4.285407,20,1476.907956
3.076982,18,1476.939069
3.449888,30,1476.995135
0.973838,30,1477.050434
2.81321,30,1477.10673
4.170891,29,1477.159832
3.118919,30,1477.215668
2.878617,30,1477.273926
4.174229,23,1477.316712
3.101052,30,1477.371709
1.374959,30,1477.426363
1.936064,30,1477.481759
1.347131,30,1477.539835
3.122707,30,1477.59328
4.215267,18,1477.628389
4.200479,21,1477.670022
3.226589,30,1477.726698
3.437651,30,1477.783896
3.270592,30,1477.841064
4.057043,18,1477.879182
3.327143,30,1477.935453
4.045602,24,1477.981015
3.261002,30,1478.037679
1.179641,30,1478.091172
3.368579,30,1478.148985
4.117183,23,1478.192234
3.742652,18,1478.224642
3.20233,30,1478.28428
4.386152,18,1478.318058
4.220394,30,1478.375084
3.404974,30,1478.429404
4.221219,19,1478.467057
3.043539,30,1478.522361
3.406157,30,1478.580172
4.334409,20,1478.616789
3.242236,30,1478.67345
3.153509,30,1478.729417
1.369497,30,1478.783273
2.416661,30,1478.840705
3.371982,30,1478.900357
3.383263,30,1478.958126
1.301462,30,1479.013562
3.330435,30,1479.070444
2.87265,11,1479.093172
3.258331,30,1479.150968
1.346375,30,1479.219548
2.812472,11,1479.242553
3.441298,30,1479.314857
4.279606,28,1479.374305
3.338747,30,1479.429418
4.254346,24,1479.474736
2.120365,30,1479.540134
1.913337,30,1479.592978
3.256073,30,1479.647761
3.397029,30,1479.699923
3.29924,30,1479.755868
0.987856,30,1479.808188
2.993081,30,1479.864794
3.138062,30,1479.918277
3.258556,30,1479.979991
4.408309,18,1480.011637
3.060747,30,1480.066995
-0.72871,30,1480.120152
4.199989,14,1480.148988
3.344238,30,1480.20334
3.392623,30,1480.262128
3.939873,28,1480.313806
4.063949,28,1480.372183
2.115299,30,1480.427947
3.447896,30,1480.483335
1.243901,30,1480.541038
3.894305,26,1480.594475
1.92661,30,1480.650996
4.281005,18,1480.682855
3.326158,30,1480.736633
3.186848,23,1480.781591
3.051429,30,1480.83707
1.069059,30,1480.890444
3.225792,30,1480.946751
3.268579,30,1481.001852
2.983634,12,1481.024585
2.218308,29,1481.075233
3.33978,30,1481.132284
3.315226,30,1481.187916
4.343606,25,1481.233792
3.407202,30,1481.286477
3.193296,30,1481.342032
3.35904,30,1481.396704
3.256861,30,1481.452085
3.403661,30,1481.5077
4.286894,24,1481.550665
3.19121,30,1481.60999
3.963529,16,1481.638762
3.246374,30,1481.693463
2.058504,30,1481.749127
1.418824,30,1481.804324
3.944015,30,1481.860472
1.845828,30,1481.912892
3.902313,21,1481.950319
3.3408,30,1482.006389
3.165555,30,1482.059592
3.926221,28,1482.110918
3.168201,22,1482.152828
3.347628,30,1482.210486
4.34122,22,1482.252276
3.269183,30,1482.307668
3.193421,30,1482.362693
3.411442,30,1482.421405
1.349724,30,1482.476493
3.331688,30,1482.531414
3.440033,30,1482.587182
3.269174,30,1482.642248
3.099182,30,1482.696558
3.083465,30,1482.754247
3.374151,30,1482.814435
3.258293,30,1482.869485
1.361485,30,1482.924922
4.373139,16,1482.95495
3.358525,30,1483.008129
2.984058,15,1483.038774
1.927863,28,1483.091399
3.33604,30,1483.148195
2.78946,15,1483.173751
3.194978,25,1483.224064
3.172024,30,1483.278667
1.850415,27,1483.329468
-0.612105,30,1483.38532
3.229742,30,1483.455614
3.23959,28,1483.518896
2.050978,19,1483.560216
1.766719,30,1483.622469
3.429742,30,1483.682988
4.021296,25,1483.728714
3.380865,30,1483.783457
3.366899,30,1483.84065
3.737482,16,1483.873614
1.341464,30,1483.928764
3.312305,30,1483.986869
1.106841,30,1484.041917
2.828045,16,1484.07369
2.951572,30,1484.130644
3.210242,30,1484.185665
3.055,19,1484.220618
3.156019,30,1484.278948
4.283799,23,1484.319955
3.870798,13,1484.346189
4.086344,29,1484.422518
3.359931,30,1484.481641
3.412126,30,1484.540336
4.033409,16,1484.568937
4.348908,23,1484.611624
3.287798,30,1484.668446
3.240917,30,1484.725324
3.394026,30,1484.779696
3.359001,30,1484.836869
4.093022,30,1484.89403
3.268437,30,1484.950985
3.049068,30,1485.004793
2.981726,12,1485.028013
4.285312,24,1485.073357
3.407765,30,1485.130802
3.076214,19,1485.162979
1.450982,30,1485.217962
1.063501,30,1485.273493
3.408678,30,1485.331196
2.260418,19,1485.364932
3.171161,30,1485.417751
4.199115,29,1485.471989
1.397708,30,1485.529672
3.156576,30,1485.582997
4.32689,16,1485.612742
4.285266,24,1485.658772
4.134035,30,1485.714584
3.18173,30,1485.767581
3.409563,30,1485.825035
3.304116,30,1485.880911
4.129757,28,1485.934083
3.784695,16,1485.963051
3.395212,30,1486.019899
4.1962,16,1486.051176
3.325583,30,1486.107316
3.375769,30,1486.164819
3.024359,12,1486.187901
2.758285,19,1486.225141
3.204391,30,1486.279716
4.327375,15,1486.308274
4.223728,24,1486.352494
3.248458,30,1486.408067
2.938055,30,1486.464235
4.243373,25,1486.510105
4.230277,27,1486.559186
3.322735,30,1486.615786
3.393291,30,1486.672717
4.132582,28,1486.723659
3.326822,30,1486.778727
3.271383,30,1486.837261
3.388361,30,1486.89205
1.378404,30,1486.948135
3.393571,30,1487.002437
4.363244,24,1487.049379
3.131593,30,1487.107816
3.067231,30,1487.162332
3.426134,30,1487.219416
3.905458,28,1487.273039
0.983936,23,1487.316278
3.159222,30,1487.369487
3.251292,30,1487.424883
1.166591,30,1487.480634
4.308794,18,1487.515767
2.782694,30,1487.573997
2.829595,20,1487.610082
3.258172,30,1487.67592
3.241099,30,1487.74273
3.27424,30,1487.812837
1.98849,30,1487.872087
3.387354,30,1487.932496
3.273681,30,1487.986866
3.258981,30,1488.042442
3.238215,30,1488.098071
4.078162,20,1488.136417
4.08752,29,1488.187637
2.998728,30,1488.24386
2.979848,30,1488.29808
4.133539,24,1488.344105
1.027412,30,1488.398944
2.996865,30,1488.45196
3.236622,30,1488.50745
3.248771,30,1488.56264
2.795522,30,1488.619974
3.443742,30,1488.673149
4.075368,19,1488.70755
1.34738,30,1488.763682
2.87448,30,1488.816498
1.583927,17,1488.845056
2.836853,14,1488.873412
3.320123,30,1488.931494
3.243906,30,1488.991149
3.339956,30,1489.050463
3.04039,30,1489.107646
1.07115,18,1489.144515
3.295501,30,1489.206907
2.969249,30,1489.266183
3.9338,24,1489.314127
1.806586,30,1489.377529
3.365124,30,1489.431103
3.132589,30,1489.489996
2.530631,30,1489.545135
2.976922,13,1489.570545
3.853029,26,1489.616731
4.322821,24,1489.660434
3.126929,30,1489.714465
2.872223,30,1489.768828
4.045497,12,1489.791619
3.331707,30,1489.847185
3.901186,21,1489.885226
3.37732,30,1489.942574
3.131209,30,1489.997953
4.079699,25,1490.044386
4.05375,19,1490.079502
3.176337,30,1490.138117
3.355978,30,1490.194057
2.088223,30,1490.246155
1.037854,18,1490.278613
4.279952,21,1490.31844
1.26358,30,1490.37666
3.797018,29,1490.428675
3.317263,30,1490.482317
3.417631,30,1490.547482
1.921817,30,1490.603583
3.369891,30,1490.661667
3.231472,30,1490.715425
3.992333,23,1490.760273
3.351447,30,1490.819701
3.375671,30,1490.872263
4.192286,17,1490.903219
3.329853,30,1490.96175
3.222372,30,1491.016814
3.99096,23,1491.059693
4.338268,23,1491.102108
4.365201,17,1491.13569
1.288401,30,1491.190939
4.173062,20,1491.22612
3.632272,23,1491.266416
3.401423,30,1491.324367
3.142551,30,1491.379323
3.301968,30,1491.435668
4.202725,16,1491.465847
3.325168,30,1491.521248
2.139835,15,1491.551029
1.690958,20,1491.587999
3.396002,30,1491.644552
3.430799,30,1491.700626
2.110925,30,1491.757831
1.267254,30,1491.812372
3.352641,30,1491.869323
3.323672,30,1491.925214
1.965253,30,1491.98548
3.398486,30,1492.038634
1.248852,30,1492.095613
3.25167,21,1492.135943
3.346138,30,1492.190494
3.144219,30,1492.244494
4.288311,22,1492.283497
3.256997,30,1492.341702
3.108315,16,1492.37041
4.272935,22,1492.408138
3.16631,30,1492.465062
3.262983,30,1492.52029
3.415606,30,1492.578825
3.402028,30,1492.633101
3.343705,30,1492.68929
3.305757,30,1492.747353
3.598212,18,1492.785634
2.980467,14,1492.813683
2.023781,30,1492.870119
1.885986,30,1492.923442
4.156881,15,1492.951803
3.381781,30,1493.007661
3.4919,17,1493.038239
2.145403,26,1493.085476
3.550125,21,1493.12636
3.445321,30,1493.180686
1.748021,16,1493.209592
4.013249,17,1493.2428
3.378275,30,1493.304076
2.852564,15,1493.332315
4.387673,21,1493.370311
4.32025,16,1493.4017
3.282353,30,1493.459162
3.370687,30,1493.515769
4.063662,30,1493.57365
2.200618,26,1493.627012
3.217722,30,1493.682419
3.19769,30,1493.741331
2.945476,27,1493.790666
2.048165,30,1493.850054
1.370416,30,1493.924067
0.721378,30,1493.983327
3.169292,30,1494.04064
2.877015,13,1494.067781
3.313301,30,1494.121992
1.339353,30,1494.179846
3.862357,29,1494.232851
3.380605,30,1494.291372
3.353296,30,1494.34858
2.259491,30,1494.403136
4.241595,23,1494.442406
3.321524,30,1494.502345
3.525204,25,1494.547467
3.123028,17,1494.578091
4.022057,25,1494.635258
3.26374,30,1494.6921
1.311924,30,1494.747934
1.981725,29,1494.798788
3.034456,13,1494.822735
3.972163,28,1494.875781
3.373869,30,1494.931539
3.359453,30,1494.985738
3.11446,15,1495.013217
4.007627,24,1495.057066
3.239684,30,1495.110242
3.366917,30,1495.164783
3.264915,30,1495.219713
3.186562,30,1495.277876
2.963578,30,1495.335513
1.446388,15,1495.361129
2.797355,15,1495.388647
3.945285,30,1495.443972
3.335352,30,1495.499931
3.360333,30,1495.553782
3.389791,30,1495.609812
3.185016,30,1495.667755
3.132041,30,1495.722873
4.205745,13,1495.746408
4.152204,22,1495.787061
3.353471,30,1495.842083
3.12654,30,1495.89714
3.95791,19,1495.929351
4.101135,21,1495.970247
3.378545,30,1496.025973
3.352913,30,1496.081186
3.367539,30,1496.135716
4.203063,16,1496.163001
2.414519,29,1496.217579
4.253259,16,1496.246421
3.461716,30,1496.303412
4.168877,19,1496.339036
1.393829,30,1496.392954
3.252939,30,1496.449044
4.200044,19,1496.482144
1.204311,30,1496.53809
4.25869,18,1496.570851
3.311859,30,1496.628949
4.107905,28,1496.679666
1.926033,30,1496.732173
4.277526,27,1496.78245
3.2492,30,1496.837415
3.279506,30,1496.891289
3.266456,30,1496.948472
3.189084,30,1497.002492
3.288106,30,1497.059621
3.813416,24,1497.103049
3.250989,30,1497.154698
3.995523,19,1497.190374
2.995553,30,1497.24357
3.227308,30,1497.302952
3.366898,30,1497.355699
3.288701,30,1497.414155
4.321413,15,1497.441181
3.751243,20,1497.478026
3.407634,30,1497.529913
2.175687,30,1497.59476
3.649287,22,1497.635867
1.417072,30,1497.690528
3.243373,30,1497.743924
3.135504,30,1497.807403
1.369777,30,1497.86233
3.03203,22,1497.905939
4.026619,15,1497.931585
2.948269,30,1497.99245
3.859715,26,1498.03859
3.373672,30,1498.096906
3.164798,30,1498.150239
1.98433,30,1498.211998
4.203605,15,1498.239609
3.306776,30,1498.29601
2.836627,15,1498.32349
3.385866,30,1498.383582
3.272873,30,1498.437433
3.265348,30,1498.490671
3.293955,30,1498.546532
3.377821,30,1498.606907
3.316362,30,1498.663926
2.912814,14,1498.688348
3.846363,28,1498.739138
1.40846,30,1498.798067
3.040994,20,1498.835088
3.399881,30,1498.889781
3.379354,30,1498.947055
4.197754,21,1498.991066
4.284941,25,1499.038063
3.419922,30,1499.099869
3.325504,30,1499.155781
3.124346,14,1499.187991
3.112114,30,1499.243159
3.36702,30,1499.30095
3.207932,30,1499.357018
3.233201,30,1499.417132
3.381524,30,1499.472399
3.094938,30,1499.529335
1.359957,30,1499.584273
3.323761,30,1499.645281
4.364867,19,1499.681851
3.179971,30,1499.737107
3.374726,30,1499.793589
3.308311,30,1499.852633
3.121764,30,1499.90989
1.117877,30,1499.96412
3.210085,30,1500.022178
3.403336,30,1500.078386
2.127758,30,1500.133509
1.145689,30,1500.188168
0.913828,30,1500.242604
1.220275,30,1500.300787
0.338572,28,1500.352396
3.059909,12,1500.376422
3.305619,30,1500.432224
3.232295,30,1500.490737
4.157586,25,1500.538489
3.57158,25,1500.588079
3.134425,30,1500.643185
3.301496,30,1500.703321
3.144965,15,1500.729061
2.985307,30,1500.784812
3.44094,30,1500.836723
3.380909,30,1500.896772
4.118724,19,1500.931999
3.338515,30,1500.987136
0.029062,30,1501.04212
1.398541,30,1501.099929
4.317809,20,1501.136468
2.900563,17,1501.164377
4.295819,18,1501.199737
3.991064,21,1501.238767
3.2593,30,1501.295819
3.242406,30,1501.350195
4.234558,17,1501.380344
3.181791,30,1501.438419
4.105895,29,1501.492115
2.040864,30,1501.547624
3.185049,30,1501.601839
3.268055,30,1501.660283
3.367054,30,1501.714731
4.327042,17,1501.746392
3.096757,13,1501.770955
3.263828,30,1501.82692
3.315304,30,1501.881618
3.007869,30,1501.935014
3.193275,30,1501.99199
2.082104,30,1502.048183
3.021276,11,1502.069491
4.247859,30,1502.124268
1.998844,30,1502.182312
3.186756,30,1502.239209
3.253673,30,1502.29638
1.402154,30,1502.351225
1.42457,30,1502.405813
1.338887,30,1502.463608
3.312473,30,1502.519842
3.08416,30,1502.575117
1.860324,30,1502.634181
4.290282,20,1502.673227
3.313657,30,1502.726599
3.363659,30,1502.785761
3.259833,30,1502.841188
3.120406,30,1502.898665
3.976336,26,1502.945991
3.332134,30,1503.000107
3.224375,30,1503.054446
3.458566,30,1503.114692
3.360209,30,1503.17103
2.141923,30,1503.22831
3.246136,30,1503.282588
3.390407,30,1503.34858
4.115141,27,1503.398369
3.315139,30,1503.452462
2.893597,14,1503.4779
3.315341,30,1503.549371
3.147989,30,1503.615664
4.282094,29,1503.66974
3.468238,24,1503.71524
3.850416,21,1503.756335
3.311994,30,1503.815442
4.259384,22,1503.855023
3.261304,30,1503.910923
3.350688,30,1503.970966
3.442078,28,1504.024308
3.343009,30,1504.08169
3.290563,30,1504.138219
3.236317,30,1504.195405
3.989449,29,1504.249206
3.218003,30,1504.303276
4.186137,14,1504.332901
3.82545,27,1504.387652
3.330976,30,1504.44015
1.405063,30,1504.510279
2.913808,30,1504.564914
3.356116,30,1504.625294
3.42895,30,1504.679957
3.247292,30,1504.738189
3.226121,30,1504.790096
4.069548,17,1504.822408
3.22847,30,1504.878159
4.414896,21,1504.915898
4.049937,20,1504.950992
3.328582,30,1505.012477
4.471241,23,1505.052757
3.288381,30,1505.108841
1.002613,30,1505.162139
3.445085,30,1505.221826
3.371525,30,1505.275603
3.204229,30,1505.33359
2.322231,21,1505.372105
4.24709,16,1505.402874
3.009867,30,1505.46208
3.263969,30,1505.517648
4.047361,27,1505.570469
3.345358,30,1505.6295
1.394732,30,1505.688001
4.03604,18,1505.719674
1.97638,28,1505.770771
1.257712,30,1505.829636
0.029328,30,1505.881241
3.163243,30,1505.93786
3.262418,30,1505.991313
2.410257,17,1506.026204
4.101212,15,1506.050816
3.097882,30,1506.104786
3.209191,30,1506.15665
4.28335,24,1506.20196
2.321009,30,1506.258706
4.303283,22,1506.298774
3.254566,30,1506.355237
1.7404,19,1506.392032
4.2245,18,1506.424436
3.884429,27,1506.473138
3.411183,30,1506.526803
3.397283,30,1506.586245
3.199088,30,1506.639928
1.415721,30,1506.697608
3.610332,14,1506.720554
1.263,30,1506.781666
3.41024,30,1506.83727
3.296477,30,1506.89398
4.160862,22,1506.933399
4.128902,22,1506.97891
4.106195,24,1507.023765
3.232019,30,1507.079103
3.114436,30,1507.134555
3.334333,30,1507.190819
4.215681,15,1507.219708
3.394734,30,1507.275818
2.899942,12,1507.298965
2.280607,21,1507.339534
3.443871,30,1507.396458
4.387785,25,1507.443965
3.26655,30,1507.4994
3.438191,30,1507.557673
3.706999,30,1507.612624
3.982506,26,1507.66525
4.215832,28,1507.717728
4.27075,15,1507.746249
3.379271,30,1507.806969
3.244031,30,1507.863316
2.89532,16,1507.892593
3.041943,23,1507.939194
3.199139,30,1507.996857
3.354256,30,1508.05284
4.32567,22,1508.0964
3.693939,29,1508.152287
3.209542,30,1508.208381
3.177559,30,1508.267282
2.801005,9,1508.282895
3.094165,30,1508.34792
3.154587,30,1508.401552
3.75439,29,1508.453678
4.395244,20,1508.48971
1.157006,30,1508.548384
2.994871,25,1508.593129
3.341814,30,1508.652638
3.236089,30,1508.707321
3.418412,30,1508.766978
3.21955,30,1508.824811
3.704985,13,1508.847928
4.132711,15,1508.87607
3.408023,30,1508.936684
3.269121,30,1508.991034
4.361605,24,1509.036284
3.283214,30,1509.093828
4.280117,18,1509.128316
3.360281,30,1509.185447
3.737511,25,1509.229957
3.383708,30,1509.282404
1.120936,30,1509.340675
3.200696,16,1509.369702
1.870132,30,1509.422779
3.264449,30,1509.47788
4.362954,16,1509.50953
4.065831,22,1509.548356
3.36693,30,1509.605321
3.301652,30,1509.658221
3.890557,22,1509.701322
3.242549,30,1509.754446
3.33949,30,1509.811809
3.702313,24,1509.855955
1.196328,30,1509.910655
2.16842,16,1509.939925
3.516251,29,1509.992676
2.900239,16,1510.021394
3.221852,30,1510.077328
4.455935,27,1510.129208
3.401921,30,1510.183279
3.342022,30,1510.238238
3.286597,30,1510.295063
-1.879808,17,1510.325394
4.341105,20,1510.360155
4.186242,21,1510.397546
4.279441,16,1510.428437
1.948614,29,1510.480433
4.267413,16,1510.509828
1.353692,30,1510.566643
3.297627,30,1510.626281
4.106378,30,1510.683379
3.311339,30,1510.738464
3.256248,30,1510.793326
3.457239,30,1510.848076
3.252516,30,1510.904236
4.088995,30,1510.956454
4.304741,29,1511.007099
3.32643,30,1511.067166
3.94981,25,1511.112809
2.75974,30,1511.167874
2.953602,30,1511.221621
3.251927,30,1511.280636
3.218441,30,1511.335979
4.091474,17,1511.36539
3.678413,15,1511.393581
2.956133,17,1511.42451
3.218451,30,1511.478319
4.276777,23,1511.520159
3.102839,30,1511.574849
0.741863,30,1511.631276
2.777064,30,1511.68485
3.379504,30,1511.741437
3.911157,28,1511.791941
-0.989445,30,1511.84566
3.199876,30,1511.904164
4.233116,19,1511.937009
3.280888,30,1511.992687
1.264149,30,1512.048085
2.794058,19,1512.082458
1.304983,30,1512.138189
1.286254,30,1512.191104
4.20143,18,1512.227793
4.247732,16,1512.256626
3.156621,13,1512.278656
3.975956,19,1512.314005
4.342258,24,1512.359244
3.302838,30,1512.412988
3.126359,30,1512.469255
2.698489,21,1512.507561
4.245622,18,1512.541078
3.048973,13,1512.566688
1.991202,30,1512.620856
3.269534,30,1512.675382
1.35492,30,1512.733349
1.265945,30,1512.793606
1.794028,30,1512.847477
3.079375,21,1512.883521
1.333805,30,1512.942668
3.379413,30,1512.995156
2.04541,30,1513.075468
1.96629,30,1513.133835
3.357508,30,1513.193309
4.345249,15,1513.223197
3.34788,30,1513.279236
1.121816,15,1513.307266
1.803565,17,1513.34105
3.404006,30,1513.401194
4.063131,21,1513.438058
3.157006,14,1513.464154
4.102694,25,1513.514611
3.367534,30,1513.569967
3.402809,30,1513.626676
4.249513,20,1513.663244
3.331261,30,1513.719628
3.221353,30,1513.777976
4.158929,23,1513.819694
3.341084,30,1513.874348
4.228723,20,1513.914131
3.263703,30,1513.969959
3.379567,30,1514.025831
4.018433,28,1514.077964
1.172882,30,1514.135579
3.206967,30,1514.192037
3.453326,30,1514.245611
3.441025,30,1514.301858
3.340023,30,1514.357547
3.19463,30,1514.415451
2.93175,11,1514.435535
3.260001,30,1514.489756
2.885671,22,1514.533201
3.067806,20,1514.569302
4.226458,20,1514.604705
3.861078,19,1514.636106
1.895993,27,1514.688456
0.757443,24,1514.732142
3.048887,30,1514.788447
-0.595939,30,1514.841109
4.161537,26,1514.8926
2.203953,22,1514.930783
4.179811,17,1514.96165
4.382983,25,1515.009674
4.075885,23,1515.053017
1.319394,30,1515.109284
3.340042,30,1515.162683
3.20729,30,1515.221376
3.022928,25,1515.26921
3.29058,30,1515.327618
3.14036,30,1515.382717
2.787731,30,1515.438282
3.286136,30,1515.498534
3.102776,30,1515.555148
3.210557,30,1515.610483
4.201144,28,1515.662682
4.003709,16,1515.692575
3.361781,30,1515.748832
4.229868,17,1515.779282
4.335444,21,1515.817883
3.057721,30,1515.875035
1.379912,30,1515.926
3.419495,20,1515.964214
4.094703,30,1516.021289
3.975033,30,1516.075413
2.077338,28,1516.126728
2.882054,10,1516.146474
2.955522,30,1516.198718
3.948827,27,1516.252016
2.844824,15,1516.279553
4.133956,16,1516.309667
2.878397,30,1516.364431
4.304389,19,1516.401995
3.284902,30,1516.457458
2.436766,25,1516.50416
3.261044,30,1516.557562
3.36001,30,1516.617136
1.557294,18,1516.649311
3.22438,30,1516.705539
1.356076,30,1516.758599
4.220146,14,1516.789323
4.322197,18,1516.821882
2.344763,21,1516.859593
4.173489,30,1516.914561
1.375788,30,1516.972489
3.264667,23,1517.016382
3.071717,25,1517.061616
3.356102,30,1517.116797
-0.623186,29,1517.172915
4.412055,16,1517.2025
4.148336,21,1517.2412
4.18626,30,1517.296487
4.179242,20,1517.334343
3.2889,30,1517.389322
3.261311,30,1517.446514
3.117341,16,1517.476218
3.201877,30,1517.533099
3.550469,16,1517.561334
4.120697,25,1517.611133
4.126032,15,1517.636599
3.436454,30,1517.696026
3.509982,13,1517.718611
3.311901,30,1517.777552
-0.810945,30,1517.833454
3.192651,30,1517.894018
3.441055,30,1517.948005
3.36964,30,1518.003236
3.528166,16,1518.033812
0.955147,15,1518.061406
1.893942,30,1518.12093
3.120932,30,1518.175813
4.265276,23,1518.219481
4.226327,20,1518.260967
3.385004,30,1518.318461
3.059622,30,1518.372424
3.277429,30,1518.429061
3.365426,30,1518.488127
3.347048,30,1518.546401
3.606601,17,1518.576888
2.96298,14,1518.601001
4.177605,22,1518.645956
3.100278,19,1518.681924
3.257784,30,1518.737206
4.32167,17,1518.768188
4.201038,20,1518.808384
3.88749,19,1518.844636
3.366165,30,1518.901785
3.190693,30,1518.958601
3.229136,30,1519.021334
3.394086,30,1519.077952
3.381625,30,1519.137381
3.278388,30,1519.192673
3.247124,30,1519.254766
3.23652,30,1519.310892
3.142185,30,1519.37177
3.449755,30,1519.427976
3.330853,30,1519.488008
3.349671,30,1519.544198
3.210395,30,1519.603528
4.365814,26,1519.652286
4.121819,16,1519.685087
4.11971,17,1519.717627
3.403714,30,1519.777687
4.252955,21,1519.816107
1.405247,30,1519.876523
2.044475,28,1519.927208
2.846174,13,1519.95185
2.347878,25,1519.999686
3.288572,30,1520.0661
3.389129,30,1520.121331
1.300119,30,1520.181093
3.292657,30,1520.238046
3.36501,30,1520.301324
3.356546,30,1520.357594
3.168362,30,1520.416633
3.277462,30,1520.475291
3.346659,30,1520.537837
3.383939,30,1520.594886
3.066854,12,1520.619513
3.058406,30,1520.676291
3.275676,30,1520.736437
3.970586,25,1520.78396
3.325675,30,1520.840794
3.263801,30,1520.900338
4.372319,24,1520.949074
3.265352,30,1521.00802
2.66522,11,1521.029324
1.091686,20,1521.065776
3.344723,30,1521.121656
3.43167,17,1521.153348
3.159704,30,1521.209288
3.354228,30,1521.263985
3.912831,11,1521.287065
2.7757,15,1521.31639
2.961747,30,1521.371608
1.974245,30,1521.428836
3.079006,30,1521.485109
3.782588,23,1521.528438
1.957328,30,1521.583536
3.278211,30,1521.638823
1.324128,30,1521.698439
4.304997,22,1521.736519
1.978586,30,1521.793393
3.311887,30,1521.846004
1.847108,30,1521.906287
3.171012,30,1521.961687
3.317792,30,1522.01849
1.041187,14,1522.041682
3.141307,30,1522.100164
3.344549,30,1522.154964
3.189141,30,1522.213616
4.214423,13,1522.236532
3.28644,30,1522.293163
3.378243,30,1522.349652
3.28545,30,1522.403008
4.169512,15,1522.430496
3.815492,28,1522.507713
3.123599,30,1522.56768
3.357212,30,1522.621989
4.318668,29,1522.676084
-0.724391,30,1522.735413
3.393849,30,1522.793042
3.123986,20,1522.829989
3.203374,30,1522.886202
4.263488,17,1522.917318
3.180016,30,1522.978521
4.16011,29,1523.029888
1.139174,30,1523.084807
3.312016,30,1523.144133
4.399812,25,1523.189454
3.631995,20,1523.225415
4.125244,18,1523.258838
0.947625,30,1523.314625
3.312755,30,1523.370387
3.241345,30,1523.4247
4.188799,17,1523.453883
3.295804,30,1523.511952
4.182531,21,1523.550205
3.119128,23,1523.59117
2.899829,30,1523.643371
-0.673157,30,1523.702566
3.949602,30,1523.754224
3.371627,30,1523.810605
3.330077,30,1523.863206
4.385489,19,1523.900448
3.186697,30,1523.957409
4.106285,30,1524.010244
3.346311,30,1524.066844
2.642015,30,1524.121475
3.321551,30,1524.178189
4.069857,17,1524.2076
2.348293,21,1524.24439
3.356532,30,1524.303565
4.3119,21,1524.340508
1.525826,30,1524.392266
4.136718,22,1524.433049
4.161549,27,1524.484024
3.346964,30,1524.538401
3.347089,30,1524.594123
3.328075,30,1524.646501
3.343525,30,1524.705891
2.727708,11,1524.723714
3.256429,30,1524.780204
3.46513,20,1524.816306
3.157864,30,1524.872287
1.942794,30,1524.927757
3.458538,30,1524.982872
3.386223,30,1525.037818
4.264328,23,1525.080272
3.267122,30,1525.134593
2.643962,12,1525.154879
1.094556,30,1525.210526
3.103215,30,1525.265047
3.97761,12,1525.287485
3.24143,30,1525.345481
3.141929,30,1525.397739
4.076166,18,1525.433736
3.188481,30,1525.494467
4.130255,22,1525.541803
3.183523,30,1525.602202
2.991428,13,1525.629971
3.143182,30,1525.687142
1.973829,30,1525.743145
3.255695,30,1525.799702
4.138314,18,1525.834325
3.363078,30,1525.890249
2.885462,30,1525.943637
3.401203,30,1525.999737
4.306121,20,1526.037975
3.284025,30,1526.091836
4.095952,20,1526.127809
1.287523,30,1526.183386
3.407034,30,1526.238376
3.380107,30,1526.295927
2.161344,17,1526.324858
3.307515,30,1526.3802
1.28556,30,1526.435223
3.341185,30,1526.49406
3.154559,30,1526.547979
3.299172,30,1526.605875
3.223441,30,1526.661598
3.404331,30,1526.717124
3.340021,30,1526.769966
3.30671,30,1526.826119
4.163197,23,1526.867715
3.337272,30,1526.923831
3.895137,17,1526.954532
3.080315,20,1526.990361
3.197938,30,1527.048866
4.353499,24,1527.093175
4.077961,19,1527.125876
3.397191,30,1527.181802
3.191866,30,1527.23825
3.897362,20,1527.276424
3.224607,30,1527.33348
3.341849,30,1527.389171
4.143212,20,1527.427535
3.314711,30,1527.481354
3.326718,30,1527.538759
3.083815,30,1527.595309
3.069871,30,1527.6529
1.394426,30,1527.709707
3.473355,13,1527.733914
1.083652,30,1527.791656
1.39285,30,1527.85039
3.235999,30,1527.907731
3.201072,30,1527.961028
2.310576,30,1528.017002
3.065923,30,1528.073304
4.212345,20,1528.111772
3.338629,30,1528.16906
2.066646,30,1528.224545
3.341464,30,1528.282482
3.458918,30,1528.336326
3.321667,30,1528.391531
1.321421,30,1528.441481
3.31778,30,1528.499144
3.230861,30,1528.551108
3.789967,24,1528.594552
4.224235,30,1528.650539
2.847538,30,1528.704556
4.272587,18,1528.738896
3.048043,30,1528.79105
1.173838,30,1528.847763
3.089744,30,1528.903644
4.366394,21,1528.941016
3.091465,30,1528.995907
3.330497,30,1529.047975
2.944305,18,1529.083246
3.37374,30,1529.136713
3.327314,30,1529.191761
2.26094,27,1529.239959
4.260436,25,1529.284932
3.317907,30,1529.337426
3.376698,30,1529.392227
4.353939,25,1529.435407
3.468972,30,1529.494271
2.857516,30,1529.545852
4.00488,20,1529.582152
2.676235,30,1529.6363
3.394031,30,1529.69304
1.952729,20,1529.729032
3.179055,30,1529.784166
3.955017,25,1529.827784
3.351836,30,1529.881883
4.365959,26,1529.928714
3.987881,18,1529.960175
1.474785,24,1530.002619
1.175744,30,1530.060441
4.123419,22,1530.099225
3.527555,14,1530.124143
1.347749,30,1530.177151
1.934599,30,1530.233712
3.170366,30,1530.28636
1.394093,30,1530.341216
4.410371,23,1530.38293
4.087597,20,1530.420533
3.959385,28,1530.471109
3.468716,30,1530.52303
0.78019,14,1530.549005
2.031591,30,1530.606043
3.338417,30,1530.661692
3.224709,30,1530.713912
3.712801,22,1530.754205
3.163363,30,1530.809688
2.861594,29,1530.859013
3.32599,30,1530.911989
3.221966,30,1530.964775
1.033326,22,1531.005849
4.127092,17,1531.035211
2.998156,13,1531.058715
3.294849,30,1531.112377
4.012176,27,1531.1606
3.179559,30,1531.215769
3.968366,30,1531.270407
3.174092,30,1531.322254
3.268913,30,1531.380023
3.054398,27,1531.427941
4.120196,15,1531.456302
0.911641,17,1531.484289
1.323516,30,1531.540464
4.045984,26,1531.583943
4.194192,29,1531.637871
3.580043,28,1531.686441
3.214716,30,1531.742057
3.06266,15,1531.769792
3.074565,30,1531.821394
3.747986,28,1531.869883
3.164294,30,1531.949531
3.334462,30,1532.006196
2.00816,15,1532.033979
3.790299,15,1532.061789
3.21018,30,1532.115599
4.31264,21,1532.153963
4.058617,26,1532.198801
3.292297,30,1532.251626
3.480166,28,1532.304471
3.704372,13,1532.326068
3.271034,30,1532.380658
2.996387,24,1532.422462
3.301084,15,1532.450551
2.311543,30,1532.505042
3.244105,30,1532.55725
3.379924,30,1532.612562
4.201763,28,1532.666327
3.349142,30,1532.719117
4.218511,26,1532.766295
3.299295,30,1532.822759
1.821205,30,1532.879826
3.251379,30,1532.93256
1.605867,25,1532.976636
1.871175,30,1533.030342
3.954313,25,1533.076401
3.231719,30,1533.131361
4.18986,23,1533.169423
4.225794,23,1533.211829
3.267331,30,1533.269931
3.32404,30,1533.323366
1.973211,30,1533.38116
2.089712,29,1533.432087
3.343006,30,1533.488734
3.723446,15,1533.515753
3.168223,30,1533.570512
3.325293,30,1533.625716
3.25469,30,1533.684254
3.292145,30,1533.738673
1.394222,30,1533.795632
2.136666,21,1533.832966
3.28739,30,1533.890968
3.308304,30,1533.94763
4.121222,14,1533.974328
3.578969,17,1534.006717
4.000511,26,1534.057295
3.448898,30,1534.114807
3.286157,30,1534.170375
3.372104,30,1534.225667
3.774959,15,1534.251866
3.05524,16,1534.282031
3.368605,30,1534.339117
3.359904,30,1534.392289
4.409411,17,1534.427616
3.936559,30,1534.482138
3.423204,30,1534.538805
3.846539,17,1534.568656
3.294207,30,1534.62689
3.285395,30,1534.682482
3.048785,30,1534.735123
2.270105,24,1534.779428
4.103764,19,1534.817435
2.689966,30,1534.871562
3.292542,30,1534.922944
4.104409,27,1534.974459
3.915744,27,1535.024477
3.396693,30,1535.078683
3.287883,30,1535.134954
3.369724,30,1535.188731
2.125716,30,1535.245807
3.317123,30,1535.302665
1.218973,30,1535.358482
3.335874,30,1535.415087
3.21413,30,1535.474989
4.162128,16,1535.505503
3.318511,30,1535.560855
3.372469,30,1535.619981
3.34629,30,1535.67663
3.371303,30,1535.734723
3.017953,30,1535.789618
1.732101,30,1535.844284
2.822774,16,1535.877969
3.39651,30,1535.933895
2.978166,30,1535.988592
3.764278,20,1536.025666
1.260837,30,1536.082271
4.387238,23,1536.123693
3.917486,26,1536.171734
3.394959,30,1536.22809
3.743607,26,1536.277063
2.180039,15,1536.306308
1.306754,30,1536.36289
-0.315159,16,1536.391914
2.069132,24,1536.437133
3.354211,30,1536.491002
3.170069,30,1536.546908
3.2585,30,1536.602012
1.325006,30,1536.661516
3.350989,30,1536.716767
3.415025,11,1536.739229
4.096131,16,1536.769831
3.171502,30,1536.827389
3.256367,30,1536.8831
3.296919,30,1536.938337
1.287425,30,1536.996431
3.247381,30,1537.056981
2.815218,17,1537.091998
3.307208,30,1537.148495
3.258907,30,1537.204705
3.338735,30,1537.262298
4.122153,15,1537.29135
4.086287,29,1537.343905
3.248465,30,1537.399535
3.227571,30,1537.458268
4.269602,23,1537.500384
3.547996,30,1537.55288
4.06253,16,1537.582035
3.291296,30,1537.641695
3.366025,30,1537.69818
3.8118,27,1537.747948
4.20464,21,1537.789131
1.038503,30,1537.849543
3.150726,13,1537.873232
2.894678,30,1537.929892
3.262815,30,1537.984243
3.392607,30,1538.041969
3.935364,30,1538.09893
4.018837,25,1538.14546
3.184543,30,1538.200552
3.390326,30,1538.258337
4.189278,22,1538.301985
1.393286,13,1538.324762
4.335413,19,1538.361098
3.123417,22,1538.405917
4.101489,21,1538.448385
4.244117,22,1538.489326
3.273727,30,1538.545465
3.982689,26,1538.593758
3.044725,30,1538.652487
3.177491,30,1538.706459
3.271024,30,1538.763692
4.190055,21,1538.805307
3.340832,30,1538.861312
4.029662,26,1538.90981
3.326125,30,1538.963845
1.312789,30,1539.023526
3.033742,30,1539.077752
3.679827,22,1539.119819
3.110021,30,1539.178101
2.194116,30,1539.237274
3.163533,30,1539.293837
3.383211,30,1539.350247
2.931775,12,1539.372893
3.708003,20,1539.409335
-0.177227,30,1539.46377
1.659357,30,1539.517324
3.952107,26,1539.563145
4.118837,23,1539.60921
3.346884,30,1539.666503
3.208032,30,1539.71945
2.00049,28,1539.771908
3.382363,30,1539.832584
4.204536,23,1539.874044
3.312495,30,1539.932214
2.772521,27,1539.982766
3.404084,30,1540.040725
3.088877,30,1540.100994
1.399929,30,1540.155826
3.314786,30,1540.214342
3.136895,30,1540.27282
3.089146,30,1540.329389
3.342257,30,1540.385396
1.186748,30,1540.440684
2.957621,16,1540.472486
2.70245,30,1540.526864
4.242976,22,1540.570733
1.718184,30,1540.627556
4.073917,30,1540.68603
3.074912,30,1540.740769
4.304451,22,1540.781574
4.227047,18,1540.813998
3.391511,30,1540.874401
3.374982,30,1540.927596
3.123608,30,1540.985199
4.300494,18,1541.017983
3.947546,27,1541.071772
1.973467,25,1541.116927
3.733196,16,1541.147357
3.333122,30,1541.205831
4.098229,16,1541.238057
2.746174,30,1541.293321
3.374137,30,1541.349724
3.04393,18,1541.382109
1.249884,30,1541.462409
4.298878,25,1541.51056
3.02512,30,1541.564995
3.241513,30,1541.621429
3.275203,30,1541.678797
4.367074,18,1541.713646
2.10411,30,1541.765721
0.209618,25,1541.814373
4.17067,21,1541.855667
2.920862,27,1541.904661
3.875989,28,1541.955206
4.224075,15,1541.982045
3.320687,30,1542.041539
3.397435,30,1542.098482
4.125607,22,1542.140691
3.093614,30,1542.194053
3.397372,30,1542.253866
3.272228,30,1542.311432
3.052507,30,1542.367725
2.673237,13,1542.39171
2.315127,23,1542.437079
4.200558,22,1542.481666
3.213038,30,1542.539947
3.363439,30,1542.593954
3.309063,30,1542.654052
3.504349,11,1542.674511
1.392583,30,1542.727358
4.227054,15,1542.75614
3.357592,30,1542.819492
3.187072,30,1542.876176
3.166907,30,1542.930312
4.236293,19,1542.966721
3.380272,30,1543.026556
3.33046,30,1543.081392
2.976076,15,1543.110533
3.352834,30,1543.163603
-1.50308,30,1543.221016
3.375715,30,1543.276905
4.163178,13,1543.303979
1.24721,30,1543.358681
0.036584,30,1543.419483
3.21689,30,1543.475656
2.943804,30,1543.531293
3.406536,30,1543.586433
4.366946,24,1543.637645
3.32367,30,1543.707514
2.891938,12,1543.736411
3.693266,13,1543.76535
4.224108,26,1543.81822
2.079414,20,1543.859132
2.836092,13,1543.884193
4.020764,24,1543.929447
3.378818,30,1543.985662
3.225029,30,1544.041374
0.882564,19,1544.075023
4.298327,19,1544.110643
3.268175,30,1544.167907
3.934738,26,1544.214823
2.743115,15,1544.242436
4.284787,27,1544.293576
2.635638,30,1544.349032
3.232302,30,1544.407639
1.203948,30,1544.462496
2.917621,30,1544.518051
4.317931,19,1544.553836
3.320709,30,1544.611584
3.281898,30,1544.664672
3.559659,29,1544.71909
3.800139,26,1544.769798
3.409913,26,1544.819067
3.920738,24,1544.862368
3.194965,30,1544.916198
3.271869,30,1544.974925
3.163972,30,1545.030093
4.11213,21,1545.068604
4.174998,24,1545.112005
3.288425,30,1545.172643
3.421893,30,1545.224762
3.392685,30,1545.280612
2.405491,30,1545.335942
3.392579,30,1545.394355
2.741517,30,1545.450235
1.178899,30,1545.508688
4.061509,20,1545.54554
2.639916,30,1545.606111
3.83241,16,1545.636583
3.237746,30,1545.694048
0.98708,30,1545.746862
2.96423,30,1545.807503
2.944355,30,1545.862252
3.703621,17,1545.896046
3.006293,30,1545.949099
3.022338,30,1546.006875
3.365213,23,1546.048594
3.325605,30,1546.105141
3.241594,30,1546.1588
3.194367,30,1546.220652
1.080555,30,1546.274509
4.403643,23,1546.318118
3.344364,30,1546.373615
1.417767,17,1546.405718
2.695828,30,1546.462316
3.113628,12,1546.483818
3.144082,30,1546.540965
3.366078,30,1546.597533
3.410545,30,1546.65644
4.193514,17,1546.686312
2.595844,30,1546.742105
2.980479,14,1546.767289
4.068114,22,1546.808548
4.025184,14,1546.833532
3.116628,30,1546.890394
2.067671,28,1546.943943
3.286617,30,1546.99692
3.200982,30,1547.05373
3.173449,30,1547.10708
3.186379,30,1547.16524
2.882093,15,1547.191002
3.343429,30,1547.24788
3.142361,30,1547.302137
4.343044,17,1547.336356
3.297063,30,1547.390935
3.219263,30,1547.447186
4.060462,19,1547.481781
3.139223,30,1547.543644
3.376768,30,1547.598143
3.265853,30,1547.65596
4.074074,15,1547.682153
-0.385847,30,1547.73989
1.661704,14,1547.766762
3.210806,30,1547.826513
1.927133,22,1547.874329
3.00958,30,1547.943076
3.310666,30,1548.01165
2.434145,30,1548.07007
3.574801,19,1548.105852
4.011251,21,1548.147472
3.267328,30,1548.206135
3.224745,30,1548.259711
2.09807,30,1548.316441
4.400645,23,1548.359998
2.747424,28,1548.411774
3.913898,12,1548.433692
3.354646,30,1548.488406
3.865797,26,1548.537239
3.840749,21,1548.578217
1.743198,10,1548.595005
4.372351,21,1548.633564
3.073897,30,1548.693001
1.893552,30,1548.747063
3.171671,30,1548.804314
2.713738,30,1548.861896
4.183837,29,1548.921094
3.961626,12,1548.945048
3.884658,27,1548.994624
2.946405,30,1549.052865
3.60434,27,1549.104282
4.3024,18,1549.138163
2.356021,12,1549.160389
3.139976,30,1549.220607
2.87031,20,1549.261938
3.956929,23,1549.307587
3.066216,30,1549.367631
4.063613,26,1549.416945
2.440227,30,1549.478555
0.737812,30,1549.531928
2.181802,30,1549.587299
3.390035,30,1549.641198
3.218193,30,1549.699575
3.331868,30,1549.75292
3.808093,28,1549.805149
3.253396,30,1549.862293
3.330114,30,1549.91822
3.44824,30,1549.975391
4.291934,21,1550.013431
1.268436,30,1550.068771
3.28581,30,1550.125815
3.190643,25,1550.171225
3.27186,30,1550.225301
3.532211,27,1550.274673
4.099022,21,1550.315117
3.273493,30,1550.369457
1.886704,30,1550.427088
3.254378,30,1550.482316
3.027399,12,1550.506477
2.993278,13,1550.532408
1.50878,30,1550.587379
3.241632,30,1550.646282
2.170067,26,1550.694928
3.366165,30,1550.75148
4.04761,15,1550.778129
3.257796,30,1550.833403
4.105994,24,1550.878588
2.959021,30,1550.933183
2.799878,30,1550.987689
3.992934,24,1551.029885
3.399436,30,1551.085233
3.05467,30,1551.13941
2.470157,30,1551.191363
4.119416,14,1551.217427
3.243834,30,1551.271969
4.191606,26,1551.31942
1.329462,30,1551.372643
3.076912,19,1551.407089
4.159337,21,1551.444927
4.009355,20,1551.480915
3.940809,27,1551.528702
3.39989,30,1551.583017
4.093208,18,1551.617062
3.360884,30,1551.673953
1.918167,30,1551.726036
3.127092,30,1551.782833
3.686448,18,1551.81704
3.371289,30,1551.873611
3.307744,30,1551.926507
3.26258,30,1551.981658
3.103206,30,1552.036712
0.605172,30,1552.093123
3.12373,12,1552.114185
3.185015,30,1552.166796
3.123204,30,1552.224932
3.267071,30,1552.276725
3.049089,30,1552.331975
2.235083,16,1552.359891
4.026423,29,1552.416503
2.158415,25,1552.460221
3.392662,30,1552.513539
3.219773,30,1552.564949
4.011245,25,1552.610789
3.172548,30,1552.668106
3.316929,30,1552.719904
3.726564,30,1552.77815
4.012546,30,1552.834986
3.113627,30,1552.891493
3.141366,30,1552.942326
4.287259,17,1552.974346
1.851344,30,1553.029012
3.288057,30,1553.082998
3.352229,30,1553.137323
3.358862,30,1553.19246
3.367251,30,1553.246239
4.331086,15,1553.273948
3.3606,30,1553.328035
4.062125,22,1553.367841
1.400517,30,1553.423117
2.906398,16,1553.453295
3.856609,14,1553.478674
4.242015,28,1553.528632
3.414344,30,1553.583733
3.582351,20,1553.619328
3.048502,30,1553.671955
1.211701,30,1553.723924
3.423182,30,1553.781349
3.296883,30,1553.836064
3.31654,30,1553.891694
3.982926,26,1553.936337
3.099004,30,1553.992424
3.246834,30,1554.044244
3.219403,30,1554.100556
3.255021,30,1554.153444
3.254536,30,1554.209858
4.166874,22,1554.248324
3.049036,30,1554.301336
3.362909,30,1554.354631
3.36636,30,1554.414187
3.364782,30,1554.469915
3.224343,30,1554.524197
2.010538,30,1554.577561
3.391203,30,1554.639854
2.156125,30,1554.692898
3.072371,30,1554.747485
3.967911,28,1554.796978
4.274923,22,1554.837162
3.878272,29,1554.890833
3.202689,30,1554.944048
3.288385,30,1554.998069
3.311725,30,1555.051128
3.369315,30,1555.108568
4.398078,15,1555.133275
2.994359,30,1555.187871
3.414446,30,1555.244911
3.307907,30,1555.303272
3.924166,23,1555.346488
1.338864,30,1555.4009
1.305053,30,1555.463417
3.211016,30,1555.515614
2.293816,22,1555.555256
3.3055,30,1555.609402
3.897486,17,1555.643204
3.024962,22,1555.683852
3.254902,30,1555.738178
3.119167,30,1555.791611
4.191128,21,1555.850954
3.375637,30,1555.915509
3.188458,30,1555.96928
4.401815,23,1556.010786
3.719527,22,1556.05462
3.872974,30,1556.110399
3.785436,27,1556.157803
3.372041,30,1556.211275
1.89503,30,1556.271096
3.394113,30,1556.323758
3.202677,30,1556.378012
3.158898,30,1556.43249
3.377442,30,1556.489639
3.883658,30,1556.544277
3.205445,30,1556.598559
2.801745,29,1556.650027
3.280501,30,1556.706189
3.988415,19,1556.740863
3.064633,30,1556.793947
3.330076,30,1556.844808
2.980791,10,1556.866907
4.208292,25,1556.913148
3.356572,30,1556.964871
4.130097,28,1557.013871
3.153518,19,1557.050372
3.367464,30,1557.106123
4.167701,26,1557.149795
2.873724,13,1557.1724
1.124933,30,1557.230759
3.091338,30,1557.281101
3.235073,30,1557.335933
4.148399,13,1557.357833
1.250275,30,1557.416052
2.934303,10,1557.432772
4.337277,21,1557.471533
4.144526,21,1557.513457
4.351353,26,1557.560761
3.397001,30,1557.617527
2.097139,26,1557.663339
3.037191,30,1557.718258
3.306553,30,1557.7734
1.934524,30,1557.831085
3.367294,30,1557.884849
3.345679,30,1557.942974
2.752756,30,1557.998854
3.354428,30,1558.055471
1.497352,24,1558.098527
1.015158,28,1558.147216
3.313268,30,1558.201566
3.207217,30,1558.256483
3.43702,30,1558.309364
4.265587,28,1558.358706
3.371636,30,1558.419478
0.969738,18,1558.452578
4.316554,21,1558.490769
3.395236,30,1558.543431
3.427949,30,1558.598547
3.395536,30,1558.655456
3.387559,30,1558.70955
3.281432,30,1558.768021
3.369573,30,1558.824161
3.259021,30,1558.880105
1.902782,30,1558.934934
3.177042,30,1558.991
2.151058,30,1559.043256
3.840071,29,1559.100383
2.927105,30,1559.150559
1.250687,30,1559.203131
3.373471,30,1559.259721
3.085963,19,1559.29406
4.18656,16,1559.320155
4.129729,19,1559.353003
2.034412,30,1559.405576
3.9433,27,1559.456448
2.011047,30,1559.507843
3.32619,30,1559.561397
1.764143,10,1559.580234
4.2767,21,1559.620693
4.150181,17,1559.650697
2.812086,18,1559.679975
3.167059,30,1559.739435
3.374234,30,1559.791182
2.374508,21,1559.830261
2.998627,30,1559.883935
3.308124,30,1559.943245
4.184277,21,1559.981316
3.501466,14,1560.004748
3.36047,30,1560.059394
3.265403,30,1560.113957
3.298604,30,1560.171173
3.211928,30,1560.223459
3.422264,30,1560.277887
3.029275,30,1560.333379
3.179855,30,1560.390357
0.420618,12,1560.410793
3.94319,18,1560.441898
3.176845,30,1560.499925
1.218319,30,1560.551491
3.447351,30,1560.608825
4.246952,28,1560.660736
4.126368,29,1560.713233
3.582258,12,1560.734516
3.164384,30,1560.789828
2.661853,17,1560.81895
3.239508,30,1560.8751
2.441511,21,1560.916679
2.958141,30,1560.973324
3.307728,30,1561.028271
2.656099,30,1561.081542
2.383937,28,1561.131265
3.353,30,1561.185953
3.258964,30,1561.237778
1.087748,12,1561.260981
3.0527,30,1561.314837
2.830413,20,1561.350148
2.784528,21,1561.38487
3.728139,14,1561.411914
4.007637,14,1561.439244
3.193257,30,1561.49205
3.260858,30,1561.548243
2.980062,25,1561.595439
3.24368,30,1561.652213
3.90153,22,1561.689825
2.118371,17,1561.718094
3.366249,30,1561.77558
3.24833,30,1561.827208
3.433037,30,1561.881866
3.518892,16,1561.91172
4.265855,20,1561.950298
3.158785,30,1562.00292
3.367422,30,1562.056903
1.051699,16,1562.084287
4.171139,22,1562.124974
3.883236,29,1562.178634
3.290466,30,1562.231977
3.299912,30,1562.287492
1.316353,30,1562.341296
2.736107,30,1562.395917
3.287664,30,1562.449142
3.360499,30,1562.504723
3.29898,30,1562.560203
1.890976,30,1562.618308
3.128176,30,1562.669916
2.245123,20,1562.705629
3.215154,30,1562.761739
2.949905,18,1562.794466
3.957864,19,1562.8311
3.192241,30,1562.886176
2.860592,19,1562.922132
3.417999,30,1562.979467
4.249658,14,1563.00229
3.52409,24,1563.044714
3.886841,30,1563.103727
3.28319,30,1563.159247
3.43376,30,1563.219692
2.937719,30,1563.272705
3.049373,13,1563.299881
2.843804,18,1563.33425
3.218094,30,1563.387938
4.377201,14,1563.414458
3.412276,30,1563.472796
3.333315,30,1563.529412
3.564923,28,1563.583424
3.316977,30,1563.638896
3.226081,30,1563.697901
4.082781,17,1563.727158
2.952624,22,1563.767837
4.295024,16,1563.796645
4.159452,18,1563.831299
3.278392,30,1563.888541
3.42252,30,1563.942117
3.243174,30,1563.995158
4.231384,30,1564.050702
3.343317,30,1564.108349
3.920811,24,1564.151537
3.359165,30,1564.203987
4.051341,22,1564.246902
2.986978,21,1564.284894
3.231904,30,1564.338298
1.606415,20,1564.373161
3.318405,30,1564.434515
3.349436,30,1564.492908
4.143215,21,1564.531808
2.809399,12,1564.552465
4.051643,17,1564.597269
2.055503,30,1564.663993
3.382138,30,1564.720164
3.907632,29,1564.77353
3.265925,30,1564.832937
1.139211,30,1564.885853
2.580587,30,1564.942767
3.296532,30,1564.997036
3.43762,30,1565.055974
3.256922,30,1565.111006
1.408231,30,1565.166599
2.973995,13,1565.190397
2.122655,22,1565.230515
3.27054,30,1565.286883
3.358023,30,1565.341284
3.099343,30,1565.39708
1.413537,30,1565.454309
3.238532,30,1565.51037
3.14461,30,1565.561796
3.397459,30,1565.620963
3.196894,30,1565.67675
3.193861,30,1565.731668
3.275702,30,1565.784577
3.4049,30,1565.839854
3.437353,30,1565.896779
2.816153,14,1565.923685
0.99673,20,1565.958316
4.03531,30,1566.011161
4.075605,21,1566.053552
3.278057,30,1566.107502
3.412942,30,1566.162341
1.299809,30,1566.216274
3.306255,30,1566.2733
3.26882,30,1566.327394
3.765446,16,1566.356035
3.001991,15,1566.383845
3.300104,30,1566.441039
3.159045,30,1566.497358
3.228716,30,1566.550161
3.391844,30,1566.605974
4.256758,20,1566.643912
3.974434,30,1566.698966
1.381888,30,1566.752908
2.877277,30,1566.803891
4.014159,11,1566.828366
2.941546,30,1566.883019
4.145871,19,1566.914939
4.028682,14,1566.941705
3.154318,30,1566.99747
1.601399,30,1567.053366
3.982959,14,1567.078226
3.115739,30,1567.13302
3.300021,30,1567.190138
3.402504,30,1567.245702
3.303984,30,1567.29866
3.342319,30,1567.353086
3.321926,30,1567.408738
3.34248,30,1567.46616
3.626407,19,1567.501069
2.907798,30,1567.553125
3.199991,30,1567.610703
2.948093,13,1567.633245
1.399786,30,1567.687493
3.203606,30,1567.742697
4.110712,25,1567.793114
1.31447,30,1567.850668
3.598913,12,1567.873029
4.174745,21,1567.909776
3.232061,30,1567.963217
3.972286,24,1568.007584
3.329493,30,1568.062283
3.384585,30,1568.114306
4.19546,15,1568.143954
3.275041,30,1568.199068
4.224667,24,1568.242134
2.913805,30,1568.297469
4.389788,19,1568.334107
4.121561,21,1568.371632
3.247504,30,1568.428434
3.253213,30,1568.481863
1.406847,30,1568.540614
3.223972,30,1568.592886
3.359779,30,1568.649531
3.297609,30,1568.704662
3.134864,30,1568.764256
3.15368,30,1568.8195
3.115717,30,1568.87579
3.11068,12,1568.898335
4.171812,15,1568.925339
4.174835,29,1568.983246
3.352734,30,1569.036516
4.170578,17,1569.068352
4.112624,25,1569.117871
1.312498,30,1569.17121
3.579253,16,1569.200207
3.441305,30,1569.256679
3.330638,30,1569.310468
3.153444,30,1569.36627
2.928934,24,1569.407961
2.031586,30,1569.461235
3.337129,30,1569.516683
3.228837,30,1569.570201
3.070241,30,1569.625093
3.391636,30,1569.678193
3.3408,30,1569.73647
3.402035,30,1569.789206
3.2007,30,1569.844644
3.113563,30,1569.899086
3.416,30,1569.956949
0.99346,26,1570.003924
1.48144,13,1570.027056
2.703898,14,1570.05264
1.871286,30,1570.107649
2.019143,28,1570.156804
3.140645,30,1570.212348
3.339787,30,1570.265566
3.334035,30,1570.322718
4.031512,24,1570.364716
1.418716,30,1570.418015
3.42278,30,1570.4739
4.343577,15,1570.503557
4.272259,26,1570.547607
3.273198,30,1570.603052
3.288049,30,1570.659112
1.386072,30,1570.716512
3.357612,30,1570.770838
3.39981,30,1570.826105
3.209342,30,1570.876669
3.346913,30,1570.934307
3.208743,30,1570.987955
1.156507,30,1571.042652
3.198215,30,1571.096388
1.196276,30,1571.154197
3.634327,21,1571.191571
3.229177,30,1571.246436
2.164825,23,1571.289766
3.276574,30,1571.347267
3.442359,30,1571.398865
3.198064,30,1571.455269
4.102535,16,1571.483158
3.339384,30,1571.539691
1.378501,30,1571.594336
4.280168,22,1571.6335
3.122149,30,1571.689249
2.408676,25,1571.735279
4.288934,17,1571.765228
3.311931,30,1571.821288
3.25801,30,1571.875074
3.40898,30,1571.934474
0.542626,30,1571.985435
3.451727,30,1572.040291
3.204886,30,1572.093299
1.267453,30,1572.148776
4.063484,24,1572.191341
2.835936,30,1572.244829
1.408161,30,1572.300649
3.289598,30,1572.35481
4.273654,24,1572.398358
3.408364,30,1572.455522
3.388955,30,1572.509247
3.229687,30,1572.568198
2.153795,30,1572.619639
3.239905,30,1572.675389
2.326387,21,1572.712637
1.217791,30,1572.767947
3.258888,30,1572.825663
2.996402,30,1572.879505
3.291812,30,1572.937106
4.209165,30,1572.991618
3.098139,14,1573.018478
4.283868,19,1573.054804
3.21712,30,1573.107348
3.411839,30,1573.164183
3.318513,30,1573.218193
3.303578,30,1573.273509
3.147125,18,1573.304208
4.203928,14,1573.334856
1.201432,30,1573.388481
3.37603,30,1573.444
2.080145,30,1573.498393
3.2392,30,1573.556414
3.106603,22,1573.594085
3.368767,30,1573.650072
3.273486,30,1573.704907
3.22157,30,1573.76272
3.304177,30,1573.816048
3.017619,30,1573.870797
3.356167,30,1573.923252
3.088531,14,1573.956687
3.183605,30,1574.024948
3.418359,30,1574.082946
3.115531,30,1574.138386
3.953186,29,1574.19338
2.915678,15,1574.221821
3.344476,30,1574.277957
3.220252,30,1574.333954
3.292877,30,1574.392263
4.374086,16,1574.422508
3.330011,30,1574.479025
4.197986,18,1574.514187
3.343004,30,1574.57318
3.218704,30,1574.631691
4.156737,26,1574.677991
1.289103,30,1574.73139
4.334852,18,1574.763702
3.806233,20,1574.800111
3.114288,30,1574.85556
3.249127,30,1574.908553
2.953111,15,1574.938953
3.413673,30,1574.993356
3.956145,25,1575.037632
3.261848,30,1575.090919
3.395697,30,1575.147638
3.373762,30,1575.200619
2.133844,30,1575.254851
4.338264,19,1575.288313
3.304264,30,1575.344908
3.382943,30,1575.397951
3.365032,30,1575.454261
2.188609,30,1575.507548
3.01033,16,1575.538533
3.249601,30,1575.596654
3.779823,30,1575.651707
3.170294,30,1575.708623
3.670872,24,1575.754199
3.40225,30,1575.807864
3.639901,25,1575.854382
3.277865,30,1575.909451
3.297245,30,1575.967582
3.380866,30,1576.021952
3.105966,17,1576.05116
4.128862,15,1576.078263
2.112782,30,1576.135739
-0.512852,30,1576.188156
3.33571,30,1576.242935
4.20969,24,1576.286276
4.199773,25,1576.335293
3.256222,30,1576.386943
1.241719,30,1576.440153
3.202404,30,1576.494578
4.073674,26,1576.543
3.651057,16,1576.572724
3.98586,27,1576.621997
2.881629,30,1576.675103
3.267344,30,1576.733315
2.482299,30,1576.785829
3.619559,19,1576.819983
4.221994,20,1576.855448
3.241038,30,1576.910867
0.582111,19,1576.945716
3.323802,30,1577.003015
4.278212,24,1577.04756
3.255042,30,1577.103547
1.180999,30,1577.159168
3.353902,30,1577.214292
4.365224,17,1577.243406
3.841108,22,1577.284789
1.395891,30,1577.337574
4.247587,16,1577.364794
4.281006,22,1577.404233
4.184762,15,1577.433735
3.95613,24,1577.477407
3.354938,30,1577.531732
3.976614,21,1577.568202
4.133083,16,1577.598937
3.449536,30,1577.660738
1.886772,30,1577.716284
3.369976,30,1577.775604
3.334171,30,1577.834347
4.330534,17,1577.868044
3.43034,30,1577.921009
3.188473,30,1577.979265
3.332046,30,1578.035329
1.180389,30,1578.091923
3.881191,26,1578.138736
3.359131,30,1578.194813
3.402205,30,1578.252075
3.222347,30,1578.310056
4.216336,26,1578.357522
1.550047,30,1578.413346
3.081618,12,1578.436907
3.089112,30,1578.494274
3.156611,30,1578.550878
1.906064,30,1578.606017
3.387371,30,1578.667214
3.307259,30,1578.721532
2.741873,29,1578.775261
3.36321,30,1578.831981
2.735624,30,1578.887048
1.984783,30,1578.946166
4.23916,17,1578.9786
2.339032,22,1579.020092
3.123083,30,1579.075663
4.23888,17,1579.106518
3.390737,30,1579.162546
4.178322,22,1579.201606
3.339798,30,1579.261169
4.066223,30,1579.315016
3.389558,30,1579.372814
3.348404,30,1579.428227
3.093518,30,1579.488678
4.364893,22,1579.527116
0.990443,30,1579.584861
4.258209,28,1579.635405
3.35282,30,1579.69322
2.235597,30,1579.749885
3.269944,30,1579.80242
3.394425,30,1579.857969
3.979254,28,1579.913182
3.324732,30,1579.964689
3.181927,30,1580.022207
3.113313,12,1580.044018
1.296951,30,1580.100415
4.094336,18,1580.133121
3.286319,30,1580.186679
3.367383,30,1580.245272
4.118157,25,1580.294365
1.320077,30,1580.349254
3.399408,30,1580.401662
3.215216,30,1580.459074
3.362516,30,1580.514596
2.197755,26,1580.563194
1.351636,30,1580.616863
0.803212,20,1580.654898
3.353272,30,1580.714314
4.216873,17,1580.749903
3.073113,12,1580.773329
2.914564,30,1580.826948
3.365314,30,1580.888388
1.270397,30,1580.944132
3.613521,29,1580.997226
2.996165,12,1581.019524
4.090168,21,1581.06165
4.283744,21,1581.099991
3.011238,14,1581.12687
-0.977237,30,1581.180615
4.121764,18,1581.216024
3.451295,30,1581.27032
4.072978,27,1581.318655
3.412499,30,1581.373482
3.897253,22,1581.417434
3.413165,30,1581.473719
3.457777,30,1581.529754
3.360865,30,1581.583091
3.411018,30,1581.641439
4.260419,22,1581.682482
4.136297,20,1581.719411
3.152724,30,1581.779853
3.198885,28,1581.833298
3.240239,30,1581.887735
3.413366,30,1581.945819
3.442253,30,1582.000056
3.420733,30,1582.059784
2.242804,23,1582.102848
3.296568,30,1582.154348
3.306822,30,1582.208902
3.252422,30,1582.266025
1.34679,30,1582.320477
2.349949,14,1582.345003
3.329833,30,1582.401371
3.295402,30,1582.460783
3.743114,18,1582.495089
1.928833,30,1582.547375
3.198307,30,1582.601297
3.19642,30,1582.659828
2.979173,30,1582.717081
1.314314,30,1582.771501
3.35504,30,1582.830026
2.350209,22,1582.871702
3.231201,30,1582.928478
3.324792,30,1582.982376
3.355171,30,1583.0385
3.344053,30,1583.096634
3.394887,30,1583.15381
3.459862,30,1583.208225
3.021182,30,1583.26511
4.176507,28,1583.318816
3.060182,30,1583.3748
2.027993,20,1583.410012
3.128109,24,1583.455176
4.388852,25,1583.529702
0.913989,13,1583.558202
3.199445,30,1583.615063
3.962619,27,1583.666096
3.165306,30,1583.722412
3.235364,30,1583.781163
3.196335,30,1583.836891
3.206159,30,1583.893989
4.319639,19,1583.931926
3.0862,30,1583.988135
2.712478,14,1584.015085
3.276416,30,1584.068809
2.632043,30,1584.131124
3.349073,30,1584.186146
3.67055,18,1584.22073
3.903106,28,1584.2705
-0.049023,30,1584.325737
2.056364,30,1584.381814
3.863109,28,1584.433627
3.654166,13,1584.458434
3.226281,30,1584.515345
3.430172,30,1584.572458
3.325384,30,1584.627938
3.788572,23,1584.670198
3.345364,30,1584.728785
3.357387,30,1584.785195
3.356406,30,1584.841856
3.936145,21,1584.880462
3.248403,30,1584.939066
3.304305,30,1584.995195
3.3943,30,1585.047464
3.858618,24,1585.092604
3.257582,30,1585.151634
3.126785,30,1585.204663
1.7415,15,1585.233249
3.76224,17,1585.264427
1.545088,26,1585.313468
4.270669,28,1585.363917
3.355559,30,1585.42127
3.292626,30,1585.478712
2.0117,30,1585.535468
4.323165,19,1585.57057
1.527276,30,1585.627382
4.23399,26,1585.676478
3.960502,30,1585.739094
1.622169,9,1585.754826
3.410032,30,1585.810038
3.26143,30,1585.86693
3.266555,30,1585.924503
3.964919,28,1585.976627
1.123622,30,1586.03384
3.098305,30,1586.089102
3.04774,30,1586.14599
3.998326,14,1586.170011
3.506221,28,1586.220696
3.262196,30,1586.278594
3.450512,30,1586.338037
3.124866,30,1586.396291
3.927515,24,1586.441384
4.094005,14,1586.466902
2.182705,20,1586.504818
3.869169,25,1586.552048
1.274807,30,1586.606373
2.985085,24,1586.653229
3.080627,30,1586.715624
3.350576,30,1586.771684
-0.088989,18,1586.804646
2.891163,27,1586.854078
3.195111,30,1586.912315
3.221517,30,1586.964793
3.796636,29,1587.02181
3.30801,30,1587.07659
3.370471,30,1587.136879
3.295965,30,1587.190374
4.156007,21,1587.22889
3.248091,30,1587.284515
3.070064,30,1587.342626
3.211749,30,1587.398737
3.28704,30,1587.454814
3.821984,18,1587.489869
3.267177,30,1587.548145
2.689731,30,1587.605156
4.179673,16,1587.635171
1.203549,30,1587.690122
3.376996,30,1587.750106
2.876449,26,1587.800967
1.340044,30,1587.859518
3.055462,30,1587.914407
3.316868,30,1587.974631
3.907678,18,1588.007121
3.315072,30,1588.064866
2.995766,30,1588.11786
3.017302,30,1588.178501
3.285212,30,1588.232773
3.233763,30,1588.289029
4.252986,14,1588.312837
4.287138,18,1588.350101
3.277423,30,1588.404103
3.118129,30,1588.460154
2.063524,30,1588.51391
3.454176,30,1588.570485
4.196037,27,1588.622588
0.97133,13,1588.645037
3.194896,30,1588.700397
4.258802,23,1588.745025
4.112337,14,1588.771712
3.324491,30,1588.824645
3.410064,30,1588.879076
3.006372,12,1588.903122
4.283462,16,1588.933923
3.403403,30,1588.987144
3.330586,30,1589.041004
3.360011,30,1589.098222
3.362375,30,1589.153985
2.57242,30,1589.207278
3.383595,30,1589.264906
3.285189,30,1589.319603
3.33713,30,1589.375602
3.401739,30,1589.428725
3.133655,30,1589.483135
1.88858,30,1589.539298
3.554726,13,1589.561499
3.195539,30,1589.618445
3.736946,27,1589.667603
3.270393,30,1589.722823
4.154905,25,1589.769516
1.990438,30,1589.823797
3.082585,15,1589.850966
3.458931,14,1589.877971
3.071237,30,1589.935529
0.964825,19,1589.967364
3.286024,30,1590.023597
4.22416,26,1590.072572
3.440677,30,1590.129541
3.330883,30,1590.181654
3.214774,30,1590.236737
3.423031,30,1590.293325
4.379855,18,1590.325001
3.364395,30,1590.379196
3.907847,17,1590.410786
3.391899,30,1590.4674
3.366159,30,1590.520946
2.959804,30,1590.575322
3.289453,30,1590.631389
4.173091,26,1590.681028
4.4194,20,1590.718783
3.928677,27,1590.770437
4.350075,18,1590.801094
3.271271,30,1590.859108
3.550566,15,1590.887016
3.395439,30,1590.941044
2.056547,30,1590.995875
3.398892,30,1591.05542
3.294478,30,1591.110836
4.337054,27,1591.157287
3.325196,30,1591.212964
4.211639,21,1591.252711
1.237092,30,1591.307814
3.695509,26,1591.352611
3.392385,30,1591.407495
3.424288,30,1591.46371
1.603799,30,1591.518153
1.812432,27,1591.563793
4.319431,19,1591.599393
3.397407,30,1591.657498
2.933936,23,1591.697934
4.123899,19,1591.733562
4.142015,15,1591.761314
3.229607,30,1591.817306
3.330211,30,1591.870714
3.323443,30,1591.923757
3.387626,30,1591.979459
4.4146,19,1592.018418
4.299825,21,1592.056383
3.248183,30,1592.109279
2.929447,14,1592.135553
4.113299,19,1592.172426
1.932501,30,1592.226782
3.015626,14,1592.252476
3.960549,29,1592.306552
4.044578,29,1592.362503
3.407799,30,1592.420526
3.423889,30,1592.474025
2.980057,25,1592.518129
3.031906,30,1592.575777
4.104579,28,1592.625951
2.245322,24,1592.669307
3.354829,30,1592.720954
3.423922,30,1592.782317
3.405008,30,1592.837584
1.595547,13,1592.861694
3.3592,30,1592.91377
3.410189,30,1592.995438
4.216558,15,1593.024385
3.177812,30,1593.080474
3.421699,30,1593.135311
3.195191,30,1593.193099
1.474699,15,1593.221675
3.251778,30,1593.274662
1.35638,30,1593.331757
3.17112,30,1593.387794
3.304353,30,1593.442862
4.169028,20,1593.480246
3.401159,30,1593.535395
3.076313,21,1593.576068
3.953379,12,1593.597978
3.965491,26,1593.648226
3.525682,23,1593.690044
4.138471,16,1593.720763
3.309194,30,1593.776512
3.267397,30,1593.834502
1.174473,12,1593.857544
3.096715,30,1593.913923
3.444241,19,1593.949002
4.347258,26,1593.994989
3.05468,30,1594.052124
2.215311,22,1594.093332
3.397296,30,1594.149431
3.396771,30,1594.202447
-0.698231,30,1594.259475
3.267329,30,1594.315548
3.231836,30,1594.371783
2.755652,30,1594.425489
3.034036,13,1594.451804
4.238609,19,1594.486127
1.309837,30,1594.541864
3.291654,30,1594.595254
1.948991,30,1594.652846
3.404711,30,1594.709817
3.381572,30,1594.769959
4.218108,17,1594.799508
4.148146,30,1594.857063
3.256348,30,1594.913206
3.063257,30,1594.970852
3.090972,30,1595.025189
4.382965,24,1595.070707
3.37885,30,1595.131849
0.772462,21,1595.168319
3.276811,30,1595.223551
3.358218,30,1595.279507
3.424353,30,1595.338063
4.123103,23,1595.379772
3.971373,28,1595.431795
3.300699,30,1595.488329
3.36071,30,1595.547817
3.164538,30,1595.604949
3.302291,30,1595.661509
3.053214,27,1595.712373
2.077114,30,1595.771711
3.155351,30,1595.829056
3.435964,30,1595.883793
0.739498,30,1595.94107
3.236081,30,1595.997003
4.387653,24,1596.041117
3.36485,30,1596.099159
1.737125,23,1596.142452
2.981218,30,1596.197529
3.302121,30,1596.253771
2.741885,30,1596.307623
4.015485,13,1596.330922
2.916905,11,1596.352414
3.150566,30,1596.408862
3.22405,30,1596.464913
2.906955,22,1596.505937
3.347418,30,1596.559846
3.427201,30,1596.617546
4.264491,22,1596.656355
3.403706,30,1596.712529
3.041941,30,1596.769479
3.449161,30,1596.827513
3.081319,30,1596.880951
4.295764,30,1596.939447
0.844273,30,1596.994688
3.255535,30,1597.051988
3.032327,30,1597.106815
3.260567,30,1597.16422
4.009989,29,1597.219422
2.969984,30,1597.273347
3.076259,16,1597.303597
3.951902,30,1597.3598
3.29802,30,1597.417449
4.204373,16,1597.447357
4.251659,25,1597.495856
3.125122,30,1597.549595
3.930405,20,1597.588407
3.689875,17,1597.618437
4.096595,22,1597.660546
4.246222,16,1597.689814
4.198362,29,1597.745515
1.853479,23,1597.790345
1.656082,26,1597.841714
2.9658,30,1597.898827
3.024981,13,1597.923416
4.192446,25,1597.969594
3.281495,30,1598.025732
4.132021,19,1598.060547
4.304408,26,1598.10829
1.856447,30,1598.164007
4.296292,22,1598.202642
4.10802,24,1598.2457
3.283083,30,1598.302998
4.050769,15,1598.329129
2.391001,23,1598.372524
3.168806,30,1598.430012
2.483488,11,1598.449563
3.744611,27,1598.50172
3.437436,30,1598.558204
3.210826,30,1598.613926
3.358,30,1598.670533
2.71928,30,1598.725446
4.11295,17,1598.7571
1.743623,28,1598.813213
3.370857,30,1598.874913
4.289632,23,1598.919109
4.35779,25,1598.965467
3.191901,30,1599.020028
4.01129,25,1599.069658
1.073907,30,1599.125217
3.043302,30,1599.183402
1.79821,29,1599.236519
2.510192,30,1599.29264
2.494645,20,1599.329284
3.127511,30,1599.384237
3.242621,30,1599.437484
1.110984,30,1599.497494
2.806608,30,1599.552989
3.985174,22,1599.594275
2.257854,17,1599.624818
3.33584,30,1599.682829
3.368331,30,1599.737813
3.43902,30,1599.798117
1.775082,30,1599.85426
3.188227,30,1599.913661
4.045263,23,1599.954587
4.197781,22,1599.995995
4.248425,21,1600.034367
3.14681,30,1600.094545
1.367031,30,1600.149383
3.285949,30,1600.205892
3.246589,30,1600.261193
2.694868,30,1600.318175
3.334285,30,1600.373382
3.303077,30,1600.430035
1.734717,30,1600.484039
3.40875,30,1600.542902
3.052792,11,1600.561366
4.290836,18,1600.597003
3.349184,30,1600.656894
3.374563,30,1600.717511
3.888676,18,1600.749607
2.047031,30,1600.80783
3.203946,30,1600.863361
3.282226,30,1600.921952
3.327559,30,1600.97606
3.332177,30,1601.032365
2.426688,16,1601.062529
2.882393,30,1601.117054
4.124795,21,1601.156317
4.25395,23,1601.197239
3.326816,30,1601.254372
3.195251,30,1601.308845
3.26098,30,1601.365599
3.892274,18,1601.397601
3.288217,30,1601.453483
3.303439,30,1601.510057
-0.576766,30,1601.565799
4.296752,26,1601.61401
3.277024,23,1601.656124
1.525574,30,1601.714514
3.433725,30,1601.76886
3.417459,30,1601.826552
3.148282,30,1601.880675
3.094585,26,1601.93141
2.641531,30,1601.983595
1.711257,21,1602.02158
4.277215,25,1602.068486
2.986946,30,1602.123891
3.376403,30,1602.184036
3.242626,30,1602.238545
2.37022,24,1602.281303
3.222336,30,1602.340486
2.883268,12,1602.361696
3.127771,30,1602.415985
3.205659,30,1602.472242
4.364836,19,1602.509316
3.277066,30,1602.56548
3.182173,30,1602.618922
4.204509,23,1602.661421
1.265017,30,1602.718085
1.465991,30,1602.772284
3.3366,30,1602.832196
3.348445,30,1602.886664
3.385689,30,1602.946937
3.164528,30,1603.000433
3.355745,30,1603.05818
1.282692,30,1603.112279
3.237578,30,1603.172003
4.156558,30,1603.225158
3.69796,23,1603.268079
2.726761,30,1603.3193
3.407436,30,1603.378127
3.328419,30,1603.434025
3.080344,17,1603.468426
3.344696,30,1603.522233
3.380201,30,1603.579126
3.302892,30,1603.633187
3.058547,30,1603.686717
3.230471,30,1603.740014
4.134347,20,1603.779646
2.790468,30,1603.835269
4.034884,28,1603.884701
3.293838,30,1603.938598
2.181213,24,1603.982284
4.125243,24,1604.023995
3.00534,14,1604.049131
2.371179,26,1604.092328
3.232658,30,1604.14902
4.122331,27,1604.194934
2.132001,29,1604.247182
1.393564,30,1604.30024
3.276461,30,1604.35525
4.023708,30,1604.407085
3.282671,30,1604.46183
3.387703,30,1604.512832
3.219512,30,1604.569933
3.316963,30,1604.62442
3.138657,30,1604.677701
3.171594,30,1604.731005
3.170414,30,1604.81481
1.109327,30,1604.870445
3.394091,30,1604.926162
4.123545,15,1604.951508
4.415611,24,1604.996447
2.942049,14,1605.023073
3.462658,30,1605.076402
3.220992,30,1605.13149
4.307675,23,1605.176552
4.105687,25,1605.220515
2.154311,30,1605.273153
2.993544,13,1605.298337
3.193133,30,1605.352677
3.313128,30,1605.408927
4.358604,19,1605.442424
3.20815,30,1605.497778
3.339072,30,1605.552941
4.266354,23,1605.595165
1.234621,30,1605.648674
3.546697,20,1605.686064
3.210186,30,1605.74272
2.676978,30,1605.797966
3.225931,30,1605.853337
3.527958,19,1605.88641
3.975504,14,1605.912296
3.397862,30,1605.96985
3.259518,30,1606.02349
3.25568,30,1606.077557
3.768784,29,1606.131727
2.591534,30,1606.186714
-0.581055,30,1606.238121
3.158891,30,1606.293247
3.384259,30,1606.346011
3.015692,19,1606.381717
4.125462,27,1606.431474
4.246096,27,1606.477435
3.222402,30,1606.536217
2.324938,30,1606.588643
3.449245,30,1606.64352
3.374488,30,1606.69644
4.056101,19,1606.732928
2.766414,14,1606.760035
3.411764,30,1606.81424
4.267044,30,1606.867913
3.302313,30,1606.921537
3.317749,30,1606.978737
3.432688,30,1607.032382
4.103549,30,1607.088538
3.149317,30,1607.144175
0.274195,30,1607.1973
2.835284,11,1607.215903
4.206057,22,1607.257367
3.214327,30,1607.311792
2.347807,28,1607.360297
4.402412,26,1607.40823
3.675474,17,1607.43969
3.215882,30,1607.499551
3.149428,30,1607.55271
3.543757,23,1607.594086
3.346445,14,1607.617347
3.252155,30,1607.673468
1.9689,30,1607.728318
2.73492,13,1607.754838
1.791446,30,1607.816013
2.014431,30,1607.888103
3.566303,23,1607.933249
3.261631,30,1607.989342
3.319194,30,1608.041891
4.197751,13,1608.069978
4.125858,22,1608.112713
3.195239,30,1608.183045
3.315881,30,1608.248396
3.167363,30,1608.313437
3.389756,30,1608.370629
3.885402,28,1608.422072
4.069572,25,1608.466994
4.124731,26,1608.518082
3.370682,30,1608.57141
2.849129,16,1608.599666
2.902073,20,1608.635702
2.830585,30,1608.694135
3.322869,30,1608.747191
2.666523,30,1608.829946
3.390159,30,1608.885572
2.339106,21,1608.931974
3.292246,30,1608.996128
1.33737,30,1609.05336
3.693751,29,1609.104897
4.164521,23,1609.151013
1.901839,30,1609.208907
2.039332,30,1609.268596
3.93794,29,1609.325988
4.124798,29,1609.384636
3.19532,30,1609.44185
3.395374,30,1609.498517
4.033177,25,1609.543764
1.088025,18,1609.579108
3.393407,30,1609.639363
3.762245,27,1609.68978
3.501548,17,1609.720258
3.236517,30,1609.780089
3.254956,30,1609.834143
3.723343,21,1609.873863
4.206396,19,1609.906642
3.243187,30,1609.963414
4.395532,22,1610.001998
2.068856,30,1610.057955
3.103975,30,1610.109034
3.290481,30,1610.166712
3.303861,30,1610.218645
3.035852,30,1610.276126
1.305855,30,1610.328612
4.14755,28,1610.380841
1.270766,30,1610.43594
3.054471,30,1610.499778
4.360402,22,1610.541332
4.216374,19,1610.579976
4.152984,30,1610.635312
4.242122,29,1610.689069
3.380683,30,1610.747696
4.324461,27,1610.802058
4.070836,17,1610.834682
2.945509,30,1610.888
4.206158,19,1610.924437
3.129142,30,1610.986109
3.29141,30,1611.039813
3.329376,30,1611.097012
2.012744,30,1611.152882
3.261521,30,1611.212002
4.233013,22,1611.251856
1.400015,30,1611.308234
3.111109,30,1611.361298
3.297233,30,1611.420802
4.372814,18,1611.454189
3.17125,30,1611.565043
1.324773,30,1611.677606
3.035182,14,1611.745549
3.018329,30,1611.847378
2.674373,30,1611.929812
3.223526,30,1611.993376
2.139181,26,1612.059293
3.34341,30,1612.124436
3.284352,30,1612.193187
3.258819,30,1612.275363
2.324907,30,1612.379057
3.331174,30,1612.466308
3.794774,29,1612.532574
3.566549,15,1612.565675
2.207296,30,1612.631361
4.444745,20,1612.671204
4.193951,14,1612.698589
4.274322,20,1612.74834
1.24309,30,1612.835702
1.389499,30,1612.926794
3.348445,30,1613.012447
3.24472,30,1613.074061
3.204839,30,1613.135389
3.375919,30,1613.189961
3.381613,30,1613.252342
3.143697,30,1613.334569
3.392972,30,1613.437226
3.240194,30,1613.515876
4.05483,29,1613.590423
3.394752,30,1613.664038
4.263994,15,1613.697267
4.194298,28,1613.749633
4.255568,14,1613.774542
3.260902,30,1613.834344
4.109552,13,1613.861817
3.001829,30,1613.91807
3.117131,30,1613.976078
3.250207,30,1614.029837
3.409061,30,1614.089759
4.123035,21,1614.127107
1.624604,30,1614.181387
1.400694,30,1614.23363
4.374875,26,1614.28644
3.388176,30,1614.340188
4.145887,21,1614.378331
3.262745,30,1614.4346
1.273542,30,1614.490523
1.195724,30,1614.548428
3.344259,30,1614.602481
2.107015,30,1614.661958
3.25246,30,1614.718652
4.158595,25,1614.770153
3.181369,30,1614.825039
3.343577,30,1614.880143
3.378875,30,1614.93737
3.317412,30,1614.993994
4.263603,26,1615.040353
4.284038,16,1615.069355
4.168035,21,1615.110391
3.36148,30,1615.166816
3.026209,16,1615.195531
1.288541,30,1615.248716
3.189964,30,1615.308517
3.272093,30,1615.362849
4.284545,18,1615.396157
4.229526,18,1615.429335
3.323394,30,1615.490856
3.251056,30,1615.54367
3.306591,30,1615.600266
4.169344,26,1615.64743
0.563504,30,1615.709512
4.039405,16,1615.739551
3.189146,30,1615.794842
1.345063,30,1615.851672
3.24192,30,1615.909237
3.985824,20,1615.94527
4.229856,15,1615.972735
4.112037,29,1616.023626
3.324879,30,1616.081944
4.031095,14,1616.108174
2.85834,25,1616.15497
3.086165,30,1616.204916
2.590314,29,1616.260689
3.236409,30,1616.315547
4.041727,24,1616.359243
2.977123,17,1616.389416
4.165032,23,1616.434753
3.020999,16,1616.463885
4.077718,17,1616.494871
3.252558,30,1616.551482
3.809327,21,1616.590432
3.338517,30,1616.64575
3.228453,30,1616.702159
3.351903,30,1616.756952
4.411978,18,1616.793388
3.258366,30,1616.846451
4.041966,26,1616.894272
3.345676,30,1616.947833
3.396318,30,1617.0054
3.176141,30,1617.061108
-0.63693,30,1617.115893
3.213442,30,1617.167848
3.009298,14,1617.196651
4.013765,30,1617.251442
3.256433,30,1617.30811
2.962656,30,1617.362463
3.196811,30,1617.422835
4.16155,28,1617.472471
2.075684,30,1617.526709
3.125461,30,1617.582638
3.235542,30,1617.642927
3.245027,30,1617.699772
2.828576,11,1617.720584
4.115571,22,1617.761118
3.148785,30,1617.824308
3.316075,30,1617.878974
-0.96963,30,1617.933501
3.342342,30,1617.988621
1.331667,30,1618.051819
3.018497,30,1618.106123
3.428674,30,1618.163393
3.438649,30,1618.218198
4.219754,14,1618.249963
3.241672,30,1618.306262
3.319668,30,1618.361726
3.349929,30,1618.416566
4.188638,20,1618.456991
3.673309,30,1618.512781
4.239852,28,1618.562973
2.149856,27,1618.613297
4.356449,26,1618.669398
3.27342,30,1618.722667
4.399975,24,1618.766955
2.560692,30,1618.823591
3.121543,30,1618.880893
2.80462,20,1618.917446
4.120307,21,1618.958423
2.329222,30,1619.010177
3.261989,30,1619.072544
3.0394,30,1619.126855
4.214,25,1619.171463
3.221244,30,1619.227402
3.002909,30,1619.285234
3.922716,14,1619.312837
3.385119,30,1619.365911
4.234511,22,1619.40865
3.226678,30,1619.468338
2.716137,10,1619.488243
4.111684,24,1619.531973
3.233917,30,1619.585573
3.154606,30,1619.647693
3.346015,30,1619.70076
3.305552,30,1619.75602
2.951986,12,1619.778053
1.964205,30,1619.8368
3.079712,30,1619.893078
3.296217,30,1619.948724
3.940562,28,1620.000437
3.309067,30,1620.061978
3.220016,30,1620.11659
3.36744,30,1620.175602
2.205257,28,1620.226339
2.982095,15,1620.258621
3.967514,17,1620.289814
1.942745,29,1620.340837
4.277954,15,1620.368151
3.655859,16,1620.400353
3.245513,30,1620.457273
3.771914,29,1620.51176
-0.730252,30,1620.563838
3.399582,30,1620.627086
4.147826,16,1620.65771
3.712724,14,1620.68144
4.053891,14,1620.709676
3.22224,30,1620.767243
3.87744,16,1620.796567
4.30927,24,1620.84037
3.205128,30,1620.896306
4.221373,26,1620.943731
3.050496,30,1621.000267
3.241461,30,1621.055749
3.239948,30,1621.113217
1.389691,30,1621.168776
3.069473,30,1621.225934
3.709683,22,1621.26614
2.373581,25,1621.310992
4.18679,26,1621.36171
3.529931,16,1621.391836
3.365792,30,1621.446863
3.075148,15,1621.474719
3.365647,30,1621.535698
1.288226,30,1621.588752
3.2312,30,1621.645448
3.316839,30,1621.698768
3.394413,30,1621.761057
2.358874,27,1621.80903
3.295629,30,1621.865338
3.160864,30,1621.917609
3.396948,30,1621.979204
4.194925,29,1622.032122
3.35611,30,1622.090694
3.611759,20,1622.124711
3.330482,30,1622.182627
3.991381,17,1622.213714
3.335865,30,1622.27172
3.227612,30,1622.32451
4.200519,17,1622.36139
-0.081401,30,1622.414908
4.310327,18,1622.448386
3.316062,30,1622.502662
3.326015,30,1622.563456
2.969913,13,1622.587957
3.325861,30,1622.641266
3.072924,30,1622.699591
1.339313,30,1622.785078
4.078829,27,1622.840452
3.28456,30,1622.897458
3.166139,30,1622.952617
3.408172,19,1622.996256
3.141287,12,1623.021978
3.373849,30,1623.080098
2.960236,30,1623.137123
4.119231,22,1623.179557
4.301309,23,1623.222436
3.303255,30,1623.277634
3.311198,30,1623.331281
2.689772,25,1623.379446
4.313849,16,1623.410183
4.012685,23,1623.453704
3.350147,30,1623.508792
3.386372,30,1623.565367
3.910706,15,1623.594095
3.246189,30,1623.648949
3.752527,25,1623.697488
4.067655,17,1623.729501
3.119528,30,1623.783901
3.251161,30,1623.839809
2.967962,30,1623.895069
3.264071,30,1623.95552
1.344743,26,1624.001232
3.134729,30,1624.057231
3.225448,30,1624.110792
2.686218,16,1624.143384
3.355295,30,1624.199813
2.821986,20,1624.237664
3.136438,30,1624.293
3.431477,30,1624.352777
3.415757,18,1624.385402
1.173092,30,1624.440993
3.331839,30,1624.497874
3.111507,30,1624.559662
3.247558,30,1624.615242
4.179387,22,1624.656764
2.028935,25,1624.70064
2.858371,30,1624.760136
1.124341,30,1624.814507
2.047709,30,1624.871725
3.208968,30,1624.925558
3.455682,30,1624.984847
3.1035,30,1625.041054
3.279308,30,1625.098757
2.837766,30,1625.15244
1.977431,30,1625.211279
4.194589,17,1625.241534
2.097011,29,1625.292593
3.366295,30,1625.348771
3.209149,30,1625.405898
4.265956,18,1625.439362
3.955882,14,1625.464017
3.275726,30,1625.52124
3.193156,30,1625.578905
4.365572,22,1625.621274
3.17053,30,1625.67439
3.103103,30,1625.73114
4.187672,22,1625.77255
3.325889,30,1625.828683
3.977122,30,1625.881412
3.23198,30,1625.938321
3.364386,30,1625.996057
3.097804,30,1626.051073
2.155331,14,1626.074774
4.098046,29,1626.127566
3.138439,30,1626.188397
3.0899,12,1626.210709
4.378318,25,1626.255041
4.213018,22,1626.298162
3.133956,30,1626.356
3.032618,30,1626.411332
4.270863,29,1626.464583
3.977083,22,1626.504505
3.160632,30,1626.562613
2.976311,22,1626.602442
3.091914,30,1626.660467
3.911723,22,1626.699831
2.999223,30,1626.759939
1.122053,30,1626.8156
3.050363,30,1626.871529
3.370841,30,1626.925489
4.262645,29,1626.985388
3.249816,30,1627.039131
0.915334,30,1627.094597
2.647332,30,1627.146972
1.182146,30,1627.207267
3.120505,30,1627.263624
4.21977,15,1627.292503
1.012499,22,1627.331084
3.147668,30,1627.392575
4.308807,23,1627.435022
1.75684,30,1627.488773
2.984703,11,1627.509588
3.191997,30,1627.565092
4.217472,26,1627.61567
2.904831,21,1627.652215
4.163889,28,1627.704022
4.159895,21,1627.745016
4.081031,20,1627.784024
3.134485,30,1627.841775
4.259884,29,1627.89469
3.552579,17,1627.927449
3.120964,30,1627.98395
4.378603,25,1628.028453
3.296388,30,1628.084197
4.256379,18,1628.118872
-0.885512,30,1628.176828
4.026901,24,1628.220507
4.132759,28,1628.27111
2.620886,30,1628.325761
3.128512,30,1628.382663
4.169302,28,1628.432472
3.258006,30,1628.485126
2.27078,23,1628.529646
4.320743,26,1628.57719
4.135408,20,1628.612142
3.365042,30,1628.667459
4.365705,17,1628.700504
4.040439,14,1628.725605
3.536046,13,1628.750151
4.180305,22,1628.787813
1.937278,26,1628.838307
2.881455,17,1628.870997
1.148107,13,1628.893561
3.138408,30,1628.950717
3.41905,30,1629.006816
3.149495,30,1629.065425
3.933182,27,1629.113237
3.071265,15,1629.139377
3.46918,21,1629.182233
4.09936,20,1629.219154
4.215199,17,1629.248126
4.178211,15,1629.275132
3.237534,30,1629.332226
3.035215,30,1629.387875
2.940215,30,1629.440865
3.532516,15,1629.46908
3.362147,30,1629.525232
4.383269,25,1629.572978
1.152465,30,1629.625741
3.354407,30,1629.679642
3.158865,30,1629.736583
2.416083,30,1629.791919
3.929017,23,1629.831884
3.638775,18,1629.865751
3.817232,19,1629.905125
3.410026,30,1629.958062
3.214455,30,1630.012554
2.801607,30,1630.066222
1.974325,30,1630.123795
3.324284,30,1630.1778
3.384127,30,1630.234179
1.139656,30,1630.287503
4.261281,22,1630.33236
3.401935,30,1630.385951
3.366983,30,1630.439948
3.251884,30,1630.494021
2.922231,18,1630.530525
3.046899,30,1630.585549
4.06453,20,1630.621842
1.284768,30,1630.677225
4.291385,21,1630.717705
3.230513,30,1630.772444
3.978848,30,1630.825871
3.38358,30,1630.879895
3.897475,29,1630.936487
-0.752322,30,1630.989065
4.208345,19,1631.023449
1.328033,30,1631.076132
1.367652,30,1631.133502
4.072763,15,1631.161185
4.215731,30,1631.215774
2.756843,30,1631.269934
3.259453,30,1631.326157
3.053144,30,1631.382651
1.065401,30,1631.434519
3.394085,30,1631.490455
3.398428,30,1631.545898
3.506176,15,1631.573156
3.2642,30,1631.626691
3.147836,30,1631.681492
2.960706,30,1631.737541
2.14763,14,1631.764043
3.886034,22,1631.800654
3.200677,30,1631.856841
3.890819,24,1631.902282
4.300945,19,1631.937699
2.927768,16,1631.965623
3.119997,30,1632.017463
3.242548,30,1632.074436
1.873186,30,1632.150769
1.73426,17,1632.184358
3.341891,30,1632.240337
4.278005,21,1632.280096
3.293272,30,1632.336091
3.357624,30,1632.387875
2.803025,22,1632.429164
1.386687,30,1632.48374
3.335279,30,1632.540128
2.217295,16,1632.568228
4.295421,18,1632.598936
4.341292,23,1632.642412
3.256762,30,1632.69764
1.278363,30,1632.752101
2.144011,30,1632.806613
3.282421,30,1632.865194
3.049862,28,1632.916594
2.988756,30,1632.971505
3.951799,17,1633.003069
2.747007,30,1633.061039
1.668194,30,1633.114534
4.266228,20,1633.150877
3.102971,30,1633.203082
2.895244,19,1633.238839
4.35371,24,1633.2827
2.867485,19,1633.318145
3.927992,21,1633.355359
3.349563,30,1633.411063
2.830271,29,1633.46511
1.208763,30,1633.517843
2.090591,30,1633.574332
4.306562,18,1633.606626
3.408129,30,1633.662144
3.289385,30,1633.714641
2.879027,30,1633.769149
3.389786,30,1633.825724
1.720338,12,1633.847079
3.078103,30,1633.904115
4.085981,27,1633.949739
3.309587,30,1634.007259
4.243828,30,1634.060491
3.233832,30,1634.115007
1.207965,30,1634.169234
0.033876,30,1634.227518
2.933762,30,1634.28001
1.188938,30,1634.334306
3.034127,16,1634.362128
3.167826,30,1634.418333
-0.398242,30,1634.472176
3.310402,30,1634.524965
4.212228,15,1634.552871
3.403807,30,1634.616787
1.268459,30,1634.678515
4.221636,21,1634.722897
3.231266,30,1634.786175
4.260618,26,1634.840548
1.797467,17,1634.87909
3.297965,30,1634.938038
2.923204,16,1634.968868
4.014022,26,1635.021851
3.393025,30,1635.080447
0.979531,30,1635.139948
3.279037,30,1635.198463
3.997512,17,1635.235435
3.260451,30,1635.298278
3.380281,30,1635.352254
3.399752,30,1635.410182
3.761227,26,1635.46059
4.047835,20,1635.497122
3.23208,30,1635.55372
1.693297,30,1635.611834
4.259731,23,1635.668601
3.407809,30,1635.784265
3.293587,30,1635.883165
3.244235,30,1636.017628
3.401678,30,1636.128164
3.415667,30,1636.218197
4.082462,19,1636.270165
3.68595,27,1636.325914
3.176516,30,1636.388107
-10.14372,30,1636.441271
4.265248,30,1636.497662
4.285268,30,1636.551652
3.202483,30,1636.615027
1.851942,30,1636.667828
4.164754,30,1636.725107
2.303454,30,1636.782033
2.387874,30,1636.839457
2.031627,30,1636.895566
3.333655,30,1636.95265
2.953353,13,1636.97564
1.621651,30,1637.029156
0.332956,30,1637.08336
2.839279,26,1637.136473
3.140697,30,1637.222073
4.029016,22,1637.281955
3.092531,30,1637.373687
1.012066,18,1637.419423
3.294891,30,1637.498523
3.348016,30,1637.569835
3.159972,30,1637.628031
3.860651,19,1637.663399
3.459708,13,1637.686204
3.936373,26,1637.741175
4.009358,27,1637.795461
3.071292,12,1637.821027
3.225159,30,1637.877529
3.312928,30,1637.941164
3.186298,30,1638.001888
3.397371,30,1638.060183
3.280484,30,1638.118603
1.319866,30,1638.175812
3.172202,30,1638.235122
3.256622,30,1638.290634
4.267464,25,1638.340879
1.510495,21,1638.388213
3.395871,30,1638.445432
4.419187,25,1638.492595
1.416259,30,1638.549916
2.271806,17,1638.582726
3.298151,30,1638.647687
3.33498,30,1638.703714
3.153252,30,1638.760326
1.40496,30,1638.8181
3.992949,18,1638.852954
3.7258,23,1638.894685
1.951878,30,1638.952922
1.26957,30,1639.010482
4.355698,26,1639.058732
-0.84622,22,1639.09751
3.356163,30,1639.170453
4.060958,22,1639.240139
3.443911,30,1639.322268
3.254486,30,1639.389233
4.188685,18,1639.425885
4.317967,24,1639.471914
1.352662,30,1639.523309
3.191511,30,1639.577947
3.750114,16,1639.606395
3.983289,28,1639.658479
2.971182,21,1639.69436
4.013357,22,1639.733975
3.437558,30,1639.787965
3.322866,30,1639.844009
3.272071,30,1639.899238
3.396189,30,1639.954429
3.08616,30,1640.007872
3.407275,30,1640.065845
4.029501,16,1640.094882
3.19149,30,1640.147389
4.099632,30,1640.200753
4.454412,28,1640.254955
3.401721,30,1640.310038
4.431056,19,1640.346993
2.092035,30,1640.399777
3.376484,30,1640.45848
3.278997,30,1640.511083
3.095891,17,1640.543692
3.269823,30,1640.597038
3.409888,30,1640.655411
3.366705,30,1640.709162
3.194682,30,1640.766304
3.399913,30,1640.819777
3.357861,30,1640.875437
4.012712,17,1640.906125
3.365945,30,1640.959555
4.411,21,1640.999288
3.413665,30,1641.061085
3.371969,30,1641.117574
2.709117,30,1641.173553
4.327288,24,1641.21911
2.558325,29,1641.274619
3.188359,30,1641.331846
3.390911,30,1641.386002
3.35154,30,1641.442291
3.354218,30,1641.498375
3.114966,18,1641.532475
3.524086,20,1641.568257
3.598107,19,1641.60346
3.152963,30,1641.659875
4.113042,17,1641.689451
3.367146,30,1641.759498
3.104869,15,1641.79854
4.176131,27,1641.853251
3.228974,30,1641.910796
4.240683,26,1641.958067
4.160512,27,1642.00816
3.873712,18,1642.043752
4.237001,17,1642.074419
3.415822,30,1642.128006
3.351222,30,1642.184799
3.195351,30,1642.240518
4.174691,27,1642.290032
3.361424,30,1642.347489
3.513114,14,1642.372978
3.256296,30,1642.432478
2.169272,30,1642.48662
3.313046,30,1642.545252
4.01462,18,1642.577356
3.393469,30,1642.635485
-0.603201,30,1642.689751
3.407312,30,1642.747732
1.630595,21,1642.786238
2.934902,30,1642.845217
2.989496,15,1642.874017
3.337028,30,1642.932427
4.331251,29,1642.98388
3.406487,30,1643.040654
1.366316,30,1643.098442
3.823164,30,1643.150568
3.331206,30,1643.206565
3.060041,30,1643.264081
4.32965,16,1643.294199
3.168385,30,1643.349611
2.846687,13,1643.372142
3.148026,30,1643.431491
2.351327,30,1643.485158
2.850115,14,1643.511838
2.386301,30,1643.565429
3.367317,30,1643.623753
3.360809,30,1643.678253
3.404179,30,1643.733628
3.206862,30,1643.787426
2.338715,30,1643.845132
3.321089,30,1643.899763
3.332437,30,1643.954364
1.116222,30,1644.006939
4.353257,24,1644.051466
2.093136,30,1644.106666
3.250519,30,1644.160192
3.138782,30,1644.218393
3.406129,30,1644.27424
3.388406,30,1644.32944
4.04139,25,1644.373176
3.180801,30,1644.427023
3.321008,30,1644.485517
3.284853,30,1644.541191
4.360959,23,1644.583822
3.267336,30,1644.641211
-0.034701,30,1644.698501
4.224193,20,1644.73525
4.320896,17,1644.764106
4.397026,27,1644.815602
3.205869,30,1644.873156
1.977586,30,1644.927005
3.201629,30,1644.98399
2.425221,30,1645.036656
4.327995,24,1645.081632
4.248171,26,1645.13253
4.285144,18,1645.164209
3.243616,30,1645.222507
3.088409,18,1645.256642
3.306258,30,1645.313279
3.063761,30,1645.36659
2.96016,21,1645.40363
3.399609,30,1645.464387
3.058576,16,1645.494877
3.415784,30,1645.548751
3.249528,30,1645.605331
3.276829,30,1645.662551
2.973344,13,1645.687541
4.15653,17,1645.718185
3.570796,25,1645.76759
4.119776,27,1645.821589
1.950692,30,1645.875868
3.359356,30,1645.93402
3.396652,30,1645.987257
3.409964,30,1646.044447
3.189914,30,1646.099734
2.259477,18,1646.134753
3.222141,30,1646.190387
4.140249,15,1646.221485
3.293172,30,1646.2792
4.068236,30,1646.332484
3.401654,30,1646.389066
4.045246,19,1646.424816
2.947796,11,1646.445739
3.104646,30,1646.503094
1.235754,30,1646.556083
3.338348,30,1646.61619
3.338465,30,1646.671411
3.205269,30,1646.728542
4.369077,25,1646.77437
4.021506,25,1646.822652
3.272879,30,1646.879236
3.12521,30,1646.932339
2.530424,30,1646.986954
3.037779,17,1647.019606
3.174882,30,1647.073321
3.07207,21,1647.113272
4.14873,12,1647.136147
4.156269,23,1647.17933
4.248666,25,1647.225885
3.301755,30,1647.279381
4.267999,17,1647.310482
3.087111,21,1647.352197
3.243773,30,1647.406097
4.258104,19,1647.43957
4.301431,26,1647.488046
3.220143,30,1647.547082
3.430113,30,1647.601417
2.8802,19,1647.638271
1.606358,30,1647.693544
3.288084,30,1647.749675
4.145679,30,1647.810794
4.163662,28,1647.862008
3.281963,30,1647.917012
3.288502,30,1647.975941
3.142505,30,1648.028955
2.899115,30,1648.084627
1.353952,30,1648.138509
4.083459,27,1648.18865
3.313133,30,1648.243184
4.350187,15,1648.271803
3.405601,30,1648.326229
3.989242,24,1648.371824
1.257906,30,1648.427296
1.284554,30,1648.480991
3.361845,30,1648.536525
2.89822,15,1648.57042
4.129666,26,1648.618873
4.182901,22,1648.659641
3.212671,30,1648.713831
4.073255,14,1648.744961
2.838064,30,1648.796882
4.323866,21,1648.836446
3.635589,29,1648.888405
4.204995,26,1648.936857
1.351384,30,1648.992388
3.428411,30,1649.047008
4.006933,22,1649.089028
3.15636,30,1649.144549
2.353598,18,1649.178367
3.253738,30,1649.232708
3.376955,30,1649.290002
3.332858,30,1649.346139
3.07934,30,1649.401002
1.010384,30,1649.455248
3.220487,30,1649.510037
4.06236,15,1649.540587
4.259958,28,1649.591655
4.380697,18,1649.622818
-0.39884,30,1649.67583
4.260712,17,1649.708595
1.389905,30,1649.763051
3.419608,30,1649.817983
3.433482,30,1649.87123
4.242402,29,1649.927163
3.916168,24,1649.971448
4.398702,17,1650.000554
3.735073,29,1650.052399
3.402854,30,1650.110269
2.036334,30,1650.163997
3.06741,30,1650.219452
3.39948,30,1650.275468
3.228535,30,1650.336687
3.193061,30,1650.393087
3.343138,30,1650.455814
1.075373,30,1650.51794
3.322227,30,1650.584917
1.979791,30,1650.641261
4.100293,18,1650.675727
0.334279,13,1650.698824
3.024845,30,1650.758234
3.127799,30,1650.817232
2.9764,23,1650.861594
4.213525,24,1650.906929
3.195282,30,1650.976839
1.941527,19,1651.016032
2.901883,13,1651.040472
2.821451,30,1651.099299
2.878738,17,1651.132724
3.162835,30,1651.187649
2.199414,24,1651.233491
4.276928,14,1651.261547
3.415975,30,1651.316926
1.362384,30,1651.374339
3.364747,30,1651.427438
3.398909,30,1651.483765
1.393604,30,1651.544812
3.261924,30,1651.602099
3.974742,20,1651.639945
2.471756,30,1651.695013
3.30462,30,1651.755395
3.391078,30,1651.81077
2.894788,30,1651.868248
3.967782,26,1651.916244
3.940337,15,1651.9468
1.93133,30,1652.002537
3.369173,30,1652.059148
3.399605,30,1652.115451
3.228715,30,1652.174066
1.328153,30,1652.231117
3.459623,30,1652.284179
3.255936,30,1652.342724
2.933712,21,1652.384293
3.009098,18,1652.416751
3.171929,30,1652.474329
4.313726,27,1652.527907
3.196603,30,1652.58533
1.319603,30,1652.640969
1.020124,17,1652.673459
2.270975,30,1652.726392
4.221855,30,1652.789694
3.301098,30,1652.847476
3.14703,21,1652.887384
3.318982,30,1652.941376
3.404075,30,1652.99974
4.210124,15,1653.027266
4.27236,25,1653.073865
4.049521,28,1653.124207
3.197522,30,1653.181218
3.425664,30,1653.237258
3.290597,30,1653.289794
3.073686,15,1653.31717
3.335578,30,1653.3712
3.292506,30,1653.427482
3.24066,30,1653.481755
3.027463,30,1653.53879
1.852239,30,1653.595766
3.633251,18,1653.631125
3.068722,21,1653.668796
1.826161,30,1653.723035
-1.54475,30,1653.780036
3.225665,30,1653.835874
3.355317,30,1653.888218
4.214681,20,1653.92423
4.210063,19,1653.961219
1.452969,30,1654.015753
3.237086,30,1654.07076
3.193408,30,1654.125568
3.097218,30,1654.183593
3.428229,30,1654.236361
1.426186,30,1654.291654
1.470751,30,1654.344853
3.329935,30,1654.402785
4.348055,17,1654.434538
3.198555,30,1654.492519
3.261349,30,1654.546431
3.418671,30,1654.609792
3.198896,30,1654.671465
4.147818,28,1654.726708
4.136981,21,1654.764907
4.243304,15,1654.794917
4.114744,19,1654.830192
3.175847,30,1654.883858
2.986591,15,1654.913492
1.3567,30,1654.970806
1.366893,30,1655.024799
4.144535,19,1655.060617
3.012938,15,1655.088107
2.217707,23,1655.128627
2.772106,30,1655.183825
3.358647,30,1655.237173
3.039672,14,1655.26541
3.270351,30,1655.320017
4.20808,18,1655.353802
4.141514,20,1655.390964
3.254784,30,1655.44381
4.3048,17,1655.478781
4.220294,18,1655.510765
3.172878,30,1655.56708
3.404891,30,1655.622189
1.916169,30,1655.67804
1.404247,30,1655.731545
3.371332,30,1655.790107
3.387912,30,1655.846567
3.398715,30,1655.905582
3.022472,30,1655.958344
1.42188,30,1656.014615
3.312947,30,1656.066582
3.746031,18,1656.100873
3.214864,30,1656.153583
3.219045,30,1656.208612
1.21136,30,1656.262242
3.569135,19,1656.298991
2.795599,13,1656.321419
2.968191,18,1656.354771
4.288022,23,1656.395162
3.389061,30,1656.453258
1.262838,30,1656.506895
4.054813,29,1656.561276
4.009372,20,1656.597999
1.434686,30,1656.654007
3.015299,30,1656.709476
4.320479,18,1656.739864
3.341592,30,1656.795051
3.413754,30,1656.850515
3.354926,30,1656.906713
2.849104,19,1656.941253
-1.221861,30,1656.996328
4.224743,20,1657.033732
3.959119,26,1657.079294
3.271166,30,1657.135405
3.893166,18,1657.16609
3.379145,30,1657.22456
3.039635,30,1657.27516
3.749941,30,1657.330224
4.279631,26,1657.375134
3.341712,30,1657.431158
1.966202,30,1657.482874
3.400528,30,1657.539694
3.882121,25,1657.583796
3.438778,30,1657.641756
2.964547,30,1657.693561
3.909578,24,1657.736608
3.926873,28,1657.788692
3.8886,30,1657.847167
3.242002,30,1657.901793
3.125402,27,1657.948833
2.146582,22,1657.988122
3.369612,30,1658.046698
2.769914,13,1658.070451
4.148182,21,1658.107901
3.418757,30,1658.161628
3.38049,30,1658.216734
4.138153,25,1658.26477
1.416414,30,1658.317616
3.058642,30,1658.373775
3.377406,30,1658.429109
4.34893,29,1658.480361
4.235914,21,1658.52132
3.019458,18,1658.55453
4.153324,20,1658.594736
3.31747,30,1658.650047
1.162503,30,1658.703064
3.314899,30,1658.758354
3.321813,30,1658.813298
3.281977,30,1658.870777
3.618126,15,1658.896796
3.676832,14,1658.923428
3.031659,20,1658.966754
4.356635,28,1659.020113
3.298322,30,1659.074544
3.346289,30,1659.13041
4.148379,21,1659.172043
3.305904,30,1659.23199
3.981482,27,1659.27878
3.371713,30,1659.339417
4.39416,18,1659.372308
3.422772,30,1659.42884
2.357922,21,1659.467355
3.053296,13,1659.49037
3.211124,30,1659.549702
3.282539,30,1659.603412
3.737108,20,1659.640106
3.357309,30,1659.695983
3.236769,30,1659.75192
3.051322,21,1659.793058
3.320534,30,1659.845773
3.254387,30,1659.903872
3.79471,30,1659.957728
2.868622,12,1659.981366
2.791213,30,1660.034586
2.210781,30,1660.085603
3.228948,30,1660.14462
4.343435,23,1660.184394
3.412596,30,1660.239802
3.373508,30,1660.294542
3.27969,30,1660.352058
3.342732,30,1660.405526
4.254989,20,1660.441232
4.224763,25,1660.489148
3.187897,30,1660.547776
3.373584,30,1660.604191
3.325792,30,1660.658709
1.32046,30,1660.713234
3.286724,30,1660.771444
-0.836001,18,1660.81181
3.3027,30,1660.863449
3.280746,30,1660.91807
2.360002,17,1660.949537
3.309394,30,1661.003124
3.320149,30,1661.058355
2.802346,15,1661.084914
3.115529,30,1661.139966
3.72964,21,1661.176648
3.880766,30,1661.230981
3.250894,30,1661.283771
4.369667,17,1661.320688
3.348317,30,1661.374447
4.10571,28,1661.425073
3.24334,30,1661.480738
3.403579,30,1661.566245
3.370798,30,1661.626275
3.112963,30,1661.678974
3.395446,30,1661.738059
3.357477,30,1661.796855
3.355211,30,1661.854616
4.119178,15,1661.878641
3.307807,30,1661.935209
3.362725,30,1661.99336
3.247529,30,1662.05192
2.091681,30,1662.105883
3.406686,30,1662.162031
3.352159,30,1662.221384
1.098369,30,1662.278711
4.406473,24,1662.32315
3.420735,30,1662.383292
4.167445,17,1662.419577
3.109734,24,1662.465196
3.039607,14,1662.489947
3.313886,30,1662.548131
1.665829,19,1662.584952
2.229469,29,1662.639781
3.305802,30,1662.694784
4.382434,21,1662.732334
3.156088,30,1662.795287
4.167726,18,1662.829198
2.236641,28,1662.881061
3.226075,30,1662.938631
3.350885,30,1662.999091
3.392561,30,1663.056834
3.287314,30,1663.112117
4.283284,23,1663.154646
2.969042,30,1663.213696
3.281496,30,1663.269041
3.374694,30,1663.325208
3.278223,30,1663.379131
4.110397,29,1663.433538
3.057594,30,1663.488004
3.364383,30,1663.542662
3.076672,30,1663.598551
3.376504,30,1663.661323
2.937654,20,1663.697789
2.358197,17,1663.730594
3.284945,30,1663.78474
3.278912,30,1663.84342
2.812536,30,1663.898377
3.207704,30,1663.954247
1.999222,30,1664.0056
2.449271,30,1664.066064
3.228004,30,1664.120491
3.317106,30,1664.176898
3.283454,30,1664.230606
3.069016,18,1664.26778
4.210276,21,1664.306959
3.375142,30,1664.361262
1.408713,30,1664.420253
4.112717,26,1664.469367
3.984736,19,1664.505024
-1.639213,21,1664.541399
-0.270375,7,1664.554273
3.435799,30,1664.615356
3.637121,23,1664.654222
3.134349,30,1664.711164
2.123591,24,1664.755902
3.402995,30,1664.815129
3.014928,30,1664.872683
4.292207,27,1664.924072
3.363524,30,1664.978881
3.16325,30,1665.037776
4.170021,19,1665.070718
3.30729,30,1665.124774
3.948085,13,1665.149691
3.27813,30,1665.207206
0.752273,30,1665.262831
3.651176,15,1665.291336
1.864935,30,1665.345347
3.209345,30,1665.404436
2.043679,30,1665.460615
2.171686,30,1665.516501
3.30367,30,1665.571436
3.263862,30,1665.631189
3.250025,30,1665.684156
2.240584,25,1665.732613
4.117324,22,1665.772703
4.085904,30,1665.83198
3.206341,30,1665.887031
2.096713,10,1665.907054
2.077189,29,1665.95932
2.73948,13,1665.984509
4.228863,19,1666.020063
4.310258,23,1666.063393
2.256162,23,1666.102761
3.398155,30,1666.160699
3.147352,30,1666.21458
4.264813,25,1666.263949
3.721755,26,1666.30898
1.399136,30,1666.366041
4.256592,17,1666.396427
3.193035,30,1666.450796
3.273506,30,1666.506405
3.03095,30,1666.562513
3.154604,30,1666.618989
3.406335,30,1666.671491
3.401983,30,1666.727369
3.406344,30,1666.783686
3.289136,30,1666.837317
4.322005,24,1666.880385
3.311484,30,1666.937126
3.373383,30,1666.994755
3.280298,30,1667.047339
3.38528,30,1667.103791
3.321359,30,1667.155757
3.336425,30,1667.21524
4.171466,18,1667.247057
3.256856,30,1667.304723
3.35385,30,1667.357598
-3.300033,30,1667.413707
3.21685,30,1667.466357
3.218386,30,1667.523142
3.369113,30,1667.577413
4.270772,17,1667.611187
4.016013,29,1667.663277
3.952403,27,1667.713302
4.082631,25,1667.760508
3.330389,30,1667.821007
3.018478,30,1667.875777
3.36494,30,1667.930933
3.332216,30,1667.986148
3.261779,30,1668.041108
3.266648,30,1668.097642
3.395344,30,1668.150553
3.387986,30,1668.20617
2.965888,30,1668.262631
3.036809,30,1668.315742
3.236872,30,1668.370926
3.398252,30,1668.426959
3.388508,30,1668.481695
3.369139,30,1668.538336
3.273576,30,1668.592798
3.311515,30,1668.647478
1.719524,11,1668.670424
1.30752,30,1668.723267
4.107497,20,1668.760098
3.06289,30,1668.817641
1.208004,30,1668.874305
3.232273,30,1668.931772
3.38258,30,1668.986951
3.387234,30,1669.045583
3.038864,30,1669.106852
3.433003,30,1669.16593
3.376387,30,1669.223065
3.19482,30,1669.28248
3.71582,23,1669.326015
3.333125,30,1669.388996
3.095942,30,1669.443703
3.361385,30,1669.50362
4.135927,12,1669.527294
3.825817,28,1669.584186
4.256333,21,1669.621959
4.24667,27,1669.671998
1.741177,30,1669.730307
4.240238,23,1669.774268
3.171511,30,1669.829723
3.217723,30,1669.882217
3.329338,30,1669.943209
3.278065,26,1669.989496
4.047178,14,1670.015397
2.294586,27,1670.062693
3.100271,30,1670.119681
3.187812,30,1670.171789
3.084779,15,1670.199236
3.20902,30,1670.254972
3.086258,30,1670.309872
3.664335,13,1670.334413
2.942657,30,1670.389278
4.313823,21,1670.427563
3.28718,30,1670.485981
2.913211,30,1670.538975
4.144355,17,1670.570284
3.371946,30,1670.627558
3.324555,30,1670.681109
4.277103,30,1670.743553
3.334916,30,1670.80112
3.326414,30,1670.859291
3.192008,30,1670.915591
4.22349,14,1670.944107
3.327372,30,1670.997203
4.135027,29,1671.051773
3.382111,30,1671.109114
3.955113,27,1671.159762
4.219853,19,1671.195623
3.181264,30,1671.248494
3.070383,30,1671.308203
3.239097,30,1671.361088
1.329777,10,1671.381285
3.32084,30,1671.436185
3.32316,30,1671.494374
1.39373,30,1671.547007
3.113713,30,1671.603337
3.249242,30,1671.657151
4.173336,24,1671.702499
3.735166,28,1671.754666
3.383911,30,1671.811909
1.379419,30,1671.864805
4.261525,19,1671.920832
3.291826,30,1671.985372
3.238178,30,1672.039362
3.333334,30,1672.093018
4.16594,24,1672.138214
2.082758,28,1672.187196
2.743149,10,1672.205948
4.215942,16,1672.234847
3.226994,30,1672.289485
4.129113,20,1672.323624
3.063752,12,1672.345953
4.152056,26,1672.3923
3.338951,30,1672.448992
4.174671,18,1672.481867
3.417242,30,1672.53605
4.132364,25,1672.582793
3.421159,30,1672.645274
1.300277,30,1672.714352
3.027808,26,1672.773115
2.900997,29,1672.833212
3.379511,30,1672.895925
1.949581,30,1672.948845
0.148172,30,1673.003235
1.301247,30,1673.058838
4.198763,25,1673.107733
4.264892,15,1673.133693
4.373052,17,1673.16514
3.401665,30,1673.221413
3.036025,30,1673.278042
3.009416,22,1673.318148
3.157154,30,1673.375348
-0.717949,30,1673.426465
4.11566,28,1673.477844
3.670558,24,1673.52071
4.285016,23,1673.563535
3.384802,30,1673.619712
3.410067,30,1673.677404
3.088102,18,1673.709528
3.142257,30,1673.765336
3.06315,17,1673.794647
3.167316,30,1673.855725
3.186154,30,1673.908583
4.355328,24,1673.952679
2.386826,23,1673.995256
2.629906,30,1674.048715
3.2766,30,1674.104464
3.404697,30,1674.158454
3.343608,30,1674.213181
3.376385,30,1674.26758
4.210034,25,1674.314252
4.255682,25,1674.360455
3.057555,11,1674.382428
2.86821,10,1674.40017
3.268394,30,1674.458208
4.330595,23,1674.497541
2.654203,10,1674.515416
1.738828,15,1674.545265
3.266246,30,1674.598806
2.079332,22,1674.640126
3.440055,30,1674.696438
3.142873,30,1674.754657
3.879066,18,1674.78955
1.378656,30,1674.842478
3.345375,30,1674.895499
3.241632,30,1674.954215
3.328722,30,1675.006877
3.326963,30,1675.063841
3.413657,30,1675.117139
3.1067,30,1675.17397
1.4048,30,1675.225957
3.44857,16,1675.256025
4.0778,15,1675.283247
3.429233,30,1675.338739
3.353699,30,1675.394508
3.354819,30,1675.449314
3.430653,30,1675.503401
3.04815,30,1675.559064
3.414059,30,1675.617519
4.367824,17,1675.645751
3.917162,23,1675.687142
3.656725,21,1675.726997
2.595225,30,1675.784269
3.297602,30,1675.836506
3.169778,30,1675.894145
4.060561,14,1675.920491
3.114788,30,1675.978349
3.380113,30,1676.03279
4.104371,29,1676.087041
3.391274,30,1676.144785
3.521662,27,1676.195643
0.015938,30,1676.250774
1.881193,13,1676.274125
3.138483,30,1676.332641
3.87596,14,1676.356598
4.000831,29,1676.412992
1.222759,30,1676.467173
3.369171,30,1676.526426
2.975481,17,1676.556778
3.266927,30,1676.613987
3.208211,30,1676.671677
2.826677,13,1676.696855
3.396458,30,1676.752463
4.132243,30,1676.807501
3.047043,30,1676.864848
4.242324,26,1676.912365
3.299525,30,1676.969657
1.200599,30,1677.022574
4.253704,26,1677.071073
3.128315,30,1677.126246
3.058698,30,1677.182702
3.201226,30,1677.235011
2.681004,30,1677.291517
4.27315,15,1677.318956
3.357989,30,1677.380959
3.060828,23,1677.423629
4.074,20,1677.460991
3.571339,24,1677.507316
3.12366,30,1677.561088
4.130948,30,1677.61792
4.396488,20,1677.654
-0.241896,30,1677.709991
1.29708,30,1677.764631
3.280374,30,1677.823503
4.222234,26,1677.872249
3.25718,30,1677.928784
3.228609,30,1677.985513
3.920223,30,1678.038384
1.290017,30,1678.094478
3.316692,30,1678.149754
3.182389,30,1678.203949
3.288151,30,1678.258373
3.179482,30,1678.312444
3.449152,30,1678.368075
3.364929,30,1678.426077
3.09429,16,1678.45633
3.314698,30,1678.510033
1.385298,30,1678.57012
3.38644,30,1678.630223
3.394942,30,1678.687618
3.859125,10,1678.706506
4.191711,20,1678.745976
2.198433,29,1678.800387
3.321962,30,1678.857309
4.335057,27,1678.906543
1.976597,30,1678.964997
2.947052,24,1679.009147
3.286739,30,1679.065363
4.214856,29,1679.116941
3.906418,28,1679.168711
3.351748,15,1679.194969
3.244024,30,1679.249823
1.319525,30,1679.306263
3.379942,30,1679.361533
4.307923,14,1679.389109
3.43411,17,1679.420038
4.175946,17,1679.451417
2.857344,30,1679.511256
3.305454,30,1679.566678
4.30769,19,1679.602873
0.7125,14,1679.627985
4.330042,22,1679.66976
2.748788,11,1679.691055
3.363465,30,1679.746487
3.202506,30,1679.802667
2.893683,12,1679.826512
4.16126,24,1679.869669
3.37773,30,1679.926239
3.331495,30,1679.982894
4.286006,28,1680.039423
3.242931,30,1680.096205
3.252298,30,1680.154147
4.347754,23,1680.195399
2.76446,29,1680.25646
3.214843,30,1680.309026
3.295295,30,1680.365684
3.290258,30,1680.420211
4.013985,19,1680.455348
3.170721,30,1680.508854
1.449405,30,1680.565109
3.270465,30,1680.619863
2.916547,30,1680.678946
3.301202,30,1680.73464
3.347271,30,1680.790537
3.013134,30,1680.846476
3.279979,30,1680.905991
3.247814,30,1680.958974
3.165544,30,1681.015958
4.170053,21,1681.053213
0.944987,24,1681.098482
3.443124,30,1681.154008
2.416985,18,1681.186306
4.20617,27,1681.235801
3.138798,30,1681.290758
3.36283,30,1681.34638
4.109443,24,1681.389399
3.299235,30,1681.442098
3.286059,30,1681.534448
2.792697,16,1681.564602
4.111799,26,1681.614499
3.412194,30,1681.670725
3.111079,22,1681.71066
3.916891,15,1681.740111
3.058524,30,1681.795717
4.095074,12,1681.818259
3.346897,30,1681.874582
4.256584,25,1681.920521
3.24762,30,1681.978054
3.112335,30,1682.03119
3.389054,30,1682.091239
1.941875,30,1682.144517
1.392696,30,1682.200265
1.371842,30,1682.253642
3.409661,30,1682.312659
2.953507,23,1682.354453
4.133008,22,1682.394125
4.224582,20,1682.42873
3.937058,29,1682.481036
3.2999,30,1682.53548
3.838864,30,1682.588894
4.169688,17,1682.621772
4.07202,30,1682.678945
4.303834,23,1682.720726
4.037517,28,1682.774098
2.976677,14,1682.799892
1.216523,30,1682.860383
3.035273,26,1682.906682
3.337168,30,1682.96203
3.388038,30,1683.014968
3.153354,24,1683.059643
2.84724,24,1683.104192
3.372091,30,1683.158899
3.240923,30,1683.211924
2.85488,30,1683.27395
4.115992,16,1683.302966
3.246392,30,1683.356873
3.342529,30,1683.413883
1.36991,30,1683.468668
3.298707,30,1683.523437
3.400476,30,1683.579591
0.054293,30,1683.636367
3.117013,30,1683.691329
3.343955,30,1683.748344
1.420369,30,1683.802011
4.323739,22,1683.843845
3.235391,30,1683.902867
3.097386,30,1683.956754
3.258606,30,1684.008207
3.199964,30,1684.06397
3.284261,30,1684.11766
3.317286,30,1684.173966
3.286786,30,1684.227291
3.213995,30,1684.282457
3.498768,22,1684.323447
3.352436,30,1684.380101
4.187972,23,1684.42386
1.285063,30,1684.479175
3.311248,30,1684.537387
4.280291,25,1684.583336
3.243667,30,1684.637661
3.344202,30,1684.692465
3.85398,26,1684.741188
3.206949,30,1684.79578
3.791873,26,1684.840124
3.091608,30,1684.895937
3.053958,30,1684.949381
3.236514,30,1685.0032
3.38298,30,1685.055573
3.35409,30,1685.111723
4.178469,23,1685.154599
4.282822,18,1685.187105
3.417374,30,1685.242221
3.101344,30,1685.295896
3.055504,12,1685.318756
3.01344,13,1685.343434
3.157618,30,1685.399268
2.85347,12,1685.42088
4.264847,20,1685.457505
3.35638,30,1685.510733
4.210044,27,1685.56043
3.400837,30,1685.618218
4.373897,22,1685.658488
3.227775,30,1685.714381
3.301853,30,1685.769527
3.162613,30,1685.830146
3.959753,14,1685.857335
2.751227,30,1685.914093
3.290269,30,1685.968687
3.326116,30,1686.024282
3.68348,23,1686.066438
1.337782,30,1686.122507
2.988203,15,1686.149883
3.271988,30,1686.203052
0.492984,30,1686.260308
2.95132,30,1686.312472
4.203022,27,1686.361817
3.221295,30,1686.415867
3.17605,30,1686.473994
3.243052,30,1686.527121
3.371974,30,1686.583616
3.427781,30,1686.63827
-0.040574,30,1686.696184
2.910917,19,1686.731318
3.427596,30,1686.784946
3.031173,30,1686.838075
3.374616,30,1686.893934
4.333974,22,1686.936443
4.086141,22,1686.975827
3.419606,30,1687.029927
3.295745,30,1687.08711
3.354028,30,1687.142949
2.31904,20,1687.17736
2.853376,17,1687.204627
3.745162,15,1687.234357
4.185533,28,1687.284619
3.270743,30,1687.337088
1.406431,30,1687.391389
3.426496,30,1687.444194
3.942692,30,1687.5019
1.3869,30,1687.553612
3.320717,30,1687.611441
1.463641,30,1687.669001
3.211227,30,1687.725203
4.27426,25,1687.768821
3.231686,30,1687.825542
3.266795,30,1687.882374
1.173419,30,1687.939244
3.394467,30,1687.994463
3.219346,30,1688.048213
3.237051,30,1688.1076
2.346124,24,1688.150454
2.691298,30,1688.201992
3.240449,30,1688.257847
4.015119,17,1688.28925
-0.024855,30,1688.346678
3.302044,30,1688.400783
3.322025,30,1688.458288
1.363855,30,1688.511969
3.001487,16,1688.543619
3.255281,30,1688.6012
1.109975,30,1688.655061
3.332458,30,1688.713747
3.320644,30,1688.769691
4.052059,22,1688.81176
3.261105,30,1688.865631
3.411868,30,1688.926679
3.405424,30,1688.979881
4.31046,24,1689.024076
2.604814,30,1689.079826
4.411697,27,1689.131582
1.380961,30,1689.188373
3.614593,19,1689.223507
3.337527,30,1689.274919
3.344389,30,1689.335127
4.037166,11,1689.353378
3.208785,30,1689.408086
4.039169,30,1689.461063
3.181653,30,1689.518112
4.18056,25,1689.562551
3.135003,30,1689.619817
4.37963,23,1689.659787
3.286299,30,1689.71994
4.131669,23,1689.761931
3.271371,30,1689.817524
3.318851,30,1689.873461
1.960096,30,1689.931772
3.545082,17,1689.960494
3.016516,14,1689.986523
4.341713,24,1690.029826
1.068624,30,1690.086239
3.179424,30,1690.142812
3.392663,30,1690.196631
3.835316,15,1690.224249
4.411611,26,1690.275975
4.017471,19,1690.308979
2.900051,30,1690.365376
4.074976,20,1690.401388
3.44617,30,1690.457126
3.261018,30,1690.51299
3.247021,30,1690.567834
3.278964,30,1690.623433
3.33982,30,1690.681518
3.638119,21,1690.721662
3.393467,30,1690.777604
3.378154,30,1690.83376
3.220393,30,1690.891732
3.351133,30,1690.94715
0.451632,18,1690.979184
3.006166,30,1691.03417
3.347734,30,1691.091515
2.766949,30,1691.14729
0.588392,13,1691.169144
3.326713,30,1691.222101
3.370863,30,1691.281044
3.888772,28,1691.332225
3.306081,30,1691.385255
4.116352,17,1691.419457
3.983561,24,1691.467204
3.220237,30,1691.519966
3.196435,23,1691.561292
2.899858,30,1691.617221
3.428642,30,1691.675739
2.28568,29,1691.729787
4.192767,27,1691.779135
4.327053,27,1691.829208
4.138574,13,1691.856929
3.200481,30,1691.91223
4.111167,14,1691.939963
3.232801,30,1691.993464
4.099313,23,1692.03707
1.08123,30,1692.095076
3.30608,30,1692.148303
3.307419,30,1692.203334
3.280974,30,1692.259517
-0.551021,30,1692.314273
3.009599,30,1692.366437
4.086994,17,1692.396567
3.324945,30,1692.454233
3.911919,13,1692.476402
3.367937,30,1692.532162
4.112325,23,1692.571029
3.12998,30,1692.627898
3.083836,30,1692.695079
3.336547,30,1692.806029
1.161563,30,1692.92081
4.253225,20,1692.996149
3.073012,30,1693.08031
3.129218,30,1693.143986
3.262301,30,1693.200665
3.269426,30,1693.260452
4.355374,21,1693.301775
3.948699,29,1693.354559
3.044065,30,1693.415164
4.278289,17,1693.452706
3.38747,30,1693.509782
3.43351,30,1693.56991
3.395468,30,1693.629755
3.399486,30,1693.698366
3.026424,30,1693.755086
3.356381,30,1693.81524
3.410449,30,1693.871901
4.014414,29,1693.93053
3.749348,17,1693.967054
3.278529,30,1694.022303
4.14954,15,1694.049731
1.36737,30,1694.112579
3.401627,30,1694.170264
3.259483,30,1694.250998
4.099013,22,1694.29485
3.265099,30,1694.353224
3.338184,30,1694.413478
4.325275,17,1694.444907
3.325967,30,1694.504005
3.28329,30,1694.566473
3.335401,30,1694.628332
3.376262,30,1694.687814
3.051301,30,1694.75422
4.037006,21,1694.811014
3.419367,30,1694.908256
1.712515,19,1694.961021
3.31281,30,1695.039206
3.656782,18,1695.077104
3.437058,30,1695.138736
3.343349,30,1695.194207
3.884763,28,1695.246077
3.12608,30,1695.304595
3.226973,30,1695.358095
3.221545,30,1695.415094
3.157349,30,1695.470894
3.205317,30,1695.52817
4.01222,27,1695.57989
3.296743,30,1695.636113
3.705762,25,1695.682439
1.204974,30,1695.74234
3.238876,30,1695.799155
2.904586,25,1695.866392
0.440552,30,1695.948891
3.23101,30,1696.038349
3.383886,30,1696.128284
2.837984,30,1696.210817
2.878003,16,1696.243151
1.21107,30,1696.306778
4.23633,15,1696.334068
3.38293,30,1696.387464
3.234456,30,1696.442605
2.510339,30,1696.497906
4.056388,19,1696.532352
3.422706,30,1696.586726
4.090183,28,1696.637866
2.859186,17,1696.672403
3.397666,30,1696.727952
4.237449,23,1696.771832
1.400563,30,1696.825254
3.402837,30,1696.882601
4.310015,17,1696.913984
1.314282,30,1696.970255
2.830043,11,1696.988592
4.34785,26,1697.038695
3.309551,30,1697.094182
3.330895,30,1697.14978
2.078673,26,1697.195058
3.931072,29,1697.250563
-0.685135,30,1697.304593
3.05682,30,1697.359957
3.361901,30,1697.415499
4.107168,22,1697.458877
3.822575,29,1697.510001
3.42124,30,1697.564048
3.158417,30,1697.623327
3.440874,30,1697.679172
3.192911,30,1697.738273
3.216309,30,1697.793015
3.458212,30,1697.850484
3.358054,30,1697.907512
3.291174,30,1697.96466
3.505644,15,1697.991921
3.409354,30,1698.047952
3.297435,30,1698.104948
1.406818,30,1698.157398
3.287268,19,1698.191756
4.290316,23,1698.235402
3.961117,24,1698.280887
3.259997,30,1698.336333
3.100713,30,1698.393036
1.2542,30,1698.447624
1.308374,30,1698.507793
3.374938,30,1698.563936
4.149699,18,1698.598523
4.157691,30,1698.656099
1.089844,30,1698.714872
3.240924,30,1698.770414
4.437531,24,1698.816574
3.769571,14,1698.842983
3.232447,30,1698.902652
1.9997,30,1698.960581
3.211164,30,1699.01705
3.321083,30,1699.073498
4.394048,24,1699.118673
3.340166,30,1699.174233
3.355635,30,1699.230175
2.513654,30,1699.282815
4.142757,23,1699.327248
1.812203,30,1699.382299
2.571294,17,1699.416148
3.401515,30,1699.468556
2.955565,29,1699.522397
3.182612,30,1699.580451
4.377407,22,1699.619713
4.221477,22,1699.660105
4.144244,27,1699.711496
3.082779,30,1699.76533
3.335793,30,1699.827934
3.381481,30,1699.882465
3.967884,23,1699.926689
3.145947,12,1699.949708
3.291376,30,1700.003125
1.747272,25,1700.05176
3.238399,30,1700.10975
3.264645,30,1700.165534
3.184216,30,1700.220363
3.286876,30,1700.276403
3.355548,30,1700.333931
3.908104,29,1700.385764
2.95364,17,1700.420413
4.243376,26,1700.467225
2.18154,30,1700.524848
3.391101,30,1700.57967
3.182878,30,1700.638121
3.177541,30,1700.692696
3.992773,24,1700.739185
1.491718,30,1700.795239
4.116893,21,1700.836363
3.309435,30,1700.891062
3.224348,30,1700.95239
3.98761,20,1700.991184
1.974064,30,1701.046177
4.040926,29,1701.101494
2.754011,30,1701.157801
3.35041,30,1701.215112
2.210492,30,1701.269268
3.166768,30,1701.326221
3.393967,21,1701.365436
3.367353,30,1701.422689
3.390114,30,1701.480095
-0.719216,30,1701.53349
3.23077,30,1701.591862
3.243134,30,1701.645618
2.157746,30,1701.704511
3.365051,30,1701.759341
3.33058,30,1701.820075
3.947482,17,1701.850971
3.368629,30,1701.907374
3.276553,30,1701.960557
4.267395,28,1702.014957
3.478667,17,1702.044255
3.403005,30,1702.103007
2.968181,23,1702.146526
3.381939,30,1702.202924
0.519098,18,1702.235886
3.183062,30,1702.291185
4.096217,30,1702.346555
3.364687,30,1702.402959
4.107903,24,1702.447436
3.056912,12,1702.469872
3.350088,30,1702.527619
3.354911,30,1702.584012
3.171912,30,1702.642234
3.647162,27,1702.690117
3.161163,30,1702.755911
2.688106,16,1702.791239
3.039146,25,1702.841378
4.194425,23,1702.885245
3.163901,30,1702.939035
3.245461,30,1702.997035
3.137764,30,1703.053085
3.042229,24,1703.098196
2.122913,30,1703.155171
3.958977,19,1703.192834
4.011399,30,1703.248095
3.4454,30,1703.305282
3.227024,30,1703.359307
3.455582,30,1703.418956
2.054647,30,1703.471385
3.378392,30,1703.526125
3.430467,30,1703.581486
3.280278,30,1703.642531
3.36975,30,1703.699904
4.09704,20,1703.736674
4.193869,24,1703.780052
2.108777,30,1703.836292
2.726455,30,1703.89017
3.866602,30,1703.945622
4.227625,29,1703.996464
1.375972,30,1704.076389
3.199484,30,1704.136933
3.375298,30,1704.191395
3.189156,30,1704.24678
1.244342,30,1704.303805
3.564045,24,1704.348045
3.198031,30,1704.405214
1.289606,30,1704.459697
2.071098,30,1704.517123
0.920538,30,1704.568346
3.389902,14,1704.596664
4.382063,26,1704.646021
3.027719,30,1704.704891
3.677525,18,1704.737141
3.3126,30,1704.7955
4.279821,23,1704.838709
3.412171,30,1704.897858
3.150998,30,1704.953512
3.307943,30,1705.007995
3.33729,30,1705.065531
2.024675,30,1705.120183
4.190427,17,1705.150718
4.085485,26,1705.199136
3.32847,30,1705.253899
4.213517,20,1705.291735
4.051467,25,1705.339228
3.383207,30,1705.392003
4.349721,23,1705.434328
3.032123,21,1705.474321
3.148575,12,1705.497006
3.862711,15,1705.523154
3.219147,30,1705.57811
-0.204965,20,1705.616431
3.047768,25,1705.666132
3.384617,30,1705.719916
4.415811,25,1705.764177
3.372654,30,1705.823953
3.347383,30,1705.878553
4.1029,18,1705.911473
3.323335,30,1705.96554
3.345118,30,1706.025604
1.197228,30,1706.079367
3.447114,24,1706.122249
3.143371,30,1706.18031
3.164497,30,1706.235036
3.235923,30,1706.29189
3.321328,30,1706.343564
3.262929,30,1706.399244
4.052148,17,1706.431858
4.258947,16,1706.462461
3.12021,23,1706.504722
3.308405,30,1706.556324
3.831944,24,1706.602114
3.820202,12,1706.625795
3.209872,30,1706.685083
3.309943,30,1706.739146
4.137846,28,1706.794569
4.095188,21,1706.83591
4.041665,14,1706.860853
3.249057,30,1706.917028
2.395685,19,1706.953232
4.003885,17,1706.986942
3.403211,30,1707.039991
4.166727,22,1707.08021
4.24946,26,1707.130446
1.328803,30,1707.187149
3.145536,30,1707.241657
2.803553,18,1707.276183
4.178491,20,1707.313986
3.276619,30,1707.36708
2.038149,30,1707.423938
3.328768,30,1707.477186
0.772399,11,1707.499951
3.266224,30,1707.553584
3.282925,30,1707.610706
3.276361,30,1707.666232
3.366347,30,1707.725662
3.049479,13,1707.749524
-0.796717,30,1707.809183
2.673554,13,1707.832978
3.336929,30,1707.890794
4.218479,17,1707.923683
3.412055,30,1707.977777
4.303482,18,1708.010245
1.389188,30,1708.065101
1.723843,19,1708.099986
3.549872,23,1708.143618
4.174249,19,1708.176399
3.241136,30,1708.233519
3.699199,15,1708.262502
3.13916,30,1708.316129
3.198056,30,1708.370002
3.384419,30,1708.425952
3.210253,30,1708.483955
4.082008,21,1708.521509
2.04057,30,1708.575897
2.488624,18,1708.611332
2.618007,30,1708.667641
3.342779,30,1708.723777
3.440982,30,1708.779321
4.04288,16,1708.810376
4.105723,23,1708.85407
4.002267,15,1708.882709
3.3888,19,1708.917419
3.426617,30,1708.976598
3.39281,30,1709.033189
2.568494,13,1709.056521
3.351814,30,1709.110882
3.341393,30,1709.16912
3.24018,30,1709.222272
3.349191,30,1709.276614
3.189838,30,1709.332346
3.265611,30,1709.390876
1.383034,30,1709.444021
3.985291,26,1709.49292
3.18132,30,1709.549328
3.170346,30,1709.609922
3.222656,30,1709.666109
3.293329,30,1709.721583
4.109348,27,1709.773684
3.205751,30,1709.833566
3.254006,30,1709.892214
3.20954,30,1709.946682
4.30436,23,1709.989053
4.35413,26,1710.036966
3.190097,30,1710.093604
4.297611,27,1710.143116
3.346597,30,1710.197533
3.282619,30,1710.259381
3.390236,30,1710.315383
3.353993,30,1710.370101
3.387727,30,1710.424889
3.270178,30,1710.481871
4.301468,26,1710.527799
-0.505412,18,1710.559444
3.406903,30,1710.61913
4.078651,16,1710.655519
3.407961,30,1710.720705
4.272314,29,1710.776952
1.885541,30,1710.831405
4.213989,23,1710.876534
3.283927,30,1710.934772
2.033782,30,1710.989781
3.18865,30,1711.045023
3.800761,18,1711.078849
3.342254,30,1711.136942
4.116631,28,1711.187949
2.729511,30,1711.242577
3.151169,30,1711.301167
3.045816,30,1711.35317
1.311211,30,1711.409758
2.95517,30,1711.463501
4.01987,25,1711.510247
3.260967,30,1711.567715
1.927695,30,1711.620498
3.398815,30,1711.676367
3.450826,30,1711.734995
1.979816,30,1711.791205
4.007686,17,1711.822855
3.447043,26,1711.870748
3.277558,30,1711.92744
2.782995,19,1711.961132
1.323019,30,1712.015601
1.93464,19,1712.051251
2.918081,17,1712.083678
2.9559,30,1712.140999
3.397103,30,1712.194357
3.310647,30,1712.251441
0.206431,30,1712.305086
3.224679,30,1712.360478
3.172478,30,1712.414346
4.000197,30,1712.471097
2.975091,20,1712.50932
3.259266,30,1712.566084
-0.046463,30,1712.62099
2.257892,30,1712.673172
3.269717,30,1712.732512
1.367805,30,1712.786133
3.262545,30,1712.845587
3.216841,30,1712.900661
1.726242,30,1712.958
1.106397,30,1713.01507
3.390475,30,1713.070096
3.374011,30,1713.123891
3.418732,30,1713.181956
3.300516,30,1713.237855
3.949307,30,1713.29552
3.291703,30,1713.351357
4.177827,21,1713.393456
2.902827,19,1713.426379
0.764622,30,1713.482608
4.114894,23,1713.525563
3.312996,19,1713.561707
3.259427,30,1713.620773
2.886395,13,1713.644134
3.275883,30,1713.702433
1.261234,30,1713.763386
4.254248,17,1713.795257
3.274293,30,1713.852204
4.163466,29,1713.904262
4.260874,15,1713.935438
3.310514,30,1713.990719
3.026003,30,1714.046388
1.194618,30,1714.100167
3.14695,30,1714.157553
3.463129,14,1714.181965
-2.228567,30,1714.236721
4.322495,20,1714.274534
4.268642,25,1714.321501
3.358614,30,1714.380323
3.412775,30,1714.432011
4.160643,30,1714.489023
3.244198,30,1714.545733
1.414213,30,1714.622417
1.06864,26,1714.671557
3.423689,30,1714.729815
2.568825,30,1714.785334
3.325036,30,1714.84251
3.376522,30,1714.89871
4.337557,25,1714.944693
3.412538,30,1715.003014
3.98934,27,1715.057883
1.996407,26,1715.104056
3.240847,30,1715.160541
3.325276,30,1715.217875
1.824283,30,1715.274159
3.261371,30,1715.328126
4.037732,14,1715.355302
1.188001,30,1715.412973
3.981066,18,1715.446683
1.327075,30,1715.500838
3.108554,16,1715.528625
3.440594,30,1715.58923
3.399294,30,1715.643881
3.210722,30,1715.700958
3.039825,14,1715.724734
-0.753349,30,1715.786278
4.354095,21,1715.825274
3.35667,30,1715.881337
3.342652,30,1715.940741
1.32348,30,1715.99828
4.006694,30,1716.056981
3.316784,30,1716.111609
4.229765,23,1716.153327
3.339428,30,1716.214479
4.099594,17,1716.242925
2.301176,24,1716.286188
3.006761,30,1716.34054
3.26473,30,1716.399471
1.395865,17,1716.42944
1.413304,30,1716.487533
3.250484,30,1716.542209
3.354736,30,1716.601388
2.10567,30,1716.657516
2.316838,21,1716.696161
3.18577,30,1716.753299
0.147577,30,1716.811807
3.309028,30,1716.871046
3.267164,30,1716.925217
4.088025,23,1716.970766
3.345362,30,1717.030712
3.395644,30,1717.084206
4.101227,26,1717.13544
3.202214,30,1717.188839
4.223037,22,1717.23279
3.196002,30,1717.286844
3.273966,30,1717.343069
0.989335,13,1717.365316
3.269849,30,1717.421632
3.886443,27,1717.47185
1.284376,30,1717.52822
1.315877,30,1717.581611
3.211647,30,1717.639344
2.312146,30,1717.696223
3.29342,30,1717.753136
3.321207,30,1717.810899
3.327996,30,1717.871589
3.055259,12,1717.895043
3.231096,30,1717.949307
1.374405,30,1718.005381
1.127004,30,1718.064893
4.209199,28,1718.117028
4.202365,19,1718.153245
3.2833,30,1718.207966
3.444623,30,1718.26824
3.147613,30,1718.322937
3.185739,30,1718.382269
4.365857,22,1718.422679
4.353208,29,1718.479684
4.182131,15,1718.507036
1.135977,30,1718.562565
4.0911,18,1718.595231
3.061662,30,1718.656443
4.335456,23,1718.701029
4.321627,20,1718.738432
3.249294,30,1718.792866
4.285662,28,1718.846349
3.836189,28,1718.899183
1.317881,30,1718.955801
1.236952,30,1719.011215
3.281145,30,1719.070392
3.370162,21,1719.108212
0.949585,30,1719.160514
3.291109,30,1719.22133
4.231214,22,1719.263919
2.845339,19,1719.302191
3.028569,12,1719.323707
3.317954,30,1719.380188
4.122412,18,1719.413705
3.551646,17,1719.443847
3.242165,30,1719.503027
4.553807,26,1719.549418
3.141553,30,1719.608491
3.349895,30,1719.663143
2.992096,30,1719.71962
4.307259,22,1719.75826
2.019072,30,1719.820882
3.367511,30,1719.874628
1.35727,30,1719.933036
3.194553,30,1719.98741
3.276693,30,1720.046719
3.194964,30,1720.101519
3.624782,19,1720.137885
3.43954,30,1720.194078
3.464985,30,1720.250721
1.142246,30,1720.308113
3.145928,30,1720.362456
0.88031,23,1720.406421
3.295945,30,1720.46364
4.2467,26,1720.511668
1.768207,30,1720.567073
3.434879,30,1720.626175
3.375747,30,1720.683392
4.34769,15,1720.713365
3.207465,21,1720.752111
3.335795,30,1720.808553
3.249483,30,1720.867353
3.194922,30,1720.92467
3.124908,17,1720.954708
4.433572,25,1720.998709
1.241378,30,1721.058852
3.327318,30,1721.111736
2.838109,30,1721.165478
3.040794,30,1721.218702
2.892559,11,1721.240217
0.630353,30,1721.29618
3.141559,30,1721.350654
3.356629,30,1721.407285
4.027349,16,1721.437994
1.970823,17,1721.469549
3.392484,30,1721.524661
4.30583,23,1721.568958
3.10608,30,1721.626428
3.440058,30,1721.681512
2.162013,30,1721.737454
3.399265,30,1721.790137
4.177,27,1721.84044
4.394549,22,1721.880502
3.386926,30,1721.938136
4.312323,26,1721.986446
3.116535,20,1722.025541
4.15961,25,1722.072952
4.311256,20,1722.107975
2.591817,13,1722.131284
3.69843,30,1722.18755
2.156742,30,1722.241687
3.231968,30,1722.296391
3.437177,30,1722.352215
4.273365,17,1722.385227
3.400764,30,1722.440405
3.243808,30,1722.495394
3.154757,30,1722.550535
2.719229,16,1722.58172
2.017011,30,1722.635645
2.985868,30,1722.690808
3.995247,18,1722.722501
3.107176,30,1722.782328
3.417615,30,1722.838518
4.041591,18,1722.873401
2.963232,30,1722.926689
4.267327,29,1722.981035
2.851533,29,1723.034829
3.306301,30,1723.089058
3.213388,30,1723.144829
4.121293,21,1723.184137
3.130002,30,1723.237165
4.322423,19,1723.272232
4.171566,19,1723.308405
3.230592,30,1723.363383
2.671177,30,1723.419757
3.595579,17,1723.450864
3.220809,30,1723.50562
3.296454,30,1723.560872
3.413049,30,1723.619906
1.244645,30,1723.673372
2.261936,25,1723.718997
2.840942,13,1723.747482
3.345133,30,1723.802546
3.321502,30,1723.861068
4.360407,23,1723.902493
3.26645,30,1723.960808
4.017886,25,1724.005837
2.657331,23,1724.048604
3.113302,30,1724.10346
-1.210674,22,1724.166752
3.282244,30,1724.226156
3.419602,30,1724.282005
2.295848,22,1724.321256
3.259487,30,1724.3815
2.819353,24,1724.424977
3.717291,23,1724.468732
1.090016,30,1724.524754
3.202678,30,1724.586755
2.002379,30,1724.641976
4.178635,26,1724.691797
3.33743,30,1724.748437
3.37991,30,1724.806688
3.367446,30,1724.863129
3.29926,30,1724.918704
3.341966,30,1724.972945
2.170912,30,1725.032452
1.302028,30,1725.086254
3.451048,30,1725.142936
3.36811,30,1725.197359
3.20691,30,1725.257267
4.021936,24,1725.300758
4.182124,17,1725.330392
2.115488,30,1725.386811
3.005527,30,1725.44704
4.231408,13,1725.471317
4.290604,26,1725.519768
3.449811,30,1725.575718
4.144891,18,1725.61313
3.390392,30,1725.668394
3.179468,30,1725.724897
4.177764,28,1725.778004
3.531544,17,1725.812094
3.23723,30,1725.868762
3.282746,30,1725.924438
3.921899,14,1725.953593
3.207854,30,1726.016802
3.337117,30,1726.071805
4.436904,23,1726.115112
4.204473,19,1726.151415
3.264118,30,1726.206249
3.207037,30,1726.263616
3.141545,30,1726.317913
4.168003,29,1726.370912
3.624424,17,1726.405812
-2.071871,30,1726.463253
3.351498,30,1726.521502
3.195603,30,1726.583776
3.283587,30,1726.643293
3.315099,30,1726.699801
4.095733,29,1726.756236
3.431443,27,1726.804004
3.324987,30,1726.865698
3.641741,28,1726.916717
2.749116,30,1726.974157
1.081442,30,1727.032648
3.040428,30,1727.094387
3.965869,17,1727.127489
4.202608,15,1727.152739
3.280389,30,1727.209503
4.121203,13,1727.233621
3.420209,30,1727.292199
3.266983,30,1727.345185
3.263737,30,1727.401785
2.888877,30,1727.458237
3.052296,24,1727.503819
2.079701,23,1727.545785
3.331629,30,1727.600389
1.467678,30,1727.660524
3.095852,23,1727.706891
3.234755,30,1727.763503
4.314558,16,1727.808592
3.865823,13,1727.847472
3.07981,16,1727.903267
3.283644,30,1728.032737
3.964108,14,1728.077727
3.157192,11,1728.115014
3.266105,30,1728.212986
2.538914,18,1728.254555
4.206829,24,1728.303637
2.134841,16,1728.33596
3.035161,30,1728.392549
2.019562,30,1728.448053
1.941155,30,1728.505962
0.016844,30,1728.563141
3.411572,30,1728.622591
-0.225613,30,1728.67697
3.954067,30,1728.735493
3.410621,30,1728.792843
3.958173,15,1728.822851
3.250434,30,1728.87796
3.325297,30,1728.936122
2.870671,19,1728.975184
-2.646097,18,1729.008657
3.499941,14,1729.038128
3.399463,30,1729.098082
3.121837,30,1729.16504
3.775018,30,1729.224343
3.209905,30,1729.284049
0.70348,13,1729.31058
3.966636,27,1729.365635
4.004236,30,1729.424261
2.996672,30,1729.482598
3.361117,30,1729.537865
2.820553,12,1729.5642
3.212215,30,1729.623569
3.249654,30,1729.678798
3.308452,30,1729.736942
3.322113,30,1729.795774
3.221227,30,1729.853774
4.028079,30,1729.907999
4.193918,13,1729.933127
3.240251,30,1729.995583
4.305496,24,1730.039639
4.322435,24,1730.084151
3.16507,30,1730.139659
3.232556,30,1730.199482
3.877073,16,1730.229679
2.787041,30,1730.283437
3.123472,30,1730.341501
3.360661,30,1730.396411
2.762414,14,1730.424091
-1.380486,21,1730.473388
3.703946,16,1730.518835
3.291653,30,1730.612209
3.727992,15,1730.652141
3.335729,30,1730.750125
1.317805,30,1730.838816
4.20973,15,1730.889301
4.159802,20,1730.951668
2.884126,16,1730.999629
4.221977,25,1731.068037
3.155559,30,1731.135444
4.083616,22,1731.175227
1.334755,30,1731.228999
3.355535,30,1731.281537
3.291485,30,1731.34295
2.939073,12,1731.364513
-0.596935,30,1731.420763
3.01609,16,1731.451452
1.499327,18,1731.488544
4.377062,16,1731.519485
3.005938,30,1731.574287
4.388067,23,1731.617459
3.187106,30,1731.677077
3.216855,30,1731.749314
3.162457,30,1731.838555
1.42817,30,1731.925792
3.03469,15,1731.977939
-0.197402,30,1732.061857
4.272977,16,1732.110997
3.106479,30,1732.178681
3.867987,17,1732.212428
4.056626,28,1732.264782
3.223624,30,1732.320243
3.196832,30,1732.373862
3.2207,30,1732.433529
3.408586,30,1732.490445
3.337918,30,1732.548218
3.381574,30,1732.602493
3.366783,30,1732.662656
3.4101,30,1732.716585
3.194949,30,1732.77509
3.432163,30,1732.832375
4.32692,25,1732.879445
3.145991,30,1732.937272
3.3709,30,1732.991305
3.058394,30,1733.047462
4.392091,29,1733.103933
3.236224,30,1733.160386
3.104672,30,1733.21491
3.430441,30,1733.27085
3.111174,30,1733.327194
4.025027,18,1733.360884
3.181823,30,1733.414729
1.172202,30,1733.471635
4.225329,19,1733.506854
3.258598,30,1733.562054
3.23724,30,1733.616444
3.246643,30,1733.673298
3.401789,30,1733.731287
2.999191,30,1733.786478
3.343367,30,1733.844103
3.214061,30,1733.905336
2.921213,30,1733.961664
3.077775,30,1734.01803
3.169699,30,1734.070588
3.323572,30,1734.12664
3.363332,30,1734.182857
0.11407,30,1734.239551
2.025917,30,1734.294158
3.238786,30,1734.350783
3.155203,30,1734.406233
4.133418,16,1734.436754
2.699056,30,1734.493023
4.264633,22,1734.532244
3.193432,30,1734.591698
3.976074,23,1734.634593
4.296831,18,1734.668577
4.062731,18,1734.704234
3.857936,28,1734.757503
3.387624,30,1734.812905
3.371373,30,1734.869407
3.420705,30,1734.923155
3.162638,30,1734.982574
4.184056,19,1735.015403
2.970079,30,1735.071791
2.273461,17,1735.101632
3.340335,30,1735.158385
1.384761,30,1735.216794
3.416388,30,1735.27415
2.681894,15,1735.299947
3.31377,30,1735.357797
1.793168,30,1735.41277
1.064504,13,1735.437734
2.967008,30,1735.492898
3.082983,15,1735.521696
4.296285,17,1735.552091
3.987118,13,1735.575248
3.360031,30,1735.629545
3.296136,30,1735.684886
4.299646,24,1735.729497
3.426423,30,1735.785695
4.229184,24,1735.827977
3.346985,30,1735.884599
3.12613,30,1735.940846
3.146965,30,1735.993879
3.97461,20,1736.030327
3.188101,30,1736.089425
3.366022,30,1736.145284
3.405906,30,1736.20335
2.980977,30,1736.255332
2.264444,18,1736.290996
3.012112,19,1736.325387
3.188587,30,1736.379586
2.935111,19,1736.413983
2.610096,30,1736.471099
3.234286,30,1736.527537
3.666603,18,1736.558912
3.365055,30,1736.617397
3.974728,20,1736.656224
3.985811,23,1736.700596
2.889102,24,1736.746009
1.157705,30,1736.800664
3.408574,30,1736.861201
3.219659,30,1736.915694
1.227564,30,1736.970995
3.382442,30,1737.026715
3.178031,30,1737.089712
4.049042,26,1737.136562
3.324523,30,1737.192033
3.089564,20,1737.229257
2.730295,12,1737.253003
4.232056,16,1737.282292
2.765295,30,1737.335664
3.142533,30,1737.393125
3.020778,21,1737.433059
3.206321,30,1737.48679
2.026767,30,1737.546395
3.297965,30,1737.599158
2.870127,16,1737.645804
2.967246,17,1737.687551
3.190199,30,1737.744916
3.314527,30,1737.802258
4.277605,28,1737.85986
3.389741,30,1737.914916
4.082851,29,1737.967673
4.220063,22,1738.011507
3.392339,30,1738.0686
4.36799,23,1738.11046
1.453892,30,1738.166248
3.405533,30,1738.220708
3.558264,18,1738.256435
3.17271,30,1738.311063
3.109843,30,1738.366836
3.241868,30,1738.42385
4.060513,28,1738.477379
3.251034,30,1738.535325
3.036734,30,1738.589501
3.15712,30,1738.645941
1.634546,13,1738.670399
3.344091,30,1738.728246
3.737138,20,1738.76515
3.139614,30,1738.823817
4.074751,26,1738.873586
4.196932,21,1738.915828
3.20611,30,1738.970903
3.483521,24,1739.014306
3.402888,30,1739.075804
3.360511,30,1739.130364
4.300654,17,1739.160878
4.16035,29,1739.216734
3.592282,20,1739.256146
4.175831,22,1739.296694
3.3368,30,1739.352843
3.319018,30,1739.408067
3.308145,30,1739.468042
3.40124,30,1739.524247
1.319727,30,1739.582625
3.004727,30,1739.636395
1.38381,30,1739.694689
1.34994,30,1739.750477
2.335283,30,1739.804811
3.051269,18,1739.836337
2.047172,30,1739.89775
3.378826,30,1739.953967
3.15069,30,1740.011851
3.23778,30,1740.066333
2.023434,30,1740.123483
3.226677,30,1740.179606
4.098514,23,1740.224191
4.091776,14,1740.249585
3.311434,30,1740.3086
1.875511,30,1740.361593
3.391719,30,1740.41982
3.1094,18,1740.451635
2.756681,30,1740.513236
1.738249,30,1740.569182
3.22399,30,1740.628147
4.168857,26,1740.674306
3.975825,16,1740.704918
3.329415,30,1740.764866
4.3105,21,1740.803766
4.291822,28,1740.857004
4.238006,27,1740.91355
3.023586,21,1740.952778
2.911129,30,1741.009017
3.082585,23,1741.04974
3.324111,30,1741.108828
4.251819,27,1741.160492
3.1092,12,1741.183765
4.103538,29,1741.235955
3.345959,30,1741.292386
3.277324,30,1741.350668
3.139647,30,1741.404685
3.216365,30,1741.462089
2.049426,26,1741.51106
3.332683,30,1741.573304
-2.085885,30,1741.625957
4.235383,26,1741.676644
3.3317,30,1741.734396
4.126586,18,1741.770907
4.170138,22,1741.810126
3.344612,30,1741.868123
3.224891,30,1741.927865
3.391929,30,1741.986808
4.199846,21,1742.025772
3.356364,30,1742.080639
3.253587,30,1742.13884
3.160246,30,1742.194454
1.019927,30,1742.25011
3.519839,13,1742.274086
3.354921,30,1742.335146
3.272968,30,1742.389272
3.163739,30,1742.447488
3.237068,30,1742.501971
3.698343,27,1742.552384
3.085865,30,1742.611042
0.904715,21,1742.648048
2.585944,30,1742.702432
3.665528,24,1742.748387
3.276895,30,1742.809147
4.200743,18,1742.842506
0.712249,27,1742.892621
4.142468,20,1742.932888
4.326276,17,1742.96361
3.265396,30,1743.020982
3.938127,25,1743.06888
3.966611,25,1743.117678
3.249135,30,1743.174692
4.36228,22,1743.212399
1.83552,30,1743.268414
4.288955,20,1743.30707
3.168081,30,1743.35961
3.220338,30,1743.418514
3.388675,30,1743.471233
3.263117,30,1743.5326
4.086629,23,1743.576844
2.108603,30,1743.631823
4.249545,19,1743.668111
2.832068,22,1743.710379
3.034032,16,1743.740671
4.398209,25,1743.789846
1.329396,30,1743.843379
3.322595,30,1743.903454
3.070618,30,1743.957916
2.788628,30,1744.016732
3.286651,30,1744.071918
1.155599,30,1744.13117
4.077896,27,1744.180023
3.075299,25,1744.227478
3.160785,30,1744.280804
3.568347,18,1744.316253
3.071227,20,1744.354485
3.362078,30,1744.408369
2.688615,21,1744.445625
2.261883,18,1744.484883
4.360192,20,1744.524999
3.163505,30,1744.581053
3.528144,22,1744.622653
3.169771,30,1744.679948
4.040793,28,1744.73338
3.366104,30,1744.790847
4.112616,23,1744.833858
1.920699,30,1744.891129
3.261196,30,1744.948153
3.036091,30,1745.000905
2.319894,30,1745.058514
0.863401,24,1745.104528
3.227034,30,1745.158568
3.936416,26,1745.206147
3.40599,30,1745.261855
4.176485,18,1745.299022
3.615104,22,1745.338378
-0.251603,30,1745.39301
1.326992,30,1745.446588
2.821514,13,1745.471417
4.253252,22,1745.513987
4.383439,20,1745.551197
3.017286,30,1745.606351
4.191058,18,1745.642498
3.907596,23,1745.685948
2.551218,19,1745.719776
0.611686,14,1745.746518
3.637011,20,1745.786061
3.156008,18,1745.819203
1.215345,30,1745.878209
3.284589,30,1745.933141
3.000995,11,1745.955817
4.163345,26,1746.005099
4.257509,22,1746.04277
1.733047,30,1746.10073
3.885739,28,1746.154695
3.356691,30,1746.21206
3.396517,30,1746.270835
3.030046,12,1746.293426
3.208298,30,1746.350712
3.283507,30,1746.410078
2.729996,30,1746.465172
3.021843,30,1746.520219
3.26765,30,1746.577981
3.364121,30,1746.635968
4.335614,17,1746.666796
2.925237,13,1746.689509
4.251627,30,1746.749376
3.451294,20,1746.787022
3.350374,30,1746.841552
3.392682,30,1746.900035
3.374667,30,1746.955994
2.731907,11,1746.977373
1.043931,30,1747.030678
3.234122,30,1747.090771
3.180806,30,1747.147526
4.056746,20,1747.18468
3.264609,30,1747.240518
4.211415,17,1747.271538
2.164745,30,1747.328633
1.839151,30,1747.3838
4.153469,23,1747.427853
3.298427,30,1747.480687
3.211413,30,1747.540993
3.033091,30,1747.59536
3.405682,30,1747.651775
3.164469,30,1747.709793
4.10123,28,1747.764919
3.315209,30,1747.826364
4.448559,19,1747.863048
3.008616,30,1747.918158
3.392083,30,1747.977994
3.374031,30,1748.033503
4.255192,29,1748.086048
2.740304,30,1748.146242
3.381128,30,1748.204462
4.130719,22,1748.246549
4.19272,23,1748.289379
3.284433,30,1748.345044
4.146148,28,1748.399521
3.3822,30,1748.45785
3.332205,30,1748.512536
3.338521,30,1748.568504
3.346354,30,1748.62438
3.223714,30,1748.682271
2.023099,20,1748.718761
3.075235,15,1748.744573
4.013437,14,1748.774522
4.373492,24,1748.819779
2.153092,27,1748.869844
3.342819,30,1748.924549
3.24602,30,1748.988073
3.919384,27,1749.034449
3.053706,11,1749.056165
3.119288,30,1749.111656
3.376975,30,1749.169243
3.302499,30,1749.227944
2.787337,30,1749.281391
3.111008,30,1749.339369
2.453422,30,1749.417906
3.3267,30,1749.476851
3.541569,19,1749.510852
1.333587,30,1749.565706
3.572383,29,1749.62104
4.283184,24,1749.669715
4.078085,21,1749.709532
1.225639,30,1749.763677
3.350889,30,1749.8192
4.268605,19,1749.854797
2.074574,30,1749.911932
1.312461,30,1749.964316
3.244064,30,1750.024113
2.530817,30,1750.079135
3.338773,30,1750.138049
3.318908,30,1750.191999
1.72256,30,1750.250715
3.249914,30,1750.30547
3.334764,30,1750.361886
0.464394,30,1750.414181
3.310513,30,1750.474483
4.051073,26,1750.520282
1.414418,30,1750.579151
3.167609,30,1750.632803
2.671495,11,1750.657873
3.302754,30,1750.713567
4.211911,30,1750.770478
1.374805,30,1750.825191
3.24358,30,1750.884898
4.086457,26,1750.933011
4.322936,27,1750.984385
2.187759,30,1751.039268
1.997463,30,1751.095591
3.443828,30,1751.153224
1.875946,10,1751.170937
3.231133,30,1751.226409
3.40948,30,1751.282547
3.405061,30,1751.341877
3.451931,15,1751.366605
3.180272,30,1751.424424
3.363426,30,1751.480812
3.123907,30,1751.539481
3.136499,30,1751.593269
3.329415,30,1751.652164
4.125728,26,1751.701051
3.367847,30,1751.757046
3.327579,30,1751.812301
1.291796,30,1751.86826
3.374127,30,1751.925356
4.34505,25,1751.97435
4.321869,22,1752.013531
3.126496,30,1752.070202
2.550867,23,1752.111456
4.319503,21,1752.152208
3.037609,20,1752.189899
3.68546,28,1752.239669
3.120924,30,1752.295458
3.341898,30,1752.351306
2.030343,30,1752.404184
1.817794,30,1752.463162
4.153993,19,1752.498829
4.075868,28,1752.549907
3.35011,30,1752.606459
3.335399,30,1752.661268
3.408718,30,1752.72123
-0.001087,30,1752.778076
3.22033,30,1752.837523
2.21989,30,1752.892667
2.138712,30,1752.951532
3.308708,30,1753.00574
3.222282,30,1753.063893
3.286032,30,1753.119717
3.227516,30,1753.18315
3.234221,30,1753.236779
3.29227,30,1753.293661
3.353027,30,1753.348217
3.014972,12,1753.372658
2.15645,18,1753.408402
3.27166,30,1753.465022
3.309719,30,1753.521276
4.158185,26,1753.571594
3.113034,30,1753.626206
1.892624,30,1753.679507
4.103482,15,1753.709013
3.265614,30,1753.767487
1.280356,30,1753.824394
0.968364,30,1753.879304
0.756876,19,1753.911515
1.239847,30,1753.970511
3.308218,30,1754.024845
3.366947,30,1754.079304
2.858452,13,1754.102331
3.18444,30,1754.161523
4.195228,14,1754.186762
3.368739,30,1754.241849
3.307739,30,1754.296374
3.222399,30,1754.35497
1.948232,30,1754.407768
2.681519,12,1754.429531
0.609182,30,1754.485633
3.117474,30,1754.540633
3.869002,22,1754.582495
3.373271,30,1754.635546
3.345183,30,1754.689253
3.371985,30,1754.74591
2.863833,15,1754.775064
3.144435,30,1754.827339
3.993854,28,1754.876432
2.9483,11,1754.899648
2.697035,21,1754.938786
3.087068,29,1754.991917
3.40103,30,1755.043824
3.098681,13,1755.068648
3.019799,30,1755.126066
1.388301,30,1755.182224
4.135628,19,1755.218122
4.043549,25,1755.264645
3.332358,30,1755.318805
3.3602,30,1755.372067
3.101107,20,1755.408773
0.924198,30,1755.467556
-0.768962,30,1755.519619
3.2574,30,1755.575803
3.260902,30,1755.62929
4.333441,14,1755.658581
3.157829,30,1755.712286
3.404096,30,1755.76956
3.268506,30,1755.823126
4.063881,13,1755.849679
3.215039,30,1755.905271
3.381131,30,1755.960614
3.080803,18,1755.992432
3.714625,15,1756.024759
-0.356082,15,1756.051595
3.252012,30,1756.105662
3.162442,30,1756.161463
3.158354,30,1756.218078
3.344466,30,1756.272184
4.27436,27,1756.319223
3.242239,30,1756.375588
3.716406,19,1756.412376
3.943702,22,1756.451134
2.929943,17,1756.479546
2.299898,30,1756.533865
4.233434,15,1756.562516
3.238596,30,1756.616503
3.351247,30,1756.673212
4.266922,24,1756.718718
3.601293,21,1756.758402
3.212504,30,1756.814819
3.125577,30,1756.871281
3.305694,30,1756.922915
4.089643,21,1756.964931
4.09073,14,1756.990316
2.930342,28,1757.041977
3.230991,30,1757.097578
3.293831,30,1757.155901
4.136518,25,1757.199192
2.957748,17,1757.2314
3.215506,30,1757.282954
4.276655,30,1757.341492
3.392366,30,1757.394954
4.17213,19,1757.430244
4.292855,29,1757.481661
1.394415,30,1757.541186
1.756634,11,1757.55864
4.124122,24,1757.601845
3.256038,30,1757.657925
3.226028,30,1757.713544
0.860545,30,1757.769351
3.287665,30,1757.827117
3.166004,30,1757.882703
1.349932,30,1757.940855
3.737095,16,1757.970116
3.399539,30,1758.025925
-0.699468,30,1758.075471
3.272342,30,1758.134516
3.274939,30,1758.190682
3.338633,30,1758.247658
2.849102,27,1758.298462
3.254513,30,1758.356083
4.334448,22,1758.397286
3.444874,30,1758.453917
3.283629,30,1758.510988
4.324179,25,1758.562187
3.356053,30,1758.617979
4.097677,26,1758.66671
4.184745,24,1758.71282
3.116345,17,1758.745972
3.351994,30,1758.800726
3.072536,30,1758.855888
3.279206,30,1758.911074
2.21092,30,1758.968281
4.197063,24,1759.014809
4.054116,15,1759.041933
2.554112,30,1759.095791
3.347018,30,1759.152792
4.328111,19,1759.188449
3.125944,21,1759.224983
2.983825,14,1759.248669
3.002571,23,1759.291664
3.174381,30,1759.346608
4.513392,26,1759.392548
3.402103,30,1759.449073
2.087888,30,1759.504214
3.0784,18,1759.537644
3.871856,17,1759.566495
3.400012,30,1759.621809
3.269654,30,1759.678621
3.225034,30,1759.7349
3.555676,21,1759.775038
2.749543,29,1759.824751
3.284484,30,1759.880796
4.202881,30,1759.937227
3.394698,30,1759.990006
3.391339,30,1760.04479
2.01271,30,1760.102389
1.249401,30,1760.157645
3.447134,30,1760.212516
-0.640429,30,1760.269011
4.263593,25,1760.316066
2.113231,30,1760.371358
3.231684,30,1760.425212
3.390462,30,1760.481358
3.346876,30,1760.539383
3.294297,30,1760.596181
3.312991,30,1760.650237
3.262092,30,1760.706458
3.208836,30,1760.761285
3.240703,30,1760.819548
3.283902,30,1760.873769
3.346918,30,1760.932763
3.328879,30,1760.987639
3.19781,30,1761.043721
1.188643,30,1761.09761
3.695822,14,1761.123826
3.268781,30,1761.181866
3.289876,30,1761.236796
4.276635,28,1761.288335
2.934005,19,1761.320182
3.046939,30,1761.379006
2.962566,13,1761.40141
3.182711,30,1761.46062
2.029292,30,1761.514091
3.357601,30,1761.572774
3.39239,30,1761.626963
0.856323,19,1761.661841
4.294353,16,1761.690221
3.328025,30,1761.750192
3.415677,30,1761.807789
3.352106,30,1761.863476
3.136524,18,1761.897062
3.292556,30,1761.954567
3.272027,30,1762.011043
3.106701,15,1762.038674
4.325039,20,1762.074237
4.2568,14,1762.101538
3.989645,16,1762.130596
1.294599,30,1762.186499
3.214209,30,1762.239322
3.272752,30,1762.298591
1.493563,15,1762.322892
2.076418,30,1762.379316
4.239362,25,1762.423758
3.280552,30,1762.485154
3.794718,16,1762.514732
3.221696,30,1762.570549
3.36658,30,1762.627937
3.21498,30,1762.686215
1.351683,30,1762.745345
4.202219,20,1762.783514
3.402,30,1762.841098
3.951373,16,1762.875129
3.896657,26,1762.925511
4.152807,24,1762.96959
3.119729,30,1763.025876
3.307615,30,1763.086058
3.338189,30,1763.138983
2.889402,30,1763.193281
3.325718,30,1763.246987
3.619687,15,1763.277055
3.672494,17,1763.308105
3.251999,30,1763.364155
1.271384,30,1763.418727
3.136532,30,1763.47611
4.000223,29,1763.528729
3.260067,30,1763.58478
3.319971,30,1763.639948
3.205861,30,1763.697448
2.015112,30,1763.752393
3.359282,30,1763.804424
3.386245,30,1763.862102
3.239735,30,1763.918533
4.021419,22,1763.960329
4.250561,25,1764.004954
3.262775,30,1764.061967
4.125209,15,1764.089281
2.66929,30,1764.146504
3.397261,30,1764.201321
2.099843,30,1764.25807
2.142453,16,1764.288534
1.289569,30,1764.343373
3.385265,30,1764.399196
3.136512,30,1764.454037
3.932964,16,1764.486006
2.029374,30,1764.543147
4.340014,16,1764.571809
4.188896,25,1764.616712
1.24033,30,1764.674201
3.03002,22,1764.713992
3.276934,30,1764.768771
4.06637,18,1764.800186
3.960519,22,1764.844914
4.083483,30,1764.900597
1.277582,30,1764.956213
3.34426,30,1765.011324
4.249045,30,1765.070511
1.315117,30,1765.125819
3.243796,30,1765.183458
3.089448,30,1765.236763
2.189789,30,1765.296733
3.372425,30,1765.351873
3.312209,30,1765.407366
3.261389,30,1765.462518
1.306429,30,1765.520453
3.283112,30,1765.575609
3.66149,15,1765.602386
4.199008,16,1765.631666
3.376251,30,1765.686792
3.359931,30,1765.743466
4.350209,27,1765.794353
2.957424,30,1765.846374
1.124831,30,1765.907139
4.018032,28,1765.958379
3.023231,13,1765.982572
4.444263,23,1766.024747
4.15525,17,1766.059397
4.281895,28,1766.111861
3.636943,14,1766.136676
3.286119,30,1766.192104
3.193314,30,1766.248809
3.311743,30,1766.305748
1.398393,30,1766.358523
4.179922,29,1766.414052
3.204598,16,1766.445601
2.004582,30,1766.501115
4.42744,23,1766.54165
4.344362,25,1766.584885
2.621243,28,1766.637838
3.180995,30,1766.699451
3.859093,30,1766.752513
1.250908,30,1766.809004
2.092929,16,1766.839183
2.169457,30,1766.893665
3.385023,30,1766.948208
3.203143,30,1767.001609
4.015263,18,1767.039358
3.616152,24,1767.082423
4.196747,25,1767.128693
4.25711,17,1767.158604
3.818025,30,1767.219083
3.231142,30,1767.271753
3.359158,30,1767.327153
3.226258,30,1767.38048
4.2206,24,1767.448404
3.411447,30,1767.512948
3.301451,30,1767.567793
2.946799,17,1767.598862
3.573232,29,1767.655414
3.384461,30,1767.709485
3.362335,30,1767.767703
3.107425,30,1767.825659
3.980654,28,1767.880821
4.344615,21,1767.920701
3.332752,30,1767.982842
3.197613,30,1768.036539
4.166087,13,1768.065045
-0.640291,30,1768.11802
4.193369,27,1768.168751
4.025285,23,1768.213047
3.402661,30,1768.269979
2.939353,23,1768.312309
3.212011,30,1768.365273
3.201131,30,1768.423545
4.227177,21,1768.464676
3.414446,30,1768.521062
3.398709,30,1768.576918
3.041537,16,1768.606316
2.990758,15,1768.63664
3.169614,30,1768.69148
3.198576,30,1768.748824
2.835697,30,1768.801983
1.246814,30,1768.860441
4.272937,28,1768.91419
3.681438,30,1768.971548
2.081468,30,1769.029477
2.021785,30,1769.086908
4.097791,21,1769.128526
1.222217,30,1769.18344
3.415445,30,1769.238467
1.801297,16,1769.268977
4.195191,27,1769.316372
3.317332,30,1769.372807
2.948213,20,1769.40744
1.367012,30,1769.46453
3.343991,30,1769.521118
3.827006,25,1769.565825
3.940799,21,1769.603529
3.291643,30,1769.662105
3.302951,30,1769.715656
4.24162,20,1769.753277
3.37944,30,1769.810222
3.232872,30,1769.867457
3.352925,30,1769.925059
3.229732,30,1769.979896
4.16636,26,1770.031268
2.152536,30,1770.08816
4.197496,19,1770.124023
4.038731,27,1770.174001
4.227708,19,1770.209349
3.185216,30,1770.266457
4.136325,20,1770.303243
2.772769,14,1770.327724
3.458031,30,1770.383556
3.247732,30,1770.443013
3.130717,30,1770.500459
3.581459,19,1770.534973
4.208541,24,1770.580485
3.355832,30,1770.639144
3.658173,18,1770.675499
3.255001,30,1770.729919
2.111412,30,1770.785165
2.036022,29,1770.839309
3.321692,30,1770.898546
4.185021,30,1770.954283
4.139079,25,1770.998913
-0.650056,30,1771.058554
3.347909,30,1771.112485
3.187063,30,1771.171345
3.026245,30,1771.224651
3.327962,30,1771.28389
4.191895,25,1771.3293
3.392136,30,1771.386301
3.223836,30,1771.43817
3.276891,30,1771.498397
4.01544,26,1771.544219
3.326173,30,1771.600178
4.068077,17,1771.630961
3.354054,30,1771.686095
3.321147,30,1771.742895
-0.244059,30,1771.795386
2.336302,20,1771.832183
3.285213,30,1771.891935
1.815217,30,1771.946465
4.033327,29,1772.000916
3.327299,30,1772.055592
3.390855,30,1772.115311
2.177009,30,1772.171074
3.420678,30,1772.225819
4.108341,20,1772.262007
3.237808,30,1772.318356
3.401902,30,1772.375197
3.288532,30,1772.42916
4.035652,20,1772.467085
3.191482,30,1772.52578
3.163828,30,1772.58068
3.338951,30,1772.636739
1.349095,30,1772.690729
4.190046,21,1772.732946
3.651699,21,1772.775373
3.036768,30,1772.834002
3.849651,27,1772.884076
4.318335,26,1772.936102
3.396264,30,1772.993955
2.088259,30,1773.048824
3.436166,30,1773.106417
2.244093,30,1773.161841
3.218523,30,1773.22011
4.028805,14,1773.243992
3.449767,30,1773.301909
3.425,30,1773.358584
3.386171,30,1773.419303
3.438405,30,1773.473093
2.251556,19,1773.507991
3.073675,17,1773.540122
3.057847,12,1773.561587
3.311965,30,1773.619757
3.291867,30,1773.672177
4.346424,22,1773.716533
3.17939,30,1773.773288
3.05336,14,1773.80037
3.217145,30,1773.855816
3.212566,30,1773.914616
3.333,30,1773.971379
3.184869,30,1774.027194
3.39789,30,1774.08081
4.165291,23,1774.125706
4.317785,17,1774.156924
3.250781,30,1774.212593
3.346801,30,1774.266761
3.31572,30,1774.325545
2.4721,30,1774.380963
2.827958,13,1774.407705
2.982653,15,1774.433482
3.284882,30,1774.493947
4.350784,24,1774.538749
3.343914,30,1774.593815
1.362947,30,1774.649106
3.274422,30,1774.708761
1.39513,30,1774.765514
3.249067,30,1774.820436
3.236109,30,1774.876422
3.03603,30,1774.933369
3.4034,30,1774.991564
3.16123,30,1775.045619
3.419116,30,1775.100883
3.358519,30,1775.156059
1.179048,30,1775.213255
3.165132,30,1775.266956
0.663435,25,1775.313686
4.134656,17,1775.346477
3.52793,20,1775.384614
3.337107,30,1775.438698
4.156005,17,1775.471901
3.192763,30,1775.530717
3.33474,30,1775.58754
3.415862,30,1775.642336
3.290114,30,1775.701925
4.09208,19,1775.738787
3.433168,30,1775.797187
3.160089,30,1775.852234
2.021398,30,1775.912271
4.167771,25,1775.964407
3.437146,30,1776.025026
2.998541,30,1776.079602
3.329423,30,1776.137628
3.38249,30,1776.195878
4.275937,24,1776.240732
1.034728,16,1776.270145
1.22336,30,1776.32741
3.376006,30,1776.384876
4.146889,20,1776.422733
3.264249,30,1776.478672
3.400574,30,1776.533378
3.28413,30,1776.617699
3.62843,18,1776.651449
3.427811,30,1776.710726
3.273814,30,1776.764547
4.370991,21,1776.804464
3.390481,30,1776.862656
0.079131,30,1776.91531
3.733849,22,1776.957539
1.232137,30,1777.013767
4.156658,29,1777.068283
4.267856,22,1777.107551
3.369187,30,1777.162792
3.313283,30,1777.219179
3.282117,30,1777.275917
3.158095,30,1777.330099
4.014997,23,1777.37292
3.382445,30,1777.428796
1.647938,11,1777.448264
3.146431,30,1777.503301
4.205949,16,1777.532703
3.242836,30,1777.589187
3.46198,19,1777.624486
3.325557,30,1777.67887
-2.550492,11,1777.699684
3.402873,30,1777.758638
1.808251,28,1777.815131
3.324227,30,1777.869142
3.435782,30,1777.925898
2.192787,28,1777.980582
4.123496,30,1778.036214
3.939556,27,1778.084325
3.126021,30,1778.139489
3.213883,30,1778.198081
3.228227,30,1778.253806
3.40364,30,1778.311135
1.376045,30,1778.365841
3.311272,30,1778.426145
2.984941,17,1778.457546
3.102286,23,1778.501471
3.295395,30,1778.553572
3.212769,30,1778.611551
3.230752,30,1778.665846
2.647691,30,1778.721366
3.626275,22,1778.762458
2.908332,30,1778.822395
3.28181,30,1778.875816
3.360026,30,1778.934108
1.405976,30,1778.989558
3.76351,18,1779.026355
3.08849,30,1779.081754
3.662352,17,1779.115159
3.146332,30,1779.170076
2.364629,30,1779.231877
3.428737,30,1779.288281
3.295266,30,1779.344726
1.862264,30,1779.399471
3.886452,29,1779.454307
3.273998,30,1779.513891
2.512356,30,1779.568049
3.364425,30,1779.624036
2.976348,30,1779.678964
3.212994,30,1779.737156
2.89095,30,1779.790246
3.253355,30,1779.844928
3.413345,30,1779.902663
3.450031,30,1779.959759
3.392332,30,1780.016827
4.126213,14,1780.045138
3.219121,30,1780.105122
3.445059,30,1780.160763
3.101809,17,1780.192058
4.095349,16,1780.222441
4.076917,24,1780.268812
3.933947,20,1780.306154
3.426631,30,1780.364572
3.266313,30,1780.419771
2.38923,30,1780.482126
3.253943,30,1780.537793
0.924543,21,1780.575719
3.560624,15,1780.603172
3.347622,30,1780.664108
3.526988,18,1780.696645
0.985729,19,1780.732813
1.226593,30,1780.785093
4.312074,25,1780.834969
2.19961,30,1780.890394
3.409859,30,1780.948052
3.280331,30,1781.002857
3.319126,30,1781.064079
3.818212,28,1781.114981
3.367031,30,1781.175437
4.300114,25,1781.223167
3.272599,30,1781.282812
3.367704,30,1781.338633
3.118709,30,1781.397561
2.586318,30,1781.453617
4.097387,26,1781.506121
3.225337,30,1781.562091
3.413757,30,1781.621501
3.255805,14,1781.646384
3.332138,30,1781.706935
3.542415,19,1781.744037
1.217537,30,1781.797495
3.810479,29,1781.849014
4.213269,20,1781.888888
4.096557,24,1781.933805
3.286481,30,1781.990714
3.315457,30,1782.046415
1.274924,30,1782.105499
3.976777,25,1782.150588
3.05082,30,1782.207929
3.366709,30,1782.262155
4.32875,23,1782.307794
3.392069,30,1782.362926
1.11073,30,1782.419736
4.385557,17,1782.451307
4.364504,20,1782.489337
3.202607,30,1782.545684
4.152099,25,1782.59091
3.29948,30,1782.645629
3.13325,30,1782.703365
3.078532,23,1782.747108
3.452239,30,1782.803374
3.238946,30,1782.861495
2.233643,24,1782.907844
3.392958,30,1782.963464
3.204195,30,1783.020739
3.368562,30,1783.076312
3.212825,30,1783.136293
3.378867,30,1783.190104
3.278201,30,1783.24602
4.226959,26,1783.295805
3.097298,30,1783.357447
2.633907,22,1783.396603
4.308975,16,1783.426612
4.285194,17,1783.457735
3.233766,30,1783.517587
3.412151,30,1783.572492
1.256399,30,1783.62799
3.06636,20,1783.664121
4.117049,17,1783.701353
3.327517,30,1783.758944
4.183157,18,1783.791668
4.084879,29,1783.845042
3.277192,30,1783.906726
3.315993,30,1783.96077
3.16633,30,1784.01875
3.413975,30,1784.073917
3.026677,30,1784.133183
3.277996,30,1784.187231
3.267743,30,1784.242011
4.278331,21,1784.279784
3.158817,11,1784.303088
3.346235,30,1784.358827
3.391431,30,1784.415676
3.149003,30,1784.470188
2.433569,30,1784.527257
3.40458,30,1784.582818
2.993428,11,1784.602668
4.110114,20,1784.638924
3.467478,16,1784.66936
3.302906,30,1784.72727
3.233707,30,1784.779304
4.295805,29,1784.832423
3.202887,30,1784.892148
1.309781,30,1784.946099
2.984777,12,1784.96881
3.193856,30,1785.025142
3.196513,30,1785.08397
3.390697,30,1785.141048
3.956646,28,1785.190486
3.263387,30,1785.24595
1.283246,30,1785.303748
3.718117,14,1785.329172
3.112107,30,1785.387765
4.357867,26,1785.435244
4.29844,27,1785.488124
2.845584,19,1785.524602
2.776023,13,1785.548223
3.392296,30,1785.604087
3.160902,30,1785.66016
3.209825,30,1785.718125
2.034793,15,1785.745311
3.938432,21,1785.783863
3.318162,30,1785.840154
3.411979,30,1785.898415
2.977331,12,1785.920479
3.322911,30,1785.976237
3.322943,30,1786.05418
4.331354,26,1786.103881
3.305201,30,1786.162751
4.222027,18,1786.201266
3.364616,30,1786.263094
4.296607,26,1786.312169
3.103722,15,1786.343532
1.985639,30,1786.398097
4.313203,20,1786.437433
3.214659,30,1786.496192
3.421642,30,1786.550453
4.006561,21,1786.59016
1.985028,30,1786.645312
3.23956,30,1786.703468
1.307128,30,1786.757004
2.949315,19,1786.791911
3.143093,30,1786.847409
4.364109,16,1786.87735
3.778224,14,1786.904514
3.060222,26,1786.951412
1.429363,30,1787.012154
3.425814,30,1787.065945
3.831466,13,1787.092451
2.697006,30,1787.147542
3.343336,30,1787.206664
3.298048,30,1787.262466
3.42791,30,1787.318639
2.921445,30,1787.372539
3.977066,19,1787.409545
1.812887,30,1787.464182
4.028654,18,1787.499823
4.002597,19,1787.53399
1.70257,22,1787.577109
3.36512,30,1787.636299
1.283504,30,1787.690144
3.347869,30,1787.747729
2.631024,18,1787.781111
4.273336,13,1787.80729
1.355342,30,1787.866836
3.288436,30,1787.922069
4.238212,23,1787.970607
4.185329,27,1788.023085
2.24849,27,1788.073129
4.174371,19,1788.106882
1.734015,22,1788.152356
3.267958,30,1788.204443
3.426428,30,1788.262508
2.201951,18,1788.29398
3.334858,17,1788.328377
3.130261,30,1788.385
3.375399,30,1788.440243
4.088428,17,1788.471935
3.892813,28,1788.52701
2.157207,30,1788.582081
1.769901,30,1788.63825
3.378214,30,1788.69159
3.34653,30,1788.75474
0.996331,30,1788.808115
3.390575,30,1788.867509
4.300376,19,1788.904591
3.291358,30,1788.962915
3.078005,11,1788.985426
4.180392,19,1789.025373
3.344394,30,1789.08538
3.206816,30,1789.147919
4.315768,22,1789.18851
2.008273,30,1789.247608
3.334357,30,1789.301868
2.98059,12,1789.328937
4.271905,27,1789.38322
2.926735,27,1789.437609
4.253951,21,1789.47634
1.306036,30,1789.537552
3.215533,30,1789.594139
4.046545,27,1789.644243
0.234749,29,1789.698226
4.34707,24,1789.744298
2.28075,23,1789.787109
4.351625,16,1789.816821
3.239951,30,1789.872087
4.050168,18,1789.909216
2.961315,22,1789.949682
4.175919,15,1789.979244
3.336627,30,1790.035707
3.370275,30,1790.094593
3.372254,30,1790.148156
4.27123,20,1790.185077
3.260708,30,1790.240986
3.259649,30,1790.296527
2.635582,30,1790.352128
3.142787,30,1790.405468
3.282615,30,1790.462753
3.087156,20,1790.501195
2.4598,20,1790.538178
3.280233,30,1790.592773
4.246097,26,1790.641944
2.777295,13,1790.6671
3.737135,15,1790.697003
3.272928,30,1790.750011
2.841619,18,1790.784647
4.206242,24,1790.833303
3.389526,30,1790.889472
-0.018716,30,1790.949476
4.341546,24,1790.994893
4.218015,16,1791.027844
2.15766,30,1791.081752
3.414366,30,1791.138438
3.325364,30,1791.192192
3.344498,30,1791.251386
4.115971,18,1791.282006
2.934789,13,1791.308607
3.178716,30,1791.360864
3.294257,30,1791.421309
4.346107,17,1791.452847
4.208706,20,1791.489186
3.316161,30,1791.544115
1.338301,30,1791.60226
3.217653,30,1791.65785
1.365751,30,1791.713897
4.123772,20,1791.751929
2.08394,30,1791.809101
3.194655,30,1791.868336
3.398556,30,1791.921902
4.168179,25,1791.969388
3.419708,30,1792.028507
3.183693,30,1792.087392
2.905089,18,1792.118716
2.830345,17,1792.148915
4.194324,19,1792.186449
1.874933,30,1792.243911
3.350492,30,1792.299168
3.383536,30,1792.354982
4.005369,27,1792.405708
3.210127,30,1792.462379
3.212012,30,1792.515959
3.396417,30,1792.573235
3.446593,30,1792.629312
3.399614,30,1792.6867
3.112607,30,1792.742483
2.822431,30,1792.799426
4.24029,26,1792.850647
3.37061,30,1792.909016
3.353593,30,1792.961619
1.578642,8,1792.977018
3.893562,16,1793.008076
3.443491,30,1793.068824
4.020392,30,1793.121849
4.543316,24,1793.167281
1.033472,30,1793.226283
3.152125,30,1793.280252
2.987762,23,1793.322986
4.224364,15,1793.353211
3.228685,30,1793.409158
3.022531,30,1793.465272
2.980381,17,1793.495903
1.317337,30,1793.551517
3.160033,30,1793.607052
3.963338,13,1793.63156
3.253568,30,1793.688554
4.097252,26,1793.734914
3.754411,22,1793.779843
4.285853,18,1793.811857
3.268137,30,1793.872337
4.243633,20,1793.909389
3.022356,24,1793.955043
3.980504,14,1793.982123
1.43052,30,1794.038368
3.233037,30,1794.093127
3.320553,30,1794.151404
3.151002,30,1794.203046
3.118589,30,1794.260873
3.171893,30,1794.31444
3.404042,30,1794.372905
4.353253,30,1794.425091
3.246385,30,1794.480023
4.297486,25,1794.524425
4.002402,30,1794.583768
3.431417,30,1794.63813
3.26548,30,1794.697645
4.354389,19,1794.731177
3.398928,30,1794.79093
4.195315,17,1794.823189
2.998463,30,1794.880199
2.85041,30,1794.935789
3.243682,30,1795.020835
4.002718,19,1795.056803
4.201898,29,1795.112623
3.085481,30,1795.166089
3.288402,30,1795.223839
4.112811,16,1795.253046
3.322085,30,1795.308371
4.193902,26,1795.354905
3.320517,30,1795.411671
3.239886,30,1795.466849
3.401348,30,1795.520438
3.471877,16,1795.552594
3.4238,16,1795.585099
3.42011,30,1795.64232
3.033533,30,1795.695671
3.257756,30,1795.751818
3.390313,30,1795.806483
3.185505,30,1795.864275
3.328492,30,1795.919916
2.978459,30,1795.979197
-0.704336,30,1796.035079
4.214116,29,1796.088955
3.413732,30,1796.145586
1.220678,30,1796.200056
1.226582,30,1796.262667
3.318991,30,1796.31654
4.153961,27,1796.365917
2.857572,15,1796.394791
3.065739,30,1796.449115
1.393181,30,1796.507925
3.187581,30,1796.562016
3.398776,30,1796.618422
4.253291,21,1796.659097
3.236706,30,1796.714351
3.537388,15,1796.741217
4.156935,28,1796.793225
1.854738,30,1796.850442
0.941442,26,1796.896575
1.559776,22,1796.93794
3.294643,30,1796.991759
4.20291,27,1797.042609
2.12425,30,1797.09986
3.39246,30,1797.155065
3.331904,30,1797.211692
4.126469,20,1797.249893
3.39217,30,1797.305627
1.948987,30,1797.360055
3.228175,30,1797.414478
1.726121,11,1797.436398
4.30418,20,1797.475507
3.479171,24,1797.520278
4.076881,17,1797.551034
3.39079,30,1797.609268
1.607016,30,1797.663419
3.124524,30,1797.719565
2.812698,30,1797.774803
2.050386,30,1797.838222
3.447892,30,1797.892533
3.329776,30,1797.949084
3.353733,30,1798.003578
2.931835,30,1798.061583
3.289737,30,1798.115439
3.000772,21,1798.153528
3.033682,26,1798.199227
4.226094,14,1798.225331
4.284061,18,1798.260494
3.242459,30,1798.315649
3.3664,30,1798.373374
3.264673,30,1798.433797
2.826327,12,1798.456808
3.171447,30,1798.513685
2.978589,30,1798.569952
3.217025,30,1798.628885
1.175952,30,1798.682122
3.330284,30,1798.74058
3.388784,30,1798.795825
2.988945,30,1798.857169
4.23934,24,1798.901856
4.301601,18,1798.934709
4.254862,25,1798.98363
4.099766,29,1799.03998
3.298883,12,1799.062816
3.247561,30,1799.117021
3.007133,13,1799.143272
3.206418,30,1799.200872
4.007656,19,1799.235539
4.132246,30,1799.290586
3.269202,30,1799.347722
2.018829,30,1799.405788
2.31576,30,1799.462311
3.143378,30,1799.517774
3.425409,30,1799.576024
4.335464,24,1799.622134
3.225741,30,1799.676966
3.316734,30,1799.733604
4.152065,20,1799.771676
3.297534,30,1799.829061
3.923765,17,1799.862379
3.361902,30,1799.917555
4.358345,24,1799.961365
4.079528,28,1800.018136
3.074839,25,1800.063231
2.760453,18,1800.097472
3.336614,30,1800.150332
3.305598,30,1800.211782
3.145056,30,1800.267908
4.055198,23,1800.309577
3.347198,30,1800.366098
2.301076,25,1800.413543
3.284328,30,1800.469337
3.395749,30,1800.526234
3.317062,30,1800.584342
3.348246,30,1800.644207
3.12671,30,1800.701459
2.960602,16,1800.733564
3.240798,30,1800.790585
3.329862,30,1800.848826
3.29434,30,1800.906503
3.138453,30,1800.960909
3.034656,18,1800.99619
4.143595,27,1801.048262
2.695536,30,1801.102679
4.311336,20,1801.139344
1.337697,30,1801.195258
3.314194,30,1801.254058
3.244007,30,1801.3107
3.936137,27,1801.357669
3.123722,30,1801.41612
3.524897,22,1801.4581
3.211154,30,1801.516506
3.150336,30,1801.572226
4.035913,28,1801.624377
4.00186,28,1801.679126
3.877898,24,1801.723462
1.030027,30,1801.781124
4.247267,18,1801.811795
3.017644,30,1801.872563
3.384907,30,1801.926688
2.906034,30,1801.983994
2.347568,30,1802.037317
1.262379,30,1802.095867
3.200082,30,1802.149802
1.393055,30,1802.208053
3.414053,30,1802.26187
3.414235,30,1802.319712
3.399579,30,1802.375588
4.315274,24,1802.420198
3.662421,26,1802.46714
3.054077,30,1802.523888
1.300645,30,1802.58134
4.070516,30,1802.635356
3.977143,29,1802.690439
4.043054,24,1802.737571
3.98542,17,1802.768823
3.294785,30,1802.826511
4.070855,26,1802.876951
4.251171,19,1802.915637
1.782269,13,1802.939759
3.545714,17,1802.970132
2.994069,16,1802.999793
3.27592,30,1803.05887
3.13559,30,1803.114688
2.331983,30,1803.172371
3.438396,30,1803.227076
3.05648,30,1803.286438
3.308565,30,1803.342135
4.312274,18,1803.378471
3.134688,30,1803.432957
3.232737,30,1803.493417
3.162975,30,1803.550191
3.303083,30,1803.60707
3.188563,30,1803.663593
3.320575,30,1803.729831
3.396029,30,1803.815284
3.167655,30,1803.90127
3.018148,30,1803.992994
3.471952,20,1804.056266
2.779119,30,1804.146277
3.070797,30,1804.205079
3.155079,30,1804.26345
3.993834,21,1804.304916
1.113022,30,1804.360549
4.19189,29,1804.415421
3.233168,30,1804.471826
2.255908,20,1804.515347
3.35481,30,1804.575698
3.150297,30,1804.629622
3.109051,30,1804.6889
2.904806,19,1804.734158
4.160543,25,1804.792151
3.524679,20,1804.830505
3.298462,30,1804.884762
3.710866,29,1804.943353
3.258429,30,1805.001905
3.407184,30,1805.058947
3.374562,30,1805.116886
3.907954,15,1805.148218
3.189305,16,1805.178309
3.614027,22,1805.219264
3.134032,30,1805.273185
3.329564,30,1805.330176
3.969671,26,1805.381894
4.236351,27,1805.428458
2.569504,30,1805.484519
3.295508,30,1805.542819
-0.794849,30,1805.601036
3.123219,30,1805.65713
3.138203,30,1805.714126
1.187784,30,1805.771982
4.109224,27,1805.823615
3.21122,30,1805.88016
3.287604,30,1805.936261
3.6643,28,1805.991295
3.312423,30,1806.070204
3.308828,30,1806.154828
3.170921,30,1806.237821
3.91837,30,1806.321713
3.290048,30,1806.408516
3.290459,30,1806.471965
4.146577,13,1806.496605
3.280448,30,1806.555359
2.913508,17,1806.587383
3.342395,30,1806.644031
1.497123,30,1806.697259
3.108754,30,1806.755007
3.383107,30,1806.809535
3.376611,30,1806.864846
3.300167,30,1806.919349
3.289804,30,1806.979104
3.148294,30,1807.03237
3.074755,30,1807.089514
4.206405,15,1807.114439
2.304822,30,1807.172796
2.209439,30,1807.228378
4.58647,28,1807.280541
2.168445,20,1807.317725
3.198086,30,1807.37988
1.049405,30,1807.43412
3.39223,30,1807.492776
3.250773,30,1807.547056
2.007407,25,1807.597114
4.062602,28,1807.676233
3.267174,30,1807.759806
3.374113,30,1807.855633
2.881103,30,1807.940801
4.181223,23,1808.008021
1.287267,30,1808.068527
3.31976,30,1808.125295
2.1378,20,1808.164733
4.426968,26,1808.212351
4.310154,22,1808.254175
3.322562,30,1808.306879
3.281238,30,1808.364761
1.937964,30,1808.418968
4.260157,23,1808.461365
3.244957,30,1808.516975
3.165907,30,1808.57436
3.249143,30,1808.655103
3.281117,30,1808.735852
1.28502,30,1808.828733
4.074428,24,1808.904276
3.349564,30,1808.988052
3.3383,30,1809.061467
3.440683,30,1809.120319
3.290477,30,1809.179393
3.072147,30,1809.234437
2.589034,28,1809.286573
4.117094,30,1809.344929
4.167002,13,1809.371789
-0.269153,30,1809.426763
3.334537,30,1809.484572
2.978518,30,1809.539763
4.262276,28,1809.59362
2.966377,11,1809.615623
3.330213,30,1809.670868
3.228574,30,1809.723171
3.262678,30,1809.785022
3.368298,30,1809.839445
3.226636,30,1809.896284
3.388958,13,1809.918561
3.374104,30,1809.976761
3.385532,30,1810.031926
3.893683,26,1810.078156
1.919451,30,1810.135383
4.396411,22,1810.176707
4.266165,29,1810.23265
3.276581,30,1810.285011
4.25381,26,1810.334224
3.218623,30,1810.39005
4.027978,22,1810.432279
3.431083,30,1810.486333
3.380454,30,1810.543274
3.155098,30,1810.603897
3.287586,30,1810.662083
3.404961,30,1810.714699
4.307553,25,1810.757833
4.40194,22,1810.801004
3.258661,30,1810.855412
3.977505,20,1810.891671
4.095142,26,1810.940003
3.303972,30,1810.998636
3.327018,30,1811.054789
3.022872,29,1811.108023
1.736724,14,1811.135169
4.325923,23,1811.178274
4.158384,27,1811.229173
-0.612086,30,1811.283985
3.14211,15,1811.311879
4.181006,20,1811.349488
3.279846,30,1811.405241
3.340867,30,1811.459802
2.98542,22,1811.501057
3.021515,30,1811.557
3.610176,14,1811.584655
4.195374,18,1811.614486
3.29377,30,1811.669
3.566992,19,1811.707241
0.998534,30,1811.762053
2.523644,20,1811.798926
3.994704,27,1811.849096
2.769958,30,1811.905762
4.317388,24,1811.950133
4.136464,22,1811.99131
3.372049,30,1812.044232
2.165062,24,1812.091688
3.275276,30,1812.146997
2.609318,30,1812.199877
4.311697,25,1812.249108
3.200134,30,1812.303468
3.193277,30,1812.358825
4.212569,19,1812.394717
3.61091,17,1812.428401
1.38713,30,1812.482825
3.249077,30,1812.54021
3.800017,22,1812.577898
4.280849,20,1812.612351
3.29542,30,1812.670715
3.211614,30,1812.72355
3.181246,30,1812.779106
3.393357,30,1812.838138
3.398994,30,1812.8992
3.05136,22,1812.937863
4.100342,17,1812.966615
3.204342,30,1813.024326
3.288153,30,1813.078895
3.070864,24,1813.122213
3.094404,30,1813.178216
3.243397,30,1813.232905
3.380562,30,1813.294024
4.367783,20,1813.329701
0.101001,30,1813.383003
3.248174,30,1813.438497
3.326708,30,1813.49451
4.266846,28,1813.544679
3.291234,30,1813.602277
3.697069,26,1813.647671
4.271684,17,1813.683321
2.826767,12,1813.704782
1.443812,30,1813.758578
4.060711,30,1813.815981
3.38639,30,1813.876364
2.687214,30,1813.932158
2.781953,27,1813.980927
1.15904,30,1814.033979
3.257287,30,1814.089025
1.60027,29,1814.144436
3.211263,30,1814.19632
3.316428,30,1814.253547
3.255033,30,1814.311291
3.425511,30,1814.36741
3.040774,14,1814.391868
3.376373,30,1814.447067
3.275774,30,1814.527064
3.11506,30,1814.587527
3.275818,30,1814.638774
3.227901,30,1814.693546
2.920288,17,1814.727077
2.931444,30,1814.806368
3.043564,30,1814.901188
3.966663,27,1814.976702
3.320602,30,1815.066595
4.31706,24,1815.129498
3.335765,30,1815.201988
2.862419,13,1815.227065
3.507672,16,1815.260733
4.019127,14,1815.285522
3.255729,30,1815.343177
3.061335,30,1815.399856
4.240304,22,1815.450753
4.213394,24,1815.497548
3.221438,30,1815.552546
3.074449,30,1815.640119
2.76752,16,1815.701303
3.299156,30,1815.813851
3.266978,30,1815.947511
3.242096,30,1816.067612
3.429103,30,1816.159861
3.380096,30,1816.250108
4.103564,26,1816.325656
3.193975,30,1816.401492
3.390856,30,1816.47064
3.4029,17,1816.50546
3.326148,30,1816.573583
3.433832,30,1816.637826
2.883957,30,1816.739362
2.904047,19,1816.803329
3.098846,30,1816.884896
3.323358,30,1816.95678
3.374212,30,1817.024326
1.325632,30,1817.077763
4.431151,28,1817.14315
3.375978,30,1817.213457
3.229127,30,1817.320505
3.229055,30,1817.41089
3.354698,30,1817.485656
3.318485,30,1817.546098
1.802568,15,1817.577451
3.032334,22,1817.617435
3.341504,30,1817.676359
3.349935,30,1817.739781
4.25185,14,1817.796933
3.325485,30,1817.88186
3.391172,30,1817.979992
3.359976,30,1818.082393
1.240198,30,1818.163297
3.138023,30,1818.224723
1.950322,30,1818.289314
3.402171,30,1818.349577
3.25938,30,1818.41082
3.580703,30,1818.469025
1.940204,30,1818.527993
3.298359,30,1818.584027
3.421905,30,1818.647229
1.014601,30,1818.701976
3.240741,30,1818.756299
3.26548,30,1818.819335
4.238183,24,1818.874119
3.170207,30,1818.935291
3.26175,30,1818.992347
3.431308,30,1819.049823
3.238243,30,1819.107142
4.116666,18,1819.144312
2.726977,20,1819.18696
3.919592,27,1819.241631
4.074794,27,1819.301374
3.321162,30,1819.360867
3.220884,30,1819.413839
1.174623,30,1819.476834
4.323251,17,1819.512021
