episode,reward,length
1,-1.481813,16
2,-1.675984,27
3,-2.857738,22
4,-4.624269,22
5,3.145044,30
6,2.766791,21
7,-6.606795,26
8,-3.487791,30
9,-0.210659,16
10,-5.7186,27
11,-4.131254,18
12,-2.737991,19
13,-5.734368,18
14,0.401538,30
15,-2.121409,30
16,-4.027535,12
17,-6.271109,30
18,-8.535867,29
19,-1.21713,30
20,-0.855916,15
21,-2.676234,25
22,1.554334,30
23,2.606681,14
24,-6.145051,30
25,1.972945,16
26,-0.695592,22
27,1.085932,29
28,-4.512382,29
29,-2.404189,28
30,-4.211065,23
31,1.935853,19
32,-3.746941,19
33,1.561193,19
34,-2.532757,13
35,-0.767435,19
36,-0.399188,20
37,1.054614,30
38,-0.193171,17
39,-4.675497,30
40,1.064482,25
41,-1.02176,16
42,-0.958831,30
43,0.089774,15
44,1.888596,18
45,1.770788,19
46,2.693661,30
47,3.755249,18
48,2.078009,30
49,-2.48135,22
50,-0.509582,30
51,-4.759269,21
52,-3.101085,30
53,-1.474747,30
54,0.432363,30
55,0.114467,21
56,1.195158,27
57,0.020975,30
58,-10.721302,30
59,-0.908563,22
60,-2.269497,30
61,-5.667763,30
62,-0.580831,27
63,1.685186,12
64,0.031966,30
65,-1.994733,21
66,1.485603,21
67,-4.747105,24
68,-0.17282,16
69,2.510658,15
70,0.124074,30
71,2.09684,30
72,1.561525,22
73,0.13008,19
74,2.824149,27
75,0.429921,12
76,-0.582468,11
77,2.024035,30
78,-1.255579,22
79,-2.879872,16
80,-10.281411,26
81,-2.930122,30
82,-3.910135,16
83,0.846408,28
84,-3.412198,17
85,0.949967,21
86,-1.710189,17
87,-3.10924,26
88,-3.046487,21
89,-0.262312,26
90,0.233939,28
91,-4.966596,28
92,-4.553708,18
93,-10.635935,25
94,-0.641476,22
95,0.295145,21
96,-0.201003,29
97,-2.101757,30
98,-4.733338,30
99,0.075991,28
100,-3.650477,24
101,-0.582827,22
102,-4.084459,19
103,-3.288345,28
104,0.96852,15
105,-3.053437,19
106,0.858142,10
107,-0.152435,30
108,-0.903512,16
109,-0.582723,21
110,1.067071,30
111,-5.745098,28
112,0.469514,30
113,0.704571,30
114,1.98891,30
115,1.336841,30
116,3.324109,30
117,-1.909871,14
118,-6.663041,29
119,-1.402628,30
120,-3.761428,26
121,2.384707,25
122,1.238289,30
123,-3.889292,26
124,-4.543565,17
125,1.508503,30
126,1.858386,30
127,-3.1524,24
128,1.755635,14
129,1.628231,13
130,0.639179,25
131,2.176127,30
132,-6.103707,21
133,-11.868365,30
134,0.706169,15
135,1.780882,30
136,1.25484,30
137,-2.267122,30
138,2.606995,30
139,1.265405,21
140,-1.244773,30
141,-3.001205,30
142,1.066446,17
143,-2.873892,23
144,1.01899,30
145,2.840553,26
146,-1.129721,24
147,-6.542415,18
148,-4.444993,26
149,-2.237424,20
150,-3.214825,18
151,-1.69692,25
152,-4.461711,30
153,-2.512932,22
154,-5.574556,27
155,-3.424764,26
156,-0.1404,29
157,-3.759605,23
158,2.284587,30
159,-1.729409,24
160,2.167316,24
161,-11.33253,30
162,-2.291928,30
163,0.649599,26
164,-2.122272,25
165,-2.935687,29
166,-1.352243,26
167,1.078056,30
168,-2.3858,30
169,-1.951057,30
170,2.187209,23
171,0.752459,30
172,1.229798,20
173,-1.871686,28
174,-2.287272,30
175,2.263729,28
176,0.183603,23
177,-0.343436,23
178,-8.012175,30
179,-0.1423,16
180,0.373128,23
181,-0.709871,14
182,-0.52699,16
183,1.556476,30
184,-1.82001,17
185,-5.779379,18
186,-0.718306,30
187,2.021278,23
188,-3.245583,30
189,-0.015535,21
190,-1.786552,29
191,-1.532277,17
192,-0.065021,30
193,-4.142206,29
194,-2.477873,30
195,-0.486555,10
196,1.025913,30
197,-6.402496,30
198,-9.638807,30
199,-1.189569,13
200,-6.329715,19
201,0.718627,14
202,0.922113,30
203,-0.378876,10
204,3.574602,23
205,-6.363406,15
206,0.282944,30
207,-0.880528,30
208,2.672936,30
209,0.885958,14
210,-1.356781,24
211,2.649667,16
212,0.417919,23
213,-11.741866,30
214,4.017285,29
215,0.357121,24
216,-3.888371,15
217,-1.224728,30
218,-4.332223,25
219,0.8759,23
220,-1.983754,30
221,0.481849,30
222,-5.894265,27
223,-2.976071,22
224,1.158791,17
225,1.924774,30
226,-1.324096,30
227,-2.253175,14
228,-0.380775,17
229,1.193482,24
230,1.936013,30
231,-2.088398,13
232,-3.804739,19
233,2.049492,30
234,-1.384776,30
235,-3.215679,30
236,-0.579911,30
237,-1.972137,27
238,-0.876298,18
239,-0.296977,30
240,0.519869,21
241,2.924046,23
242,-0.856842,30
243,0.073648,13
244,1.804264,26
245,-3.673706,23
246,0.119616,23
247,-1.931043,20
248,1.844845,18
249,2.584004,17
250,0.857326,30
251,-0.178315,11
252,-4.608044,22
253,-2.332356,30
254,1.361864,21
255,1.243561,20
256,1.265635,26
257,-2.38769,25
258,2.039221,26
259,-3.471976,30
260,1.608718,15
261,-3.613448,30
262,0.534484,30
263,-2.291507,28
264,-3.5612,21
265,0.548617,11
266,-1.792484,22
267,1.608689,27
268,-3.086347,22
269,-1.932711,30
270,0.503084,15
271,-3.427568,30
272,-3.613945,30
273,-2.373605,19
274,-1.525719,21
275,1.467077,30
276,1.382154,23
277,0.475731,25
278,-1.02242,30
279,-1.934163,28
280,-0.532767,25
281,-0.910023,25
282,-0.554831,13
283,-3.238181,22
284,1.039467,16
285,1.886418,13
286,-0.030435,13
287,0.265474,24
288,-1.41153,15
289,2.777926,26
290,-0.005034,16
291,0.947922,18
292,2.033321,17
293,0.584354,19
294,-1.963744,22
295,-2.598453,21
296,1.179048,24
297,-7.095761,20
298,-0.184047,30
299,0.925117,30
300,0.404131,30
301,-1.868863,19
302,2.291607,14
303,-1.315783,30
304,-2.063009,20
305,-1.189071,19
306,-7.997047,30
307,0.525263,17
308,-1.376018,30
309,1.73837,14
310,2.002739,30
311,-6.3759,24
312,1.368423,30
313,0.496212,12
314,1.29069,27
315,0.656385,16
316,-0.83793,30
317,-1.563163,21
318,-0.1716,30
319,-0.394294,15
320,-2.018429,23
321,1.067341,30
322,1.428045,30
323,0.495854,24
324,-4.534354,25
325,-5.003762,30
326,-3.066074,25
327,1.977925,20
328,2.260976,29
329,-3.6337,15
330,-1.01192,20
331,3.014965,20
332,-4.002379,30
333,-2.92404,28
334,-6.258187,25
335,-1.075221,30
336,0.47202,17
337,3.505966,23
338,1.947602,20
339,-4.973288,26
340,-1.062555,13
341,-0.938124,30
342,1.653588,22
343,1.751261,21
344,-3.139701,27
345,0.874861,30
346,1.41093,24
347,2.347589,26
348,-0.422949,30
349,2.014244,30
350,-2.121767,30
351,1.671117,18
352,-0.930725,30
353,0.974947,26
354,1.205097,30
355,-3.555349,19
356,-3.333596,30
357,-0.633416,22
358,-0.908419,16
359,-0.906504,29
360,-0.744073,28
361,-3.267521,30
362,-6.234135,23
363,1.080296,16
364,-4.253653,28
365,0.780865,28
366,-3.892251,24
367,-2.884332,20
368,-0.492605,14
369,-0.810925,17
370,-0.318391,30
371,-3.353294,28
372,-3.412711,30
373,-4.749762,30
374,0.377917,30
375,2.007089,20
376,0.84143,23
377,0.792496,30
378,2.669537,30
379,-2.891169,30
380,-4.132837,22
381,-5.734044,30
382,-2.40592,19
383,-3.796612,27
384,-6.48199,30
385,-2.855947,20
386,-1.685347,24
387,-0.79723,18
388,-1.667452,27
389,1.391848,27
390,-1.17541,25
391,-2.379865,24
392,1.071234,30
393,-4.834517,18
394,-0.628645,30
395,-0.291959,27
396,-3.624247,26
397,-2.898744,30
398,-3.689245,25
399,-4.523912,30
400,-1.644704,30
401,-8.35483,27
402,-0.182418,16
403,-0.071446,30
404,-4.259526,14
405,1.034929,26
406,-2.077773,26
407,1.32703,30
408,-0.324393,23
409,0.422029,30
410,2.848346,19
411,-8.930946,23
412,0.165557,16
413,-2.940731,22
414,-4.052279,30
415,-2.315521,12
416,-0.953401,20
417,-2.997125,30
418,2.903612,30
419,-7.236743,24
420,2.644416,15
421,0.266283,10
422,-0.773473,21
423,-4.100115,30
424,-1.359803,14
425,0.795567,15
426,-5.759894,22
427,0.228836,24
428,-0.582133,17
429,0.404707,17
430,0.051088,30
431,1.025701,30
432,2.767034,27
433,-0.000546,18
434,1.835043,30
435,-5.98116,26
436,-0.438269,25
437,-0.02124,30
438,-3.948427,30
439,-0.811673,30
440,-7.247211,22
441,2.635125,16
442,-5.273443,26
443,-1.717851,30
444,0.019653,30
445,-3.367505,23
446,-2.883374,14
447,1.846556,11
448,-4.88367,26
449,-3.494426,28
450,-2.963648,30
451,0.851661,18
452,-6.129228,30
453,-2.000468,20
454,-6.399355,30
455,-1.915678,26
456,2.913547,27
457,2.26576,29
458,0.827239,23
459,1.719925,16
460,-0.472737,27
461,-2.56267,17
462,1.4263,27
463,1.103605,19
464,-1.309912,14
465,-1.448421,30
466,1.744629,26
467,-3.265111,30
468,-2.694839,21
469,1.007813,30
470,-0.04857,23
471,0.929118,29
472,0.678437,19
473,-0.879098,30
474,4.258039,24
475,0.641718,19
476,-0.567051,22
477,-0.543356,17
478,0.333678,14
479,-4.036715,30
480,-2.736288,18
481,-1.876373,24
482,-0.585969,16
483,-0.024901,30
484,2.028972,30
485,-0.005246,30
486,-1.296682,23
487,-3.031052,28
488,-0.462862,30
489,-1.226295,30
490,0.228487,30
491,0.603016,30
492,-6.009079,30
493,1.974515,30
494,0.274979,10
495,1.8969,30
496,-0.338328,16
497,2.766125,30
498,-2.953535,12
499,0.047498,28
500,2.058854,30
501,-4.479922,30
502,1.057755,25
503,-2.335452,23
504,0.576541,30
505,-6.840722,26
506,-5.164863,27
507,-0.452751,30
508,-0.541569,19
509,-5.790651,30
510,1.236048,26
511,-2.376495,24
512,3.288609,28
513,-1.236292,21
514,-6.406288,30
515,2.228534,19
516,-8.628375,30
517,-4.40886,20
518,-3.647025,30
519,-2.448156,30
520,-3.088354,30
521,1.944689,22
522,0.987504,30
523,-5.109939,30
524,-2.069897,15
525,-5.126289,29
526,-1.761099,25
527,-1.827736,19
528,-6.260835,20
529,-0.594368,30
530,0.358418,17
531,-4.066019,23
532,-9.980263,30
533,0.885316,22
534,-6.722007,24
535,-1.081211,30
536,-3.17809,19
537,-4.213035,30
538,-0.869963,30
539,-3.711023,30
540,-0.935921,30
541,-2.03718,30
542,-0.324021,8
543,1.821373,14
544,2.905325,27
545,-1.978969,15
546,2.287325,20
547,-3.456137,16
548,1.505966,13
549,0.379683,30
550,-2.898292,26
551,-1.067921,30
552,0.525949,13
553,-0.460478,17
554,0.251926,14
555,1.396215,18
556,-2.320757,20
557,0.419851,25
558,2.035266,17
559,-3.090712,29
560,0.856852,28
561,-9.596869,30
562,2.762318,21
563,-7.255068,30
564,2.452723,27
565,-5.472626,28
566,0.440737,26
567,0.594602,18
568,-3.347034,26
569,-1.529971,30
570,-2.650961,12
571,3.860047,22
572,-0.883169,17
573,-1.83075,25
574,-0.974745,30
575,-1.328459,26
576,-2.9356,16
577,-2.557926,30
578,-2.553573,17
579,1.840594,30
580,-2.025327,30
581,1.338329,30
582,-4.93689,20
583,2.484347,13
584,2.644114,20
585,3.164195,26
586,0.762894,9
587,0.766459,16
588,3.172452,21
589,-3.943937,30
590,-5.075357,29
591,2.541281,30
592,0.290298,18
593,-3.639233,30
594,0.362312,18
595,0.596799,10
596,-6.292285,30
597,-0.32401,19
598,2.663637,27
599,-2.435147,23
600,-1.524035,29
601,-3.431132,30
602,-9.878799,30
603,-1.657424,24
604,0.934963,17
605,-2.220642,17
606,-1.751287,30
607,-3.995903,24
608,0.525692,30
609,-2.509309,22
610,-3.617921,23
611,2.14181,19
612,-8.831344,14
613,-2.088204,30
614,2.16206,30
615,-1.521384,26
616,2.081293,30
617,-4.813024,30
618,-5.064285,20
619,0.048271,24
620,-0.781889,22
621,2.360206,28
622,-3.197137,25
623,1.179762,25
624,-6.300361,30
625,-0.667917,12
626,-3.954597,19
627,1.749647,22
628,0.347596,28
629,2.497001,13
630,-2.779014,20
631,-2.390465,30
632,1.455101,30
633,-0.935956,21
634,-1.59774,30
635,2.168234,25
636,2.078931,25
637,2.203229,30
638,1.998982,30
639,-2.15557,30
640,-1.388386,30
641,-4.590065,30
642,-1.073025,20
643,-2.7279,30
644,-6.922656,23
645,1.576278,18
646,0.108415,28
647,-0.767116,30
648,-6.105962,30
649,-0.528633,21
650,1.303748,25
651,1.79176,30
652,-0.512908,19
653,-4.569011,30
654,-5.738142,24
655,-2.897109,30
656,-13.483976,27
657,2.059402,30
658,-0.292658,15
659,-11.186872,22
660,-0.142805,26
661,3.64434,17
662,-2.784781,30
663,0.349243,30
664,2.6171,19
665,-1.668513,23
666,0.945543,13
667,-0.175933,30
668,2.378052,21
669,-8.417363,30
670,1.318303,17
671,-2.760007,26
672,2.156635,27
673,1.537241,19
674,-0.518239,20
675,-0.290162,30
676,1.306282,29
677,0.101016,30
678,-2.10113,28
679,2.476099,25
680,1.423832,30
681,-1.697972,30
682,-0.402364,30
683,0.23549,23
684,2.879054,30
685,-0.776085,14
686,-3.959419,28
687,-8.414817,30
688,-1.175801,22
689,1.903553,16
690,-4.893502,18
691,-0.870413,10
692,-2.913267,26
693,1.085119,22
694,-0.873593,18
695,-0.020449,30
696,-6.930949,25
697,-0.403549,14
698,2.135544,12
699,-2.18609,28
700,0.309455,12
701,2.095939,30
702,-1.255018,30
703,-2.774906,15
704,-4.820431,30
705,-5.166059,21
706,0.331698,21
707,-3.581921,21
708,-3.928576,28
709,0.049709,15
710,-4.537831,30
711,-1.584632,25
712,-1.350566,23
713,-1.506489,22
714,1.063479,9
715,-3.722489,21
716,-8.955915,30
717,-1.889874,21
718,-3.917718,21
719,2.910108,20
720,-0.643397,17
721,-1.124032,24
722,-0.954018,23
723,0.642906,25
724,-9.052934,30
725,0.696698,23
726,-3.347773,26
727,-4.186396,16
728,2.394526,19
729,-2.032833,30
730,-1.358642,30
731,-1.384757,30
732,-2.636096,20
733,-0.189816,30
734,1.569783,30
735,1.450636,30
736,2.320626,26
737,-1.384475,19
738,1.457388,24
739,0.705772,20
740,0.49785,19
741,0.926489,24
742,-5.569472,30
743,-2.264286,30
744,-0.150235,14
745,-4.634228,24
746,2.71088,28
747,-8.057035,22
748,-1.104063,26
749,0.131574,28
750,-0.150105,13
751,2.015422,30
752,-1.292261,24
753,-1.986505,26
754,1.430497,18
755,2.364268,15
756,0.914371,30
757,2.740537,15
758,0.775286,14
759,-12.5502,30
760,0.100369,17
761,-0.581769,30
762,1.32461,26
763,-6.868617,30
764,-5.312333,14
765,-15.058395,30
766,-0.093574,28
767,1.112026,30
768,3.169061,18
769,-0.167792,15
770,2.651672,11
771,-4.863533,22
772,0.082561,17
773,-1.340985,23
774,0.580563,12
775,0.878936,14
776,-0.069228,30
777,2.866954,27
778,0.948179,13
779,2.149055,25
780,-1.887308,23
781,0.872381,19
782,1.981425,26
783,1.964391,30
784,0.666877,18
785,0.402686,24
786,-3.355233,30
787,-11.808228,30
788,1.996655,20
789,-0.982615,25
790,-7.290276,18
791,2.343716,30
792,2.961872,23
793,-0.533672,27
794,-3.718182,30
795,1.259476,21
796,1.301408,30
797,-1.741244,30
798,-6.429036,27
799,-4.600117,25
800,-4.120834,30
801,1.076601,28
802,1.57888,18
803,1.094302,28
804,-7.771735,30
805,-0.455497,24
806,2.001125,19
807,-2.49444,30
808,-0.451351,28
809,-2.2659,16
810,1.006167,12
811,-2.698981,19
812,0.899115,30
813,-2.851208,27
814,0.475832,30
815,1.084279,23
816,1.783875,21
817,0.714205,30
818,2.597506,30
819,-2.058643,17
820,3.081972,30
821,2.190266,30
822,-0.957967,28
823,-0.935617,20
824,0.553219,22
825,-3.5105,17
826,-1.007514,25
827,-0.792289,30
828,-2.982762,23
829,1.5745,26
830,-0.486102,17
831,1.643988,21
832,-2.197987,16
833,-6.470838,30
834,3.050145,30
835,-3.056081,18
836,1.572162,30
837,0.505532,10
838,1.360997,17
839,0.748138,28
840,-3.240445,18
841,0.675938,23
842,2.420022,19
843,-1.528438,24
844,2.405891,19
845,1.109693,14
846,-3.457669,27
847,1.167831,25
848,0.533814,13
849,2.13061,21
850,-0.677864,17
851,0.805821,27
852,-0.546939,11
853,1.733778,14
854,-1.028383,25
855,-4.551562,30
856,0.604916,30
857,2.129214,12
858,-1.842505,17
859,-1.809479,22
860,1.999286,30
861,-1.179017,18
862,-8.091092,23
863,-5.096385,30
864,0.606198,30
865,1.744914,27
866,0.676836,30
867,1.400539,24
868,-1.869927,23
869,-0.372236,14
870,0.013824,15
871,-4.623129,30
872,-0.445906,30
873,-5.856438,12
874,-0.337394,25
875,-1.91806,17
876,-5.078771,29
877,1.154795,30
878,-0.133968,30
879,-0.637854,30
880,0.073822,26
881,-2.902299,30
882,1.965478,29
883,-4.353899,19
884,-6.367915,30
885,-0.575347,19
886,-2.161591,30
887,-1.574458,30
888,-4.957388,30
889,1.514224,30
890,-14.682998,30
891,0.835644,21
892,1.71952,29
893,0.352101,12
894,1.789625,18
895,-8.465019,27
896,-4.914713,21
897,-1.025557,22
898,-0.211899,30
899,-12.429151,30
900,1.630231,30
901,-7.896947,30
902,-1.759692,30
903,-0.792135,16
904,-1.419832,30
905,2.520144,22
906,-0.934131,19
907,0.468429,21
908,-0.232978,21
909,0.720311,19
910,-1.037835,23
911,2.253833,22
912,0.509007,30
913,-6.575372,25
914,-2.234143,20
915,-4.085646,30
916,-3.719358,27
917,0.911948,27
918,-1.099625,28
919,-7.666481,30
920,1.016989,16
921,-0.127085,24
922,-1.130217,11
923,-3.568317,30
924,1.630678,22
925,-0.765975,28
926,-2.820214,22
927,1.531214,23
928,2.319032,30
929,-0.478984,30
930,-1.851396,25
931,-4.122855,28
932,-5.773388,30
933,1.965342,30
934,-3.714035,24
935,-0.860392,30
936,-2.333697,30
937,-0.564031,30
938,-6.976418,26
939,0.826818,22
940,0.557188,27
941,2.875884,30
942,-2.516291,22
943,2.602967,30
944,0.381223,30
945,-0.805222,16
946,-0.111741,28
947,-1.028899,30
948,1.36749,22
949,-0.792252,25
950,0.050727,29
951,0.902482,30
952,-0.826477,19
953,-0.16867,16
954,-3.238231,24
955,2.581031,20
956,-0.570195,17
957,2.446601,25
958,-3.167751,29
959,-0.301656,21
960,0.864187,30
961,2.776616,14
962,-6.071828,24
963,-5.663623,30
964,-3.215093,23
965,-0.04261,30
966,0.703045,9
967,1.33427,24
968,-1.141702,13
969,-6.572757,19
970,1.454844,29
971,-0.652003,22
972,-17.903809,30
973,-2.906011,22
974,-5.960306,22
975,0.561024,30
976,-0.142148,27
977,1.190295,30
978,-2.144331,30
979,-1.073365,30
980,1.940523,30
981,-0.003051,26
982,-0.656094,28
983,0.082892,30
984,2.126622,17
985,-0.361458,28
986,-5.078908,27
987,-4.989565,17
988,-3.647278,16
989,-1.445053,24
990,-8.399039,30
991,-1.302696,29
992,1.383903,30
993,2.877566,20
994,-6.111724,30
995,-4.644243,25
996,1.523721,16
997,-7.365805,20
998,1.985016,18
999,-2.850919,30
1000,-0.795853,28
1001,-2.187054,30
1002,-5.987435,24
1003,-0.363179,14
1004,2.205624,30
1005,1.104717,22
1006,2.934105,29
1007,-7.097996,29
1008,-0.757632,24
1009,-9.482585,30
1010,1.10235,25
1011,-1.036029,30
1012,0.299471,30
1013,2.792494,17
1014,-3.415076,21
1015,-2.423826,30
1016,-5.836366,30
1017,-1.132218,22
1018,2.051017,30
1019,-10.126255,30
1020,1.08763,8
1021,0.6413,30
1022,-1.176138,15
1023,-1.99261,26
1024,1.2766,30
1025,-6.722044,26
1026,-3.016036,29
1027,1.122878,15
1028,-0.32502,21
1029,0.097909,27
1030,-1.788249,12
1031,-0.183098,13
1032,2.483313,30
1033,2.065476,30
1034,-2.350363,22
1035,-2.413106,28
1036,-0.853775,22
1037,-1.118978,30
1038,-5.550752,29
1039,0.609844,22
1040,-3.258863,27
1041,0.522776,29
1042,2.607272,30
1043,0.088748,27
1044,-0.396901,26
1045,1.452744,30
1046,-1.878269,30
1047,1.048581,20
1048,-1.216397,15
1049,0.966694,19
1050,-0.492845,11
1051,-3.107085,30
1052,2.493985,27
1053,1.233096,22
1054,1.455843,19
1055,1.215801,16
1056,-4.327919,14
1057,-4.566504,30
1058,-6.222096,30
1059,-3.016745,30
1060,-0.315684,12
1061,2.713614,16
1062,-12.960118,30
1063,-1.033529,25
1064,-2.589843,24
1065,2.350878,21
1066,-3.477212,22
1067,-0.090055,16
1068,2.761616,19
1069,0.780283,22
1070,-2.553854,14
1071,-2.978202,30
1072,1.866263,20
1073,-0.304515,20
1074,2.268336,25
1075,-4.187524,16
1076,-1.23973,30
1077,-0.342064,30
1078,-2.039883,26
1079,-2.652403,14
1080,1.834154,12
1081,-1.271463,26
1082,-0.103085,30
1083,-3.591887,30
1084,-0.339127,16
1085,4.346428,24
1086,3.658376,26
1087,-9.197589,30
1088,-3.113001,25
1089,1.764054,17
1090,1.050073,30
1091,4.016361,26
1092,0.477741,30
1093,-6.074423,24
1094,2.096474,23
1095,-2.156268,20
1096,0.732634,24
1097,2.093349,29
1098,-3.04348,28
1099,0.32133,30
1100,-3.834235,17
1101,0.362348,30
1102,-4.77373,30
1103,-4.306625,30
1104,0.297296,18
1105,-0.186944,7
1106,-2.422394,25
1107,-3.337672,30
1108,-1.855622,30
1109,1.366412,23
1110,-0.132193,21
1111,0.913203,14
1112,-4.077319,30
1113,-2.761958,28
1114,1.079147,26
1115,1.567989,30
1116,-0.513944,27
1117,-0.839128,30
1118,2.137086,30
1119,0.637907,17
1120,2.119385,30
1121,-0.229526,30
1122,0.089176,27
1123,1.863655,25
1124,-0.564652,30
1125,-3.482761,26
1126,-3.46039,30
1127,0.763558,29
1128,-6.206287,30
1129,-0.059636,16
1130,-0.185319,13
1131,-5.116617,30
1132,-0.988782,21
1133,2.254702,26
1134,1.607513,9
1135,1.76001,30
1136,-7.699661,18
1137,-0.349518,19
1138,0.863264,30
1139,-3.596298,30
1140,1.937973,20
1141,-2.761462,11
1142,0.586633,13
1143,-2.490787,23
1144,-6.055154,20
1145,-3.957727,30
1146,-1.879939,15
1147,-0.987625,17
1148,-1.856803,30
1149,0.247216,12
1150,2.571997,30
1151,2.421393,30
1152,-1.093425,26
1153,-4.279861,26
1154,-1.616168,30
1155,-5.739598,25
1156,0.059986,30
1157,1.938755,30
1158,-0.02262,17
1159,-2.561921,30
1160,-0.768116,18
1161,0.119852,30
1162,-0.574074,24
1163,-0.230012,30
1164,3.682636,24
1165,2.193607,27
1166,0.494373,27
1167,0.517038,20
1168,-2.585724,28
1169,-0.617539,26
1170,1.921806,20
1171,0.46459,20
1172,2.225739,30
1173,-0.463449,14
1174,-4.296933,26
1175,-1.369946,19
1176,0.649347,30
1177,1.501101,17
1178,-1.126447,30
1179,2.270331,30
1180,0.104393,30
1181,-9.70914,30
1182,2.145922,25
1183,-1.023156,24
1184,1.082709,30
1185,-1.215264,30
1186,0.087212,13
1187,2.528507,30
1188,-5.432714,14
1189,-1.707293,14
1190,-1.378692,21
1191,-8.168404,27
1192,1.894926,30
1193,-5.508892,30
1194,-3.37606,19
1195,0.08443,30
1196,-0.191944,26
1197,-0.538415,22
1198,-1.761722,11
1199,-3.66173,20
1200,1.752485,23
1201,-1.333345,14
1202,0.105161,19
1203,1.721839,14
1204,-0.843931,15
1205,0.969374,17
1206,0.67713,16
1207,-0.205857,18
1208,-5.809325,23
1209,-3.227322,19
1210,0.992367,25
1211,3.289534,21
1212,-1.062273,27
1213,-2.329907,20
1214,3.704836,27
1215,-6.399453,21
1216,-0.289122,23
1217,-5.859635,17
1218,-3.302178,18
1219,-7.881069,30
1220,0.790498,30
1221,1.954418,25
1222,1.627252,15
1223,-1.697213,15
1224,-0.627157,30
1225,-0.09043,30
1226,2.664642,27
1227,-4.421753,25
1228,1.623058,24
1229,0.428984,16
1230,0.730943,24
1231,1.505038,25
1232,0.036794,30
1233,-4.558405,15
1234,-1.717544,30
1235,-1.312621,26
1236,0.219352,25
1237,-1.645909,22
1238,-2.105791,30
1239,2.849571,22
1240,-1.455303,30
1241,-0.468108,30
1242,-3.367866,30
1243,1.012864,24
1244,-0.119518,29
1245,1.872941,30
1246,-1.645652,26
1247,-2.205089,19
1248,-2.746911,15
1249,-3.206324,26
1250,1.037179,30
1251,-1.208469,30
1252,-3.876115,25
1253,-1.085704,14
1254,-2.568207,16
1255,-3.864254,30
1256,-4.564462,30
1257,-2.460798,17
1258,-11.286882,30
1259,2.643409,11
1260,3.304351,29
1261,-2.161373,21
1262,-1.19108,23
1263,1.427018,30
1264,-0.678149,30
1265,1.884028,30
1266,1.052749,20
1267,-1.533682,13
1268,-1.739412,19
1269,-1.267103,30
1270,-0.842319,26
1271,1.870934,30
1272,-4.784883,22
1273,-4.122547,26
1274,-1.410276,16
1275,1.283876,30
1276,2.300411,30
1277,2.548851,30
1278,-5.206598,27
1279,0.784638,30
1280,-6.294749,30
1281,-7.162827,30
1282,0.36698,8
1283,2.462489,16
1284,-0.049066,25
1285,2.519607,18
1286,-0.193437,26
1287,-3.286046,12
1288,-0.481529,30
1289,1.615066,30
1290,1.624863,30
1291,-2.207134,16
1292,-6.259833,28
1293,0.813973,21
1294,-3.434235,28
1295,-1.050642,25
1296,-0.670951,21
1297,-1.865036,25
1298,-1.421917,30
1299,0.109862,26
1300,-3.36892,30
1301,-3.394708,25
1302,0.469748,21
1303,1.728309,26
1304,-1.037605,20
1305,3.049567,25
1306,-4.496699,21
1307,-6.279308,27
1308,-0.391481,27
1309,-0.580515,30
1310,-1.833061,30
1311,3.156418,30
1312,0.790095,29
1313,2.03448,30
1314,-0.369976,30
1315,-2.696435,30
1316,1.840879,17
1317,1.176178,17
1318,-1.536682,22
1319,-7.469248,28
1320,1.746911,14
1321,-1.091393,30
1322,-2.166651,25
1323,-0.272708,30
1324,-0.448464,27
1325,0.181135,28
1326,-0.869631,30
1327,-7.710309,19
1328,-2.359559,30
1329,0.8815,22
1330,1.566879,22
1331,2.010076,30
1332,-0.402139,30
1333,1.293537,30
1334,2.900983,21
1335,0.109735,16
1336,0.510368,30
1337,1.137309,30
1338,0.382323,18
1339,-8.948689,19
1340,-1.537115,30
1341,-5.683885,30
1342,-0.683894,12
1343,-4.072832,30
1344,-0.295857,30
1345,-1.679181,26
1346,-0.410021,30
1347,-7.392676,23
1348,-1.458717,15
1349,-0.889546,25
1350,-7.446912,29
1351,0.741725,30
1352,-1.630404,16
1353,1.025022,25
1354,-3.925049,30
1355,1.968647,30
1356,0.702686,29
1357,-1.810043,26
1358,2.199407,30
1359,4.071867,17
1360,0.227923,20
1361,2.444346,23
1362,-0.072536,21
1363,-1.500363,18
1364,0.89017,29
1365,1.936626,18
1366,1.332029,20
1367,-3.060371,30
1368,-4.618415,30
1369,-0.23568,30
1370,3.211465,21
1371,2.90665,16
1372,-5.925243,25
1373,1.079909,30
1374,-2.800772,29
1375,2.421347,18
1376,1.851001,28
1377,1.745867,30
1378,-2.821256,27
1379,-0.420367,30
1380,-2.063243,30
1381,-0.321524,22
1382,-1.690681,30
1383,-1.097451,26
1384,-3.109559,12
1385,0.248266,24
1386,0.092158,13
1387,2.760207,27
1388,0.266469,9
1389,1.31591,15
1390,0.934473,21
1391,-1.757963,30
1392,3.807389,23
1393,-2.154077,13
1394,0.74913,29
1395,0.211617,30
1396,2.468778,29
1397,-0.643357,12
1398,0.698924,30
1399,0.521691,20
1400,-3.429692,26
1401,-5.21846,28
1402,-3.936214,21
1403,-0.99104,19
1404,-1.298716,23
1405,-2.323474,29
1406,-9.1e-05,17
1407,-0.151055,17
1408,2.524228,30
1409,1.688366,28
1410,-11.187493,28
1411,1.771534,26
1412,1.643521,15
1413,2.321059,24
1414,-0.342435,22
1415,0.940793,30
1416,-0.001012,30
1417,-4.497392,25
1418,-2.419051,18
1419,2.087018,30
1420,-0.281329,25
1421,-4.772802,30
1422,1.696891,22
1423,-3.653756,19
1424,-7.213663,28
1425,-4.404892,19
1426,0.020886,12
1427,-3.782245,19
1428,-0.490407,30
1429,-3.0136,30
1430,-1.186056,18
1431,3.012658,21
1432,0.291915,27
1433,0.183468,28
1434,-0.95593,30
1435,2.886567,18
1436,-4.74876,15
1437,1.840615,30
1438,1.458774,10
1439,2.936038,22
1440,3.517424,21
1441,-0.210299,16
1442,-5.185898,19
1443,1.546334,24
1444,2.579834,19
1445,-1.673189,30
1446,-0.449668,25
1447,-2.497658,24
1448,-4.074733,21
1449,-5.094114,28
1450,0.428546,30
1451,-4.362138,14
1452,2.299608,16
1453,-3.050818,30
1454,0.906961,16
1455,1.874428,22
1456,0.103013,10
1457,-1.88855,24
1458,-2.192906,26
1459,-0.545463,26
1460,1.19753,17
1461,-8.041027,20
1462,1.019697,17
1463,2.978374,30
1464,3.255338,29
1465,2.266883,23
1466,-2.33327,30
1467,4.055984,30
1468,0.977433,22
1469,2.400676,22
1470,-7.176198,30
1471,0.322507,9
1472,-4.375321,30
1473,-1.405598,24
1474,2.239116,22
1475,0.572284,30
1476,2.997789,26
1477,0.471036,25
1478,2.609739,20
1479,1.403779,20
1480,2.128584,29
1481,-2.7719,20
1482,-0.852507,13
1483,-10.731106,30
1484,2.81595,23
1485,-5.734335,30
1486,-4.267642,25
1487,1.03334,18
1488,-2.648409,28
1489,1.780974,30
1490,0.175073,14
1491,-5.412777,27
1492,-0.00556,24
1493,2.344882,30
1494,-4.629912,30
1495,-3.348643,20
1496,-2.475233,30
1497,-6.291284,26
1498,3.121888,25
1499,-4.704306,18
1500,-0.830601,29
1501,-5.368572,30
1502,1.716269,19
1503,-2.577541,30
1504,-2.730249,27
1505,1.433114,19
1506,-10.649597,30
1507,1.62135,23
1508,0.694601,30
1509,2.114546,22
1510,0.145939,30
1511,-6.181776,21
1512,-1.615675,30
1513,-1.90058,30
1514,1.026668,12
1515,-0.882623,30
1516,2.328863,17
1517,-10.529053,24
1518,-3.420989,26
1519,3.30903,30
1520,-5.021033,30
1521,-3.239352,20
1522,4.148478,30
1523,-0.296443,16
1524,2.042425,22
1525,-4.107842,30
1526,0.738703,17
1527,-4.174751,30
1528,-0.836794,27
1529,0.661794,30
1530,-3.017239,29
1531,-0.867067,30
1532,-2.174774,30
1533,0.814723,30
1534,-2.055471,26
1535,0.443872,20
1536,-1.02212,18
1537,2.886371,29
1538,2.117149,18
1539,-2.580121,19
1540,-7.459355,16
1541,-3.982641,30
1542,-9.854129,30
1543,-4.42766,21
1544,-1.856928,20
1545,2.539138,30
1546,1.612374,28
1547,-1.377694,22
1548,-1.107064,28
1549,-1.173141,22
1550,-5.918437,22
1551,-3.100641,30
1552,-8.207188,30
1553,0.933245,21
1554,-10.003931,30
1555,-0.005901,30
1556,-0.19586,15
1557,-3.372417,30
1558,0.660536,19
1559,0.886817,18
1560,0.960142,12
1561,0.827883,30
1562,-9.993643,30
1563,-1.450253,26
1564,-1.74516,20
1565,-9.320386,22
1566,-2.043482,28
1567,3.060821,29
1568,2.009851,30
1569,-1.125585,30
1570,0.675116,28
1571,-1.77439,30
1572,0.878311,13
1573,-8.652451,30
1574,-2.167644,30
1575,1.447146,13
1576,-0.645143,30
1577,-3.983918,30
1578,0.470953,29
1579,-4.648138,19
1580,0.998419,27
1581,-2.421125,21
1582,-0.226509,22
1583,-0.065584,30
1584,-3.636175,30
1585,-0.987735,29
1586,-3.604473,30
1587,-1.001153,26
1588,-4.376155,30
1589,-0.631682,30
1590,0.694702,24
1591,-0.507866,21
1592,-2.029459,22
1593,-1.277794,30
1594,-2.183475,12
1595,-7.444306,29
1596,2.720558,20
1597,0.72538,30
1598,-3.164833,21
1599,-3.240431,16
1600,1.183257,21
1601,1.651801,30
1602,1.546749,30
1603,-6.878806,30
1604,2.295862,29
1605,3.306339,16
1606,1.779811,23
1607,-0.107548,30
1608,-2.091383,28
1609,-8.273744,28
1610,-4.935668,16
1611,-1.03661,21
1612,2.320947,30
1613,0.621423,17
1614,-4.778976,30
1615,-0.06429,30
1616,-2.256597,30
1617,-0.187848,30
1618,-1.148553,30
1619,2.274776,15
1620,0.191454,16
1621,-2.231502,11
1622,1.446178,17
1623,-1.134824,30
1624,-0.273923,23
1625,1.822778,30
1626,-5.206121,30
1627,-2.405331,30
1628,2.135347,21
1629,1.659834,21
1630,2.919275,20
1631,0.123028,30
1632,-8.985237,30
1633,0.25234,30
1634,-3.395383,27
1635,-1.916143,18
1636,0.794448,25
1637,-2.232267,12
1638,0.738121,21
1639,0.112533,30
1640,1.649681,13
1641,-3.377629,30
1642,-1.999808,30
1643,0.573707,27
1644,-1.244351,30
1645,-0.727811,30
1646,-4.856011,30
1647,-2.019564,30
1648,2.519592,30
1649,-0.003669,30
1650,-0.026089,28
1651,-3.023851,30
1652,-12.904384,30
1653,0.756754,22
1654,2.41121,30
1655,2.403819,15
1656,0.683018,16
1657,3.158352,30
1658,-0.103533,30
1659,-2.351964,30
1660,2.658562,17
1661,-3.852275,26
1662,2.325967,13
1663,0.547869,30
1664,0.158995,15
1665,1.764271,30
1666,-0.827872,30
1667,-7.801586,30
1668,0.060576,21
1669,-3.841111,25
1670,0.735318,21
1671,-1.494583,30
1672,0.427024,30
1673,-1.545255,18
1674,-0.392194,30
1675,0.688327,25
1676,-7.54403,30
1677,-1.206863,30
1678,0.316403,30
1679,-0.636743,13
1680,-1.062316,12
1681,-4.694748,30
1682,-5.394549,24
1683,0.993396,30
1684,-2.715506,30
1685,-3.127458,30
1686,-5.007866,30
1687,0.748847,25
1688,-6.506425,23
1689,-0.223356,26
1690,0.040108,30
1691,-0.92431,30
1692,-1.266492,30
1693,-0.366015,12
1694,-4.907563,30
1695,1.217262,30
1696,-5.078815,18
1697,0.928275,23
1698,-5.451498,27
1699,-1.042653,24
1700,1.716003,30
1701,1.041315,28
1702,-2.622317,30
1703,-2.425038,29
1704,-2.509738,13
1705,-9.249231,30
1706,-8.123881,24
1707,-1.634358,14
1708,3.956401,24
1709,0.902606,16
1710,-1.948071,25
1711,-0.132962,30
1712,-4.863806,30
1713,-3.269932,26
1714,-5.485029,23
1715,0.132851,24
1716,1.766997,22
1717,1.90365,18
1718,1.292558,27
1719,-3.755245,27
1720,-0.773147,15
1721,0.268159,16
1722,-0.460339,12
1723,-0.34456,30
1724,-5.646863,30
1725,-1.503568,18
1726,-2.09792,23
1727,-2.755316,30
1728,2.058833,12
1729,-2.874407,22
1730,1.461609,27
1731,1.9423,22
1732,2.381272,26
1733,-3.862492,22
1734,-7.359565,25
1735,1.354308,29
1736,-4.439056,19
1737,-0.399651,24
1738,-3.9024,25
1739,0.676648,13
1740,1.974286,30
1741,-0.854227,26
1742,1.206749,21
1743,0.412353,29
1744,1.229631,12
1745,0.925439,25
1746,0.455629,18
1747,-7.145336,30
1748,-0.871814,19
1749,-8.174661,21
1750,-7.733018,30
1751,0.850056,14
1752,-0.692211,26
1753,-0.043358,28
1754,-0.476753,30
1755,-0.795891,14
1756,-5.834294,30
1757,-1.590341,16
1758,0.082445,16
1759,1.588199,27
1760,-2.67999,20
1761,0.212397,30
1762,-3.506147,29
1763,-0.871796,30
1764,0.981898,18
1765,-2.069963,26
1766,0.008556,30
1767,0.431233,26
1768,-0.425578,30
1769,0.857856,30
1770,0.617279,14
1771,0.306973,20
1772,-0.573975,18
1773,-1.584599,17
1774,2.085384,30
1775,-6.00361,24
1776,-0.93898,30
1777,1.537411,25
1778,-3.352393,30
1779,1.793641,30
1780,2.623221,20
1781,0.073805,30
1782,-9.369402,25
1783,-2.651361,19
1784,0.225836,29
1785,-0.722596,25
1786,-3.705499,18
1787,0.171399,28
1788,-1.344589,30
1789,-0.889117,30
1790,3.319354,29
1791,-5.599498,19
1792,-6.334982,23
1793,-4.713504,30
1794,-2.630204,30
1795,-0.554729,30
1796,-2.425813,29
1797,-11.337771,30
1798,1.596643,30
1799,0.790616,29
1800,0.925901,22
1801,-9.591163,30
1802,-1.256736,30
1803,1.333798,13
1804,2.497066,19
1805,-6.873342,30
1806,-8.314916,30
1807,-1.834317,30
1808,2.63005,23
1809,-1.127738,30
1810,2.286976,30
1811,1.207811,30
1812,-5.902381,21
1813,-8.396381,27
1814,2.159748,19
1815,-2.570024,23
1816,-6.735203,25
1817,-3.254805,26
1818,-0.119259,30
1819,-0.058031,30
1820,-0.675133,27
1821,-1.301478,30
1822,-6.105872,25
1823,-2.432663,27
1824,1.491298,30
1825,0.150123,13
1826,-4.028104,30
1827,0.254493,17
1828,-3.680602,18
1829,1.778442,27
1830,0.803604,21
1831,-4.809526,15
1832,-2.422847,18
1833,4.105588,14
1834,1.895841,21
1835,0.829419,19
1836,0.561737,24
1837,-3.598468,30
1838,2.980661,29
1839,1.815712,30
1840,-0.63108,28
1841,2.123034,15
1842,-1.310611,24
1843,2.098899,30
1844,-4.257452,23
1845,1.373886,17
1846,-0.792088,24
1847,-0.517554,28
1848,4.279336,20
1849,-0.396253,27
1850,-0.389066,11
1851,-2.357533,30
1852,-4.164608,30
1853,-0.551899,19
1854,-2.816403,19
1855,0.631372,11
1856,-8.308121,29
1857,-3.701957,30
1858,-1.868727,24
1859,1.781324,26
1860,1.490487,24
1861,-0.435867,30
1862,0.989147,24
1863,1.497038,28
1864,-2.270741,28
1865,-3.047727,22
1866,-1.386617,19
1867,2.066086,24
1868,-5.932502,30
1869,0.150529,26
1870,-5.535916,22
1871,2.156391,18
1872,-0.301216,30
1873,-6.502117,30
1874,0.762256,13
1875,0.077278,30
1876,2.611845,30
1877,1.782237,15
1878,-3.34009,30
1879,-2.704095,25
1880,-1.607016,30
1881,2.002786,30
1882,-1.020687,19
1883,2.290453,24
1884,-6.039982,30
1885,-0.470791,30
1886,-4.890055,30
1887,-1.837045,11
1888,0.65874,12
1889,-3.439827,25
1890,0.436256,30
1891,1.589644,13
1892,-1.919945,30
1893,-0.968036,30
1894,0.046359,24
1895,-1.528498,27
1896,-3.66873,30
1897,-5.066089,30
1898,0.928361,30
1899,-0.063309,30
1900,-3.048588,30
1901,0.327789,30
1902,-1.215894,30
1903,-0.451342,22
1904,-6.875657,30
1905,0.906509,21
1906,-0.290244,12
1907,2.466649,23
1908,-1.403617,20
1909,1.159012,22
1910,-0.822948,18
1911,0.594188,18
1912,-0.137978,16
1913,-4.928368,23
1914,0.214606,19
1915,2.518485,18
1916,-1.653352,26
1917,-4.80174,30
1918,-3.614321,19
1919,-1.474059,30
1920,-2.228606,30
1921,1.679885,26
1922,1.617181,30
1923,-0.066509,15
1924,2.044059,30
1925,0.406102,30
1926,-0.16018,24
1927,-3.230989,25
1928,-7.454249,30
1929,0.767148,23
1930,2.387384,17
1931,-5.050468,24
1932,-2.528787,23
1933,-2.365319,22
1934,-0.605428,25
1935,-0.602178,18
1936,-0.947661,17
1937,1.715966,19
1938,3.51876,24
1939,-5.041014,17
1940,-0.242834,14
1941,-0.275267,25
1942,-0.932182,12
1943,-2.191216,30
1944,3.1694,24
1945,-5.808504,18
1946,1.02066,30
1947,-0.597364,25
1948,-6.372667,29
1949,-2.443799,18
1950,0.333216,30
1951,3.43201,30
1952,-6.699805,30
1953,0.250805,30
1954,1.017195,30
1955,-0.588464,30
1956,-3.264593,30
1957,-0.202732,23
1958,-3.493113,30
1959,3.100816,21
1960,1.916934,13
1961,-0.858567,18
1962,-3.845221,30
1963,-1.026207,17
1964,1.076342,30
1965,0.267041,21
1966,2.231499,30
1967,-3.464668,30
1968,-3.160972,30
1969,-0.175855,15
1970,-5.010258,22
1971,-1.088749,15
1972,-3.099952,19
1973,1.094451,30
1974,0.240249,21
1975,-7.713343,30
1976,-0.494169,17
1977,-11.129376,25
1978,2.73668,30
1979,0.0605,30
1980,-0.139745,23
1981,1.278441,19
1982,-6.698618,23
1983,2.010446,16
1984,1.55216,30
1985,2.209699,27
1986,-2.164236,22
1987,-6.099221,28
1988,-0.416309,16
1989,-3.086052,14
1990,0.88999,25
1991,-0.17054,24
1992,0.319947,27
1993,2.232432,29
1994,3.1112,27
1995,0.803838,30
1996,-1.714805,14
1997,2.026096,30
1998,2.211631,19
1999,-4.536359,23
2000,1.544724,15
2001,-3.053684,25
2002,0.775407,16
2003,3.816394,29
2004,1.147209,21
2005,0.419827,27
2006,-0.693438,19
2007,-1.27035,24
2008,-4.529964,26
2009,2.103668,26
2010,-2.791812,25
2011,-2.366494,21
2012,-3.051167,30
2013,1.427601,30
2014,2.535555,26
2015,1.59119,30
2016,-0.190229,30
2017,-3.241875,30
2018,-2.204853,19
2019,-3.41865,27
2020,-2.138586,25
2021,0.766091,25
2022,0.697721,30
2023,0.504392,30
2024,0.283101,26
2025,0.121074,29
2026,-0.367311,23
2027,-2.061071,30
2028,-0.133841,21
2029,-6.449929,23
2030,-2.735829,30
2031,-0.136778,13
2032,-6.485094,30
2033,1.417576,14
2034,0.029449,30
2035,-2.738307,30
2036,-3.348647,26
2037,1.264321,16
2038,-2.944061,26
2039,-1.02145,19
2040,-13.868819,26
2041,1.440846,28
2042,-8.629843,24
2043,1.637702,30
2044,0.012846,23
2045,2.113511,12
2046,-4.441641,23
2047,-3.872724,18
2048,-6.305235,30
2049,-1.7179,30
2050,-6.728456,30
2051,-2.464502,30
2052,0.161807,30
2053,-1.036805,30
2054,0.205281,30
2055,-2.329941,19
2056,-3.406664,18
2057,1.670027,23
2058,0.024405,27
2059,-0.23602,17
2060,0.222548,21
2061,-2.507476,30
2062,-1.100364,23
2063,1.512184,15
2064,-11.943636,28
2065,-1.476564,23
2066,1.382714,27
2067,-3.185039,30
2068,-3.154972,28
2069,-1.128639,30
2070,-0.175091,11
2071,-2.661144,30
2072,-3.971536,28
2073,-4.46643,11
2074,-0.261356,25
2075,-2.576003,27
2076,-0.371894,30
2077,-1.268342,30
2078,2.162581,22
2079,1.650163,30
2080,-1.611308,19
2081,-6.576967,23
2082,-1.402953,21
2083,-1.365043,28
2084,-7.289863,14
2085,-6.596324,30
2086,2.518012,26
2087,-3.241559,24
2088,-7.982414,30
2089,-2.191421,27
2090,2.092588,15
2091,0.859159,18
2092,1.718474,28
2093,-5.404433,30
2094,1.229803,27
2095,1.875136,30
2096,1.849275,24
2097,2.804244,30
2098,-0.976868,26
2099,-4.22611,21
2100,-0.59804,23
2101,1.43989,26
2102,2.894254,30
2103,2.098647,30
2104,-6.268617,30
2105,-0.464557,18
2106,2.905115,19
2107,1.672454,21
2108,-2.127794,20
2109,1.739513,30
2110,-3.78756,24
2111,-2.472451,30
2112,-0.421857,24
2113,-4.567576,23
2114,0.963644,25
2115,0.347288,30
2116,-1.429155,25
2117,0.087456,30
2118,-6.634224,22
2119,-4.942112,30
2120,-0.77354,30
2121,2.322479,27
2122,-4.772217,30
2123,1.164369,22
2124,0.627421,16
2125,-1.417783,30
2126,0.223693,26
2127,-3.141381,20
2128,1.618262,30
2129,-0.681262,18
2130,0.759778,26
2131,-4.817919,30
2132,2.550755,30
2133,-4.811708,30
2134,-3.56212,30
2135,2.29875,30
2136,-4.023347,30
2137,2.763618,27
2138,-3.338509,30
2139,-0.617837,30
2140,0.443432,27
2141,0.7386,30
2142,-0.757591,18
2143,1.838344,17
2144,1.689153,30
2145,-2.924552,30
2146,0.536342,30
2147,1.118592,30
2148,0.070441,30
2149,-1.743459,29
2150,-2.548137,18
2151,-3.235487,15
2152,-0.685977,27
2153,3.442513,21
2154,1.758021,30
2155,0.201907,30
2156,-0.582186,20
2157,-0.479947,23
2158,-0.17051,30
2159,-4.967214,30
2160,-2.383087,30
2161,-2.431021,20
2162,2.371015,27
2163,-4.387461,30
2164,1.945378,30
2165,-3.551347,30
2166,-5.222199,30
2167,-4.312359,21
2168,1.739568,28
2169,-3.3381,30
2170,-1.380996,30
2171,0.590055,26
2172,-2.07124,30
2173,1.08415,30
2174,-0.390273,30
2175,-0.83213,21
2176,-3.855476,30
2177,-8.185826,16
2178,-5.963724,21
2179,3.251328,22
2180,-2.898169,23
2181,-2.602369,24
2182,0.075626,18
2183,-2.449391,30
2184,1.562168,24
2185,-9.210697,30
2186,-3.471,27
2187,0.679566,22
2188,-0.27705,25
2189,-0.865225,19
2190,-1.25904,19
2191,-1.512574,26
2192,1.515137,10
2193,2.342479,30
2194,0.726861,30
2195,1.739679,18
2196,-5.266267,30
2197,-0.942041,18
2198,2.426422,13
2199,2.4932,23
2200,-0.042385,19
2201,-5.671615,29
2202,-4.359386,24
2203,1.418763,17
2204,-2.477384,17
2205,1.042661,13
2206,-0.953833,30
2207,2.29001,27
2208,1.291794,15
2209,-0.964648,15
2210,-2.476652,25
2211,-4.552279,21
2212,0.404004,30
2213,-7.825547,28
2214,-3.081177,25
2215,0.689457,26
2216,-0.058998,30
2217,-1.926645,19
2218,-0.388374,26
2219,2.061739,18
2220,0.971321,21
2221,-5.183528,14
2222,2.472658,19
2223,-2.329717,30
2224,-1.215979,27
2225,3.212394,30
2226,3.031056,22
2227,-2.499706,25
2228,1.556669,25
2229,-1.271196,12
2230,-0.035381,30
2231,-1.449466,18
2232,2.524571,16
2233,-6.143121,30
2234,2.984528,20
2235,1.657569,26
2236,-2.751643,30
2237,-2.119271,30
2238,-4.119347,30
2239,-2.009881,20
2240,0.355595,28
2241,2.333855,30
2242,1.643993,17
2243,-2.49451,30
2244,-1.049784,22
2245,-1.162408,30
2246,-1.704702,30
2247,-0.711832,15
2248,2.198413,22
2249,-1.650127,24
2250,0.837036,30
2251,-2.741779,21
2252,-2.143415,30
2253,3.224402,15
2254,0.333802,30
2255,-6.408787,30
2256,-1.669571,30
2257,2.357905,30
2258,-0.584377,23
2259,2.2774,30
2260,-5.241958,23
2261,0.233255,17
2262,-2.701828,20
2263,-4.887214,27
2264,-3.257372,26
2265,-5.509143,30
2266,-1.918578,30
2267,2.433448,16
2268,2.845456,30
2269,-3.223348,28
2270,-10.117713,24
2271,0.294982,30
2272,-7.670731,28
2273,-0.221523,28
2274,-4.002064,22
2275,0.326427,30
2276,4.267168,20
2277,-0.061351,30
2278,-0.765195,26
2279,1.975912,30
2280,0.105721,11
2281,-6.323333,30
2282,-2.760721,30
2283,1.660744,30
2284,-0.506664,28
2285,0.674833,17
2286,-0.061502,16
2287,-4.453308,23
2288,2.327325,30
2289,-1.134111,30
2290,-1.616019,15
2291,-2.041976,24
2292,1.029378,26
2293,-0.938175,16
2294,-4.691072,30
2295,-0.105174,30
2296,1.520182,30
2297,2.786988,21
2298,-8.629491,25
2299,2.522873,24
2300,0.830074,14
2301,0.823309,25
2302,-0.822007,22
2303,-1.379178,14
2304,0.151277,26
2305,-10.675038,30
2306,1.645705,28
2307,-5.761812,21
2308,-3.431031,21
2309,-3.618619,23
2310,-1.292851,18
2311,-3.140706,20
2312,1.400659,30
2313,-5.751372,23
2314,-1.808518,14
2315,3.695873,27
2316,1.440674,14
2317,-1.815926,21
2318,0.04262,9
2319,2.684794,30
2320,-0.546229,30
2321,2.235898,30
2322,-0.199346,11
2323,-4.502799,20
2324,-0.022864,18
2325,-1.461247,30
2326,-2.482468,27
2327,2.95595,24
2328,-1.512936,23
2329,-4.868218,24
2330,0.513333,10
2331,0.279921,24
2332,-4.271516,24
2333,2.376435,30
2334,1.601346,15
2335,0.079158,17
2336,1.587985,14
2337,-1.388948,30
2338,-6.351461,25
2339,2.047069,30
2340,-1.090813,28
2341,1.950589,30
2342,0.646857,30
2343,-0.565591,15
2344,1.701466,14
2345,-5.103188,11
2346,0.20077,15
2347,1.207801,26
2348,-0.893287,23
2349,1.107895,14
2350,0.808415,23
2351,1.458254,21
2352,1.65758,30
2353,-6.681508,20
2354,3.045677,30
2355,1.558338,18
2356,2.520069,19
2357,-2.316244,28
2358,-1.731096,16
2359,-2.102411,30
2360,-3.400321,30
2361,-4.638829,25
2362,-1.580896,30
2363,1.98806,20
2364,1.618241,24
2365,-1.266497,18
2366,-2.029323,23
2367,2.849899,26
2368,1.639853,29
2369,-1.930205,25
2370,-7.034879,22
2371,-4.422347,30
2372,-2.767726,14
2373,0.551068,21
2374,0.290956,21
2375,-3.028379,30
2376,-0.506309,10
2377,-6.3686,28
2378,-0.733509,30
2379,-0.794076,30
2380,-1.138584,20
2381,-0.742754,23
2382,-3.53972,30
2383,-4.297087,27
2384,-1.050321,19
2385,0.555167,30
2386,1.805627,18
2387,-0.244837,30
2388,0.792097,15
2389,-6.833758,25
2390,-6.237406,28
2391,0.141497,30
2392,-1.181659,20
2393,-1.836483,22
2394,-8.856239,30
2395,1.607341,13
2396,0.082124,30
2397,-4.510187,21
2398,-4.637792,20
2399,0.025531,20
2400,2.931795,30
2401,1.39599,16
2402,-3.204811,11
2403,1.42113,27
2404,-0.147038,17
2405,-2.44108,14
2406,2.20681,26
2407,-5.157325,19
2408,-2.763527,26
2409,-0.719101,26
2410,2.329047,30
2411,-1.653914,30
2412,1.554689,21
2413,-0.45951,20
2414,-2.520151,26
2415,-5.021282,15
2416,-1.904344,18
2417,-1.820797,17
2418,1.916878,21
2419,-1.944612,17
2420,-2.412268,30
2421,-1.109899,16
2422,2.519607,19
2423,-0.522856,30
2424,1.019318,22
2425,1.424979,27
2426,-0.612093,15
2427,-1.097042,11
2428,1.596944,19
2429,3.272902,30
2430,2.789019,21
2431,2.115874,15
2432,-3.190184,29
2433,2.231957,24
2434,0.240225,29
2435,0.917379,30
2436,-0.513008,10
2437,2.329475,30
2438,2.110238,30
2439,-0.524249,19
2440,1.057545,27
2441,-4.620664,24
2442,0.908109,30
2443,-3.01696,19
2444,-1.7957,30
2445,0.616854,30
2446,-0.008998,30
2447,1.010598,20
2448,-9.465695,30
2449,2.116791,22
2450,-1.415394,30
2451,0.433401,21
2452,-2.21452,22
2453,2.786268,22
2454,-1.568683,25
2455,0.628273,29
2456,2.651635,17
2457,-2.215745,30
2458,3.085758,22
2459,0.063122,15
2460,-2.825973,22
2461,-1.464941,30
2462,-5.930208,30
2463,-2.03153,30
2464,1.141415,30
2465,-0.820759,19
2466,-4.915548,30
2467,-6.126708,30
2468,-2.002483,20
2469,0.38727,23
2470,-5.148783,30
2471,-6.748637,30
2472,0.471689,30
2473,-7.103794,30
2474,2.888495,18
2475,-3.005194,29
2476,0.158576,27
2477,-1.266745,14
2478,0.244233,22
2479,0.826923,30
2480,0.031691,15
2481,-6.703543,30
2482,-1.823784,17
2483,3.271274,30
2484,-1.91473,30
2485,0.919319,21
2486,1.945,21
2487,-4.027189,21
2488,-1.513605,30
2489,-3.051095,18
2490,-2.53209,19
2491,0.528248,15
2492,-3.717073,30
2493,-2.708994,30
2494,2.78816,28
2495,0.636411,30
2496,-6.205741,19
2497,-0.024083,30
2498,-0.531069,19
2499,-11.005283,24
2500,-10.348063,26
2501,1.00958,19
2502,-6.433597,30
2503,-4.823251,25
2504,-1.522003,30
2505,-1.837646,29
2506,-0.962767,21
2507,-0.753524,17
2508,1.586995,22
2509,-4.109698,30
2510,-2.048085,24
2511,0.938792,15
2512,-0.641748,16
2513,-0.835256,11
2514,-0.631206,28
2515,1.127675,30
2516,0.025147,28
2517,-1.100627,27
2518,1.739804,19
2519,-0.430319,18
2520,-2.741339,30
2521,-11.22476,30
2522,-0.320086,30
2523,-0.332907,23
2524,1.401056,22
2525,-6.706205,19
2526,1.30396,30
2527,-0.023575,30
2528,2.31825,30
2529,-0.444619,30
2530,-0.452721,30
2531,-8.664551,23
2532,1.208107,23
2533,-0.301429,30
2534,1.822378,30
2535,-4.962353,26
2536,-0.794255,30
2537,-6.441293,30
2538,-7.48753,30
2539,-0.236219,30
2540,-6.348338,30
2541,-2.004225,19
2542,-3.139944,30
2543,2.567422,29
2544,2.56533,25
2545,-5.766324,30
2546,1.266578,25
2547,-6.213529,28
2548,-2.015175,27
2549,-0.403158,12
2550,0.692451,30
2551,-1.572631,17
2552,-2.789115,30
2553,-1.210637,23
2554,-0.21873,23
2555,-2.094355,29
2556,1.105723,17
2557,-0.55807,19
2558,1.591918,19
2559,1.393347,14
2560,0.464285,30
2561,0.345246,14
2562,-2.999542,29
2563,-5.432807,30
2564,0.273252,26
2565,-1.822721,25
2566,0.567518,28
2567,1.173282,19
2568,-4.503656,19
2569,-3.647769,30
2570,-3.719911,23
2571,2.101321,30
2572,-4.257527,18
2573,3.281728,24
2574,-3.037597,20
2575,1.937112,30
2576,2.188077,26
2577,-6.23126,30
2578,1.417968,26
2579,1.633523,28
2580,-1.755698,16
2581,-6.901137,22
2582,-0.218627,14
2583,-2.310907,24
2584,-0.179042,28
2585,-1.085034,10
2586,-0.149953,23
2587,-8.026918,30
2588,-2.80337,30
2589,-5.436606,23
2590,1.631148,19
2591,-6.221101,30
2592,3.029587,18
2593,-0.36469,30
2594,2.392567,24
2595,-0.890097,24
2596,1.835945,21
2597,-6.33854,30
2598,-7.695674,30
2599,0.345888,27
2600,-2.380886,30
2601,1.527422,27
2602,-4.439802,22
2603,0.889811,23
2604,-10.791696,30
2605,-7.405844,30
2606,-2.246849,19
2607,0.28416,19
2608,-4.498085,30
2609,-3.204446,25
2610,0.620845,30
2611,2.425213,18
2612,-2.281495,24
2613,2.815841,30
2614,-2.037823,24
2615,-1.661915,30
2616,0.12036,17
2617,0.730127,30
2618,1.85453,24
2619,-0.11077,30
2620,-2.066384,30
2621,0.496824,18
2622,-2.567908,18
2623,2.698291,30
2624,-0.069508,26
2625,-1.242773,25
2626,0.323323,30
2627,-2.597176,15
2628,-0.477551,25
2629,-1.589871,19
2630,-0.536138,30
2631,3.436277,27
2632,0.173989,30
2633,3.151993,18
2634,0.216514,30
2635,2.985317,26
2636,-1.868747,20
2637,2.064706,25
2638,-2.182925,28
2639,2.920149,28
2640,1.174899,29
2641,-3.610257,19
2642,-1.296985,30
2643,-4.646899,30
2644,-1.672711,23
2645,-0.007829,21
2646,1.034796,13
2647,-2.000393,28
2648,0.010869,19
2649,-2.683091,30
2650,-3.956347,19
2651,-0.059885,30
2652,-5.155271,30
2653,-2.505679,28
2654,-1.099093,24
2655,-0.896522,20
2656,2.144028,20
2657,-1.048059,16
2658,-1.792365,30
2659,1.239759,22
2660,-12.854358,28
2661,3.105843,20
2662,-6.148456,25
2663,2.259219,18
2664,-2.006697,21
2665,-1.427002,26
2666,1.547278,21
2667,-4.866518,13
2668,0.507343,22
2669,1.019997,15
2670,-1.090829,15
2671,2.56123,14
2672,-0.836507,23
2673,-3.981535,15
2674,0.72184,22
2675,-5.436503,30
2676,-0.533096,30
2677,1.495943,20
2678,1.687749,30
2679,-2.460541,16
2680,-2.50118,25
2681,-0.068031,21
2682,0.768924,29
2683,-0.503628,21
2684,-2.266936,27
2685,-1.657986,30
2686,0.646327,15
2687,-0.622522,18
2688,1.286882,19
2689,1.345283,17
2690,1.726361,30
2691,-5.595119,23
2692,-0.490309,30
2693,2.149657,30
2694,-1.30416,30
2695,1.970667,30
2696,-0.657677,25
2697,-0.933064,25
2698,-5.576204,22
2699,-0.316867,30
2700,1.957156,30
2701,1.77057,30
2702,1.441115,17
2703,1.519485,26
2704,0.74895,30
2705,0.013277,26
2706,-5.913125,30
2707,-1.403364,18
2708,-7.972836,30
2709,3.210646,30
2710,-1.047188,19
2711,0.634299,30
2712,-4.656907,30
2713,-1.916947,30
2714,-4.561016,21
2715,-0.199766,30
2716,0.0974,30
2717,-5.939928,30
2718,-0.422756,15
2719,-0.513492,21
2720,-1.657029,30
2721,-1.527853,10
2722,2.892597,20
2723,-1.155401,24
2724,-0.933667,30
2725,-0.87991,11
2726,-3.147836,30
2727,0.213638,19
2728,-2.474324,30
2729,2.648155,28
2730,-1.756812,25
2731,-0.755465,23
2732,-0.459305,30
2733,-1.054683,30
2734,-1.941058,30
2735,0.706402,30
2736,0.860077,30
2737,-5.553446,30
2738,0.844509,16
2739,0.718426,26
2740,-3.725591,30
2741,-3.37701,22
2742,2.283594,30
2743,1.748093,19
2744,1.530053,18
2745,-4.075675,30
2746,-1.441615,30
2747,1.472242,16
2748,1.674742,19
2749,1.333742,28
2750,-4.110988,30
2751,1.293677,30
2752,0.916563,30
2753,-1.090499,26
2754,0.873201,28
2755,-4.135733,24
2756,2.671423,30
2757,1.898953,28
2758,-6.479628,30
2759,1.96433,30
2760,-0.425965,30
2761,0.61604,30
2762,-8.5192,30
2763,0.100403,24
2764,1.898954,30
2765,1.576253,18
2766,1.851317,27
2767,0.101911,22
2768,1.516791,22
2769,2.216497,21
2770,3.516799,25
2771,-1.20447,27
2772,-1.246176,30
2773,-4.306284,30
2774,0.087255,30
2775,-1.851412,18
2776,-0.704038,14
2777,0.091607,30
2778,-1.12747,19
2779,-0.70121,11
2780,1.770444,30
2781,-2.894731,30
2782,2.173832,19
2783,-0.408149,17
2784,-3.13804,27
2785,0.310942,26
2786,-0.576515,30
2787,0.419743,14
2788,1.184402,17
2789,2.267199,30
2790,3.219027,24
2791,1.444869,19
2792,1.612082,30
2793,0.74569,20
2794,0.31546,22
2795,-1.10801,28
2796,2.171615,19
2797,0.606993,22
2798,-2.312883,30
2799,-4.623249,30
2800,0.286567,20
2801,-2.272905,22
2802,1.765379,28
2803,-0.287207,12
2804,-0.901223,12
2805,-0.135464,30
2806,3.100432,30
2807,-1.383828,22
2808,1.010495,24
2809,1.576579,17
2810,-0.141554,30
2811,0.836025,30
2812,-0.040749,30
2813,-0.132531,9
2814,-1.285314,27
2815,-7.864582,22
2816,-0.289004,16
2817,-3.541614,26
2818,0.348336,21
2819,-2.70303,29
2820,-0.991463,13
2821,-7.049896,30
2822,-4.189816,30
2823,-0.619535,30
2824,-3.217179,30
2825,-4.264065,30
2826,0.480527,20
2827,-1.511914,13
2828,-1.656433,22
2829,1.465063,30
2830,0.829366,21
2831,1.134625,30
2832,1.88699,23
2833,1.75266,30
2834,-0.343527,15
2835,-1.955317,19
2836,1.467884,24
2837,-2.401246,27
2838,0.033472,30
2839,1.193572,14
2840,0.945881,27
2841,0.868435,14
2842,-12.474122,30
2843,-0.112657,20
2844,1.018184,30
2845,1.016337,26
2846,1.951311,17
2847,-0.189006,30
2848,0.144345,26
2849,0.700632,30
2850,0.803767,30
2851,-14.061387,30
2852,-7.54315,29
2853,-1.590552,15
2854,0.504898,25
2855,1.117565,26
2856,-5.107071,30
2857,-9.065273,29
2858,-4.467363,30
2859,-3.17521,18
2860,2.375614,21
2861,-2.185291,27
2862,-7.669515,27
2863,-3.923648,30
2864,-2.232719,28
2865,-5.584744,30
2866,0.71446,30
2867,2.218218,30
2868,-3.280483,26
2869,1.41465,19
2870,-3.838885,30
2871,0.301176,23
2872,-6.641781,30
2873,-1.033101,30
2874,0.097077,27
2875,0.530756,19
2876,0.994275,30
2877,0.169836,30
2878,-2.331367,25
2879,-3.671936,30
2880,-3.290777,30
2881,2.033183,22
2882,-3.243166,26
2883,-1.159645,30
2884,-2.507639,16
2885,0.360576,30
2886,-0.613082,30
2887,2.795559,30
2888,1.219098,27
2889,2.069945,30
2890,-0.887404,22
2891,0.817252,20
2892,2.030114,23
2893,-1.220811,27
2894,-0.021096,30
2895,-1.105526,14
2896,-12.172472,29
2897,-0.837534,18
2898,-1.422848,20
2899,1.976596,30
2900,1.267108,25
2901,-0.048132,30
2902,0.909408,25
2903,2.951553,25
2904,2.931973,19
2905,1.765138,30
2906,-7.192283,30
2907,-3.643656,19
2908,-7.874756,20
2909,0.938626,15
2910,-1.386249,16
2911,-4.524956,27
2912,-0.168596,19
2913,2.83907,14
2914,0.777999,19
2915,2.762673,28
2916,-0.560678,15
2917,0.678507,30
2918,-1.574831,25
2919,-3.421691,30
2920,-1.678211,29
2921,-3.187258,29
2922,1.646435,22
2923,2.959666,30
2924,-0.469223,21
2925,-0.527876,13
2926,-0.392691,17
2927,3.160504,30
2928,-3.026689,20
2929,2.200865,20
2930,-3.461738,30
2931,1.354735,12
2932,2.756612,22
2933,-0.010975,30
2934,2.037244,30
2935,3.959708,21
2936,2.25401,30
2937,-3.650725,30
2938,0.720369,30
2939,-2.2166,21
2940,-0.445664,21
2941,-2.74331,26
2942,1.94682,16
2943,-0.479969,22
2944,-2.066479,30
2945,-0.582516,30
2946,-3.98903,22
2947,0.93699,20
2948,1.559312,25
2949,-6.41101,22
2950,0.59323,13
2951,-2.486701,30
2952,0.435618,30
2953,2.018379,21
2954,2.348023,21
2955,-3.991845,30
2956,-6.086273,30
2957,2.102594,24
2958,1.27364,15
2959,-4.621975,22
2960,0.996989,15
2961,-0.755456,23
2962,-5.93834,25
2963,1.79974,16
2964,-2.094809,30
2965,0.029846,30
2966,-4.241515,30
2967,-0.574872,18
2968,0.102953,25
2969,2.406482,9
2970,-0.011303,30
2971,1.674991,13
2972,-0.706762,25
2973,-1.244055,30
2974,-6.831531,30
2975,2.497931,14
2976,1.670526,24
2977,-1.442153,30
2978,-9.776022,30
2979,-4.877848,20
2980,-2.460275,30
2981,0.704359,28
2982,2.0798,30
2983,1.685238,13
2984,-7.280456,30
2985,-3.171358,20
2986,-6.008196,30
2987,0.974215,30
2988,-1.262383,21
2989,-2.097577,22
2990,-7.519669,30
2991,-0.545888,15
2992,-1.020625,30
2993,-0.171775,30
2994,-0.082536,30
2995,0.262195,19
2996,-2.062044,30
2997,2.234499,18
2998,-2.026325,22
2999,2.893915,30
3000,-0.373953,28
3001,-0.228549,30
3002,1.252544,30
3003,0.083376,28
3004,1.621021,20
3005,2.098389,10
3006,-10.259863,29
3007,1.505352,20
3008,-2.503448,30
3009,2.571408,30
3010,-9.705081,20
3011,-6.467116,12
3012,1.630412,28
3013,2.755061,17
3014,-6.953069,30
3015,2.382634,21
3016,1.4262,17
3017,-1.826927,30
3018,3.067002,30
3019,1.423625,23
3020,2.581042,30
3021,1.729207,30
3022,-0.143902,30
3023,-0.603498,30
3024,-4.618902,30
3025,1.571056,20
3026,-1.518762,21
3027,-1.080509,17
3028,-2.250224,20
3029,-4.005404,30
3030,1.65108,30
3031,-2.364592,30
3032,-2.576445,30
3033,-0.355612,16
3034,-0.883805,16
3035,1.619678,11
3036,-0.670873,16
3037,-0.85491,18
3038,3.060413,25
3039,2.464125,30
3040,2.416127,30
3041,0.689605,19
3042,0.053364,16
3043,2.136833,24
3044,-3.57341,30
3045,3.136877,18
3046,2.834438,21
3047,-3.263652,24
3048,2.275859,30
3049,-1.144511,22
3050,-0.104336,26
3051,1.759064,26
3052,-8.886061,30
3053,-1.535583,30
3054,-0.224334,15
3055,0.050532,30
3056,0.646999,30
3057,-0.390881,19
3058,0.753605,28
3059,0.890938,18
3060,2.576848,29
3061,-3.029865,17
3062,0.801047,22
3063,-0.545089,30
3064,-3.297234,30
3065,-1.115047,28
3066,-2.661898,26
3067,-0.06953,30
3068,-1.253601,27
3069,-1.479336,25
3070,-1.311197,30
3071,-0.515393,11
3072,-1.247965,29
3073,-10.123131,30
3074,-1.786119,30
3075,2.448302,26
3076,-0.442468,17
3077,-1.441887,10
3078,-0.512828,30
3079,-2.255552,23
3080,-2.659231,30
3081,0.163148,23
3082,1.679985,22
3083,0.627045,26
3084,1.88386,30
3085,-1.003927,30
3086,-0.515498,30
3087,-0.024065,15
3088,-0.290561,20
3089,0.362163,18
3090,-0.084097,24
3091,-1.291958,28
3092,1.627149,26
3093,-2.070856,30
3094,0.879499,23
3095,1.728304,20
3096,-9.756728,25
3097,-1.902815,17
3098,-1.009169,30
3099,1.789362,30
3100,0.302703,28
3101,0.69219,30
3102,-1.368608,21
3103,-0.861384,25
3104,-1.139422,24
3105,-0.572661,30
3106,0.428407,30
3107,-1.922612,15
3108,-0.59808,24
3109,-5.46378,30
3110,3.495256,24
3111,2.376081,29
3112,1.720706,29
3113,0.333309,30
3114,-1.666808,28
3115,-4.668758,24
3116,-4.136999,21
3117,2.630997,30
3118,-0.354052,24
3119,1.106584,15
3120,0.645154,24
3121,1.311305,18
3122,-0.180339,20
3123,-2.419235,13
3124,1.961644,16
3125,1.789733,28
3126,-0.898471,15
3127,-1.302607,27
3128,2.933302,21
3129,-4.077488,14
3130,0.625065,11
3131,-4.637022,30
3132,-4.103001,27
3133,1.007761,30
3134,1.101202,12
3135,1.634486,19
3136,-5.637911,26
3137,-4.800121,16
3138,0.990373,20
3139,1.787601,29
3140,-7.86338,30
3141,1.384401,25
3142,1.541056,22
3143,1.189767,30
3144,-1.248959,24
3145,1.141484,30
3146,-10.312139,30
3147,-1.270014,16
3148,2.142073,30
3149,-4.198245,21
3150,1.049784,18
3151,2.722809,17
3152,2.781628,20
3153,-1.711327,24
3154,2.264487,30
3155,-2.690817,18
3156,3.50227,29
3157,-4.803261,26
3158,1.888168,27
3159,2.733927,30
3160,3.14532,30
3161,1.198842,21
3162,-3.627095,30
3163,-1.987798,26
3164,-2.604745,24
3165,2.846908,22
3166,-1.287371,28
3167,0.029073,30
3168,0.216015,13
3169,-5.146887,23
3170,-5.545333,18
3171,-1.612144,16
3172,-0.207605,14
3173,0.598983,12
3174,-3.529625,30
3175,-4.036436,19
3176,0.603353,28
3177,4.010542,22
3178,2.465715,30
3179,-0.876163,27
3180,1.867519,23
3181,-1.686888,20
3182,-0.464309,24
3183,2.674497,29
3184,-4.729305,22
3185,-6.453467,28
3186,1.254548,22
3187,2.153026,30
3188,0.517987,30
3189,-0.054291,30
3190,1.63281,27
3191,-0.75831,26
3192,2.270227,30
3193,-2.368537,23
3194,1.435607,30
3195,0.67496,30
3196,3.702656,26
3197,-2.319518,30
3198,1.685414,19
3199,-2.406821,15
3200,-2.125178,20
3201,-1.795278,30
3202,0.842088,30
3203,-1.535316,18
3204,1.862555,20
3205,3.257205,25
3206,0.760579,20
3207,-1.533069,20
3208,-2.477171,26
3209,1.17209,19
3210,-1.276573,30
3211,0.303808,14
3212,1.329671,20
3213,0.060994,12
3214,0.378402,30
3215,-1.249623,28
3216,-2.273478,17
3217,-3.766005,29
3218,-0.086258,23
3219,0.001744,24
3220,-5.029832,25
3221,-8.471447,30
3222,0.21222,30
3223,1.059029,19
3224,0.332893,21
3225,0.928486,30
3226,2.706893,18
3227,-3.161869,28
3228,3.600832,30
3229,0.226982,10
3230,1.593527,30
3231,-2.309666,13
3232,-1.767068,26
3233,0.552961,30
3234,1.841809,24
3235,-0.250622,15
3236,0.075624,29
3237,-1.660743,19
3238,3.962604,14
3239,-2.060641,16
3240,-3.359685,30
3241,-0.410997,30
3242,-0.153535,30
3243,2.878286,20
3244,0.551362,17
3245,2.623869,22
3246,-0.107338,12
3247,-0.516348,30
3248,2.636788,21
3249,0.498263,14
3250,-6.67272,27
3251,-2.080571,16
3252,-3.794249,30
3253,-0.412346,30
3254,-0.266653,30
3255,-6.381264,30
3256,-2.328789,17
3257,-9.52449,26
3258,-1.336636,30
3259,1.373165,18
3260,-0.250753,30
3261,3.070669,30
3262,-3.131279,30
3263,0.052575,30
3264,2.505676,30
3265,2.106152,30
3266,0.856245,25
3267,-2.35403,30
3268,2.234014,17
3269,-0.444567,16
3270,2.141306,29
3271,-3.05908,24
3272,1.987706,18
3273,1.595512,15
3274,2.195945,30
3275,-0.83757,22
3276,-1.646745,23
3277,-1.962696,30
3278,-7.723546,30
3279,0.802439,30
3280,1.760995,18
3281,-0.331091,27
3282,1.903619,18
3283,-0.030074,30
3284,2.083481,30
3285,2.378599,22
3286,3.264603,30
3287,1.759517,20
3288,-3.79146,27
3289,3.056427,30
3290,-0.409572,30
3291,-3.925646,25
3292,1.213876,19
3293,1.394908,27
3294,1.014517,16
3295,-5.372067,30
3296,-0.911887,30
3297,2.976508,30
3298,1.473847,22
3299,-0.892513,24
3300,-0.882145,30
3301,-2.855493,28
3302,2.25298,16
3303,2.906601,26
3304,-2.288164,28
3305,2.90779,30
3306,1.957833,22
3307,1.845605,22
3308,0.04272,12
3309,1.591666,22
3310,-0.098987,30
3311,0.697071,23
3312,2.102009,30
3313,-0.938918,20
3314,-3.955134,28
3315,0.520138,25
3316,-1.023195,13
3317,2.293249,30
3318,2.366524,30
3319,-2.256273,25
3320,0.313696,30
3321,1.108156,16
3322,-8.954072,30
3323,0.769596,30
3324,3.288437,18
3325,2.382491,30
3326,-4.930564,24
3327,-3.648423,30
3328,-0.311329,28
3329,-8.516057,20
3330,1.303279,27
3331,-1.933956,21
3332,-3.195918,17
3333,-3.166573,30
3334,2.969862,21
3335,-0.269793,19
3336,2.855761,27
3337,-3.767732,21
3338,-1.243727,23
3339,-4.272286,30
3340,-4.734505,24
3341,-2.966347,29
3342,-0.003492,30
3343,-0.201514,15
3344,1.758398,30
3345,1.476515,22
3346,-0.268825,30
3347,1.333384,18
3348,-1.253485,21
3349,2.081752,16
3350,-2.73259,18
3351,-0.084153,30
3352,1.449474,30
3353,0.596808,30
3354,1.47244,30
3355,-1.382104,24
3356,-0.549019,30
3357,2.325642,30
3358,2.932335,19
3359,-0.144223,30
3360,0.089889,19
3361,0.034106,16
3362,-1.760614,30
3363,0.151382,12
3364,0.023041,30
3365,-1.366028,26
3366,-2.486677,27
3367,-1.58873,22
3368,1.156034,10
3369,-2.677707,29
3370,-10.837448,30
3371,0.396003,13
3372,1.386765,30
3373,1.512827,30
3374,0.268259,30
3375,-2.308412,29
3376,-1.545711,27
3377,-1.397083,30
3378,1.1769,26
3379,-2.841187,30
3380,0.382459,29
3381,2.152982,27
3382,1.179601,19
3383,1.299583,30
3384,1.136559,17
3385,-7.040839,30
3386,-1.138955,28
3387,0.950671,30
3388,-0.230403,19
3389,2.504443,13
3390,-2.411282,30
3391,-1.131157,13
3392,-1.457712,30
3393,-1.969826,21
3394,-2.994585,30
3395,0.929682,26
3396,-2.377964,22
3397,-2.996,27
3398,3.368119,17
3399,-1.095946,15
3400,1.51289,30
3401,0.947178,24
3402,-0.299448,20
3403,0.742386,30
3404,1.664031,30
3405,0.396311,30
3406,-1.508931,20
3407,-1.966376,30
3408,-6.015374,23
3409,-4.497368,30
3410,-2.113243,19
3411,-0.107886,30
3412,2.720466,30
3413,-1.714582,30
3414,3.670957,24
3415,0.715003,30
3416,-2.3497,16
3417,0.06809,30
3418,2.304231,30
3419,1.827214,30
3420,-2.836915,30
3421,-0.775712,30
3422,2.038971,18
3423,-0.893905,30
3424,1.32104,30
3425,-5.193128,30
3426,-10.537724,29
3427,-2.243908,30
3428,1.454975,30
3429,-10.882093,30
3430,-3.064359,30
3431,1.616218,30
3432,-0.222527,30
3433,-1.336804,30
3434,2.100306,22
3435,1.166311,26
3436,-2.298128,30
3437,-3.380231,27
3438,-6.01888,28
3439,0.030777,29
3440,-3.668689,29
3441,-0.427554,30
3442,-0.486316,30
3443,-6.472384,30
3444,0.247841,30
3445,2.145454,30
3446,0.821192,16
3447,0.819981,25
3448,-2.178009,14
3449,2.831316,20
3450,-0.403326,14
3451,1.935544,24
3452,1.143783,18
3453,2.99018,28
3454,-3.103448,23
3455,0.086128,30
3456,-0.620221,28
3457,-4.324259,23
3458,-0.45989,20
3459,0.683065,21
3460,1.732821,17
3461,-3.824269,30
3462,2.844252,22
3463,2.16696,30
3464,-4.383608,22
3465,-2.397121,30
3466,1.475862,19
3467,-0.77259,17
3468,-0.650881,15
3469,-2.442254,30
3470,-2.012551,30
3471,-1.574006,30
3472,0.051507,14
3473,-2.196777,17
3474,-2.878699,25
3475,1.647571,24
3476,3.056204,23
3477,1.206087,25
3478,0.371355,30
3479,-1.519101,30
3480,3.267898,29
3481,1.650064,20
3482,-1.186159,8
3483,1.371616,23
3484,3.350719,29
3485,-2.316552,30
3486,-3.892793,11
3487,0.019997,27
3488,-3.155054,29
3489,1.349918,19
3490,2.383397,19
3491,2.214378,19
3492,2.360445,27
3493,-1.19499,15
3494,3.031081,23
3495,-1.720146,19
3496,-0.936392,30
3497,1.969659,17
3498,-9.813242,26
3499,2.197157,30
3500,-5.536321,28
3501,-2.484081,29
3502,2.41346,30
3503,2.091697,21
3504,1.050985,16
3505,-2.491238,30
3506,-5.955812,30
3507,-4.261485,30
3508,1.54605,22
3509,-0.745677,28
3510,-3.792032,25
3511,-3.55689,30
3512,0.697478,30
3513,-4.131125,30
3514,-0.399667,19
3515,-0.496773,30
3516,-3.70782,16
3517,0.319477,17
3518,-0.389233,22
3519,0.609629,23
3520,-5.032198,28
3521,-1.29213,25
3522,1.501054,23
3523,2.802838,23
3524,-14.352314,30
3525,-0.309452,20
3526,1.124487,14
3527,2.906532,22
3528,-0.339816,30
3529,-8.451749,28
3530,-2.509738,14
3531,-0.9632,19
3532,-1.388716,24
3533,1.488607,20
3534,-7.774191,30
3535,1.254819,25
3536,-0.482539,22
3537,-8.898096,30
3538,1.560926,23
3539,0.523448,18
3540,2.224042,16
3541,0.358228,30
3542,-0.357729,30
3543,-1.457896,24
3544,-2.798813,22
3545,-1.159383,25
3546,-1.093064,30
3547,-5.338937,30
3548,1.686802,16
3549,1.431856,19
3550,-0.534864,24
3551,1.374057,18
3552,-0.647332,26
3553,-3.131695,24
3554,0.709949,30
3555,-0.995932,14
3556,2.961433,25
3557,-3.939381,30
3558,1.908201,28
3559,0.783897,21
3560,-0.155608,30
3561,1.856372,30
3562,-5.476986,19
3563,-1.0829,22
3564,2.251863,30
3565,-6.38078,30
3566,-0.587389,30
3567,0.539489,9
3568,-0.517583,30
3569,-4.875322,22
3570,-1.631297,15
3571,0.366362,23
3572,-8.323139,30
3573,0.211561,30
3574,1.886726,30
3575,2.197088,30
3576,-1.313481,30
3577,2.051749,20
3578,-2.987474,24
3579,-4.642429,15
3580,0.947994,19
3581,1.610207,22
3582,0.131021,26
3583,2.459479,30
3584,1.797837,22
3585,0.67659,19
3586,2.238595,22
3587,2.646645,29
3588,-7.679591,20
3589,1.771615,30
3590,-0.284809,30
3591,-0.277774,30
3592,1.891531,25
3593,1.696891,14
3594,0.787012,20
3595,-7.857008,30
3596,-2.009763,30
3597,-0.309484,30
3598,0.792122,15
3599,-2.314109,17
3600,-1.273377,30
3601,-2.40183,19
3602,-0.771193,12
3603,2.886616,17
3604,0.46325,24
3605,0.894911,30
3606,-8.145379,30
3607,0.165029,28
3608,2.668243,30
3609,-6.147241,28
3610,-3.249259,16
3611,0.168421,30
3612,-0.879187,30
3613,-0.704264,11
3614,-2.933781,23
3615,-1.198035,18
3616,-1.404585,16
3617,1.116548,30
3618,2.317833,24
3619,2.683906,29
3620,3.160328,30
3621,0.691856,14
3622,0.905145,30
3623,0.856852,28
3624,1.513788,12
3625,-4.124617,20
3626,0.137583,20
3627,-1.437469,30
3628,-0.106317,26
3629,1.800369,21
3630,2.413049,20
3631,-0.700947,30
3632,-7.134067,19
3633,0.669248,13
3634,0.416348,30
3635,-5.512027,22
3636,-2.133188,30
3637,2.266948,18
3638,1.777938,18
3639,2.057072,24
3640,2.871027,20
3641,-2.829667,30
3642,-0.666876,30
3643,-2.4919,17
3644,-2.747475,25
3645,-2.138401,30
3646,1.619336,24
3647,-1.238368,27
3648,2.094272,30
3649,1.677306,23
3650,1.889239,30
3651,-0.413347,29
3652,-2.250205,30
3653,-1.784832,15
3654,0.458954,27
3655,-0.943386,30
3656,0.692707,19
3657,-6.265802,27
3658,-0.701089,28
3659,-0.198901,30
3660,0.874086,22
3661,-5.464309,27
3662,-0.472749,22
3663,1.063774,27
3664,1.576193,22
3665,0.496199,30
3666,-13.545912,30
3667,-0.790223,30
3668,-3.36517,30
3669,2.736814,21
3670,-1.288799,27
3671,0.460649,17
3672,2.67161,30
3673,-0.071569,21
3674,-6.377995,16
3675,-1.144712,22
3676,-1.442565,25
3677,2.573837,30
3678,0.902144,13
3679,-0.510427,30
3680,-2.529724,30
3681,-1.837427,30
3682,1.556948,30
3683,-0.3017,30
3684,-4.189413,30
3685,3.005639,30
3686,0.595987,30
3687,0.616196,26
3688,-8.355877,30
3689,-1.980816,25
3690,-4.388915,29
3691,2.72023,18
3692,-2.34299,21
3693,-1.677057,30
3694,-1.805552,30
3695,-6.172561,30
3696,3.029345,30
3697,-2.617425,30
3698,0.392328,30
3699,3.287852,30
3700,-1.70436,30
3701,2.957617,30
3702,0.926414,20
3703,-1.534391,30
3704,-0.786075,21
3705,-2.228984,30
3706,-1.398683,17
3707,1.166948,30
3708,0.077628,21
3709,1.531843,29
3710,0.21384,25
3711,-6.116057,29
3712,-1.96898,26
3713,2.241367,20
3714,1.333096,25
3715,1.502904,30
3716,2.928785,30
3717,-0.616561,27
3718,-1.983196,30
3719,1.096973,15
3720,-2.487881,21
3721,1.238243,27
3722,-0.319645,29
3723,-2.856463,30
3724,1.37846,19
3725,-0.43061,30
3726,3.285076,27
3727,-0.739029,11
3728,2.067709,19
3729,0.204742,24
3730,-2.681631,30
3731,-2.23151,22
3732,-1.089999,18
3733,-9.86824,27
3734,-1.524274,18
3735,-8.177761,26
3736,-0.353883,26
3737,-8.171891,30
3738,0.796009,29
3739,2.073745,23
3740,-6.228761,30
3741,-0.438239,30
3742,-3.765419,21
3743,1.88313,10
3744,-3.77792,12
3745,2.831373,12
3746,-2.012539,15
3747,-1.015189,30
3748,3.122918,30
3749,-6.849585,29
3750,2.07426,16
3751,-2.861938,30
3752,-2.32365,20
3753,2.997624,21
3754,2.064441,18
3755,-0.060225,30
3756,-7.027738,29
3757,-0.464667,30
3758,-2.713565,30
3759,2.330599,30
3760,2.215756,17
3761,1.981068,19
3762,-0.153436,22
3763,0.883427,13
3764,-3.774632,25
3765,1.810818,30
3766,-8.489992,27
3767,-5.137068,24
3768,2.164846,30
3769,3.267941,15
3770,-0.439436,26
3771,1.871874,23
3772,2.437587,15
3773,0.446171,30
3774,-0.221985,30
3775,-0.760252,19
3776,-1.03724,12
3777,-1.731101,9
3778,2.719301,26
3779,0.125798,30
3780,-2.606201,21
3781,2.10331,30
3782,-1.176651,30
3783,1.577666,30
3784,0.994733,29
3785,-1.382385,30
3786,-5.149555,25
3787,-4.845908,25
3788,-2.152289,30
3789,3.037633,29
3790,-0.796633,26
3791,2.344393,29
3792,-3.628732,30
3793,1.737431,30
3794,0.590746,19
3795,2.428873,22
3796,1.55698,20
3797,-1.414149,27
3798,1.763503,23
3799,-5.608088,30
3800,-12.233633,30
3801,3.189432,29
3802,-3.935524,30
3803,-1.607001,22
3804,-2.640017,30
3805,-0.823773,12
3806,-5.712424,13
3807,-0.573697,20
3808,-10.521851,24
3809,-3.009342,28
3810,-6.596888,30
3811,0.478688,20
3812,-0.901595,25
3813,-0.248901,30
3814,-0.166723,30
3815,2.732693,19
3816,-1.98858,30
3817,2.439319,28
3818,1.87421,17
3819,-4.577666,30
3820,0.279584,30
3821,-1.837499,27
3822,3.399673,25
3823,1.846117,26
3824,2.084519,30
3825,2.603604,15
3826,1.132833,23
3827,3.18429,30
3828,0.688912,20
3829,-0.835865,28
3830,-1.522489,30
3831,-6.349708,30
3832,-2.931388,19
3833,0.029203,30
3834,0.901678,30
3835,1.331987,28
3836,-2.524774,19
3837,1.943335,26
3838,-2.153536,30
3839,0.122636,30
3840,1.910396,26
3841,-3.416846,27
3842,-2.166463,16
3843,0.163803,30
3844,2.056843,30
3845,-2.605259,28
3846,3.032726,30
3847,-1.262341,29
3848,4.074908,23
3849,2.439668,30
3850,2.148293,27
3851,0.421539,20
3852,0.263458,21
3853,-7.790086,30
3854,1.05383,30
3855,1.900531,30
3856,-0.263636,24
3857,-3.430259,29
3858,0.66897,25
3859,-1.050282,22
3860,-0.937521,19
3861,-0.45411,30
3862,-3.633777,30
3863,1.537402,30
3864,2.318909,13
3865,-0.566184,24
3866,2.574948,18
3867,-2.465114,30
3868,0.614459,23
3869,2.730677,23
3870,4.006189,21
3871,2.101033,23
3872,1.916006,22
3873,-2.179328,30
3874,-3.776009,29
3875,0.988862,30
3876,-0.20263,30
3877,-2.536534,30
3878,2.220769,18
3879,2.639083,18
3880,1.624173,30
3881,-1.566724,22
3882,-0.630204,27
3883,-6.102648,30
3884,-4.047298,21
3885,0.047089,17
3886,0.180255,20
3887,1.651381,20
3888,2.829192,28
3889,-2.156123,25
3890,-3.270098,30
3891,-6.887051,27
3892,2.589532,26
3893,3.051372,30
3894,1.172864,14
3895,-5.724467,30
3896,0.257793,23
3897,3.510998,23
3898,3.089445,26
3899,1.035711,30
3900,1.27464,30
3901,0.233137,17
3902,0.616578,28
3903,0.865959,26
3904,-0.029786,30
3905,0.767836,30
3906,-13.38957,25
3907,-1.735076,30
3908,-5.867571,24
3909,-1.21331,20
3910,-1.309971,29
3911,2.829501,21
3912,2.075924,26
3913,0.426345,30
3914,1.374087,19
3915,-1.470208,26
3916,-6.175118,21
3917,0.262445,19
3918,-0.171106,30
3919,3.078641,30
3920,-0.455265,29
3921,-3.018464,28
3922,-5.253012,30
3923,-2.04946,30
3924,-0.274682,26
3925,-6.956597,27
3926,-0.320315,17
3927,2.051936,30
3928,0.044889,25
3929,-4.724419,18
3930,0.572718,21
3931,1.597947,30
3932,-3.482708,20
3933,1.27991,11
3934,-2.24129,22
3935,2.984546,29
3936,-5.059323,30
3937,-8.379461,20
3938,-6.592671,30
3939,1.6531,28
3940,-3.585769,19
3941,0.888012,16
3942,0.495191,21
3943,-6.951337,20
3944,-0.8599,30
3945,-1.981354,30
3946,-4.212597,30
3947,0.144452,19
3948,-0.703903,20
3949,4.222837,23
3950,-3.579928,28
3951,-1.054461,21
3952,-2.890618,30
3953,0.70842,28
3954,-3.404647,22
3955,-3.283357,24
3956,1.226274,13
3957,2.043553,25
3958,0.541727,19
3959,0.887096,19
3960,1.367288,30
3961,-0.438434,18
3962,-1.899086,20
3963,-6.141536,20
3964,-1.596577,26
3965,0.186835,25
3966,-2.703103,30
3967,-1.330504,30
3968,-4.080982,30
3969,-4.062979,29
3970,-0.079809,30
3971,1.117981,30
3972,-4.004821,30
3973,-1.87798,14
3974,-4.775582,28
3975,2.881118,26
3976,0.089001,20
3977,-0.216655,30
3978,-5.198979,16
3979,3.706084,26
3980,-1.190849,30
3981,2.553657,20
3982,-0.360821,16
3983,-4.324751,21
3984,-7.295758,28
3985,-8.156749,30
3986,1.956206,30
3987,-0.043397,30
3988,-2.944136,18
3989,1.553829,16
3990,0.591028,30
3991,3.464602,22
3992,0.345954,14
3993,0.207859,30
3994,-3.548754,30
3995,-2.511688,19
3996,1.330089,11
3997,2.024003,15
3998,1.231436,22
3999,-10.338213,30
4000,1.479979,29
4001,-11.786146,30
4002,2.366314,14
4003,3.639442,26
4004,0.906144,30
4005,-0.866033,30
4006,0.580469,27
4007,-1.065341,30
4008,-0.95738,11
4009,-3.142373,16
4010,3.349199,24
4011,1.419804,12
4012,-6.25285,27
4013,1.706647,25
4014,-2.456266,27
4015,2.920767,23
4016,-1.227873,23
4017,-0.271235,30
4018,0.283975,30
4019,-1.604692,24
4020,-2.311745,25
4021,-3.09181,24
4022,-1.251624,20
4023,2.650684,22
4024,-1.191585,19
4025,0.33527,28
4026,0.147583,30
4027,1.059944,25
4028,-1.210706,20
4029,-2.057482,13
4030,1.69125,30
4031,-1.184115,20
4032,2.188775,15
4033,-1.660363,30
4034,0.0692,28
4035,-3.722088,30
4036,3.142009,30
4037,2.505184,22
4038,-4.604663,25
4039,2.86727,24
4040,-1.401705,22
4041,-4.432544,16
4042,3.39627,21
4043,-7.188411,26
4044,1.862419,30
4045,1.837719,15
4046,1.886121,23
4047,-9.421389,26
4048,-1.232802,30
4049,-10.573031,30
4050,-3.085217,29
4051,-9.296625,30
4052,0.950439,21
4053,0.739586,23
4054,1.716841,30
4055,-2.623647,30
4056,0.232708,25
4057,-1.606221,30
4058,-3.415212,17
4059,-0.911101,12
4060,-5.084265,22
4061,-0.848556,30
4062,1.314191,21
4063,2.236574,24
4064,1.958958,15
4065,1.868579,24
4066,2.021446,30
4067,-7.352786,30
4068,0.657865,19
4069,3.673846,18
4070,-2.631332,30
4071,0.572394,15
4072,0.86409,19
4073,2.11955,30
4074,1.836858,22
4075,-0.966212,13
4076,-1.291641,27
4077,-1.521324,18
4078,1.708516,30
4079,2.132779,18
4080,-8.009825,23
4081,-2.69791,26
4082,0.053972,21
4083,-0.778559,17
4084,-1.886033,21
4085,-0.893863,30
4086,-0.072354,18
4087,3.162077,30
4088,2.951595,17
4089,1.295693,21
4090,-3.284217,26
4091,-0.495469,15
4092,1.989167,23
4093,2.771768,23
4094,-2.025847,15
4095,-3.381106,22
4096,-8.107925,25
4097,-2.848071,27
4098,3.128911,30
4099,-2.234159,30
4100,-2.561319,30
4101,-1.212654,30
4102,-2.134452,30
4103,0.277295,28
4104,2.389111,30
4105,-3.793445,30
4106,-4.915404,30
4107,3.267912,18
4108,0.461569,21
4109,2.28126,17
4110,-10.206271,30
4111,1.705473,22
4112,-0.28441,30
4113,1.645677,22
4114,2.730678,28
4115,-3.66721,19
4116,-3.05346,30
4117,0.979966,30
4118,-7.100198,23
4119,0.95481,30
4120,0.950551,17
4121,1.134979,22
4122,-5.363484,21
4123,-5.858473,25
4124,-1.338756,30
4125,0.870694,18
4126,2.982193,30
4127,-0.597633,28
4128,-5.559526,27
4129,-0.166213,25
4130,-0.12936,18
4131,2.585388,21
4132,2.282082,30
4133,0.837515,29
4134,-8.4465,30
4135,2.772002,23
4136,-1.304021,30
4137,0.348369,25
4138,1.297405,17
4139,-2.633452,30
4140,-0.322564,30
4141,-0.654672,27
4142,-0.292397,11
4143,-1.037063,17
4144,-0.160694,18
4145,0.050242,30
4146,1.048681,28
4147,2.848054,24
4148,-4.712493,16
4149,1.481163,16
4150,0.105347,16
4151,0.79158,23
4152,-2.045815,30
4153,2.296789,25
4154,2.947852,30
4155,2.817849,30
4156,-0.95866,18
4157,-1.303091,29
4158,-0.151312,25
4159,-0.463828,23
4160,-3.446935,28
4161,-6.288564,29
4162,-6.12332,29
4163,-1.028969,10
4164,2.631044,21
4165,1.335366,20
4166,-3.024222,21
4167,-0.874906,24
4168,0.299158,13
4169,1.135765,30
4170,-6.124017,30
4171,-2.305174,30
4172,-1.021356,15
4173,1.185291,30
4174,1.661001,30
4175,1.209115,30
4176,-1.015878,24
4177,-3.208616,14
4178,-1.314944,25
4179,0.541977,24
4180,0.228679,19
4181,2.686302,25
4182,-0.935078,20
4183,-7.702755,24
4184,-4.663617,15
4185,0.228578,23
4186,-0.064727,18
4187,-7.102982,30
4188,-4.136936,29
4189,-5.256598,17
4190,-0.323599,13
4191,-0.205698,22
4192,-0.408685,20
4193,2.034763,30
4194,1.769656,27
4195,-2.694057,29
4196,0.985271,12
4197,-8.466784,29
4198,-0.715589,12
4199,2.008329,26
4200,1.484096,30
4201,2.377534,15
4202,-1.358417,30
4203,-2.561898,21
4204,2.380255,27
4205,-1.035026,18
4206,-7.348036,30
4207,-2.338237,15
4208,2.496059,29
4209,-4.53847,20
4210,-5.643118,19
4211,2.586274,17
4212,-1.528398,30
4213,0.796686,30
4214,-7.639495,30
4215,-2.323314,30
4216,-1.925761,30
4217,-0.847802,29
4218,-1.030843,25
4219,2.651376,30
4220,0.074974,30
4221,-8.801431,30
4222,0.296837,30
4223,-6.551506,24
4224,-1.208183,12
4225,-2.844021,22
4226,0.75566,12
4227,-2.47803,30
4228,0.825204,30
4229,2.550632,15
4230,2.467764,23
4231,0.097037,22
4232,-0.418645,30
4233,2.828375,30
4234,-2.209288,27
4235,0.929429,21
4236,-1.19714,30
4237,0.853843,23
4238,-4.242926,20
4239,1.991834,24
4240,-3.55116,29
4241,0.758445,28
4242,-3.392793,30
4243,-1.213706,30
4244,0.43294,20
4245,-2.005091,22
4246,-0.14372,30
4247,-0.619544,30
4248,0.045752,25
4249,-1.243581,13
4250,0.704013,30
4251,2.880563,30
4252,-2.390775,20
4253,1.293306,17
4254,2.515208,18
4255,0.190273,17
4256,-0.112111,21
4257,2.023414,24
4258,-2.622252,30
4259,1.894707,30
4260,1.208194,14
4261,0.638012,30
4262,0.411844,30
4263,1.04012,26
4264,-1.477105,30
4265,-0.154172,29
4266,-1.140576,30
4267,2.932247,25
4268,1.165768,30
4269,1.267621,30
4270,-1.387191,30
4271,-2.857061,16
4272,-0.252489,24
4273,-0.952654,30
4274,0.453352,10
4275,4.103018,19
4276,-3.608505,22
4277,-3.014597,22
4278,0.819475,30
4279,1.667453,30
4280,2.650138,30
4281,0.06905,16
4282,3.64023,25
4283,1.856235,24
4284,0.130158,30
4285,-0.197618,30
4286,0.702718,16
4287,-2.780978,19
4288,-1.515801,27
4289,2.463359,30
4290,1.297317,21
4291,0.387665,19
4292,0.914821,27
4293,-2.420176,30
4294,2.240353,26
4295,-4.20947,24
4296,1.243534,30
4297,-3.596937,29
4298,-6.366491,29
4299,-0.149899,30
4300,0.844761,30
4301,-1.521945,30
4302,-15.126413,27
4303,0.886505,30
4304,0.487656,30
4305,1.755165,23
4306,2.597133,30
4307,-0.826005,30
4308,2.585656,25
4309,-0.81872,22
4310,-2.495828,11
4311,1.518605,17
4312,-1.312472,17
4313,-1.666502,25
4314,-4.438793,30
4315,0.584181,28
4316,-3.643572,21
4317,-0.722698,29
4318,-2.304345,30
4319,-3.073821,28
4320,2.829787,25
4321,0.528529,20
4322,-0.778016,20
4323,-1.145622,22
4324,-0.604619,20
4325,-0.34676,27
4326,-2.408673,30
4327,-2.007899,17
4328,-2.006044,30
4329,-0.138982,30
4330,-0.253181,30
4331,2.845731,30
4332,-0.25796,18
4333,-0.171549,30
4334,1.622068,9
4335,1.063503,18
4336,-2.173329,22
4337,-1.350299,30
4338,-0.230582,11
4339,0.696989,30
4340,-6.936489,30
4341,1.375782,24
4342,4.0516,22
4343,-0.673989,29
4344,1.88985,21
4345,0.684607,28
4346,3.069075,28
4347,-0.809844,24
4348,0.317875,30
4349,3.652686,17
4350,-0.257522,27
4351,1.393735,17
4352,1.008477,21
4353,1.37997,27
4354,1.118274,26
4355,1.015521,30
4356,2.236802,12
4357,0.783871,29
4358,-0.449583,20
4359,1.591127,30
4360,0.942822,24
4361,-1.277074,27
4362,2.06875,30
4363,0.235474,30
4364,2.271324,30
4365,1.496967,30
4366,2.804785,25
4367,-1.493134,30
4368,2.075623,30
4369,-3.14466,26
4370,-0.126639,20
4371,0.192799,14
4372,3.509056,27
4373,-4.193199,17
4374,2.666922,21
4375,3.09285,20
4376,-0.784152,24
4377,-0.311822,28
4378,1.945093,30
4379,0.998572,15
4380,-1.069826,30
4381,2.622066,18
4382,-11.048008,30
4383,2.50451,17
4384,-3.82999,30
4385,-0.348089,23
4386,3.534864,22
4387,1.410497,17
4388,-5.00181,30
4389,-6.800398,30
4390,2.127969,23
4391,-0.287501,21
4392,1.597389,13
4393,0.450791,11
4394,2.789356,30
4395,1.588996,25
4396,0.160949,26
4397,-0.986274,30
4398,-0.070763,28
4399,1.010024,19
4400,2.885001,28
4401,-1.590116,20
4402,2.402216,30
4403,0.485419,21
4404,1.353273,24
4405,-3.242438,23
4406,0.308244,30
4407,-4.160746,27
4408,-1.607846,25
4409,-2.278672,26
4410,-3.575119,22
4411,1.832325,18
4412,2.812499,30
4413,2.595354,24
4414,0.220045,26
4415,-0.653649,15
4416,-4.606082,25
4417,-3.330851,18
4418,1.780408,20
4419,2.870692,17
4420,-1.452198,30
4421,-0.295678,30
4422,-0.43742,19
4423,0.377815,29
4424,2.494077,22
4425,-0.263386,30
4426,-1.481341,30
4427,-3.0305,17
4428,1.618433,22
4429,-0.218083,23
4430,-1.204182,20
4431,-1.661573,18
4432,-0.574641,21
4433,1.107811,27
4434,2.366373,30
4435,-2.344356,30
4436,3.294673,28
4437,1.324554,21
4438,-1.622932,17
4439,1.550079,30
4440,-2.626231,26
4441,-1.390927,30
4442,-7.28037,30
4443,2.959023,15
4444,1.910304,20
4445,-3.661683,22
4446,0.828867,27
4447,-0.501785,22
4448,-2.669344,24
4449,-0.400429,20
4450,-0.221901,30
4451,1.581094,27
4452,3.109122,30
4453,2.815822,26
4454,2.467048,30
4455,-1.343052,14
4456,-2.130547,30
4457,0.726401,20
4458,2.732748,30
4459,0.250059,23
4460,0.211255,23
4461,-2.175161,30
4462,-1.671536,30
4463,-6.613395,30
4464,-1.011312,25
4465,-3.299159,29
4466,-1.304192,15
4467,2.683298,26
4468,2.676408,30
4469,3.182147,30
4470,-1.214219,8
4471,1.024938,20
4472,-1.118991,27
4473,-1.30314,30
4474,-0.648826,27
4475,-5.244819,28
4476,-1.411838,20
4477,1.201689,23
4478,-0.064956,30
4479,-6.724302,30
4480,4.148458,24
4481,2.251986,10
4482,-7.572577,30
4483,-4.310574,30
4484,1.254058,17
4485,0.167229,29
4486,-0.381679,12
4487,1.448255,30
4488,-7.97621,30
4489,1.093356,27
4490,1.148422,30
4491,-4.350792,27
4492,-2.182242,30
4493,0.775629,18
4494,-1.843222,25
4495,-4.190052,22
4496,3.529712,24
4497,-3.13408,30
4498,-0.230648,30
4499,-1.646919,17
4500,0.564732,22
4501,-2.116223,30
4502,-1.582972,15
4503,-1.362817,17
4504,3.121717,23
4505,0.774345,24
4506,-2.404855,24
4507,0.752548,25
4508,-0.576367,30
4509,2.176661,14
4510,-0.261786,21
4511,-0.842279,25
4512,-1.477742,23
4513,-2.451464,23
4514,-4.787109,30
4515,-13.719441,30
4516,-12.622812,30
4517,-2.750453,28
4518,-1.11539,18
4519,-0.460225,30
4520,1.835818,30
4521,-0.716898,30
4522,1.569553,19
4523,-0.847524,29
4524,0.409005,24
4525,-6.124787,30
4526,0.953077,17
4527,-2.378221,28
4528,1.598219,30
4529,-0.559124,30
4530,-2.108461,30
4531,1.054893,24
4532,2.715178,20
4533,-2.330826,21
4534,2.179189,16
4535,-0.959268,19
4536,-2.773822,25
4537,0.970626,30
4538,3.268451,25
4539,4.159457,27
4540,2.571499,18
4541,-0.039216,30
4542,2.725445,17
4543,1.973544,30
4544,-0.002832,15
4545,0.991645,22
4546,3.713968,24
4547,-0.076432,30
4548,-3.036214,28
4549,-0.199536,22
4550,-5.374064,30
4551,-3.861042,27
4552,-0.3267,19
4553,0.235177,22
4554,3.546746,19
4555,-0.969681,17
4556,-4.557581,30
4557,1.067456,21
4558,1.696807,11
4559,0.96509,30
4560,1.844634,30
4561,0.633351,30
4562,0.877004,30
4563,0.020957,30
4564,2.88112,17
4565,-2.634232,30
4566,-6.982771,30
4567,-2.711727,30
4568,-0.811998,30
4569,-0.364541,30
4570,2.439237,13
4571,1.886992,16
4572,-2.309406,28
4573,0.09955,17
4574,-3.204284,17
4575,-1.248613,20
4576,0.225107,30
4577,0.985929,30
4578,-2.482982,30
4579,1.017376,17
4580,-4.435008,30
4581,1.602069,18
4582,-0.563527,19
4583,2.166917,30
4584,1.812592,27
4585,0.642478,30
4586,-1.839166,28
4587,-2.545826,30
4588,-0.566526,26
4589,3.051995,30
4590,2.919005,24
4591,0.67101,16
4592,-0.71512,30
4593,1.482143,30
4594,-1.792151,22
4595,-2.204158,30
4596,3.771318,25
4597,2.783031,30
4598,-1.198517,20
4599,-0.443994,27
4600,0.605304,30
4601,-1.14976,18
4602,0.550554,30
4603,-0.100822,22
4604,1.085466,30
4605,2.319536,23
4606,2.88074,28
4607,-4.566866,24
4608,1.522112,27
4609,-3.481466,26
4610,-1.022293,18
4611,-1.110589,23
4612,-4.483604,27
4613,-0.476554,21
4614,-1.043303,14
4615,3.098173,18
4616,1.142881,24
4617,0.298361,12
4618,1.988007,19
4619,-0.204198,28
4620,2.324659,14
4621,-0.524234,13
4622,-0.957623,30
4623,-0.467234,20
4624,3.762564,26
4625,-2.849911,26
4626,1.246544,30
4627,-0.729068,12
4628,-1.072682,30
4629,-0.37702,30
4630,3.409264,26
4631,1.646617,15
4632,-4.312177,30
4633,3.028216,30
4634,-3.363239,30
4635,2.211273,30
4636,2.000916,19
4637,1.008615,20
4638,2.857037,30
4639,-12.727556,28
4640,-0.919076,30
4641,-0.349664,30
4642,1.541404,16
4643,-3.583609,16
4644,-2.068529,30
4645,1.783675,14
4646,-1.695529,30
4647,-2.954422,25
4648,-3.400981,29
4649,1.532853,30
4650,-0.086689,30
4651,-2.627489,25
4652,0.145036,16
4653,-4.523848,30
4654,-3.679913,30
4655,-0.299713,20
4656,0.443002,26
4657,0.14803,30
4658,1.864916,30
4659,3.036281,30
4660,1.314419,11
4661,0.005739,26
4662,0.76417,29
4663,-0.050329,30
4664,2.508417,25
4665,4.046567,29
4666,-5.201519,30
4667,0.353228,30
4668,3.851318,22
4669,2.00739,14
4670,-0.681829,19
4671,3.263306,30
4672,3.05099,17
4673,-2.424583,30
4674,0.412191,18
4675,1.417383,30
4676,0.288426,13
4677,3.640634,26
4678,-0.182253,9
4679,0.504963,15
4680,3.271374,17
4681,0.751086,28
4682,-2.236823,30
4683,-4.95278,25
4684,3.099987,27
4685,2.920323,29
4686,-1.045606,30
4687,1.669035,18
4688,0.89099,30
4689,3.204397,23
4690,2.675967,11
4691,3.051157,30
4692,-1.91115,19
4693,-2.649471,24
4694,-1.629575,30
4695,1.39626,30
4696,-3.587724,30
4697,0.201469,27
4698,0.147571,26
4699,-8.649008,30
4700,-0.674008,13
4701,1.082175,26
4702,0.481296,26
4703,1.659595,30
4704,0.842115,30
4705,2.975255,22
4706,-1.663547,30
4707,2.300722,23
4708,-1.786703,28
4709,2.515164,24
4710,0.387621,16
4711,3.217536,14
4712,1.701789,24
4713,0.004525,30
4714,-3.260701,23
4715,1.054997,30
4716,3.772355,19
4717,2.780872,26
4718,1.634676,30
4719,-2.013941,27
4720,1.586183,21
4721,1.036566,19
4722,1.853351,16
4723,-2.266577,25
4724,-0.731725,26
4725,-2.106079,29
4726,-0.256365,30
4727,2.732853,14
4728,0.729366,25
4729,3.045546,28
4730,0.933653,29
4731,-2.919945,30
4732,-0.258358,30
4733,-4.993564,30
4734,-1.325107,12
4735,4.089042,24
4736,-0.457601,25
4737,-6.117538,30
4738,2.457659,27
4739,-1.585685,22
4740,1.821261,10
4741,-1.226632,22
4742,-2.049981,23
4743,1.991467,20
4744,0.56045,23
4745,3.012195,30
4746,0.951308,26
4747,0.607874,30
4748,1.449484,27
4749,-1.667669,19
4750,-0.56643,30
4751,0.103453,23
4752,1.729439,17
4753,-0.137114,30
4754,-4.453225,24
4755,0.778186,30
4756,3.983917,30
4757,1.538797,26
4758,-2.208696,30
4759,2.354547,16
4760,-1.308045,25
4761,-0.968362,30
4762,1.99674,29
4763,-0.608233,30
4764,-5.572481,23
4765,-2.205631,22
4766,-2.333262,24
4767,2.941595,23
4768,2.138629,25
4769,-0.554776,24
4770,-0.688807,30
4771,-2.932769,30
4772,2.120036,26
4773,-2.815473,30
4774,0.231419,16
4775,1.879377,25
4776,-3.807931,18
4777,1.572174,23
4778,-0.901229,30
4779,-2.013332,30
4780,-2.212609,19
4781,-0.619057,16
4782,3.161761,25
4783,1.485645,30
4784,1.876313,30
4785,-0.251022,24
4786,-1.240366,15
4787,-0.981417,18
4788,0.503175,18
4789,1.427059,30
4790,-1.047871,21
4791,-2.326559,22
4792,0.99694,17
4793,-1.43557,13
4794,2.239581,23
4795,2.075684,30
4796,-1.038635,23
4797,0.2485,30
4798,2.274546,30
4799,2.580267,29
4800,-0.155535,30
4801,2.185687,24
4802,-1.207366,22
4803,1.753166,12
4804,2.228558,20
4805,0.405988,24
4806,1.258539,22
4807,0.852932,30
4808,2.351154,22
4809,-2.94701,30
4810,0.925926,30
4811,1.859795,22
4812,1.204068,16
4813,-0.251609,9
4814,-1.202648,15
4815,-0.316979,22
4816,1.399267,30
4817,-10.675947,30
4818,-1.554626,19
4819,0.961748,30
4820,1.918991,16
4821,2.433061,21
4822,1.551089,21
4823,-1.77628,25
4824,-5.584973,30
4825,1.952395,22
4826,0.691017,30
4827,-1.381816,17
4828,-1.633321,19
4829,2.008287,30
4830,-0.071623,18
4831,-1.554828,29
4832,0.858164,27
4833,-0.099981,30
4834,2.206246,18
4835,2.58765,28
4836,2.214821,30
4837,-1.94912,17
4838,-5.692833,30
4839,0.064035,30
4840,0.660358,14
4841,-0.54827,30
4842,0.364511,23
4843,1.922878,30
4844,-1.795387,27
4845,0.436379,30
4846,1.67377,30
4847,-2.668238,30
4848,-1.834716,20
4849,2.105367,23
4850,-3.862294,21
4851,2.08238,28
4852,1.055096,26
4853,1.370083,30
4854,1.271965,30
4855,-1.724718,30
4856,0.461203,14
4857,2.171617,29
4858,-0.184657,30
4859,0.470914,19
4860,-6.392616,21
4861,-0.055383,20
4862,-0.737349,23
4863,-2.302192,17
4864,1.962604,19
4865,2.121969,20
4866,2.442316,20
4867,-1.512749,23
4868,1.307709,30
4869,1.260326,21
4870,3.65933,30
4871,0.905487,18
4872,2.033749,28
4873,4.064747,19
4874,-5.26105,20
4875,-0.918573,15
4876,1.969677,19
4877,0.016018,21
4878,1.237256,19
4879,4.057358,26
4880,1.223436,22
4881,-7.468283,20
4882,-5.826411,22
4883,-4.409994,18
4884,0.350266,28
4885,2.528722,29
4886,1.625033,20
4887,-3.457261,30
4888,-3.550459,30
4889,-2.966618,30
4890,-0.419309,20
4891,-0.975008,24
4892,-3.059053,30
4893,1.807758,30
4894,2.160415,25
4895,-1.973246,11
4896,-0.021788,30
4897,0.949426,28
4898,-1.766335,29
4899,-1.635901,22
4900,-0.898207,25
4901,0.633181,29
4902,0.200796,9
4903,0.807972,21
4904,-2.303174,30
4905,0.149328,30
4906,-2.05868,23
4907,3.225586,30
4908,2.269027,23
4909,2.171171,10
4910,1.703336,17
4911,-0.031234,30
4912,1.468194,30
4913,-0.463985,15
4914,-0.502808,30
4915,3.430202,27
4916,0.751494,26
4917,-0.334515,13
4918,1.682827,18
4919,2.105187,30
4920,-5.867334,30
4921,-0.309181,17
4922,-0.513852,30
4923,-2.599787,30
4924,2.900374,22
4925,-0.79386,30
4926,2.019927,30
4927,-3.584558,30
4928,0.86828,11
4929,-0.881965,20
4930,-3.432334,19
4931,-4.354184,16
4932,-8.213091,30
4933,-2.351459,26
4934,3.274632,26
4935,-2.577615,30
4936,0.222297,19
4937,1.410662,30
4938,-0.959052,30
4939,-0.366481,26
4940,0.871443,28
4941,3.205947,30
4942,-0.978285,30
4943,0.937467,18
4944,-2.124378,24
4945,-2.974064,30
4946,1.800477,30
4947,1.330635,20
4948,3.318715,30
4949,0.971318,13
4950,-1.33421,30
4951,-4.246724,29
4952,-0.650532,19
4953,1.856106,27
4954,-0.32478,24
4955,-2.002358,26
4956,0.74541,30
4957,-2.433041,25
4958,-3.766365,30
4959,4.127833,24
4960,-1.255911,30
4961,-1.032532,25
4962,0.513127,17
4963,1.047567,30
4964,1.204427,20
4965,0.748152,16
4966,-0.732894,15
4967,-4.772632,25
4968,-5.042344,30
4969,2.856405,27
4970,-0.123407,30
4971,-5.781644,30
4972,0.903498,20
4973,1.938111,30
4974,0.642176,20
4975,2.832009,30
4976,-1.136795,30
4977,-1.085815,19
4978,1.026456,30
4979,2.722463,23
4980,-2.281901,22
4981,-1.666442,30
4982,3.293123,26
4983,0.055426,20
4984,-1.483887,27
4985,-0.231418,16
4986,1.546555,26
4987,0.948219,23
4988,3.083381,30
4989,-0.476089,18
4990,0.89138,19
4991,0.287504,21
4992,2.648224,30
4993,-2.489678,19
4994,-3.023431,27
4995,-0.240416,19
4996,1.365856,26
4997,-2.943716,18
4998,-0.940513,30
4999,-4.426327,27
5000,2.20168,30
5001,4.312655,24
5002,-2.377945,24
5003,-3.615833,28
5004,1.400516,22
5005,-0.95938,16
5006,-2.284217,30
5007,-1.461766,30
5008,-1.850213,11
5009,0.743389,19
5010,-13.05882,26
5011,2.734352,26
5012,-0.562048,12
5013,-2.172453,30
5014,1.182013,30
5015,0.510754,14
5016,1.044381,30
5017,-2.167921,18
5018,-0.078969,25
5019,1.991121,30
5020,2.354994,30
5021,1.639543,30
5022,-0.309189,30
5023,-8.097807,30
5024,-4.78509,15
5025,-0.01705,30
5026,1.28106,29
5027,0.291662,25
5028,2.529181,27
5029,-9.201662,30
5030,2.515079,30
5031,-0.579567,30
5032,-0.183949,30
5033,-0.495681,11
5034,-1.15351,25
5035,-2.131058,24
5036,-3.630687,16
5037,-6.067107,30
5038,3.061093,14
5039,-1.584411,30
5040,-2.493455,19
5041,-0.185412,21
5042,1.569577,30
5043,0.773878,17
5044,4.228444,30
5045,-1.664266,29
5046,1.09934,30
5047,-0.976897,30
5048,-1.019142,23
5049,1.223343,25
5050,3.650228,29
5051,1.255841,20
5052,-1.675589,30
5053,2.15867,30
5054,-1.968723,30
5055,-0.71362,30
5056,-0.269128,24
5057,1.693268,20
5058,-3.839252,12
5059,-0.136228,18
5060,1.037979,18
5061,1.671972,20
5062,-0.433066,22
5063,-4.004756,20
5064,2.045632,30
5065,-1.664792,18
5066,0.304499,24
5067,2.434504,30
5068,2.955313,30
5069,1.266987,20
5070,-4.386345,30
5071,-0.631496,16
5072,-1.268128,16
5073,0.373649,30
5074,3.572413,17
5075,1.614624,30
5076,3.152974,30
5077,-0.449567,28
5078,-7.419394,30
5079,1.960024,30
5080,-3.848492,26
5081,-3.68592,24
5082,3.002236,22
5083,3.007873,30
5084,1.954676,30
5085,1.177445,17
5086,0.04839,28
5087,3.257646,30
5088,1.5407,28
5089,2.303864,30
5090,1.95582,30
5091,2.031041,29
5092,-1.356947,30
5093,4.004452,16
5094,2.160569,28
5095,0.673422,25
5096,0.832278,22
5097,-5.430906,30
5098,1.680506,16
5099,0.518902,28
5100,0.917976,20
5101,-2.253063,18
5102,1.903951,30
5103,-2.775197,28
5104,0.753775,30
5105,-2.924827,30
5106,-8.794582,24
5107,0.10557,16
5108,1.944229,29
5109,1.007088,30
5110,-4.73082,30
5111,1.678685,28
5112,-3.010404,12
5113,-0.104667,30
5114,-0.72953,30
5115,1.643633,22
5116,0.453515,24
5117,1.78684,27
5118,0.738638,30
5119,2.050026,30
5120,-0.170247,11
5121,0.147476,30
5122,2.675846,29
5123,1.211749,21
5124,-2.494729,23
5125,-0.958633,27
5126,1.194344,26
5127,-2.251409,29
5128,-4.903834,28
5129,0.772207,28
5130,0.762565,29
5131,0.587229,30
5132,2.749194,25
5133,0.924934,14
5134,-2.922322,12
5135,-0.403443,22
5136,0.351458,30
5137,-0.619653,15
5138,1.030043,30
5139,-4.750741,26
5140,-0.899102,23
5141,-4.575437,22
5142,-0.337304,30
5143,-2.01593,30
5144,-1.780413,30
5145,-9.308948,23
5146,-5.215331,19
5147,1.238871,30
5148,-0.696304,17
5149,-1.323709,30
5150,-1.701202,17
5151,-0.337164,30
5152,0.117807,9
5153,1.961791,29
5154,2.247434,29
5155,-0.098694,21
5156,0.880707,26
5157,-0.073668,30
5158,1.843684,29
5159,1.287612,26
5160,1.337647,14
5161,-1.216781,28
5162,-1.287227,15
5163,-6.317899,30
5164,2.271314,21
5165,1.779836,27
5166,2.067349,30
5167,-2.014279,30
5168,1.335508,24
5169,-4.302634,30
5170,1.645803,30
5171,1.932965,30
5172,2.20475,24
5173,2.356205,30
5174,-0.283457,30
5175,2.097971,30
5176,-3.974057,19
5177,2.113522,27
5178,1.024792,30
5179,-5.891929,16
5180,-0.338926,21
5181,-1.466833,29
5182,0.975355,30
5183,-0.529535,17
5184,1.66294,15
5185,0.190427,19
5186,2.921866,27
5187,-3.72237,10
5188,0.90526,30
5189,-3.992611,30
5190,-0.100343,30
5191,-2.484291,27
5192,4.051059,29
5193,2.841327,27
5194,1.200955,30
5195,1.248972,30
5196,1.925231,19
5197,3.67444,29
5198,1.679413,24
5199,0.386531,15
5200,0.664272,21
5201,1.24785,23
5202,-4.191138,20
5203,0.752004,18
5204,-0.174302,15
5205,0.380083,30
5206,1.851027,25
5207,-1.41348,30
5208,-4.330421,29
5209,-0.32219,26
5210,0.714818,28
5211,-0.732957,30
5212,0.978778,30
5213,-3.493938,19
5214,-0.709861,24
5215,1.239879,13
5216,-2.049956,19
5217,-1.153864,17
5218,-2.697705,19
5219,2.8129,16
5220,0.386978,29
5221,1.250923,28
5222,-1.775551,30
5223,2.603537,28
5224,2.650041,18
5225,1.126081,30
5226,-2.169964,30
5227,0.68666,20
5228,1.672696,30
5229,2.057776,26
5230,2.266919,30
5231,1.85939,25
5232,3.063553,25
5233,0.802152,25
5234,-4.174587,27
5235,1.550148,30
5236,1.444762,25
5237,2.807753,28
5238,-0.571101,30
5239,-0.212048,30
5240,-1.050381,25
5241,2.047949,27
5242,0.657293,30
5243,-2.773643,30
5244,1.887,21
5245,-1.154665,30
5246,3.641408,29
5247,1.280411,16
5248,-0.050324,23
5249,-0.289944,21
5250,0.808291,12
5251,1.949559,14
5252,0.476637,27
5253,1.551654,29
5254,3.178918,19
5255,-4.905814,30
5256,2.598467,29
5257,2.981941,26
5258,-2.712265,24
5259,-1.879843,30
5260,2.267708,20
5261,-2.66875,13
5262,2.5816,16
5263,2.870104,30
5264,-1.516824,30
5265,2.112155,16
5266,1.060879,30
5267,0.53031,22
5268,0.408854,27
5269,0.471569,30
5270,-3.030019,30
5271,1.773492,30
5272,-0.129184,30
5273,0.549897,25
5274,1.478505,21
5275,2.668575,19
5276,2.965393,19
5277,1.110809,29
5278,2.771695,14
5279,1.84701,30
5280,0.80098,25
5281,0.428543,30
5282,-6.647226,16
5283,1.866628,30
5284,-0.209175,24
5285,-0.08565,19
5286,0.860643,30
5287,1.623524,20
5288,1.475914,14
5289,2.298806,28
5290,3.470352,26
5291,1.188413,26
5292,-4.77593,27
5293,-1.395824,30
5294,2.761462,27
5295,0.49386,14
5296,-5.075305,30
5297,2.949234,23
5298,-0.964254,30
5299,-0.401956,24
5300,2.656615,17
5301,-1.251799,30
5302,-1.733819,28
5303,1.325415,13
5304,-8.299462,18
5305,-4.502477,18
5306,2.603099,27
5307,1.417256,24
5308,0.232736,30
5309,-0.243218,30
5310,-0.016449,30
5311,-1.517739,23
5312,1.166947,30
5313,-2.724667,29
5314,-7.772545,24
5315,-0.316504,13
5316,-0.342074,18
5317,1.336284,18
5318,-3.423061,15
5319,-3.194416,26
5320,-3.39475,22
5321,2.676615,24
5322,1.480972,29
5323,-2.409036,14
5324,0.839379,30
5325,1.160246,12
5326,0.505606,30
5327,2.631221,30
5328,-1.914285,26
5329,-1.14163,30
5330,-2.679154,30
5331,-2.493562,26
5332,-0.709183,25
5333,3.231779,25
5334,2.523218,30
5335,0.490962,19
5336,-4.324516,30
5337,2.583233,29
5338,-5.92454,27
5339,-2.306853,11
5340,-0.653196,19
5341,-2.095095,13
5342,0.420066,21
5343,2.600093,30
5344,4.010281,26
5345,0.745928,22
5346,-0.741524,15
5347,0.370125,17
5348,-4.174256,30
5349,4.105461,29
5350,1.206377,26
5351,0.343599,17
5352,0.573498,25
5353,3.006689,18
5354,0.011152,27
5355,2.344266,21
5356,0.838133,24
5357,2.362923,22
5358,-4.519124,15
5359,-0.427035,12
5360,2.740538,23
5361,1.902088,26
5362,0.504141,29
5363,-0.619673,29
5364,-0.992837,11
5365,0.444117,30
5366,-1.164526,19
5367,-1.642431,14
5368,2.077843,30
5369,-1.896627,25
5370,0.911447,30
5371,-1.299536,23
5372,-2.459212,20
5373,-2.044463,18
5374,-2.217781,30
5375,-0.774809,17
5376,0.610902,30
5377,0.010578,30
5378,3.137102,16
5379,1.124992,29
5380,1.952019,20
5381,3.035034,30
5382,2.751257,13
5383,3.043675,19
5384,-4.696727,28
5385,1.847918,30
5386,-1.788099,14
5387,-0.366397,30
5388,-5.217088,30
5389,-3.948152,27
5390,1.907698,27
5391,1.571982,30
5392,-4.144596,26
5393,-1.926575,22
5394,-0.902435,19
5395,-3.399021,30
5396,2.02296,30
5397,0.157876,22
5398,0.622054,17
5399,2.137251,17
5400,1.107006,27
5401,1.893391,30
5402,-6.340497,30
5403,1.970914,25
5404,3.383528,30
5405,-1.279704,21
5406,-1.577228,29
5407,-1.725181,22
5408,0.837168,30
5409,2.807583,21
5410,-14.071442,30
5411,0.857496,30
5412,-3.014076,27
5413,0.094477,30
5414,-0.535766,25
5415,1.499082,14
5416,1.337123,24
5417,2.251665,18
5418,3.133638,30
5419,2.18159,26
5420,0.688361,27
5421,-0.681269,28
5422,3.801567,30
5423,2.413471,28
5424,0.675879,16
5425,-6.607309,30
5426,-4.23055,24
5427,-2.618973,19
5428,-1.220251,20
5429,3.417186,23
5430,2.872116,18
5431,3.181343,30
5432,-0.683249,22
5433,-1.655614,25
5434,-2.569864,20
5435,1.141888,30
5436,1.092601,30
5437,-0.682526,16
5438,2.869372,29
5439,-3.577677,21
5440,-6.067702,27
5441,-2.330644,30
5442,-4.404191,29
5443,-0.043507,27
5444,0.381391,30
5445,1.753086,30
5446,3.402347,30
5447,-0.203308,22
5448,1.264636,30
5449,2.536629,28
5450,3.908601,20
5451,3.196028,30
5452,1.84174,19
5453,2.249161,24
5454,-7.653505,23
5455,3.965018,29
5456,-3.244217,27
5457,0.921905,29
5458,1.439292,17
5459,-0.450632,16
5460,4.24753,30
5461,-0.402534,17
5462,2.319934,30
5463,0.547431,18
5464,0.578089,29
5465,-0.961618,30
5466,-2.758862,24
5467,1.257955,30
5468,-9.913001,22
5469,1.285283,30
5470,-1.834154,29
5471,1.010137,30
5472,-0.288452,21
5473,-3.947231,21
5474,3.127403,23
5475,1.940396,30
5476,-3.755496,29
5477,2.097418,19
5478,0.848599,12
5479,-3.238234,21
5480,1.786182,30
5481,1.840326,15
5482,3.128291,27
5483,-2.386522,28
5484,-0.219387,20
5485,2.277481,24
5486,0.376721,12
5487,-3.979317,30
5488,3.056233,24
5489,3.268156,25
5490,1.291391,14
5491,1.781758,23
5492,1.49077,17
5493,-0.420959,24
5494,3.379721,30
5495,1.187343,30
5496,3.044758,21
5497,0.010566,30
5498,-2.427994,30
5499,1.795465,17
5500,-0.335191,30
5501,-2.028212,30
5502,-1.397434,30
5503,3.571118,27
5504,0.483753,25
5505,1.48307,22
5506,-0.39208,29
5507,-1.422297,20
5508,-1.849224,30
5509,-3.398885,30
5510,-1.336824,30
5511,-4.335111,17
5512,4.289237,18
5513,-0.279766,30
5514,1.684591,28
5515,0.934759,14
5516,1.694145,30
5517,3.957762,29
5518,3.062659,25
5519,-2.331448,30
5520,0.512945,29
5521,1.505957,30
5522,-3.753533,29
5523,0.237065,30
5524,0.131307,16
5525,0.997002,17
5526,2.685684,20
5527,1.592302,28
5528,1.761354,26
5529,1.085932,30
5530,-0.335979,17
5531,2.908228,19
5532,-2.173199,23
5533,2.384115,11
5534,-3.553154,30
5535,-1.230732,30
5536,0.637597,30
5537,-1.423141,30
5538,0.837439,27
5539,1.539734,12
5540,-2.255048,17
5541,-0.342874,30
5542,2.313538,22
5543,-1.281391,16
5544,-4.191653,21
5545,1.70469,21
5546,2.582842,29
5547,3.22563,21
5548,3.287097,30
5549,-4.504058,28
5550,-0.323519,30
5551,1.18491,30
5552,-0.037882,30
5553,3.190569,30
5554,-0.076003,30
5555,0.434064,20
5556,2.396086,22
5557,-1.360379,22
5558,3.333461,30
5559,1.493363,22
5560,-4.076176,16
5561,-0.165922,12
5562,0.567044,26
5563,-4.221791,18
5564,2.838145,27
5565,1.074198,25
5566,1.640436,19
5567,0.970331,26
5568,0.724072,16
5569,0.508768,16
5570,-1.416854,20
5571,3.564403,24
5572,2.452896,30
5573,-4.601955,22
5574,0.42807,17
5575,0.322365,28
5576,-1.767985,19
5577,2.329203,15
5578,3.509415,28
5579,-2.27166,26
5580,0.712679,22
5581,1.799729,30
5582,2.840978,14
5583,2.969955,15
5584,0.87685,21
5585,-2.665646,26
5586,-4.825518,26
5587,0.323987,30
5588,1.685415,28
5589,1.11523,21
5590,1.8699,30
5591,1.628785,26
5592,2.470514,25
5593,0.551354,25
5594,0.70839,11
5595,-0.337689,28
5596,0.595496,30
5597,2.249844,25
5598,1.058737,19
5599,1.43933,22
5600,-1.716526,30
5601,1.09636,12
5602,-0.408774,27
5603,1.493992,30
5604,-3.986939,23
5605,-2.483809,17
5606,-0.696336,30
5607,3.043235,30
5608,2.182018,18
5609,-2.357837,25
5610,1.456952,13
5611,3.465681,30
5612,1.10578,24
5613,-2.316085,24
5614,-2.685579,25
5615,-0.231354,29
5616,1.085682,20
5617,2.065458,20
5618,-0.640002,25
5619,3.303821,30
5620,1.178183,24
5621,1.025832,22
5622,0.316336,20
5623,-2.136442,24
5624,-2.25829,30
5625,2.674121,26
5626,1.574325,25
5627,-3.435862,18
5628,1.822384,23
5629,3.247952,25
5630,0.857264,26
5631,1.45655,23
5632,0.110027,24
5633,1.070874,18
5634,-5.187921,30
5635,2.498174,30
5636,-1.951085,19
5637,0.360725,23
5638,-2.057573,30
5639,1.236265,30
5640,0.377366,14
5641,0.397734,10
5642,1.104939,30
5643,2.933856,24
5644,-7.864071,20
5645,-2.664967,28
5646,2.242704,18
5647,1.943773,30
5648,-8.593997,25
5649,3.415504,23
5650,2.339301,12
5651,-0.944601,30
5652,1.523497,26
5653,2.257004,21
5654,1.319434,22
5655,0.512153,21
5656,-0.600904,24
5657,-6.005629,30
5658,1.272632,20
5659,-5.675186,28
5660,1.089548,17
5661,0.544407,30
5662,0.996479,18
5663,-2.818095,30
5664,-6.430511,28
5665,-1.409075,23
5666,3.21611,26
5667,0.27702,30
5668,-0.205008,30
5669,2.522221,26
5670,-0.680316,21
5671,1.995224,30
5672,1.410737,30
5673,1.434943,30
5674,2.27665,30
5675,-0.764765,24
5676,2.016597,30
5677,3.00861,28
5678,0.318552,17
5679,1.300101,12
5680,-1.750759,25
5681,0.066472,25
5682,-1.699898,30
5683,-0.062774,25
5684,-1.637931,22
5685,-1.040466,13
5686,1.844573,15
5687,0.802161,14
5688,-0.289699,18
5689,3.075376,30
5690,-0.365596,28
5691,-1.167325,15
5692,-1.522798,30
5693,0.877182,28
5694,2.731479,28
5695,2.974135,17
5696,3.106929,30
5697,1.419042,21
5698,-0.700813,30
5699,2.317785,17
5700,-5.909906,30
5701,-4.862989,26
5702,-0.40672,19
5703,-1.863693,26
5704,-0.050469,30
5705,0.054023,28
5706,-9.204996,30
5707,3.808257,28
5708,1.541801,30
5709,-1.001051,30
5710,3.156555,30
5711,0.912573,23
5712,0.031894,30
5713,-3.011576,23
5714,-3.386372,20
5715,-2.127652,19
5716,1.769428,11
5717,0.888187,30
5718,2.095609,24
5719,2.074413,23
5720,-1.84431,26
5721,-1.586749,30
5722,-5.9848,30
5723,-0.964563,30
5724,1.533795,30
5725,0.364394,24
5726,1.061177,22
5727,1.392223,24
5728,2.146275,30
5729,3.362488,29
5730,-4.459915,16
5731,1.345011,30
5732,2.42008,26
5733,0.628613,30
5734,2.23734,27
5735,2.028593,30
5736,0.479275,30
5737,2.964019,29
5738,1.574687,30
5739,1.209857,19
5740,0.764796,16
5741,-0.806396,30
5742,-6.247894,30
5743,-6.262264,22
5744,2.502933,17
5745,-1.197144,30
5746,2.884314,15
5747,0.951841,24
5748,3.459691,26
5749,-1.106681,23
5750,1.425798,20
5751,-2.824928,25
5752,0.533975,21
5753,-0.540427,30
5754,1.355738,30
5755,1.594375,27
5756,0.570827,20
5757,1.010868,30
5758,-1.505116,20
5759,-0.202322,15
5760,2.181429,30
5761,2.887882,18
5762,-0.502238,30
5763,1.878887,30
5764,0.846922,14
5765,1.312264,25
5766,0.520817,23
5767,2.082716,30
5768,1.605619,30
5769,1.133652,20
5770,0.114611,17
5771,-5.62698,20
5772,0.501516,20
5773,-5.993604,30
5774,2.893021,27
5775,1.074933,30
5776,-0.721698,30
5777,0.709608,23
5778,1.116502,23
5779,2.421032,21
5780,3.621719,16
5781,0.227785,9
5782,2.292311,21
5783,2.735293,30
5784,3.013881,23
5785,-0.748491,15
5786,1.253239,30
5787,0.788026,26
5788,1.975358,29
5789,0.702177,17
5790,0.088557,14
5791,1.036985,20
5792,-0.371006,26
5793,-5.241355,21
5794,-0.527301,11
5795,-0.624695,23
5796,4.123934,30
5797,0.600932,30
5798,-8.516412,21
5799,-6.656339,21
5800,-1.370418,30
5801,2.395463,30
5802,1.956575,12
5803,3.49758,29
5804,-0.760265,30
5805,-0.078639,30
5806,2.17976,30
5807,0.743866,30
5808,-3.753704,25
5809,1.015473,30
5810,2.869228,21
5811,-1.093555,27
5812,2.973936,30
5813,2.090218,22
5814,1.939403,30
5815,1.179856,30
5816,-3.783369,30
5817,-0.231917,19
5818,-5.687724,30
5819,1.561611,30
5820,-3.262222,30
5821,-3.636686,22
5822,1.266109,30
5823,-0.206597,28
5824,2.387642,27
5825,-0.835408,13
5826,-1.198309,23
5827,-2.238381,10
5828,-4.658078,26
5829,3.014892,30
5830,-2.863674,30
5831,0.863211,30
5832,1.482631,30
5833,0.44287,19
5834,-3.250417,13
5835,1.351938,17
5836,-7.96639,30
5837,1.566045,24
5838,2.112,25
5839,1.56863,30
5840,2.357922,30
5841,2.343776,30
5842,-1.687896,30
5843,2.593802,17
5844,3.736708,17
5845,2.252939,29
5846,2.237651,30
5847,2.515903,19
5848,-1.786665,16
5849,-1.3696,30
5850,0.391936,23
5851,2.691485,21
5852,-0.035167,23
5853,-3.234251,27
5854,-2.220065,30
5855,-2.171152,29
5856,-4.604933,30
5857,2.613566,29
5858,1.456996,30
5859,-3.983025,27
5860,-6.765947,30
5861,0.537775,27
5862,-0.396972,30
5863,-5.309346,29
5864,-0.449018,17
5865,1.400028,24
5866,-0.924271,30
5867,0.73822,24
5868,-0.019593,30
5869,-1.234543,30
5870,2.014361,16
5871,-0.302251,26
5872,1.349021,20
5873,1.87407,30
5874,-2.952885,16
5875,2.309876,25
5876,2.339756,20
5877,-2.702544,30
5878,-1.389033,13
5879,0.378921,30
5880,1.470269,30
5881,-3.537105,30
5882,-0.597486,20
5883,1.858238,20
5884,-4.278989,30
5885,-2.796598,19
5886,-0.102973,26
5887,-2.917616,30
5888,2.151502,30
5889,2.739095,26
5890,-0.234687,30
5891,0.365705,30
5892,1.483729,29
5893,2.836882,30
5894,1.119301,21
5895,3.128986,28
5896,0.762752,25
5897,1.365257,22
5898,2.588894,11
5899,-0.046766,15
5900,2.574809,27
5901,2.148351,17
5902,2.448024,25
5903,0.828917,30
5904,3.347066,30
5905,-2.117859,30
5906,-2.937816,27
5907,-6.666721,30
5908,2.441842,30
5909,1.194352,12
5910,0.147955,18
5911,-6.612907,30
5912,-1.509037,30
5913,0.408308,17
5914,3.209742,30
5915,0.768729,30
5916,-0.518425,14
5917,0.191085,19
5918,-2.072181,30
5919,2.067754,30
5920,-1.793648,30
5921,-0.876284,26
5922,3.249622,29
5923,1.151345,30
5924,4.022636,20
5925,2.001126,30
5926,2.16416,26
5927,-2.6606,30
5928,3.535999,26
5929,-0.586727,30
5930,-0.038875,23
5931,2.672151,30
5932,-7.639527,22
5933,0.720655,19
5934,0.512377,11
5935,-0.015671,30
5936,2.622437,18
5937,0.867729,27
5938,1.94922,22
5939,-3.476671,30
5940,-1.201153,28
5941,2.531257,19
5942,1.91504,30
5943,-4.584176,21
5944,0.532427,27
5945,1.189768,30
5946,-4.824036,23
5947,-0.205262,30
5948,3.909908,29
5949,-2.022988,22
5950,3.038621,30
5951,0.449475,10
5952,1.946038,30
5953,-2.684414,30
5954,-0.677447,23
5955,2.976189,20
5956,-0.269557,18
5957,0.80296,18
5958,0.817241,30
5959,-1.919678,30
5960,2.676433,27
5961,-1.357955,29
5962,1.904506,30
5963,1.20184,30
5964,-2.065315,14
5965,0.154679,30
5966,3.600133,28
5967,1.51163,25
5968,0.349884,25
5969,2.823528,17
5970,0.265045,15
5971,-3.069483,29
5972,-0.359429,24
5973,2.343087,17
5974,-0.754118,28
5975,2.804678,21
5976,-1.037699,12
5977,-4.681595,30
5978,-0.017443,21
5979,1.907837,29
5980,-0.304758,30
5981,-0.383728,24
5982,-2.482594,18
5983,-2.959102,30
5984,-1.298679,13
5985,2.869547,22
5986,-0.035951,23
5987,2.813919,19
5988,-6.013371,30
5989,1.095099,30
5990,1.587234,20
5991,2.73533,30
5992,-6.98318,30
5993,-0.704298,17
5994,-6.571462,20
5995,0.586338,30
5996,2.34073,17
5997,2.635324,17
5998,-0.113435,18
5999,-2.694407,26
6000,-1.702451,25
6001,1.796055,29
6002,1.061628,15
6003,0.606823,29
6004,1.284121,14
6005,-0.685591,30
6006,-0.711005,30
6007,0.288607,24
6008,0.190204,14
6009,-2.732783,30
6010,-0.91747,30
6011,3.373234,23
6012,-7.289416,28
6013,-1.649629,30
6014,-0.18328,25
6015,2.010202,25
6016,1.573244,23
6017,1.444864,22
6018,-1.628241,30
6019,2.348265,11
6020,3.187816,30
6021,1.855889,30
6022,1.529471,28
6023,-4.13691,30
6024,2.698091,27
6025,2.333777,20
6026,-2.553146,26
6027,0.288043,30
6028,3.513575,21
6029,1.397083,30
6030,2.176208,30
6031,2.32286,29
6032,-5.184738,28
6033,-2.046817,15
6034,2.669217,22
6035,2.572682,26
6036,2.289707,30
6037,1.441353,19
6038,-3.50173,30
6039,1.162033,30
6040,-4.165959,30
6041,-0.330155,24
6042,2.624355,19
6043,2.079264,30
6044,2.12346,30
6045,-4.253589,19
6046,3.446366,25
6047,-0.207071,30
6048,3.134338,30
6049,0.211588,20
6050,-2.123237,30
6051,0.71709,30
6052,0.287436,19
6053,-0.599919,20
6054,-0.673844,29
6055,2.747074,24
6056,3.373622,24
6057,-0.280959,30
6058,2.322104,22
6059,-1.266557,15
6060,0.151828,26
6061,0.257296,27
6062,0.065574,24
6063,1.205034,30
6064,-3.511824,26
6065,2.400174,12
6066,-7.148125,30
6067,2.828453,14
6068,1.105228,13
6069,1.578217,30
6070,2.707213,25
6071,2.186917,28
6072,0.090278,30
6073,-2.453196,30
6074,1.157199,30
6075,-3.285274,23
6076,-3.955652,30
6077,-2.163121,28
6078,-1.676769,15
6079,-1.538269,19
6080,3.777361,24
6081,-1.598343,30
6082,1.226518,11
6083,-0.010944,26
6084,0.28903,25
6085,-2.696165,30
6086,0.187986,30
6087,1.96673,30
6088,-1.905882,30
6089,0.847357,30
6090,-1.562612,30
6091,2.864433,19
6092,2.693266,27
6093,2.355976,26
6094,-3.846729,24
6095,1.230623,30
6096,1.90969,30
6097,2.882281,27
6098,0.956416,30
6099,4.117441,16
6100,3.151667,30
6101,3.585886,27
6102,2.946861,26
6103,2.712599,30
6104,-3.272021,30
6105,1.438235,30
6106,1.56012,20
6107,-2.568437,28
6108,2.95686,27
6109,0.625987,30
6110,-1.963052,8
6111,-0.302376,30
6112,-2.130098,29
6113,2.193299,29
6114,-12.539895,30
6115,-2.407195,24
6116,3.036524,23
6117,3.416694,30
6118,2.650396,30
6119,-3.186368,23
6120,2.929626,26
6121,-1.633596,22
6122,-1.944473,30
6123,0.271473,29
6124,1.784117,30
6125,2.958095,23
6126,3.670153,23
6127,1.016604,30
6128,-2.215404,30
6129,-8.100734,30
6130,0.963006,28
6131,-2.143366,30
6132,3.429334,30
6133,2.258104,12
6134,-0.952969,21
6135,-3.7154,30
6136,-4.659513,17
6137,2.273164,30
6138,-0.908089,30
6139,2.160597,30
6140,1.999888,24
6141,1.068902,30
6142,0.238258,17
6143,2.404495,29
6144,-3.496446,30
6145,0.337482,30
6146,1.430606,30
6147,3.248946,30
6148,-0.465313,30
6149,0.947746,30
6150,0.37392,30
6151,2.593433,22
6152,-1.530293,30
6153,-0.574357,29
6154,2.158868,18
6155,1.085945,14
6156,-1.500889,30
6157,-6.124046,30
6158,1.817642,30
6159,2.285308,30
6160,-0.506369,18
6161,-0.701563,30
6162,-0.941579,30
6163,1.491651,23
6164,-4.12716,30
6165,-4.993072,30
6166,1.814904,30
6167,1.666342,25
6168,-2.206381,26
6169,1.452891,19
6170,1.002601,20
6171,1.921478,21
6172,-0.446867,20
6173,-1.354156,25
6174,2.419394,23
6175,1.395392,30
6176,2.015498,20
6177,0.86754,16
6178,1.981978,15
6179,-1.709999,21
6180,0.819891,28
6181,-1.32206,19
6182,3.005814,19
6183,3.633051,25
6184,2.86421,17
6185,0.189652,30
6186,1.154344,19
6187,-4.209634,30
6188,-0.081681,30
6189,0.747887,30
6190,-2.09059,30
6191,-0.4,30
6192,2.0774,26
6193,2.276086,30
6194,-0.445506,30
6195,-1.061826,24
6196,1.667984,10
6197,-1.817704,12
6198,2.912458,26
6199,1.034981,25
6200,-1.817527,22
6201,-1.06807,19
6202,0.413981,18
6203,0.803566,20
6204,-2.745787,30
6205,-3.780807,25
6206,-0.106691,15
6207,1.377666,25
6208,1.561645,21
6209,2.728978,19
6210,2.846144,14
6211,3.269439,30
6212,0.137209,27
6213,0.253201,30
6214,3.062157,22
6215,-2.453872,29
6216,0.839317,23
6217,-0.69567,30
6218,0.988831,12
6219,1.211325,30
6220,0.724084,30
6221,-0.302267,23
6222,2.761141,16
6223,-2.240266,30
6224,-1.780559,30
6225,0.250825,30
6226,2.700953,30
6227,-2.488747,30
6228,-2.350355,30
6229,0.488355,30
6230,2.480861,26
6231,0.167884,23
6232,3.597323,27
6233,-1.952499,22
6234,1.248437,30
6235,2.192737,13
6236,2.697493,30
6237,3.187068,30
6238,2.637154,21
6239,3.577042,26
6240,0.632924,22
6241,1.724979,30
6242,1.909637,30
6243,-4.155304,13
6244,1.202424,30
6245,-1.956223,30
6246,1.044053,30
6247,1.054066,21
6248,-3.93037,30
6249,-0.813218,30
6250,-1.198179,22
6251,2.199221,30
6252,0.821075,25
6253,-8.294284,27
6254,0.541008,28
6255,2.127932,30
6256,1.557406,30
6257,-12.860148,30
6258,-0.18296,30
6259,1.732929,30
6260,3.528542,23
6261,1.88073,30
6262,0.354102,25
6263,0.365457,30
6264,2.771312,21
6265,0.39963,25
6266,-0.821082,26
6267,1.80892,23
6268,-2.703885,30
6269,0.545252,27
6270,1.402098,27
6271,0.682148,30
6272,-0.984191,29
6273,-5.047359,27
6274,1.047257,17
6275,1.964967,28
6276,2.566638,30
6277,1.41918,23
6278,-1.233683,25
6279,-4.670069,14
6280,2.379851,21
6281,-2.463476,30
6282,-0.986368,26
6283,2.814944,20
6284,2.295025,20
6285,3.124355,30
6286,0.913102,25
6287,-3.584699,30
6288,0.60842,12
6289,-0.832826,29
6290,0.387441,28
6291,3.273956,30
6292,1.509188,21
6293,1.04657,30
6294,2.495789,30
6295,2.977257,19
6296,-5.09797,30
6297,0.485921,22
6298,0.658899,23
6299,-0.774989,30
6300,0.144786,14
6301,2.222299,22
6302,-0.4,30
6303,-1.233927,20
6304,-3.638845,30
6305,-2.158721,12
6306,2.480706,30
6307,-7.280778,30
6308,0.59717,30
6309,1.620461,30
6310,-3.515795,11
6311,0.807493,30
6312,-1.262506,23
6313,3.407532,28
6314,1.600676,30
6315,0.566558,16
6316,3.030119,28
6317,-4.838449,24
6318,3.364557,19
6319,1.761116,15
6320,1.055938,26
6321,0.050862,18
6322,-0.572594,30
6323,1.971673,28
6324,0.128039,30
6325,-0.176891,20
6326,-1.279166,30
6327,2.038198,30
6328,-8.842233,30
6329,1.997019,30
6330,3.241183,30
6331,2.842481,22
6332,1.602448,13
6333,1.985888,30
6334,-2.778508,15
6335,-1.529917,28
6336,4.049661,22
6337,1.012269,21
6338,-5.969794,30
6339,-0.515402,24
6340,-0.043997,30
6341,1.540068,20
6342,1.196848,30
6343,0.686765,30
6344,4.006601,21
6345,4.195222,20
6346,2.727762,16
6347,-1.659523,19
6348,1.360677,30
6349,-0.274417,19
6350,3.616527,30
6351,-1.24493,30
6352,-1.627034,17
6353,-0.49788,29
6354,1.746713,19
6355,1.404804,25
6356,0.985901,26
6357,-3.108663,30
6358,-8.07855,30
6359,1.760193,27
6360,0.372606,26
6361,0.996387,28
6362,-5.798578,30
6363,-5.933459,30
6364,1.483081,30
6365,0.423188,21
6366,-3.536414,30
6367,2.315111,20
6368,-1.368931,22
6369,0.179808,30
6370,2.658759,26
6371,1.206861,26
6372,-1.147469,30
6373,1.197124,18
6374,2.577569,14
6375,2.132171,25
6376,0.763736,26
6377,-2.043953,10
6378,3.301258,30
6379,-2.474007,23
6380,2.260305,19
6381,-0.940366,30
6382,-2.258547,30
6383,3.129701,14
6384,0.593493,16
6385,-0.276594,30
6386,3.610833,27
6387,2.418625,30
6388,2.117183,22
6389,2.097163,30
6390,3.082662,16
6391,-0.627933,30
6392,1.872393,30
6393,1.773412,13
6394,2.55242,23
6395,2.030073,30
6396,3.439979,29
6397,-2.025483,26
6398,-7.754518,30
6399,4.130293,27
6400,0.143313,23
6401,-4.493365,30
6402,0.364918,30
6403,-2.051001,30
6404,1.389365,25
6405,4.103746,25
6406,2.87544,22
6407,0.403555,30
6408,-2.77375,26
6409,2.415533,28
6410,4.301569,29
6411,1.423172,30
6412,-2.505985,20
6413,-1.41739,13
6414,0.038992,8
6415,3.272805,27
6416,0.082696,30
6417,-0.712712,30
6418,0.277778,30
6419,-2.368084,24
6420,-1.234,30
6421,-1.15922,30
6422,2.519702,15
6423,-0.414474,30
6424,0.438554,28
6425,-0.679262,22
6426,-1.438792,30
6427,3.188278,18
6428,2.261179,22
6429,0.088606,21
6430,4.243935,27
6431,-1.390432,30
6432,-4.424858,30
6433,-1.50859,30
6434,3.756816,19
6435,2.158146,30
6436,0.6922,16
6437,3.558236,23
6438,4.374206,27
6439,2.866438,22
6440,1.694547,26
6441,0.767119,30
6442,1.432392,18
6443,0.301092,30
6444,-0.676877,17
6445,0.608854,26
6446,-4.442658,25
6447,0.486552,30
6448,1.635244,28
6449,-3.077596,25
6450,0.704508,30
6451,0.460608,13
6452,2.413895,30
6453,-7.329917,30
6454,1.499501,27
6455,-7.144242,30
6456,-2.049458,14
6457,1.545623,13
6458,-0.115125,30
6459,-7.101243,22
6460,-0.458357,24
6461,0.840469,23
6462,-3.878509,30
6463,2.484321,30
6464,0.9842,30
6465,-1.523698,16
6466,-8.59115,25
6467,-0.086262,30
6468,-3.302559,30
6469,-9.466622,30
6470,1.266927,20
6471,-0.116449,24
6472,-2.595979,19
6473,-2.835752,30
6474,-1.006118,15
6475,-2.447042,24
6476,-3.628201,30
6477,-0.342755,16
6478,-2.073592,30
6479,0.370327,18
6480,0.331153,30
6481,-0.433914,30
6482,-0.806088,30
6483,0.783033,26
6484,2.370949,30
6485,-0.571608,30
6486,-1.773378,24
6487,4.233654,26
6488,-3.813542,23
6489,2.615927,30
6490,-0.54543,21
6491,0.416664,30
6492,0.071329,16
6493,-4.603865,30
6494,-4.037627,23
6495,1.671489,18
6496,1.257589,8
6497,1.397924,30
6498,0.842897,30
6499,-1.311169,20
6500,1.482505,29
6501,-0.110949,24
6502,0.49254,20
6503,2.149163,30
6504,-0.59068,30
6505,-1.0104,25
6506,2.229726,30
6507,2.743625,30
6508,0.278249,30
6509,-0.033758,20
6510,1.855023,21
6511,2.08409,30
6512,0.92572,24
6513,-0.941989,22
6514,-1.220669,30
6515,-0.072533,19
6516,1.75357,24
6517,-0.276039,30
6518,1.831119,26
6519,1.878254,27
6520,1.550872,21
6521,0.587779,25
6522,-0.423836,16
6523,1.054177,30
6524,0.283777,25
6525,2.981876,28
6526,-6.351606,30
6527,2.456395,30
6528,-1.919413,23
6529,0.294697,16
6530,-2.513381,26
6531,1.553955,30
6532,0.292461,20
6533,3.739645,20
6534,-2.068595,30
6535,2.205186,13
6536,1.202834,27
6537,2.469282,22
6538,2.86425,24
6539,1.629794,27
6540,0.912368,30
6541,-1.415528,20
6542,1.468419,17
6543,4.161721,22
6544,0.123064,14
6545,0.976477,30
6546,2.997804,17
6547,-0.085505,27
6548,0.717512,23
6549,0.222188,30
6550,0.149869,29
6551,-2.107236,30
6552,-1.50425,30
6553,0.700549,30
6554,0.8537,21
6555,2.947308,24
6556,-1.67577,18
6557,3.496725,17
6558,-0.84989,19
6559,-0.351929,22
6560,1.151957,14
6561,-2.120554,30
6562,2.446382,30
6563,1.672883,30
6564,2.028131,29
6565,-0.200436,21
6566,-2.418773,21
6567,-0.424643,19
6568,3.016254,20
6569,0.823653,28
6570,4.053867,30
6571,2.056559,30
6572,0.47022,11
6573,0.126463,30
6574,2.392627,30
6575,-0.770333,30
6576,1.131294,30
6577,-4.90909,20
6578,-4.866723,21
6579,-2.165099,30
6580,0.40915,26
6581,2.925491,24
6582,2.627719,26
6583,1.786513,19
6584,2.186355,29
6585,-5.922795,30
6586,2.935613,28
6587,-3.747704,18
6588,2.784982,24
6589,-1.798568,30
6590,3.913968,29
6591,0.227226,9
6592,-3.488965,28
6593,0.169589,16
6594,3.27206,27
6595,1.713405,24
6596,2.208513,30
6597,2.68777,13
6598,-10.411988,26
6599,4.029127,30
6600,0.026279,30
6601,2.371505,25
6602,1.305034,24
6603,1.250809,30
6604,1.234756,22
6605,0.348898,14
6606,0.690707,27
6607,2.660897,30
6608,1.087677,30
6609,2.918503,20
6610,0.836829,28
6611,-4.885695,21
6612,2.896493,27
6613,-8.586878,28
6614,3.908838,18
6615,-1.076111,26
6616,-5.116219,30
6617,2.807769,15
6618,1.554271,21
6619,1.240551,30
6620,-2.345854,23
6621,-4.209108,30
6622,-2.304823,30
6623,1.912617,29
6624,0.724576,30
6625,0.880381,28
6626,-8.281777,30
6627,-0.241015,30
6628,3.05589,30
6629,2.741642,30
6630,-0.313813,27
6631,-0.509091,30
6632,0.873712,26
6633,-2.031153,26
6634,2.039799,19
6635,-1.939384,28
6636,0.853737,22
6637,1.391289,21
6638,3.042492,17
6639,1.314372,13
6640,2.129053,27
6641,0.671873,30
6642,2.649165,18
6643,0.654531,30
6644,0.443666,20
6645,0.040811,30
6646,0.208375,30
6647,2.759615,26
6648,1.889662,30
6649,0.820851,23
6650,0.063887,11
6651,1.400827,10
6652,2.058302,30
6653,-1.301622,30
6654,-2.821433,30
6655,-2.769838,30
6656,2.014992,23
6657,-4.764831,20
6658,0.49466,22
6659,0.167165,23
6660,-2.455988,22
6661,1.088463,22
6662,1.576241,25
6663,-0.325139,22
6664,0.919538,14
6665,0.899253,26
6666,-0.113992,16
6667,1.652353,18
6668,-0.07053,29
6669,2.469756,30
6670,-0.244478,22
6671,-2.978233,30
6672,-3.440766,20
6673,-1.931418,26
6674,1.693185,13
6675,-0.050295,23
6676,-1.218173,29
6677,-0.018916,22
6678,-1.279405,23
6679,1.793014,25
6680,0.770875,25
6681,0.746677,30
6682,-0.052541,13
6683,-2.811397,18
6684,0.750878,17
6685,-3.033868,25
6686,3.103784,30
6687,1.477722,16
6688,0.046531,30
6689,0.633535,30
6690,0.767813,26
6691,-0.354385,29
6692,2.516502,17
6693,0.375427,27
6694,-2.356582,26
6695,3.407057,29
6696,1.060531,26
6697,-2.265309,27
6698,-0.225516,24
6699,-0.965342,23
6700,1.031018,12
6701,-0.891878,26
6702,2.598315,23
6703,1.308324,12
6704,2.095473,30
6705,1.909315,30
6706,2.82911,22
6707,-1.479635,17
6708,-1.646269,30
6709,1.499455,30
6710,0.144251,17
6711,2.61119,30
6712,2.646176,23
6713,-1.32518,28
6714,-2.132878,27
6715,1.451705,23
6716,1.475947,25
6717,-0.773771,30
6718,-2.614032,30
6719,-0.44338,28
6720,-1.179135,16
6721,1.70635,28
6722,-0.751655,30
6723,0.83341,30
6724,-0.754009,30
6725,-0.112067,30
6726,4.230599,30
6727,-1.214256,15
6728,1.308388,18
6729,-0.257209,30
6730,-9.254933,30
6731,2.035555,15
6732,1.382607,22
6733,-0.506035,17
6734,-7.357714,30
6735,-0.49546,28
6736,0.427468,22
6737,0.992951,18
6738,-0.168542,26
6739,3.703715,21
6740,-0.200503,30
6741,-0.570382,29
6742,1.221984,24
6743,2.934978,25
6744,-1.253039,16
6745,-3.299088,18
6746,1.899355,30
6747,-0.48098,25
6748,3.049032,30
6749,-0.850315,30
6750,3.11837,30
6751,-1.952726,30
6752,0.526411,20
6753,3.27041,30
6754,-0.791528,16
6755,0.193132,15
6756,0.552542,30
6757,-3.010906,30
6758,0.61332,24
6759,-0.929515,23
6760,1.775124,30
6761,2.271963,28
6762,0.786221,22
6763,0.334317,30
6764,1.373385,18
6765,-4.191631,30
6766,-9.55196,30
6767,-0.955225,24
6768,1.418097,30
6769,-0.73687,19
6770,-1.908061,30
6771,1.102279,30
6772,3.59414,22
6773,1.640132,15
6774,-3.825325,12
6775,-0.175749,30
6776,1.638562,22
6777,-0.003697,14
6778,1.635915,30
6779,-1.732353,22
6780,0.782954,26
6781,2.107277,18
6782,3.909324,23
6783,0.02763,27
6784,-3.977363,22
6785,1.353704,22
6786,0.833487,30
6787,-0.472912,26
6788,2.789782,30
6789,1.781891,27
6790,1.074996,30
6791,0.270718,16
6792,1.398596,30
6793,0.137542,30
6794,2.475168,29
6795,3.283836,30
6796,-3.093552,27
6797,-0.478257,30
6798,1.048212,20
6799,-0.115926,22
6800,2.184307,27
6801,0.393749,30
6802,-0.793335,20
6803,-4.114149,30
6804,1.743553,16
6805,-0.454871,29
6806,-0.156153,12
6807,2.873181,16
6808,2.329069,30
6809,1.235948,21
6810,3.971573,25
6811,2.776813,21
6812,2.034794,20
6813,-0.862359,9
6814,4.206776,22
6815,0.191742,25
6816,-2.422515,30
6817,2.421367,17
6818,-2.515525,18
6819,1.12823,26
6820,-0.426139,15
6821,-1.181105,9
6822,-5.868931,30
6823,-2.061313,23
6824,1.104442,24
6825,-0.422455,30
6826,0.648558,11
6827,2.770708,21
6828,2.496584,27
6829,1.156456,13
6830,0.041382,30
6831,2.74919,26
6832,-0.949015,29
6833,0.020336,30
6834,-0.444591,30
6835,-3.437122,30
6836,2.527577,25
6837,1.233,30
6838,-1.959821,30
6839,2.422458,19
6840,1.565515,30
6841,0.82204,15
6842,-1.01948,9
6843,-0.240394,22
6844,0.641793,18
6845,-3.45819,25
6846,2.618033,15
6847,-6.394131,26
6848,3.332142,29
6849,-4.69189,24
6850,2.334869,30
6851,4.156551,26
6852,3.035277,26
6853,0.435868,20
6854,1.272643,30
6855,2.071433,19
6856,3.643465,30
6857,-0.557335,16
6858,0.684043,30
6859,1.99002,26
6860,2.577503,23
6861,0.789953,17
6862,2.642715,23
6863,-2.848986,30
6864,-1.06957,30
6865,3.20717,30
6866,1.889279,15
6867,-0.166506,14
6868,0.892913,30
6869,3.83385,23
6870,0.604018,23
6871,-7.697491,30
6872,2.203814,30
6873,-3.298952,30
6874,0.414445,22
6875,-7.671966,30
6876,1.34325,12
6877,-0.714254,30
6878,2.944783,18
6879,3.737738,23
6880,-0.899822,22
6881,2.31012,30
6882,3.448524,13
6883,1.612927,30
6884,1.370079,29
6885,1.499281,30
6886,-3.144879,22
6887,1.859342,30
6888,2.232139,20
6889,0.671797,30
6890,-2.995762,30
6891,-3.457847,30
6892,-6.013353,30
6893,-1.231733,20
6894,0.944109,30
6895,2.05558,30
6896,3.31801,30
6897,-4.317877,30
6898,-0.549813,10
6899,2.749816,22
6900,0.534022,10
6901,0.359658,19
6902,-1.769706,21
6903,3.373651,30
6904,-0.499516,21
6905,-0.253214,13
6906,2.625747,30
6907,1.339849,25
6908,3.815095,28
6909,0.824821,23
6910,0.346775,30
6911,2.170748,25
6912,-0.065846,26
6913,-1.68681,30
6914,-2.714748,30
6915,-0.381832,19
6916,1.954368,30
6917,1.732872,13
6918,-0.355876,27
6919,1.144744,30
6920,-1.103677,29
6921,-0.146432,30
6922,3.650731,24
6923,0.198132,12
6924,2.020794,23
6925,2.354989,12
6926,2.258475,28
6927,-3.919356,21
6928,-0.536173,12
6929,-1.833817,14
6930,4.124403,27
6931,-0.023556,17
6932,0.363999,17
6933,3.38959,28
6934,-0.331773,30
6935,2.780039,23
6936,1.563836,19
6937,2.113892,21
6938,-3.163591,30
6939,3.316769,30
6940,0.212803,30
6941,4.072737,24
6942,1.000298,30
6943,-0.161841,23
6944,0.661329,30
6945,2.937384,25
6946,3.911115,15
6947,2.140511,16
6948,-1.699375,30
6949,-0.771017,18
6950,-1.003178,23
6951,-0.118347,28
6952,2.09852,28
6953,1.133688,15
6954,3.146825,21
6955,-0.337021,30
6956,-0.040383,30
6957,3.111617,30
6958,-0.3943,21
6959,2.408748,16
6960,2.881099,26
6961,-0.643426,30
6962,3.130587,30
6963,1.649753,21
6964,0.288449,27
6965,1.377612,30
6966,-2.169682,30
6967,-1.584503,27
6968,2.22666,30
6969,-0.300584,22
6970,0.768909,20
6971,2.13572,12
6972,1.510469,28
6973,2.296174,23
6974,3.202782,30
6975,2.80402,17
6976,-0.25619,18
6977,1.965589,14
6978,-0.217878,30
6979,-0.934674,23
6980,3.219674,30
6981,-1.426015,18
6982,1.036556,30
6983,-0.778535,30
6984,1.309359,30
6985,-3.249241,30
6986,0.718583,15
6987,1.79989,16
6988,-1.179751,29
6989,1.943981,30
6990,1.559136,14
6991,-4.265866,30
6992,-8.383883,30
6993,-1.039412,16
6994,0.397397,15
6995,2.919564,30
6996,2.963631,24
6997,1.272625,30
6998,0.392849,11
6999,1.825492,17
7000,-1.150851,30
7001,0.821413,30
7002,2.166486,30
7003,-2.295541,29
7004,-1.418428,30
7005,-0.368923,19
7006,0.928952,17
7007,-0.450732,30
7008,1.395444,20
7009,2.47341,14
7010,-0.442751,20
7011,3.194417,26
7012,0.681529,22
7013,0.379826,15
7014,4.094486,25
7015,0.061946,25
7016,-1.652641,21
7017,2.349368,16
7018,-1.19846,30
7019,2.335793,23
7020,-1.671547,17
7021,-3.180157,20
7022,0.645178,28
7023,2.148788,30
7024,0.321472,23
7025,4.191889,19
7026,-2.727164,30
7027,-0.545757,30
7028,2.700472,30
7029,-2.485864,15
7030,2.196702,30
7031,2.902013,19
7032,1.048483,12
7033,3.306513,30
7034,1.71985,30
7035,2.157559,21
7036,-4.078399,23
7037,2.616215,30
7038,0.375199,30
7039,-1.334899,22
7040,3.012592,30
7041,-5.675075,30
7042,2.071515,30
7043,1.69831,23
7044,3.494737,23
7045,0.097185,18
7046,2.37342,25
7047,2.122873,30
7048,-0.401689,30
7049,3.368665,26
7050,-0.032684,27
7051,-1.001956,13
7052,0.064499,30
7053,-0.042011,22
7054,-0.455355,30
7055,-4.098393,30
7056,-2.630472,30
7057,3.392849,19
7058,2.582793,26
7059,-0.156134,25
7060,2.888835,20
7061,-0.302099,30
7062,0.809559,18
7063,-1.772994,30
7064,-0.922936,16
7065,-2.878986,29
7066,3.65673,27
7067,2.282006,12
7068,0.180485,15
7069,0.991294,30
7070,2.284368,28
7071,-1.325731,30
7072,-0.91097,30
7073,0.620075,16
7074,0.899688,17
7075,2.41048,19
7076,-0.726224,21
7077,-0.072368,30
7078,-5.156872,30
7079,-2.548758,30
7080,4.048426,25
7081,0.895044,19
7082,-3.270724,14
7083,3.023735,30
7084,0.493204,13
7085,2.663148,30
7086,2.23995,27
7087,2.205665,16
7088,-4.728256,26
7089,-1.754319,30
7090,-1.163433,28
7091,2.687209,16
7092,1.90702,30
7093,0.468073,29
7094,-4.170635,20
7095,-2.193485,23
7096,1.780293,30
7097,1.821804,16
7098,-7.125867,26
7099,1.155239,30
7100,1.719524,30
7101,3.408536,24
7102,0.390127,21
7103,2.108955,14
7104,2.116761,21
7105,-0.468457,24
7106,1.707045,27
7107,2.146677,24
7108,0.077862,30
7109,-0.317676,30
7110,1.903216,30
7111,0.180228,30
7112,1.801394,20
7113,-0.262735,30
7114,0.325392,30
7115,1.69334,30
7116,-2.756632,25
7117,2.117356,30
7118,2.314234,30
7119,2.850194,30
7120,-3.515515,25
7121,0.880348,28
7122,0.121829,18
7123,0.108626,26
7124,2.26276,30
7125,2.199334,30
7126,-2.668382,25
7127,0.170142,16
7128,-1.658103,15
7129,2.860066,28
7130,-0.516029,16
7131,0.956994,30
7132,0.281211,18
7133,0.886617,26
7134,0.461942,30
7135,2.216704,24
7136,0.399878,17
7137,1.327059,30
7138,3.267502,30
7139,1.753004,30
7140,1.762011,30
7141,1.649746,16
7142,0.178778,30
7143,-4.690512,30
7144,-1.998501,30
7145,0.176679,17
7146,-2.969765,20
7147,1.640603,14
7148,0.792736,22
7149,0.823867,24
7150,1.370389,30
7151,2.566572,17
7152,1.612819,26
7153,-0.487179,20
7154,3.072744,26
7155,-1.201693,14
7156,2.475196,27
7157,3.911968,18
7158,3.093428,29
7159,-3.92549,30
7160,-5.68551,30
7161,2.622656,30
7162,-0.535456,25
7163,2.361344,17
7164,1.088915,13
7165,1.510924,30
7166,3.107999,30
7167,-0.009309,30
7168,0.946037,30
7169,2.223515,24
7170,0.718471,30
7171,2.889863,26
7172,1.692192,20
7173,2.455342,26
7174,1.478158,27
7175,1.600984,30
7176,3.349831,30
7177,-2.526895,26
7178,0.629566,18
7179,-2.044201,24
7180,2.114066,30
7181,2.835457,13
7182,-2.647865,30
7183,1.527652,17
7184,1.662091,22
7185,-2.139753,20
7186,-0.809123,30
7187,3.61199,27
7188,0.969894,30
7189,-2.172901,18
7190,0.189214,20
7191,1.020772,30
7192,-0.535877,17
7193,0.665685,22
7194,1.685353,30
7195,-1.427658,30
7196,1.835078,17
7197,-4.279163,30
7198,1.610362,30
7199,3.157642,27
7200,-4.291259,30
7201,0.673334,25
7202,0.896705,27
7203,-0.372924,12
7204,-0.367833,30
7205,3.113645,20
7206,3.215425,30
7207,1.893203,23
7208,2.338025,26
7209,-8.182305,30
7210,-6.580178,30
7211,0.647236,30
7212,-0.934923,30
7213,0.03799,20
7214,3.421532,24
7215,-0.385672,12
7216,2.344729,30
7217,1.146397,21
7218,1.815183,28
7219,-3.52793,19
7220,3.462103,16
7221,3.937864,29
7222,0.642691,30
7223,0.091828,30
7224,0.651454,30
7225,-1.341458,30
7226,1.933882,20
7227,2.197697,24
7228,1.293247,27
7229,2.272033,30
7230,0.789012,27
7231,-1.270725,30
7232,-1.417061,30
7233,2.836083,29
7234,0.951248,30
7235,2.193814,30
7236,1.761152,19
7237,0.026756,30
7238,4.221125,23
7239,-1.182182,30
7240,0.746912,18
7241,-1.407509,30
7242,-0.802423,30
7243,-3.599345,25
7244,-12.495321,29
7245,1.821753,24
7246,-1.948497,30
7247,-3.80643,21
7248,3.010747,21
7249,0.849677,25
7250,2.693442,17
7251,3.313431,30
7252,2.131249,25
7253,3.755429,24
7254,-0.491076,19
7255,1.024517,20
7256,0.169019,30
7257,-2.630025,16
7258,1.563003,23
7259,1.2735,30
7260,1.816117,19
7261,-1.718456,21
7262,0.844536,30
7263,0.727209,24
7264,1.482155,30
7265,1.153174,26
7266,3.086029,19
7267,3.358365,17
7268,2.898354,26
7269,-2.114766,22
7270,1.033397,13
7271,0.872962,20
7272,1.062891,24
7273,2.243803,30
7274,2.952415,30
7275,1.946832,14
7276,1.087887,20
7277,3.009446,18
7278,2.985249,25
7279,1.359066,22
7280,-0.034949,23
7281,0.830361,28
7282,0.874959,17
7283,-0.812277,15
7284,-1.737914,30
7285,1.947887,27
7286,3.401784,30
7287,-0.46105,30
7288,-0.273938,21
7289,-2.541107,12
7290,-6.196869,30
7291,-1.728956,13
7292,2.478687,25
7293,0.337056,17
7294,-1.235575,28
7295,0.487898,18
7296,-1.049211,30
7297,-1.854363,21
7298,2.363657,20
7299,4.219259,29
7300,-1.306993,30
7301,2.081504,17
7302,3.188558,29
7303,-1.301424,30
7304,2.242514,16
7305,1.182271,21
7306,-2.449316,30
7307,0.882837,30
7308,0.722899,25
7309,-0.020344,18
7310,4.114693,30
7311,-0.228488,27
7312,1.7415,19
7313,2.847415,20
7314,0.742023,18
7315,-0.642358,30
7316,-1.412162,30
7317,2.912279,23
7318,-1.727617,30
7319,2.835879,17
7320,0.974968,30
7321,3.323729,27
7322,1.162912,12
7323,-0.402094,30
7324,-1.05081,30
7325,1.401349,30
7326,2.138407,29
7327,-4.874483,19
7328,1.879224,21
7329,1.839742,30
7330,3.073335,30
7331,1.032912,30
7332,-2.481671,14
7333,2.500426,19
7334,2.791494,30
7335,-2.402352,27
7336,-8.188293,24
7337,2.690884,27
7338,0.397453,13
7339,1.931709,30
7340,1.867376,28
7341,0.409652,30
7342,-0.884467,8
7343,-0.988452,25
7344,-3.171556,26
7345,2.070166,16
7346,3.593135,27
7347,-3.684511,21
7348,1.559534,20
7349,-1.722536,30
7350,1.021667,23
7351,0.597059,30
7352,3.490293,19
7353,1.511912,21
7354,2.213793,18
7355,3.378386,29
7356,2.377596,13
7357,-0.439982,30
7358,-3.478053,24
7359,2.049253,13
7360,2.171583,30
7361,2.771236,23
7362,-2.587107,24
7363,1.603597,24
7364,0.284931,22
7365,1.664589,29
7366,-2.842799,28
7367,-4.854662,23
7368,0.841734,30
7369,1.580026,16
7370,-0.305199,30
7371,3.030376,28
7372,0.449915,22
7373,-3.466832,30
7374,1.691365,23
7375,-1.229799,17
7376,2.742053,23
7377,1.941149,19
7378,-0.003162,23
7379,2.336058,30
7380,-2.512838,24
7381,-2.200863,16
7382,3.221175,30
7383,2.825323,30
7384,-1.249559,11
7385,0.461287,22
7386,2.350986,30
7387,1.586198,19
7388,0.347523,27
7389,-3.955878,30
7390,3.196618,30
7391,2.466593,30
7392,1.514595,30
7393,-4.45856,29
7394,1.063745,30
7395,1.908991,30
7396,2.848025,24
7397,2.285877,30
7398,3.394353,17
7399,0.787804,30
7400,0.824158,25
7401,-0.244013,30
7402,2.972523,25
7403,0.876408,27
7404,-1.117232,28
7405,3.477765,27
7406,3.15932,30
7407,-1.037652,22
7408,-1.104133,20
7409,2.764042,30
7410,-1.102031,30
7411,1.284869,10
7412,0.841082,25
7413,-0.369652,17
7414,3.80995,29
7415,0.535331,30
7416,1.353565,30
7417,0.823533,22
7418,-8.576649,30
7419,-0.059403,30
7420,3.573508,16
7421,0.929611,30
7422,-0.194794,30
7423,2.260697,23
7424,1.605902,17
7425,-2.149527,24
7426,-0.332499,16
7427,3.076349,30
7428,-1.434589,21
7429,2.458825,26
7430,0.035654,30
7431,2.270111,30
7432,2.829098,30
7433,-1.004831,26
7434,0.06688,30
7435,2.231715,16
7436,2.382086,17
7437,-0.97668,30
7438,4.197437,28
7439,0.942781,28
7440,2.845781,30
7441,0.805477,12
7442,2.863233,30
7443,-1.690831,22
7444,-3.109327,30
7445,1.524046,30
7446,-1.461127,27
7447,1.009996,22
7448,3.479428,26
7449,1.395155,30
7450,3.92131,27
7451,1.062124,24
7452,-1.525502,15
7453,3.455068,26
7454,-0.316489,30
7455,2.625888,28
7456,-1.321155,12
7457,-1.162291,30
7458,2.864603,27
7459,2.653852,21
7460,0.224708,11
7461,1.907994,30
7462,4.032281,19
7463,-1.081048,30
7464,2.518158,21
7465,1.948712,24
7466,0.314955,30
7467,2.113181,25
7468,-2.625566,28
7469,-1.701746,30
7470,3.971596,21
7471,2.158228,30
7472,-4.199395,28
7473,1.572568,26
7474,0.845138,30
7475,1.683263,21
7476,-0.36047,16
7477,2.335259,26
7478,2.431839,28
7479,3.191972,26
7480,0.787972,18
7481,1.375042,24
7482,3.688305,18
7483,-0.193026,16
7484,4.078435,30
7485,-4.046955,22
7486,2.238868,24
7487,2.845542,28
7488,2.845084,30
7489,0.671734,27
7490,2.335614,19
7491,2.49669,30
7492,1.194018,30
7493,1.640261,30
7494,1.120385,27
7495,1.313391,30
7496,0.249236,30
7497,-3.494865,15
7498,4.076626,20
7499,0.445668,29
7500,3.382256,20
7501,-3.648178,30
7502,3.283533,30
7503,0.859511,18
7504,1.777153,24
7505,1.95953,30
7506,1.21433,10
7507,0.992848,18
7508,-1.828819,30
7509,0.708003,13
7510,2.493542,9
7511,2.242014,30
7512,2.073926,30
7513,4.285897,28
7514,-2.644668,23
7515,-0.93377,30
7516,2.631613,17
7517,-2.267967,18
7518,-1.40128,30
7519,0.696179,27
7520,-0.40208,20
7521,1.68417,30
7522,0.80523,22
7523,-0.441655,20
7524,3.80265,22
7525,1.982835,30
7526,0.718974,28
7527,1.881367,30
7528,3.225719,30
7529,-1.270843,16
7530,0.135232,14
7531,2.556454,28
7532,0.646785,30
7533,0.985313,17
7534,2.987757,27
7535,-4.863242,30
7536,-0.361787,30
7537,-1.883196,28
7538,2.992285,30
7539,2.303942,19
7540,0.762117,23
7541,-5.068005,25
7542,1.513288,15
7543,2.819853,26
7544,0.270097,28
7545,-6.510112,28
7546,2.6391,30
7547,-2.566014,30
7548,1.407702,19
7549,-0.413974,10
7550,-1.887424,24
7551,3.957356,27
7552,3.942208,25
7553,4.23623,29
7554,3.30516,30
7555,1.844137,30
7556,2.262604,30
7557,1.576389,13
7558,-4.597519,29
7559,-0.242832,30
7560,1.671044,21
7561,-4.27939,30
7562,-6.425176,15
7563,2.070318,30
7564,-6.300138,30
7565,2.502157,18
7566,-5.629634,26
7567,2.731571,12
7568,1.902079,30
7569,3.330357,20
7570,1.380051,26
7571,-1.48327,20
7572,-1.663287,27
7573,3.417477,30
7574,-0.303566,30
7575,1.749188,30
7576,1.064923,30
7577,0.259013,30
7578,-6.519557,21
7579,3.058674,23
7580,2.777463,30
7581,2.130543,14
7582,2.800072,29
7583,-1.326881,30
7584,1.007056,25
7585,-6.345483,30
7586,2.192881,24
7587,2.354989,14
7588,-0.172812,30
7589,1.772923,30
7590,-7.217726,30
7591,0.348123,28
7592,3.045159,22
7593,-0.651052,30
7594,3.418337,26
7595,-3.270852,27
7596,1.798886,30
7597,0.944774,30
7598,-1.907803,30
7599,-0.979088,12
7600,1.960472,30
7601,-0.439095,18
7602,-1.66342,28
7603,-3.916293,19
7604,-8.43107,30
7605,-1.236499,27
7606,2.030445,23
7607,-4.074712,28
7608,-3.584162,30
7609,1.900347,23
7610,0.978733,22
7611,1.594381,19
7612,0.25172,18
7613,2.696077,23
7614,1.534633,18
7615,-0.816676,30
7616,3.962886,27
7617,-0.923107,30
7618,1.521918,30
7619,2.562822,30
7620,3.205599,20
7621,2.726572,30
7622,2.241361,22
7623,2.898451,21
7624,-12.017516,30
7625,1.142917,30
7626,-2.142883,27
7627,1.642077,29
7628,-0.700037,30
7629,-0.12895,30
7630,1.934537,30
7631,2.794016,18
7632,3.626673,19
7633,-0.006609,30
7634,1.755953,18
7635,2.879086,30
7636,-2.165531,23
7637,-3.730529,23
7638,0.053708,26
7639,-2.125396,24
7640,-0.188381,12
7641,4.012903,29
7642,1.299865,18
7643,1.913765,30
7644,2.257155,27
7645,1.734738,22
7646,1.369756,22
7647,3.216854,30
7648,2.387158,21
7649,3.428804,30
7650,2.436973,30
7651,4.055512,28
7652,2.303114,21
7653,2.003579,30
7654,-2.553221,14
7655,0.949343,25
7656,2.074062,24
7657,2.131433,30
7658,-3.099735,30
7659,2.603987,30
7660,0.954934,16
7661,1.468167,20
7662,0.621937,28
7663,0.827082,29
7664,-1.61748,17
7665,1.06459,30
7666,-3.78351,30
7667,-1.396741,30
7668,2.93982,20
7669,-0.850614,30
7670,2.564728,30
7671,3.1695,30
7672,-3.354939,30
7673,0.791032,20
7674,3.572872,28
7675,0.919472,16
7676,-0.344656,12
7677,2.902861,24
7678,-0.000242,30
7679,0.346622,24
7680,-2.867833,30
7681,1.202214,30
7682,1.016714,18
7683,3.1341,25
7684,-0.602593,19
7685,2.250323,22
7686,0.974309,10
7687,2.048991,30
7688,1.269343,30
7689,-0.834641,30
7690,-1.768856,22
7691,3.033502,30
7692,2.923406,28
7693,4.026932,28
7694,-4.298222,29
7695,-0.216879,30
7696,3.191818,30
7697,0.864442,30
7698,0.276454,30
7699,0.156277,30
7700,1.337292,27
7701,3.276629,24
7702,2.932337,26
7703,0.345014,22
7704,3.475748,25
7705,1.412782,30
7706,0.507993,13
7707,-1.447316,30
7708,3.121656,20
7709,-1.045229,28
7710,0.893698,30
7711,1.415622,16
7712,0.584182,12
7713,-0.126779,30
7714,-4.956463,30
7715,3.911771,23
7716,0.481174,24
7717,-2.881637,26
7718,0.446426,26
7719,-1.056783,17
7720,1.931558,30
7721,0.385348,18
7722,-1.587258,23
7723,1.497486,30
7724,-2.725263,22
7725,-0.00802,20
7726,-0.919545,30
7727,1.531945,30
7728,-1.277045,30
7729,0.771123,28
7730,-0.360994,17
7731,-3.109267,30
7732,2.204997,30
7733,3.092109,23
7734,-1.162733,30
7735,2.906255,29
7736,-0.256083,18
7737,-2.494945,30
7738,2.066443,27
7739,-1.803331,30
7740,-0.782385,30
7741,0.692376,29
7742,2.26948,30
7743,2.97587,20
7744,-1.997215,30
7745,1.458868,18
7746,1.563475,21
7747,0.989953,30
7748,2.278321,30
7749,1.876832,30
7750,0.071125,30
7751,1.960468,20
7752,1.890421,16
7753,-2.405411,17
7754,1.996536,16
7755,-2.826498,22
7756,2.149753,30
7757,-0.191359,30
7758,3.022089,23
7759,0.836299,24
7760,-2.571553,30
7761,-0.390604,20
7762,1.145345,25
7763,2.732061,18
7764,-0.354256,27
7765,2.910762,22
7766,3.085164,18
7767,2.626561,26
7768,-2.325741,30
7769,2.744703,15
7770,3.437666,14
7771,-0.251671,30
7772,2.439099,30
7773,2.032778,22
7774,2.035444,30
7775,-2.80655,25
7776,1.801431,30
7777,3.598744,30
7778,-1.82603,20
7779,-0.310233,21
7780,-0.072083,30
7781,3.332719,30
7782,3.56618,29
7783,2.558122,14
7784,-4.493073,23
7785,2.947579,30
7786,-2.780064,30
7787,2.013124,18
7788,1.986132,26
7789,2.516723,25
7790,1.400775,16
7791,-1.077062,23
7792,-0.48442,26
7793,0.022146,12
7794,-0.078891,24
7795,1.8497,23
7796,-0.165627,25
7797,1.282312,30
7798,-0.716686,30
7799,-1.613833,25
7800,-3.020948,30
7801,-1.905623,22
7802,-1.759272,19
7803,4.193127,29
7804,4.187041,29
7805,2.146224,29
7806,-5.793353,22
7807,-0.145624,30
7808,-1.84579,15
7809,2.384374,28
7810,0.698705,30
7811,-0.38756,29
7812,3.260597,30
7813,1.335412,19
7814,4.238552,28
7815,-1.886568,13
7816,0.779725,23
7817,1.555529,20
7818,2.383087,20
7819,2.358764,15
7820,3.180803,24
7821,2.64456,18
7822,-0.801713,30
7823,-1.448694,24
7824,-0.527173,28
7825,0.375684,19
7826,1.273616,30
7827,-0.126015,24
7828,2.924519,30
7829,1.252528,30
7830,1.429101,13
7831,2.486388,24
7832,-2.42783,23
7833,0.205482,11
7834,1.314238,21
7835,-0.14088,24
7836,2.920891,24
7837,0.697036,12
7838,0.538234,30
7839,1.74085,30
7840,3.085141,22
7841,3.897065,25
7842,2.258984,30
7843,1.101453,16
7844,0.084764,24
7845,2.243301,21
7846,1.801692,12
7847,-0.309376,20
7848,-1.21713,28
7849,0.944692,30
7850,0.084543,30
7851,1.838438,24
7852,-1.83667,30
7853,3.392186,30
7854,3.67973,18
7855,0.812683,27
7856,0.636226,14
7857,3.653872,23
7858,2.491774,22
7859,0.208063,30
7860,-0.888852,21
7861,-0.221455,30
7862,2.466199,18
7863,3.246654,30
7864,1.590901,17
7865,1.025076,30
7866,1.390109,30
7867,2.960115,21
7868,-1.113958,22
7869,-1.20922,30
7870,2.969092,19
7871,0.355664,30
7872,-1.494528,30
7873,0.232512,23
7874,4.124398,30
7875,1.339452,17
7876,2.176818,12
7877,2.108676,19
7878,-2.602024,16
7879,2.779673,22
7880,3.922278,29
7881,-2.483246,27
7882,1.842182,21
7883,2.145336,14
7884,-0.539273,14
7885,-0.055386,30
7886,2.073875,26
7887,1.750751,22
7888,-1.08643,30
7889,0.372503,30
7890,1.993378,22
7891,2.225292,29
7892,3.278819,30
7893,2.567446,15
7894,1.447553,23
7895,3.233845,30
7896,-1.143097,12
7897,2.778927,19
7898,-3.23897,30
7899,1.478515,28
7900,-2.303423,30
7901,0.787829,25
7902,3.972654,21
7903,2.816477,19
7904,1.899093,22
7905,-1.401076,16
7906,2.787239,15
7907,1.045128,30
7908,0.472139,25
7909,3.586224,28
7910,1.401959,20
7911,-0.581047,24
7912,0.559937,30
7913,1.588463,18
7914,-0.752696,30
7915,1.35362,30
7916,2.957663,25
7917,-2.050349,30
7918,2.898038,18
7919,-2.288382,20
7920,1.589924,30
7921,3.125907,30
7922,0.687878,28
7923,-0.636613,30
7924,-3.665569,13
7925,1.739767,30
7926,-0.039583,25
7927,-4.600908,26
7928,3.612347,21
7929,0.659555,18
7930,1.429347,23
7931,-0.75472,24
7932,2.719633,30
7933,2.288385,25
7934,1.698787,14
7935,0.356789,17
7936,3.095714,30
7937,-0.819202,20
7938,-2.857005,24
7939,1.000287,8
7940,2.871689,25
7941,1.975824,22
7942,1.543152,30
7943,3.057185,19
7944,0.679775,28
7945,2.887699,17
7946,1.990238,19
7947,2.82922,12
7948,-0.176459,30
7949,-5.525323,30
7950,3.363999,30
7951,2.354176,30
7952,1.398317,30
7953,-0.437429,26
7954,3.03853,30
7955,3.124622,20
7956,-2.360548,25
7957,4.195717,22
7958,2.434584,30
7959,3.859649,25
7960,1.978911,30
7961,0.433722,14
7962,3.995255,21
7963,0.770249,21
7964,-4.693176,30
7965,-0.994168,30
7966,-3.203395,27
7967,1.768401,30
7968,2.627299,20
7969,1.912014,30
7970,-0.235886,30
7971,-0.052347,24
7972,-1.846799,19
7973,2.419188,22
7974,1.678524,30
7975,-1.068155,30
7976,3.69755,19
7977,1.097572,28
7978,1.892448,30
7979,2.007835,18
7980,2.070566,19
7981,2.457127,26
7982,-0.077084,30
7983,4.276135,29
7984,-0.854641,30
7985,-0.320074,25
7986,4.206018,24
7987,-0.971054,21
7988,1.521236,23
7989,2.988934,30
7990,2.295691,30
7991,2.943695,19
7992,-3.21438,20
7993,2.157181,20
7994,3.20935,30
7995,0.594543,30
7996,0.351709,18
7997,1.8519,27
7998,1.906095,30
7999,0.661613,24
8000,-2.261884,30
8001,2.884268,30
8002,1.236947,23
8003,-0.609485,22
8004,-2.672753,26
8005,2.263249,30
8006,3.670742,25
8007,-4.412809,30
8008,1.390693,15
8009,2.121866,22
8010,1.971688,30
8011,2.280121,30
8012,2.034541,30
8013,-1.014392,27
8014,2.07403,24
8015,2.123217,19
8016,-4.068901,24
8017,0.568636,30
8018,1.130705,30
8019,0.414564,20
8020,1.076118,30
8021,-1.57512,27
8022,-2.86422,30
8023,2.101736,30
8024,1.35729,18
8025,1.186112,30
8026,2.862427,24
8027,0.91788,25
8028,1.056107,22
8029,-0.267642,30
8030,-0.955718,21
8031,0.411049,21
8032,3.061345,28
8033,1.671239,15
8034,1.712633,30
8035,2.834256,18
8036,3.176386,30
8037,-0.594881,19
8038,1.572442,26
8039,-0.335701,29
8040,-2.35757,22
8041,2.925922,27
8042,-1.848546,30
8043,3.809978,16
8044,0.849317,30
8045,1.257219,30
8046,1.010138,29
8047,1.243841,24
8048,-5.619157,17
8049,1.229465,30
8050,-3.235884,25
8051,2.600931,17
8052,-0.510633,21
8053,-3.492458,30
8054,-2.651151,30
8055,1.252165,25
8056,1.902595,22
8057,0.876762,24
8058,3.930387,29
8059,0.867185,17
8060,-4.171363,16
8061,0.094786,20
8062,2.346824,28
8063,2.062533,30
8064,0.840435,10
8065,2.977436,29
8066,2.31702,9
8067,0.696125,30
8068,-0.139249,8
8069,-0.815069,23
8070,2.849735,30
8071,1.713215,20
8072,3.280912,30
8073,-0.992527,30
8074,2.023204,30
8075,-2.48314,11
8076,-1.500123,13
8077,-3.976762,30
8078,0.250056,30
8079,1.658401,22
8080,2.337476,27
8081,-0.529892,29
8082,1.191107,19
8083,2.979012,20
8084,-0.261562,13
8085,0.041352,30
8086,-2.994466,30
8087,0.760258,30
8088,1.765745,30
8089,1.800516,26
8090,0.719382,27
8091,-3.006642,22
8092,0.459553,30
8093,2.177465,15
8094,-5.01317,30
8095,-0.93936,30
8096,0.915301,26
8097,0.861597,25
8098,-2.808704,14
8099,1.819602,26
8100,3.256984,27
8101,-11.661532,30
8102,2.396194,30
8103,-5.251862,25
8104,-0.81895,17
8105,0.457965,30
8106,-0.473302,21
8107,-0.316675,20
8108,1.739721,30
8109,0.04086,30
8110,-3.488153,30
8111,-2.458731,25
8112,-0.51716,15
8113,-3.925168,30
8114,0.69365,24
8115,0.314822,25
8116,-0.38084,22
8117,1.592589,30
8118,-0.563512,30
8119,0.374661,18
8120,0.505321,23
8121,-1.240239,25
8122,3.380225,21
8123,0.834434,18
8124,2.133759,30
8125,-0.931235,25
8126,3.222184,23
8127,2.229346,19
8128,1.017067,30
8129,-0.140088,30
8130,0.8184,22
8131,-4.47649,30
8132,-0.587045,30
8133,1.577609,13
8134,-0.63144,23
8135,0.244009,26
8136,-2.96141,26
8137,2.836468,28
8138,1.135959,19
8139,3.527683,23
8140,1.349602,26
8141,-1.892481,16
8142,-0.642921,30
8143,1.429145,14
8144,2.114006,20
8145,-2.347622,26
8146,-2.490113,23
8147,-0.504317,30
8148,0.101367,17
8149,0.829392,30
8150,1.151705,20
8151,-6.695848,30
8152,-11.513203,30
8153,2.727365,20
8154,-3.605953,30
8155,1.128155,24
8156,3.283717,30
8157,3.594632,13
8158,3.114493,30
8159,0.814927,30
8160,1.339131,20
8161,2.089385,30
8162,-0.726466,30
8163,2.787944,30
8164,-0.078231,24
8165,-1.107346,30
8166,3.634262,19
8167,0.941326,20
8168,3.451318,18
8169,0.918579,30
8170,2.751497,20
8171,1.489499,30
8172,-2.618249,30
8173,2.985094,20
8174,-0.598487,19
8175,-1.676804,17
8176,1.548841,15
8177,2.285922,30
8178,2.944586,25
8179,-0.160348,14
8180,2.252998,26
8181,-0.724863,30
8182,3.883909,21
8183,-3.726069,20
8184,1.60505,28
8185,1.279545,30
8186,3.558053,28
8187,3.216656,30
8188,-2.568502,26
8189,2.898887,18
8190,2.745865,30
8191,0.375242,28
8192,3.452092,24
8193,-6.16,30
8194,1.263437,30
8195,-3.025313,18
8196,3.315435,30
8197,1.553921,30
8198,0.963417,30
8199,3.035049,30
8200,0.642597,27
8201,1.709757,26
8202,3.348977,29
8203,2.120085,17
8204,-2.677451,29
8205,1.786711,18
8206,-5.402094,30
8207,-2.72915,28
8208,2.945774,21
8209,3.286016,22
8210,2.591438,16
8211,0.120466,30
8212,0.93546,14
8213,1.561713,21
8214,-2.455018,17
8215,2.116433,30
8216,3.5036,15
8217,1.738866,23
8218,3.010726,30
8219,1.32344,20
8220,2.905528,29
8221,2.283336,20
8222,2.219707,25
8223,3.021628,29
8224,4.109331,25
8225,-4.311006,29
8226,3.546898,22
8227,2.046719,28
8228,1.809833,30
8229,-0.418985,30
8230,-2.274041,30
8231,-2.328587,20
8232,1.349203,26
8233,1.080824,9
8234,0.834958,17
8235,-3.962052,26
8236,-2.316937,30
8237,2.238142,30
8238,0.339012,13
8239,-2.108893,28
8240,-14.285369,30
8241,2.537599,29
8242,2.9194,17
8243,-0.416669,30
8244,-1.169985,13
8245,3.853629,30
8246,3.535287,18
8247,1.176992,30
8248,-4.266329,30
8249,2.371682,17
8250,-0.031532,29
8251,0.729325,29
8252,0.951756,23
8253,0.097342,30
8254,-5.157041,26
8255,2.165602,30
8256,-2.953328,30
8257,-0.45934,16
8258,-1.512511,20
8259,2.895023,20
8260,3.124767,21
8261,2.587219,24
8262,0.634635,30
8263,2.220043,30
8264,3.19653,20
8265,1.445199,13
8266,4.156545,16
8267,1.24766,19
8268,2.539929,30
8269,0.970499,30
8270,-0.035141,13
8271,-0.081391,18
8272,-2.430023,19
8273,2.173498,12
8274,1.667178,30
8275,3.186294,29
8276,-0.059521,20
8277,0.633874,28
8278,-2.235679,27
8279,2.806957,26
8280,2.749074,18
8281,-5.240543,30
8282,0.805836,19
8283,1.680393,18
8284,2.789961,30
8285,-2.554266,28
8286,1.23182,14
8287,-0.413719,28
8288,3.79084,17
8289,2.035615,24
8290,3.707582,16
8291,1.427576,20
8292,1.518712,9
8293,-0.405402,28
8294,3.712405,30
8295,1.801875,30
8296,-4.942706,22
8297,2.283152,20
8298,2.86037,24
8299,2.895027,27
8300,0.805229,21
8301,2.916212,26
8302,-0.865654,21
8303,1.223438,16
8304,-5.272922,30
8305,1.402925,24
8306,2.678319,25
8307,0.929053,21
8308,0.256677,22
8309,-2.46266,17
8310,-1.051292,19
8311,1.332851,15
8312,-1.165539,14
8313,1.579932,13
8314,2.4081,28
8315,3.026982,27
8316,-3.095966,27
8317,4.043914,19
8318,-0.901683,23
8319,2.614697,26
8320,0.257418,20
8321,-0.800415,15
8322,2.409933,26
8323,-1.231343,22
8324,1.27501,22
8325,-2.222086,30
8326,-5.522964,30
8327,1.36778,18
8328,-0.296804,17
8329,-2.260561,27
8330,-0.115021,16
8331,3.111921,22
8332,1.063667,13
8333,2.196162,23
8334,1.890293,17
8335,0.525166,27
8336,2.497354,28
8337,-2.88644,25
8338,0.400725,21
8339,0.043371,28
8340,2.419442,25
8341,1.216438,17
8342,2.21038,30
8343,0.372223,29
8344,2.721948,23
8345,3.357849,30
8346,1.412264,20
8347,3.377041,23
8348,-1.690913,11
8349,-6.747115,30
8350,-1.751882,19
8351,0.372681,25
8352,2.099384,18
8353,1.285508,30
8354,1.04529,20
8355,2.953001,27
8356,2.710153,17
8357,0.83032,14
8358,2.558535,14
8359,1.842689,20
8360,1.05649,25
8361,0.114991,28
8362,-2.240848,30
8363,-7.227891,30
8364,1.667375,10
8365,0.563106,13
8366,2.817169,19
8367,2.182592,27
8368,1.966467,23
8369,-1.274886,14
8370,-0.477223,22
8371,0.292872,30
8372,1.929661,30
8373,1.335268,12
8374,2.393915,11
8375,4.05959,24
8376,-1.110915,30
8377,2.446803,27
8378,0.948371,30
8379,-1.130798,13
8380,2.717714,17
8381,-2.721245,15
8382,0.906351,19
8383,-2.761439,12
8384,-1.468864,13
8385,-10.340282,30
8386,-0.695583,30
8387,1.261981,20
8388,1.255383,30
8389,0.046039,24
8390,-0.258794,15
8391,4.134826,29
8392,0.316071,30
8393,1.700494,25
8394,-0.033922,8
8395,-2.094332,30
8396,1.558207,30
8397,4.027986,22
8398,-2.984305,15
8399,3.079605,30
8400,2.881293,18
8401,3.248875,30
8402,-4.635787,25
8403,1.096681,11
8404,2.454176,27
8405,-0.944184,28
8406,3.563754,16
8407,3.824993,29
8408,-0.94039,30
8409,0.231788,18
8410,1.006029,27
8411,-0.136961,20
8412,1.242909,30
8413,0.946162,25
8414,0.553216,30
8415,2.721014,13
8416,-2.387709,11
8417,1.025387,26
8418,2.541221,25
8419,1.116636,15
8420,1.791709,25
8421,1.478475,21
8422,-3.983418,29
8423,-3.425833,30
8424,-2.335811,23
8425,-2.051377,16
8426,-3.842428,16
8427,0.138184,30
8428,1.1186,30
8429,-1.488791,30
8430,-1.836735,20
8431,-4.518807,30
8432,1.594405,14
8433,2.555702,30
8434,0.900401,30
8435,-4.336007,27
8436,1.468923,16
8437,0.494105,30
8438,2.341794,18
8439,1.142316,17
8440,-4.037421,20
8441,0.440839,27
8442,3.029629,24
8443,3.205086,30
8444,1.838959,21
8445,-3.280518,27
8446,1.167784,28
8447,1.235957,30
8448,2.849398,30
8449,-0.313051,18
8450,-10.459449,26
8451,-0.126949,30
8452,3.135079,23
8453,1.902872,15
8454,2.2359,30
8455,2.615667,30
8456,-2.281051,24
8457,-0.737979,30
8458,0.271297,30
8459,-5.522345,16
8460,-3.28729,30
8461,2.357443,21
8462,-3.98605,14
8463,1.597834,21
8464,3.10101,21
8465,0.865354,19
8466,0.081237,27
8467,3.201404,20
8468,1.448586,24
8469,0.375989,30
8470,3.324018,30
8471,1.173929,19
8472,1.287773,15
8473,2.092817,21
8474,1.709642,19
8475,3.211413,30
8476,-1.085623,30
8477,1.597805,12
8478,1.323461,30
8479,1.712905,30
8480,1.409672,21
8481,2.754146,19
8482,1.366011,28
8483,-1.261149,30
8484,1.471539,9
8485,2.886584,28
8486,3.304941,30
8487,-1.489534,29
8488,3.002347,21
8489,-1.981672,30
8490,1.560775,30
8491,2.050112,28
8492,0.830383,30
8493,1.538144,22
8494,1.783553,18
8495,2.477409,24
8496,3.4603,19
8497,0.348952,29
8498,-8.029155,29
8499,-3.393646,21
8500,-0.578529,23
8501,-0.197382,24
8502,2.10122,30
8503,1.941602,30
8504,2.025445,30
8505,1.460426,25
8506,-0.03699,23
8507,3.613412,25
8508,-0.526346,30
8509,2.8171,30
8510,1.469089,13
8511,-1.327002,21
8512,1.74329,30
8513,1.430588,11
8514,-9.257572,30
8515,0.38954,30
8516,1.095494,29
8517,2.990059,29
8518,2.761837,20
8519,1.984976,26
8520,-0.185757,18
8521,3.244789,27
8522,3.921856,29
8523,0.076,12
8524,1.67305,30
8525,0.170395,30
8526,0.610095,25
8527,-0.920526,20
8528,2.247515,22
8529,4.020365,21
8530,2.983651,28
8531,0.514899,30
8532,0.993376,30
8533,-1.312843,30
8534,0.245362,30
8535,-0.630368,17
8536,-3.386952,30
8537,3.138136,18
8538,-0.871121,11
8539,4.405345,29
8540,-0.395575,18
8541,1.170813,21
8542,1.26069,30
8543,-0.335319,16
8544,1.164405,16
8545,1.427524,28
8546,-0.765656,30
8547,2.914646,30
8548,-1.309223,30
8549,-6.691513,26
8550,-4.476482,30
8551,3.71067,21
8552,2.726403,20
8553,1.084782,30
8554,0.861235,30
8555,-0.572287,30
8556,2.685792,19
8557,4.107751,16
8558,-1.2348,17
8559,2.917311,30
8560,2.879123,18
8561,-2.056661,30
8562,1.996279,30
8563,-0.730497,30
8564,0.479164,27
8565,0.65176,28
8566,1.854417,30
8567,0.286117,30
8568,1.875677,21
8569,-1.913186,30
8570,0.02263,25
8571,2.669687,30
8572,2.907756,30
8573,2.849561,19
8574,1.182928,30
8575,1.724737,20
8576,3.148365,13
8577,-3.107033,27
8578,4.283002,28
8579,0.847763,25
8580,0.648743,30
8581,1.165923,20
8582,-0.543467,15
8583,2.20239,21
8584,0.833308,22
8585,0.871243,27
8586,3.919864,23
8587,4.165527,30
8588,2.868727,21
8589,1.672598,17
8590,-0.568585,14
8591,2.886115,24
8592,2.406168,27
8593,2.295395,30
8594,-7.230399,25
8595,-3.451403,20
8596,0.38165,22
8597,-4.342689,19
8598,0.052156,20
8599,-2.334876,27
8600,0.034655,17
8601,-1.389002,19
8602,3.23266,30
8603,1.730461,25
8604,2.864873,22
8605,-1.127629,24
8606,-1.447254,18
8607,2.315936,17
8608,-2.249285,26
8609,-5.079976,27
8610,0.487469,28
8611,-0.028764,30
8612,-3.089496,30
8613,2.213233,27
8614,0.381517,14
8615,-0.087665,30
8616,0.351452,15
8617,1.907018,22
8618,-0.004534,30
8619,1.728315,16
8620,0.467357,18
8621,-1.078184,30
8622,1.233303,22
8623,-0.11177,30
8624,0.725378,19
8625,1.194832,30
8626,-0.075911,30
8627,-0.45399,23
8628,2.022207,26
8629,-1.966492,30
8630,1.468778,30
8631,3.746653,26
8632,3.093705,30
8633,3.300422,30
8634,-0.420624,16
8635,4.087777,26
8636,1.219805,19
8637,1.582167,19
8638,-0.712179,22
8639,-0.953851,27
8640,0.312843,17
8641,2.916563,23
8642,-0.068669,30
8643,1.81885,30
8644,-0.726315,30
8645,-3.109484,27
8646,3.010016,24
8647,-0.29071,30
8648,-0.024277,30
8649,2.199407,15
8650,2.850476,30
8651,0.209577,30
8652,2.111856,14
8653,3.216824,30
8654,-1.522451,30
8655,3.269952,23
8656,-0.301942,30
8657,-1.521055,29
8658,0.746741,27
8659,2.060008,30
8660,2.894874,19
8661,1.10936,30
8662,1.841901,20
8663,-0.027457,19
8664,3.717209,22
8665,2.060676,24
8666,1.38615,30
8667,-2.050828,30
8668,0.03979,23
8669,-1.57665,11
8670,3.357875,17
8671,2.770185,24
8672,-1.359205,17
8673,0.635478,30
8674,-5.003542,30
8675,-0.195844,30
8676,1.972879,12
8677,1.296023,16
8678,1.617672,27
8679,0.274738,30
8680,-0.465063,29
8681,3.445465,14
8682,0.07602,18
8683,-0.142371,14
8684,1.431569,30
8685,2.944967,17
8686,-2.271673,14
8687,-2.319478,24
8688,-0.275564,10
8689,0.952766,28
8690,-0.93857,30
8691,0.718173,30
8692,2.151694,30
8693,0.57631,26
8694,1.576614,11
8695,2.084757,14
8696,3.319563,25
8697,1.443845,14
8698,0.890807,30
8699,1.307039,18
8700,2.926192,26
8701,1.696766,24
8702,2.440083,28
8703,2.64351,20
8704,-2.781848,20
8705,1.510924,15
8706,1.622581,30
8707,-4.370263,21
8708,0.023061,17
8709,2.592977,18
8710,1.691741,19
8711,2.152983,27
8712,1.062711,26
8713,3.161107,30
8714,2.594286,23
8715,0.161576,30
8716,0.013375,27
8717,3.916782,29
8718,0.219739,16
8719,-5.847939,30
8720,-2.256505,24
8721,-1.548488,30
8722,1.53947,30
8723,-0.129558,9
8724,1.277244,30
8725,1.093394,30
8726,-1.440553,30
8727,3.367389,30
8728,0.905331,22
8729,-1.057394,23
8730,1.997817,30
8731,1.020848,15
8732,2.280236,22
8733,1.975363,22
8734,2.751553,28
8735,0.368183,28
8736,2.965884,26
8737,-2.172558,14
8738,1.810161,30
8739,-2.769213,22
8740,3.160426,30
8741,-5.192125,30
8742,0.821958,29
8743,4.066675,25
8744,-0.266506,30
8745,3.624283,25
8746,2.519171,25
8747,-0.598814,14
8748,-2.36678,18
8749,0.341791,30
8750,-3.776313,27
8751,-0.551849,30
8752,-1.092129,16
8753,0.823818,30
8754,-3.023114,16
8755,-2.284386,30
8756,-4.460597,28
8757,-3.669526,18
8758,0.638026,27
8759,-2.43649,30
8760,-3.586012,21
8761,2.1153,30
8762,-1.189839,30
8763,-1.189954,30
8764,-0.224913,18
8765,4.288989,22
8766,2.879929,22
8767,-5.873303,21
8768,0.963175,16
8769,1.752985,14
8770,-1.51243,26
8771,2.063268,22
8772,3.948622,18
8773,3.267009,30
8774,0.156381,30
8775,-1.169154,30
8776,2.898725,30
8777,3.290621,30
8778,1.431461,11
8779,3.204741,30
8780,1.0948,19
8781,3.294288,30
8782,-1.380533,19
8783,1.026812,30
8784,-0.355805,16
8785,-5.891426,20
8786,1.623493,30
8787,2.216805,22
8788,1.192297,27
8789,3.540775,27
8790,-1.106707,27
8791,1.963725,30
8792,2.438067,30
8793,2.97344,13
8794,2.880805,22
8795,-0.737718,18
8796,2.969778,22
8797,4.066906,25
8798,3.46361,30
8799,-1.641447,24
8800,0.161822,23
8801,-0.634526,22
8802,1.026711,13
8803,1.486625,11
8804,3.145364,28
8805,1.971932,30
8806,-2.205673,17
8807,-0.315122,30
8808,0.784151,21
8809,2.152534,12
8810,-2.55654,30
8811,4.255399,22
8812,1.947568,25
8813,-0.215646,30
8814,-0.4,30
8815,1.457299,30
8816,0.288675,26
8817,1.578673,30
8818,-2.835448,21
8819,3.384023,19
8820,3.581399,20
8821,1.209268,30
8822,3.980789,23
8823,1.544648,20
8824,-0.263803,18
8825,-0.64772,17
8826,2.92414,23
8827,-3.468439,14
8828,-0.701717,27
8829,3.038551,18
8830,-2.400832,30
8831,0.112451,30
8832,3.471913,14
8833,4.01598,17
8834,0.680993,30
8835,-0.444453,18
8836,4.124322,26
8837,2.547253,30
8838,0.924907,26
8839,-6.210568,19
8840,0.942184,14
8841,2.621041,29
8842,4.091224,26
8843,2.165299,25
8844,-6.940653,25
8845,2.30244,17
8846,2.021396,12
8847,1.522017,30
8848,2.915683,29
8849,0.315376,18
8850,1.350305,30
8851,1.008243,30
8852,2.920966,24
8853,0.616719,30
8854,0.541038,19
8855,-1.208615,20
8856,-9.834453,24
8857,-0.096876,23
8858,1.31332,28
8859,-9.036679,29
8860,-0.301343,21
8861,2.137911,24
8862,-3.933678,30
8863,1.21584,30
8864,-0.658967,25
8865,-2.297578,14
8866,1.33598,30
8867,2.104913,22
8868,2.703375,30
8869,-1.854761,28
8870,1.488102,23
8871,0.971083,24
8872,2.85414,30
8873,3.883668,24
8874,0.238034,18
8875,2.949654,21
8876,0.545169,30
8877,3.144244,30
8878,-1.382568,30
8879,3.504189,29
8880,2.780753,19
8881,-2.739816,30
8882,1.509455,30
8883,4.201781,23
8884,2.420175,30
8885,2.066954,27
8886,1.566247,26
8887,-1.127988,30
8888,-1.136788,30
8889,3.395841,12
8890,1.787328,30
8891,1.107284,22
8892,2.374679,22
8893,0.835084,30
8894,-0.764584,12
8895,0.921556,19
8896,-0.716668,30
8897,3.210823,30
8898,4.054517,29
8899,2.056523,30
8900,0.841174,29
8901,1.207158,24
8902,0.458698,30
8903,0.808732,27
8904,-0.196987,30
8905,3.095002,30
8906,0.862904,21
8907,-2.865,25
8908,0.682426,30
8909,-0.340474,23
8910,1.536831,20
8911,2.350052,30
8912,-1.112978,25
8913,-4.1764,23
8914,-3.092287,30
8915,-0.148403,30
8916,2.750532,30
8917,2.113188,30
8918,-4.929451,15
8919,2.065921,17
8920,0.169901,30
8921,-0.224049,17
8922,2.029865,19
8923,2.08773,30
8924,3.460069,12
8925,-3.827769,26
8926,2.174857,30
8927,1.39401,16
8928,-2.564413,30
8929,2.380653,16
8930,-2.1556,30
8931,2.963306,15
8932,4.043593,24
8933,1.674828,21
8934,0.136618,16
8935,2.620916,18
8936,2.030901,24
8937,2.991354,23
8938,2.965374,20
8939,-0.265873,30
8940,2.460388,30
8941,1.941327,26
8942,2.582608,15
8943,2.465855,19
8944,-0.013365,30
8945,1.562319,19
8946,1.363784,30
8947,0.583535,14
8948,3.014257,22
8949,1.488578,30
8950,0.315271,18
8951,3.841895,18
8952,4.050163,26
8953,4.297039,24
8954,2.674404,30
8955,1.920956,30
8956,1.354063,9
8957,-3.576091,30
8958,-2.299498,29
8959,1.393304,22
8960,0.554212,28
8961,0.442806,30
8962,-1.876169,19
8963,1.73584,16
8964,1.299658,13
8965,2.68288,30
8966,-5.062599,30
8967,4.240337,27
8968,1.616686,22
8969,2.933576,22
8970,1.963841,29
8971,3.005286,25
8972,1.285698,30
8973,3.262501,30
8974,-2.920719,18
8975,1.793116,22
8976,1.421271,15
8977,-2.502073,22
8978,1.086186,18
8979,3.333949,15
8980,3.167961,30
8981,-1.780532,30
8982,2.875643,30
8983,2.991405,24
8984,3.008307,30
8985,0.403927,18
8986,0.71953,30
8987,-1.615674,30
8988,-3.496479,28
8989,0.228945,26
8990,-2.165455,30
8991,-3.499138,20
8992,-0.572666,30
8993,2.378732,27
8994,4.20572,23
8995,2.735597,28
8996,2.871305,25
8997,0.80675,8
8998,1.833712,20
8999,1.728603,9
9000,-0.312505,17
9001,-1.436515,30
9002,4.207861,22
9003,0.374766,19
9004,0.521003,17
9005,2.850918,23
9006,2.329642,13
9007,-0.596568,30
9008,2.925738,23
9009,0.255571,24
9010,2.900542,24
9011,2.473838,26
9012,0.099839,30
9013,3.582796,20
9014,3.35321,30
9015,1.596051,23
9016,1.562255,30
9017,3.388154,30
9018,-2.761481,30
9019,2.881362,28
9020,0.075076,30
9021,0.229263,29
9022,-1.476544,29
9023,3.024237,30
9024,3.119217,30
9025,0.547428,19
9026,2.346929,25
9027,-0.12136,22
9028,2.00535,30
9029,1.865155,21
9030,-1.643,12
9031,-1.514518,23
9032,1.895044,30
9033,-0.585485,27
9034,-1.360307,30
9035,1.01579,15
9036,0.604043,12
9037,-0.664102,30
9038,1.680291,30
9039,-0.475854,18
9040,0.762018,29
9041,1.153987,24
9042,1.162569,25
9043,-1.076344,15
9044,0.908398,30
9045,-1.088462,30
9046,-0.450121,15
9047,3.077969,22
9048,2.943048,22
9049,2.459857,30
9050,1.523381,21
9051,1.026743,28
9052,2.291751,26
9053,4.026458,25
9054,2.101509,24
9055,1.794397,22
9056,3.099684,30
9057,1.999313,14
9058,0.744607,30
9059,0.238669,24
9060,1.757266,17
9061,1.022722,26
9062,2.925512,24
9063,0.518402,30
9064,1.60678,18
9065,-0.687706,30
9066,0.587256,30
9067,2.143122,19
9068,-1.548167,17
9069,-0.434145,21
9070,-0.958967,22
9071,2.020135,30
9072,-1.109263,30
9073,2.62577,19
9074,1.436782,30
9075,2.864146,24
9076,3.605785,22
9077,3.001627,23
9078,2.104517,13
9079,-0.011367,30
9080,-2.442461,18
9081,1.525603,15
9082,0.682899,30
9083,2.867669,19
9084,0.348941,26
9085,1.867328,20
9086,1.946526,22
9087,0.307754,30
9088,2.830157,12
9089,-3.667109,30
9090,2.359194,30
9091,0.066892,12
9092,0.888588,23
9093,3.089599,30
9094,2.926229,23
9095,1.606185,17
9096,-1.342402,14
9097,1.554712,23
9098,0.821604,15
9099,3.182979,30
9100,-1.756543,19
9101,1.895047,30
9102,0.841902,20
9103,2.626503,15
9104,0.933453,30
9105,2.644493,19
9106,0.270409,24
9107,-0.94669,16
9108,-0.653847,20
9109,4.32188,23
9110,-0.748436,30
9111,1.721288,11
9112,0.968162,24
9113,2.129765,20
9114,-1.269086,30
9115,3.088165,23
9116,2.013977,27
9117,2.660299,21
9118,2.655985,28
9119,0.832286,19
9120,-4.233977,25
9121,0.183781,30
9122,1.505076,19
9123,3.078025,30
9124,-0.099701,13
9125,2.815587,19
9126,-1.043543,17
9127,-2.583993,30
9128,1.025488,30
9129,-1.268646,25
9130,-2.831766,30
9131,1.062729,30
9132,1.438085,14
9133,3.787919,29
9134,1.800814,18
9135,-4.461389,21
9136,-0.305597,27
9137,4.191281,27
9138,1.422939,9
9139,2.200603,30
9140,-1.669378,30
9141,1.013548,29
9142,0.436304,22
9143,-1.552023,25
9144,2.91618,29
9145,-0.582872,30
9146,3.12898,30
9147,-4.359103,30
9148,2.693774,19
9149,-1.254769,21
9150,0.472493,30
9151,-1.507715,22
9152,-13.027604,27
9153,0.206858,30
9154,0.447258,19
9155,3.849928,25
9156,1.86413,20
9157,4.246381,26
9158,4.142512,26
9159,0.906733,13
9160,2.155821,24
9161,2.339527,28
9162,2.423803,22
9163,-2.451031,28
9164,-0.017107,30
9165,2.24553,22
9166,3.014366,22
9167,0.967583,20
9168,0.275617,20
9169,2.70334,30
9170,2.193738,14
9171,0.659116,30
9172,-5.180062,19
9173,2.492374,30
9174,3.911113,18
9175,0.730574,30
9176,-0.015408,30
9177,2.332497,30
9178,-4.32661,23
9179,-0.341439,29
9180,2.506785,27
9181,-1.719523,30
9182,1.941871,29
9183,2.597019,27
9184,1.975016,25
9185,-0.140554,30
9186,-0.31908,30
9187,3.528126,23
9188,1.944773,15
9189,-0.529077,21
9190,3.901441,25
9191,3.026775,17
9192,1.288526,18
9193,1.455366,30
9194,2.247093,30
9195,3.305597,30
9196,-1.744769,14
9197,1.916434,30
9198,2.188664,19
9199,3.034933,16
9200,-1.181256,26
9201,-1.01448,22
9202,4.039131,19
9203,0.931148,30
9204,0.394856,25
9205,2.915716,30
9206,4.086189,25
9207,2.034532,18
9208,-0.477584,30
9209,1.378542,30
9210,2.296339,30
9211,1.013199,23
9212,3.538107,16
9213,0.080677,23
9214,2.867645,21
9215,-0.001419,30
9216,-2.801006,30
9217,1.977955,30
9218,0.793589,20
9219,-1.08871,30
9220,4.125726,20
9221,1.989457,27
9222,-6.533981,23
9223,-0.178792,12
9224,2.628814,29
9225,1.156639,30
9226,-0.578886,19
9227,0.750871,11
9228,4.304694,20
9229,1.901972,27
9230,0.202617,9
9231,0.675716,28
9232,0.38339,17
9233,2.700571,22
9234,-4.809341,20
9235,1.701653,27
9236,1.889659,30
9237,-1.904639,30
9238,3.003119,18
9239,2.604956,19
9240,2.109852,17
9241,3.539846,30
9242,2.706546,18
9243,1.398765,30
9244,-2.645043,19
9245,3.343471,27
9246,4.034175,28
9247,2.367818,27
9248,-4.753931,26
9249,-6.325236,27
9250,2.879945,22
9251,2.190587,30
9252,-6.265335,22
9253,-0.968058,17
9254,3.485742,14
9255,2.622274,14
9256,2.805954,26
9257,-1.267016,28
9258,3.477823,24
9259,3.536309,30
9260,2.289508,30
9261,2.559636,30
9262,-1.193445,30
9263,2.106859,24
9264,1.198616,20
9265,1.8067,10
9266,0.402139,27
9267,2.466539,27
9268,3.545869,25
9269,-3.713004,22
9270,-0.25802,30
9271,1.839577,30
9272,0.804898,30
9273,0.60321,23
9274,2.947541,24
9275,-1.934544,27
9276,-0.717279,16
9277,1.841727,30
9278,1.617903,26
9279,2.213489,21
9280,-2.630011,12
9281,3.827499,17
9282,-4.138953,20
9283,-0.389734,30
9284,0.100988,30
9285,-0.219279,30
9286,-0.019099,11
9287,-0.651861,20
9288,1.904673,19
9289,2.272949,21
9290,-1.537653,30
9291,2.075553,30
9292,-0.045562,27
9293,-0.170215,12
9294,4.398963,27
9295,1.864665,30
9296,1.214536,30
9297,-0.495644,14
9298,1.806983,30
9299,2.390776,26
9300,3.555659,26
9301,1.22509,30
9302,3.24301,30
9303,-0.193231,17
9304,4.054918,30
9305,0.637885,23
9306,2.167324,28
9307,1.285843,18
9308,1.975752,30
9309,1.502881,19
9310,-0.056188,30
9311,0.710108,23
9312,0.148982,25
9313,-0.149573,30
9314,3.055014,30
9315,3.870593,30
9316,1.045253,20
9317,3.016874,25
9318,2.469613,30
9319,3.718599,29
9320,1.392224,30
9321,1.212493,30
9322,1.527875,30
9323,-0.320784,22
9324,-2.309843,24
9325,1.384084,22
9326,-10.080054,30
9327,1.47075,30
9328,2.741363,30
9329,-0.458983,30
9330,0.854412,17
9331,-1.050462,30
9332,-1.172348,24
9333,-3.203048,17
9334,2.778397,20
9335,2.021419,28
9336,-0.717852,12
9337,3.510529,22
9338,0.53513,30
9339,2.641252,20
9340,2.923667,25
9341,4.032158,22
9342,1.573571,29
9343,2.416649,16
9344,1.175414,19
9345,0.416858,17
9346,3.801645,20
9347,-0.117007,23
9348,-0.417564,16
9349,-2.103921,16
9350,-2.691804,28
9351,-2.901321,30
9352,4.247104,28
9353,1.93936,30
9354,-6.317537,24
9355,-2.241769,30
9356,2.387189,18
9357,3.984955,21
9358,-3.063534,30
9359,2.898544,26
9360,-4.630438,30
9361,0.894756,14
9362,-3.359184,18
9363,-1.183494,30
9364,-1.538819,30
9365,-0.070761,27
9366,1.806848,14
9367,2.588463,30
9368,0.772598,25
9369,-0.477738,30
9370,3.257309,30
9371,0.993036,11
9372,-3.444421,27
9373,2.741167,18
9374,-2.884365,30
9375,1.361308,20
9376,-1.681282,22
9377,3.586784,30
9378,2.080926,30
9379,0.860568,30
9380,2.238991,26
9381,2.954244,27
9382,2.709847,19
9383,2.749491,26
9384,0.408797,18
9385,1.252229,23
9386,3.035843,30
9387,0.258436,30
9388,0.845303,30
9389,3.765383,19
9390,1.438684,17
9391,2.5636,28
9392,-1.475063,30
9393,0.929713,30
9394,-1.391366,30
9395,3.227437,17
9396,0.536465,30
9397,3.353752,25
9398,3.352056,30
9399,0.798203,16
9400,2.808445,23
9401,1.809663,30
9402,0.34012,23
9403,1.959409,30
9404,2.494086,30
9405,1.081446,29
9406,1.167232,18
9407,3.201591,30
9408,-0.360943,22
9409,1.204267,24
9410,1.775976,19
9411,-0.279878,30
9412,0.327012,15
9413,-0.553834,28
9414,3.807757,20
9415,2.252353,30
9416,2.156684,30
9417,2.903776,30
9418,1.182274,29
9419,0.672785,21
9420,1.367103,30
9421,1.576591,23
9422,0.852849,26
9423,3.325049,28
9424,1.114007,14
9425,-1.985295,30
9426,-3.919637,30
9427,1.54406,16
9428,2.329319,30
9429,-2.684277,30
9430,2.686844,30
9431,0.942495,23
9432,1.983883,30
9433,2.789575,24
9434,2.08765,11
9435,2.199564,16
9436,2.453133,22
9437,2.881801,30
9438,0.853236,11
9439,0.474735,30
9440,2.247729,15
9441,0.127798,24
9442,-2.884673,30
9443,2.566174,18
9444,-0.586938,19
9445,0.958407,23
9446,-2.187634,30
9447,-1.099756,25
9448,2.074367,24
9449,0.387084,28
9450,-0.386867,30
9451,-0.57856,21
9452,3.032309,28
9453,-5.025867,28
9454,0.095992,16
9455,-3.323626,27
9456,0.031649,29
9457,3.528386,18
9458,0.082345,30
9459,2.541529,22
9460,3.829997,28
9461,2.652555,24
9462,2.000136,30
9463,-0.728455,15
9464,3.371569,30
9465,3.147859,26
9466,1.941769,21
9467,-0.489179,20
9468,1.011383,25
9469,0.135935,22
9470,0.244977,17
9471,3.145958,17
9472,0.625371,17
9473,1.694988,20
9474,-1.615114,20
9475,-1.676933,10
9476,-0.814326,30
9477,3.385576,21
9478,2.242965,30
9479,-2.845695,30
9480,1.278548,17
9481,2.222752,30
9482,1.93653,30
9483,-0.170587,23
9484,2.720752,14
9485,0.09719,28
9486,-5.87615,27
9487,0.900832,24
9488,1.424331,30
9489,-0.582888,13
9490,2.77971,19
9491,-10.075905,30
9492,3.056198,30
9493,1.687749,18
9494,3.443394,30
9495,0.903318,28
9496,0.884986,24
9497,0.449975,15
9498,3.058938,30
9499,3.428455,30
9500,3.102348,21
9501,1.649251,30
9502,-0.210542,30
9503,3.012234,28
9504,-0.299052,30
9505,3.865396,29
9506,-0.625672,8
9507,-0.731091,30
9508,0.809527,15
9509,0.650812,19
9510,1.627365,20
9511,-1.891504,16
9512,3.673194,20
9513,0.235491,25
9514,2.950545,21
9515,3.063621,23
9516,0.937378,25
9517,1.668261,22
9518,-1.556513,30
9519,-1.176302,30
9520,4.186814,30
9521,2.430374,14
9522,3.468633,20
9523,1.160443,30
9524,-1.661344,30
9525,2.292387,20
9526,-2.043545,24
9527,-2.269355,20
9528,0.376779,20
9529,-0.28019,25
9530,2.250105,19
9531,2.241221,30
9532,1.67202,30
9533,0.270402,30
9534,-1.433732,30
9535,2.593583,30
9536,3.624946,27
9537,-1.804149,19
9538,0.100194,30
9539,1.470904,23
9540,1.528115,30
9541,2.944284,19
9542,3.078891,19
9543,-3.735584,30
9544,-0.916396,18
9545,1.271109,30
9546,2.302505,17
9547,1.791662,20
9548,1.332059,16
9549,2.938724,21
9550,2.878529,22
9551,-1.495935,28
9552,2.140059,26
9553,1.032062,17
9554,-1.879101,19
9555,4.03536,26
9556,3.616647,23
9557,3.25738,30
9558,0.961569,18
9559,2.159418,30
9560,2.752305,20
9561,3.404811,22
9562,-1.905347,30
9563,-0.767221,30
9564,3.237073,30
9565,1.653242,24
9566,2.151447,12
9567,1.551175,30
9568,-0.535093,15
9569,3.154971,30
9570,4.116816,20
9571,-3.439675,30
9572,2.631121,19
9573,0.289575,21
9574,2.899408,14
9575,1.925926,30
9576,1.253744,30
9577,2.860861,16
9578,2.456789,30
9579,0.466016,18
9580,2.758821,25
9581,-0.883367,30
9582,-4.821252,14
9583,2.087594,30
9584,0.911094,20
9585,0.023579,30
9586,2.87625,30
9587,1.838222,30
9588,2.866195,23
9589,3.209009,30
9590,-3.83309,30
9591,2.414343,15
9592,0.817163,30
9593,2.971531,20
9594,1.810158,30
9595,3.227145,30
9596,-0.757494,19
9597,1.550059,30
9598,1.678403,10
9599,-1.275979,14
9600,1.133165,30
9601,1.961162,27
9602,-3.571251,30
9603,3.290024,24
9604,2.124267,30
9605,0.422512,24
9606,3.775722,26
9607,0.084828,27
9608,1.652487,30
9609,0.29763,30
9610,1.909522,30
9611,2.164648,29
9612,2.285886,30
9613,3.787695,19
9614,-0.202363,8
9615,1.371284,14
9616,-1.827011,24
9617,2.311114,21
9618,-0.755013,30
9619,-1.457295,19
9620,3.193705,24
9621,0.644932,30
9622,2.563924,21
9623,0.191797,14
9624,3.753209,26
9625,2.303858,19
9626,-2.278865,21
9627,0.715645,21
9628,1.819843,30
9629,2.653237,25
9630,-1.895075,21
9631,3.924195,30
9632,0.596212,30
9633,-2.333748,25
9634,1.357763,26
9635,-1.976665,30
9636,2.016225,25
9637,-0.349488,12
9638,1.911845,30
9639,2.556845,30
9640,3.381471,30
9641,3.218716,26
9642,1.000679,22
9643,-0.46742,30
9644,2.303411,14
9645,-2.39236,27
9646,-1.590437,30
9647,1.191731,28
9648,-6.309618,30
9649,1.906048,13
9650,-4.685687,22
9651,2.757483,17
9652,-1.345592,30
9653,2.248404,30
9654,0.590018,30
9655,-0.241264,23
9656,3.985009,28
9657,3.054701,30
9658,1.008646,30
9659,-4.020989,30
9660,4.152982,22
9661,2.258519,17
9662,1.452304,28
9663,1.370258,17
9664,-1.141369,30
9665,-4.131666,30
9666,3.02986,25
9667,-0.018115,30
9668,0.74765,30
9669,3.615915,25
9670,-1.471597,30
9671,2.561384,30
9672,2.819446,24
9673,3.084511,30
9674,1.534719,30
9675,0.986849,22
9676,-0.07209,30
9677,0.66558,30
9678,1.232382,30
9679,2.352034,30
9680,3.044374,30
9681,2.027369,30
9682,1.138848,21
9683,2.863976,30
9684,0.972284,26
9685,1.077763,26
9686,-1.687154,30
9687,-0.346346,24
9688,1.189944,30
9689,3.337639,30
9690,-0.121982,22
9691,3.335652,22
9692,-0.072399,29
9693,-1.046554,24
9694,1.349109,30
9695,4.089329,27
9696,3.350101,30
9697,4.183328,21
9698,0.926474,17
9699,0.47348,20
9700,3.039833,30
9701,-1.210885,15
9702,2.250288,30
9703,1.951048,18
9704,1.803994,30
9705,-0.391229,14
9706,2.773352,23
9707,3.084631,17
9708,1.566082,30
9709,1.570407,18
9710,1.08962,30
9711,2.715709,26
9712,-0.280563,15
9713,1.494938,26
9714,2.09269,25
9715,0.619768,30
9716,-3.100072,30
9717,-0.406582,30
9718,-0.868105,16
9719,-3.905329,30
9720,-0.022567,16
9721,-1.550517,30
9722,1.196747,30
9723,-0.638073,30
9724,3.575765,30
9725,1.45318,9
9726,-4.780054,30
9727,1.863423,30
9728,-0.226228,24
9729,2.163109,11
9730,0.9909,24
9731,0.557777,15
9732,0.180087,24
9733,-1.346073,30
9734,0.778214,25
9735,3.276581,30
9736,1.603783,16
9737,-0.641943,22
9738,-2.474158,26
9739,0.817617,18
9740,3.784269,25
9741,0.689217,18
9742,0.285164,30
9743,-1.663418,26
9744,3.968695,21
9745,-3.50102,30
9746,2.91355,20
9747,2.966668,22
9748,2.749818,15
9749,3.777165,28
9750,-1.781069,30
9751,-2.869003,24
9752,3.066169,30
9753,0.561061,15
9754,3.845349,28
9755,1.308079,17
9756,-1.276601,24
9757,3.563936,24
9758,0.687473,24
9759,-5.698326,18
9760,-0.150337,30
9761,4.199426,24
9762,-1.449123,19
9763,1.59299,10
9764,2.052095,27
9765,4.092019,28
9766,0.92335,21
9767,0.123994,30
9768,3.211025,30
9769,-1.176509,30
9770,2.99258,30
9771,2.05271,30
9772,0.910137,20
9773,1.049225,19
9774,2.650453,30
9775,-1.506047,13
9776,-1.598263,22
9777,0.694521,30
9778,3.546934,30
9779,2.746194,23
9780,1.839245,30
9781,1.230176,30
9782,3.695577,25
9783,-2.144555,15
9784,0.445439,12
9785,0.931153,28
9786,3.047136,19
9787,2.232167,30
9788,-0.636178,20
9789,-0.261574,25
9790,1.404938,16
9791,1.877856,28
9792,0.068237,26
9793,0.411845,24
9794,-1.313007,30
9795,0.543105,13
9796,-0.237525,21
9797,0.699127,30
9798,2.660971,19
9799,1.035053,20
9800,3.989925,16
9801,1.499336,30
9802,0.224237,21
9803,-2.346604,30
9804,3.010769,29
9805,2.149459,30
9806,3.29403,30
9807,1.226269,14
9808,4.339858,30
9809,0.076672,18
9810,4.119848,29
9811,1.015535,30
9812,2.495158,30
9813,-3.860726,27
9814,2.021748,30
9815,-0.747173,20
9816,-1.595583,30
9817,3.035837,30
9818,0.189797,28
9819,2.352029,16
9820,3.025494,13
9821,0.568776,30
9822,3.717098,25
9823,1.234068,15
9824,0.90567,30
9825,0.804941,30
9826,-3.095183,17
9827,1.800681,30
9828,-0.370686,30
9829,0.778941,19
9830,0.17417,9
9831,-0.382082,30
9832,2.160545,27
9833,2.68846,30
9834,-3.959303,30
9835,-1.630572,30
9836,0.23783,30
9837,-1.169297,26
9838,4.013389,14
9839,0.568754,30
9840,2.848041,25
9841,-4.564588,27
9842,1.762417,26
9843,-1.243755,20
9844,0.122885,23
9845,1.586195,18
9846,1.401403,30
9847,2.517581,27
9848,2.10281,21
9849,1.32097,30
9850,0.781805,23
9851,-2.471162,30
9852,1.817376,30
9853,3.019783,22
9854,0.973305,24
9855,0.740066,30
9856,1.841121,20
9857,2.882938,30
9858,-0.767517,30
9859,-2.366542,20
9860,1.385156,30
9861,0.770849,18
9862,1.980764,17
9863,2.955448,21
9864,1.059563,21
9865,-0.503762,19
9866,-0.483105,12
9867,-1.103158,29
9868,2.287778,14
9869,2.603125,23
9870,-0.687487,18
9871,0.64229,24
9872,3.670845,22
9873,1.886203,16
9874,1.299859,26
9875,-1.046054,30
9876,2.71951,30
9877,2.944426,26
9878,2.038427,22
9879,-1.171736,15
9880,-3.355158,15
9881,-0.842885,25
9882,3.190229,30
9883,4.106289,25
9884,1.28793,30
9885,2.992195,26
9886,2.636646,15
9887,1.980904,16
9888,-0.73433,30
9889,3.569528,23
9890,1.965408,29
9891,2.951781,19
9892,1.516968,22
9893,3.051846,19
9894,0.922912,19
9895,-0.90644,30
9896,-1.608793,29
9897,-2.236035,24
9898,3.357093,30
9899,2.787165,28
9900,1.459646,25
9901,3.54218,22
9902,1.28188,30
9903,1.638607,26
9904,1.505482,26
9905,-0.764665,16
9906,2.165715,15
9907,1.042143,19
9908,-0.989072,13
9909,3.361789,26
9910,-1.017811,22
9911,1.843395,14
9912,0.017362,19
9913,-1.253912,16
9914,-0.712971,30
9915,0.936338,30
9916,-2.077503,30
9917,4.139629,20
9918,-0.426605,21
9919,2.080794,30
9920,2.227025,22
9921,3.122939,30
9922,3.447675,18
9923,-0.568217,15
9924,1.516266,17
9925,0.694317,30
9926,-0.269652,20
9927,-0.051578,30
9928,0.50386,30
9929,-6.612515,25
9930,1.722884,22
9931,1.787063,14
9932,4.191958,21
9933,-0.005306,15
9934,-5.741905,30
9935,0.037426,30
9936,-0.215179,22
9937,-3.745023,30
9938,-1.196753,27
9939,0.333459,14
9940,1.620441,18
9941,-0.560572,30
9942,-1.348497,26
9943,2.702064,30
9944,3.958101,23
9945,4.110697,28
9946,-5.132101,22
9947,-2.937448,15
9948,1.188814,30
9949,-0.176085,17
9950,-1.041597,18
9951,0.731499,19
9952,2.139404,30
9953,2.629544,30
9954,2.281162,30
9955,2.462281,20
9956,3.497252,24
9957,4.313121,26
9958,4.369885,19
9959,-1.525236,18
9960,3.944352,13
9961,-0.483374,22
9962,2.466756,19
9963,-0.201847,30
9964,2.137987,25
9965,-1.075027,30
9966,3.708928,28
9967,0.036331,30
9968,-3.867183,30
9969,3.553213,22
9970,1.434843,23
9971,3.08823,30
9972,4.077907,24
9973,-1.047874,15
9974,0.006749,17
9975,1.568741,22
9976,1.461447,26
9977,-1.386292,30
9978,-1.768814,23
9979,1.295312,30
9980,2.16571,18
9981,3.549452,27
9982,4.065477,22
9983,2.715647,19
9984,1.779425,11
9985,-3.367068,16
9986,-0.499541,29
9987,2.909607,30
9988,1.468514,21
9989,2.042392,14
9990,2.976277,26
9991,1.78983,30
9992,1.815596,22
9993,1.787277,18
9994,0.048963,29
9995,2.387239,30
9996,2.166353,26
9997,-5.947061,30
9998,1.616086,22
9999,2.796369,28
10000,2.537817,21
10001,3.451718,20
10002,4.11217,20
10003,0.839951,30
10004,1.078131,30
10005,2.538227,30
10006,3.477463,29
10007,2.381212,19
10008,-1.089059,25
10009,1.633368,18
10010,-1.268783,16
10011,-0.683984,24
10012,3.400615,21
10013,-0.318272,30
10014,2.377202,28
10015,3.442659,14
10016,1.380683,30
10017,-0.094111,23
10018,2.042263,26
10019,2.943521,27
10020,2.144112,30
10021,1.134391,30
10022,-3.244309,20
10023,3.765882,26
10024,2.778997,23
10025,2.693775,22
10026,1.914696,30
10027,-0.038154,20
10028,1.056908,21
10029,-5.645173,22
10030,2.747656,14
10031,1.072289,29
10032,-5.183895,30
10033,-5.066845,30
10034,-3.885125,28
10035,-4.980853,30
10036,2.990115,30
10037,1.219285,9
10038,4.25472,24
10039,-1.920221,20
10040,4.017661,27
10041,2.279959,25
10042,0.099913,30
10043,0.964445,19
10044,-0.477522,18
10045,2.764192,28
10046,0.637186,30
10047,2.749283,30
10048,1.082296,30
10049,2.690104,30
10050,-0.88007,11
10051,0.36255,25
10052,-0.676787,19
10053,3.623522,21
10054,1.195817,27
10055,-0.972747,15
10056,2.386604,30
10057,-0.324206,30
10058,0.928056,15
10059,-0.788152,30
10060,2.279993,30
10061,-0.504137,25
10062,0.799648,30
10063,2.935529,20
10064,1.615923,30
10065,3.125663,30
10066,2.27686,30
10067,3.071552,30
10068,-4.113039,30
10069,2.646096,29
10070,3.059677,20
10071,-0.305081,25
10072,3.256574,18
10073,-1.551868,30
10074,1.032956,20
10075,1.318233,30
10076,2.332793,30
10077,2.150057,28
10078,3.179444,30
10079,2.989382,30
10080,2.718133,30
10081,1.055332,30
10082,2.736717,30
10083,1.787721,26
10084,-1.247852,30
10085,-0.412545,15
10086,2.626556,22
10087,1.414254,30
10088,1.28199,19
10089,2.691301,17
10090,1.416359,30
10091,-0.091647,21
10092,-5.322967,30
10093,0.7074,14
10094,-0.539311,29
10095,1.348709,30
10096,-1.007082,30
10097,2.715732,20
10098,1.268437,29
10099,2.75494,29
10100,-1.211015,20
10101,0.594133,21
10102,3.512503,29
10103,1.078433,30
10104,2.904891,29
10105,2.113468,30
10106,0.745288,30
10107,2.919379,23
10108,3.223791,30
10109,-0.87195,30
10110,0.015023,30
10111,1.577186,26
10112,-5.053489,30
10113,2.206819,17
10114,3.056118,30
10115,-0.311533,30
10116,0.130074,30
10117,1.80318,30
10118,1.284192,20
10119,1.4574,30
10120,0.439374,30
10121,0.373066,13
10122,3.857662,27
10123,-1.681495,30
10124,-2.029235,25
10125,2.714141,30
10126,1.653786,30
10127,4.128025,22
10128,2.587003,19
10129,-0.384937,14
10130,2.511437,15
10131,1.008748,30
10132,2.26904,30
10133,-4.242359,30
10134,-0.326914,12
10135,-4.645747,19
10136,0.722852,30
10137,3.949394,21
10138,0.180486,30
10139,1.446359,30
10140,2.242735,13
10141,-0.516919,26
10142,1.248131,30
10143,1.524974,15
10144,1.654773,10
10145,2.054918,26
10146,3.215084,30
10147,1.334695,30
10148,1.01859,30
10149,2.898509,30
10150,1.930968,21
10151,-3.431304,30
10152,2.903628,18
10153,2.981856,28
10154,2.914864,24
10155,1.463806,22
10156,-1.296086,21
10157,0.922153,14
10158,2.744014,17
10159,-0.53648,30
10160,3.396122,30
10161,-4.43152,22
10162,1.309958,30
10163,2.919811,30
10164,1.755408,29
10165,2.205746,30
10166,2.863301,15
10167,2.430735,22
10168,2.853686,26
10169,2.393049,22
10170,1.649152,30
10171,1.961461,18
10172,0.767616,30
10173,2.323189,18
10174,1.882853,30
10175,1.769312,20
10176,2.676602,27
10177,1.627478,21
10178,1.92498,30
10179,0.098247,30
10180,1.996671,30
10181,2.663237,23
10182,-1.066557,30
10183,3.515823,17
10184,-0.787439,14
10185,3.86996,25
10186,0.258149,16
10187,2.812584,20
10188,0.986491,20
10189,0.556083,13
10190,2.250082,30
10191,-0.716124,30
10192,2.069017,29
10193,2.224663,14
10194,1.029116,17
10195,-2.965996,23
10196,-2.240458,30
10197,2.601111,30
10198,2.483457,30
10199,1.005634,30
10200,3.442476,15
10201,0.221493,20
10202,-4.809348,30
10203,3.931845,26
10204,3.000954,17
10205,-2.163734,28
10206,0.21125,21
10207,0.57739,17
10208,2.799106,29
10209,2.467233,17
10210,1.404563,19
10211,-1.955536,30
10212,-2.408054,25
10213,2.891119,24
10214,1.428468,30
10215,3.104619,30
10216,-4.868864,28
10217,2.187569,27
10218,1.015617,16
10219,1.730971,21
10220,-0.925789,18
10221,1.728391,14
10222,2.872934,21
10223,1.659918,20
10224,1.278394,30
10225,-0.077221,30
10226,2.031725,24
10227,4.105239,25
10228,1.03484,30
10229,-4.613613,30
10230,-0.696193,30
10231,-1.148914,22
10232,2.082833,30
10233,0.276335,19
10234,-0.117789,30
10235,-1.766321,30
10236,3.087984,17
10237,2.148564,30
10238,-1.32807,30
10239,1.98142,16
10240,2.016004,30
10241,0.223354,21
10242,2.168339,14
10243,1.684448,30
10244,4.120768,27
10245,1.925371,30
10246,2.075004,21
10247,0.717864,19
10248,2.141524,30
10249,-1.633848,30
10250,3.114296,30
10251,2.482504,27
10252,1.28764,30
10253,2.582351,30
10254,4.140418,19
10255,0.911528,17
10256,-1.077198,30
10257,2.02698,26
10258,-1.365802,13
10259,3.067956,18
10260,1.651956,21
10261,3.142589,24
10262,3.169887,30
10263,2.715834,22
10264,1.225901,30
10265,-0.252509,24
10266,-0.357268,18
10267,1.218849,30
10268,0.305682,30
10269,2.605548,30
10270,1.829327,25
10271,1.929792,30
10272,0.539763,23
10273,2.271454,30
10274,-0.058322,30
10275,-0.816158,29
10276,4.238119,25
10277,2.610504,18
10278,2.615121,30
10279,-0.015036,30
10280,0.112721,24
10281,2.138385,30
10282,1.27753,16
10283,2.192578,25
10284,2.473492,11
10285,0.91338,12
10286,2.886083,22
10287,1.259836,14
10288,1.568048,30
10289,1.524698,29
10290,1.583058,30
10291,-0.71092,25
10292,-2.4152,11
10293,-1.201197,30
10294,2.662263,19
10295,4.030612,30
10296,-0.970779,23
10297,-3.43037,30
10298,2.812142,16
10299,-0.416526,30
10300,0.078789,30
10301,-0.510789,30
10302,2.238864,29
10303,2.060944,30
10304,4.205385,24
10305,-4.998524,30
10306,1.808364,30
10307,0.596148,30
10308,2.887524,30
10309,2.700872,23
10310,3.757477,26
10311,1.697378,27
10312,2.407184,30
10313,0.029943,8
10314,3.424063,23
10315,-0.940059,19
10316,-0.084873,16
10317,1.852261,18
10318,0.270779,21
10319,2.95406,23
10320,2.720372,30
10321,2.742537,22
10322,0.108018,30
10323,2.863111,30
10324,-0.962278,28
10325,2.974889,13
10326,0.707859,21
10327,4.383969,22
10328,2.894233,20
10329,1.62384,30
10330,2.08345,23
10331,-0.127911,22
10332,0.447048,30
10333,0.228001,30
10334,2.020695,30
10335,2.140716,28
10336,3.625169,12
10337,3.454757,23
10338,3.157336,22
10339,2.652382,14
10340,-0.292331,21
10341,3.990721,22
10342,-0.908903,30
10343,1.451169,30
10344,4.080358,24
10345,2.864681,19
10346,2.683202,14
10347,-3.690456,26
10348,2.068089,26
10349,1.622676,24
10350,1.582797,27
10351,2.969044,17
10352,1.944423,24
10353,2.280013,30
10354,2.013057,29
10355,3.807003,30
10356,-0.262887,19
10357,1.238117,30
10358,4.248595,24
10359,0.174362,30
10360,0.35882,30
10361,2.23849,30
10362,0.070871,21
10363,3.40348,30
10364,-0.602433,30
10365,-1.668176,16
10366,1.729466,15
10367,3.547401,24
10368,2.170009,30
10369,-0.343304,22
10370,-3.77848,30
10371,0.975786,21
10372,-0.307772,20
10373,1.070309,30
10374,0.750206,19
10375,1.294718,30
10376,1.902533,30
10377,2.999391,27
10378,-5.662035,17
10379,2.776981,25
10380,3.818887,24
10381,1.696878,30
10382,-0.850915,30
10383,3.342069,30
10384,-1.326323,30
10385,-0.845828,30
10386,-0.094812,15
10387,3.119055,30
10388,-3.116038,12
10389,-1.071235,30
10390,2.223284,30
10391,-1.178733,28
10392,3.908099,24
10393,1.294485,30
10394,-2.124002,30
10395,3.039082,17
10396,-1.968808,30
10397,2.367956,30
10398,0.273595,30
10399,-1.735196,30
10400,0.546626,22
10401,0.554084,30
10402,-0.5249,25
10403,1.538602,16
10404,0.750054,28
10405,0.905044,21
10406,3.451376,30
10407,2.493291,30
10408,3.576171,25
10409,4.295209,19
10410,0.211803,24
10411,-3.19694,30
10412,-1.971057,24
10413,0.898088,29
10414,1.849243,21
10415,1.265765,30
10416,2.776811,30
10417,1.991904,15
10418,1.890853,30
10419,-0.314053,30
10420,4.0923,21
10421,-0.151477,30
10422,0.929315,30
10423,0.59403,30
10424,2.830382,30
10425,2.47465,16
10426,1.386844,30
10427,3.15235,30
10428,3.433368,26
10429,1.002863,24
10430,3.686818,14
10431,0.631369,24
10432,3.046433,26
10433,3.196318,30
10434,3.432748,30
10435,1.790361,30
10436,4.012708,19
10437,2.892241,17
10438,3.115972,23
10439,-0.538058,30
10440,-0.328972,28
10441,1.662896,20
10442,3.111001,30
10443,-5.461293,20
10444,2.603696,16
10445,4.205263,26
10446,3.837135,23
10447,-2.473336,17
10448,3.228976,30
10449,2.94875,12
10450,1.700034,30
10451,2.737565,29
10452,-2.704575,30
10453,0.907448,30
10454,1.500299,22
10455,2.971442,28
10456,1.259092,19
10457,2.234203,18
10458,3.332367,30
10459,0.535509,25
10460,0.776168,30
10461,-2.534213,19
10462,0.718948,14
10463,1.011969,30
10464,1.768235,25
10465,2.816445,21
10466,4.137938,25
10467,0.926358,25
10468,2.961915,21
10469,4.168144,20
10470,-3.848447,16
10471,-3.593675,19
10472,2.89181,30
10473,3.252425,22
10474,2.619985,22
10475,1.39418,30
10476,1.450169,12
10477,2.939788,20
10478,1.953769,20
10479,1.064574,30
10480,-4.58593,30
10481,-2.467029,17
10482,2.202652,30
10483,2.681623,21
10484,2.943129,30
10485,2.840967,22
10486,3.308614,30
10487,-2.836581,18
10488,2.761038,20
10489,3.009052,25
10490,2.99846,30
10491,1.961709,30
10492,1.079326,17
10493,-2.107272,30
10494,3.049079,30
10495,1.41012,30
10496,2.280841,14
10497,3.074793,23
10498,-1.712954,29
10499,3.045043,17
10500,2.834899,26
10501,3.227863,25
10502,0.384955,30
10503,2.837618,29
10504,2.963745,18
10505,0.343401,20
10506,3.864426,19
10507,2.783335,28
10508,-0.807771,24
10509,2.834747,26
10510,1.304397,21
10511,3.234561,30
10512,2.139573,30
10513,-2.772365,22
10514,-2.380843,19
10515,0.848938,29
10516,4.033121,27
10517,-0.535454,19
10518,-3.351856,28
10519,1.355143,18
10520,0.963299,26
10521,3.111968,26
10522,3.932487,29
10523,-0.68751,30
10524,4.002467,17
10525,2.81127,30
10526,0.933064,25
10527,1.850893,19
10528,1.798388,30
10529,1.2625,21
10530,4.163528,30
10531,1.452692,26
10532,0.778101,16
10533,0.062242,30
10534,2.360312,23
10535,0.045535,30
10536,3.814305,29
10537,-1.376357,20
10538,2.783224,17
10539,0.598607,30
10540,3.058262,30
10541,1.112271,30
10542,2.229512,30
10543,1.036654,25
10544,-0.439347,21
10545,2.044027,21
10546,1.041866,14
10547,0.981854,30
10548,3.570361,14
10549,2.975506,26
10550,3.21858,30
10551,2.301242,20
10552,2.958812,22
10553,0.933045,30
10554,0.933981,20
10555,4.051645,25
10556,2.894088,21
10557,2.648313,30
10558,1.571129,10
10559,3.861979,28
10560,-3.100588,28
10561,2.512133,30
10562,0.21957,17
10563,3.080692,27
10564,1.061361,20
10565,2.91719,30
10566,0.852593,25
10567,0.659312,30
10568,3.765134,14
10569,0.681534,12
10570,2.377617,22
10571,0.779925,21
10572,0.269086,26
10573,-1.120067,30
10574,2.807315,15
10575,2.819561,30
10576,3.302285,26
10577,1.114348,30
10578,3.855332,29
10579,4.099517,26
10580,2.44012,15
10581,-5.086241,29
10582,3.276951,30
10583,3.410878,19
10584,3.039155,23
10585,3.691318,24
10586,2.842134,29
10587,-2.523504,20
10588,4.113875,22
10589,2.728772,18
10590,-1.723242,26
10591,-0.776482,24
10592,0.97606,22
10593,3.30303,24
10594,-0.999693,30
10595,2.836935,26
10596,-0.068983,30
10597,2.854386,22
10598,3.007967,30
10599,3.868058,23
10600,4.411888,23
10601,-1.661746,18
10602,1.521549,22
10603,0.594196,20
10604,0.512344,22
10605,4.003639,17
10606,1.860453,16
10607,3.886315,21
10608,3.31605,28
10609,1.296265,20
10610,2.093994,25
10611,3.196654,30
10612,3.35458,22
10613,3.496145,25
10614,2.340484,15
10615,3.129051,30
10616,2.949091,22
10617,-14.03143,30
10618,3.09638,22
10619,2.512503,23
10620,1.778505,24
10621,3.025182,21
10622,4.505395,27
10623,-0.526198,24
10624,-0.684924,30
10625,-0.353868,18
10626,2.85297,28
10627,2.500115,30
10628,2.267159,24
10629,3.000045,29
10630,-1.388396,24
10631,0.440394,27
10632,0.677459,8
10633,2.504628,16
10634,-2.475015,14
10635,-0.540059,26
10636,-0.364316,15
10637,-1.977979,26
10638,-0.782313,30
10639,1.753412,10
10640,1.552234,28
10641,0.121113,29
10642,3.073444,23
10643,1.222574,30
10644,3.348307,30
10645,3.973482,15
10646,-0.761289,30
10647,0.752579,23
10648,1.538481,15
10649,4.118545,24
10650,2.829129,18
10651,3.796952,27
10652,1.376038,26
10653,2.946894,17
10654,1.018337,28
10655,3.077727,27
10656,2.916981,15
10657,-3.014833,19
10658,0.589797,30
10659,1.85008,26
10660,-0.582154,14
10661,3.016872,24
10662,4.197495,29
10663,1.693462,20
10664,0.534004,14
10665,2.553627,18
10666,3.690301,28
10667,0.042767,14
10668,0.470359,30
10669,-0.273379,30
10670,3.005576,26
10671,3.568084,25
10672,2.753261,21
10673,1.813879,30
10674,3.304169,30
10675,3.493464,30
10676,2.972284,23
10677,-0.04855,27
10678,2.17672,19
10679,1.428509,18
10680,2.79635,30
10681,-2.222998,30
10682,-3.783932,20
10683,2.152734,22
10684,2.343996,18
10685,0.938673,19
10686,1.603015,13
10687,3.472453,27
10688,-2.483552,15
10689,3.724919,20
10690,2.285018,30
10691,2.930721,27
10692,-4.302947,30
10693,-1.853774,11
10694,3.842651,24
10695,-1.970019,13
10696,3.976152,21
10697,4.050799,23
10698,1.571567,23
10699,-0.087386,20
10700,3.655036,27
10701,2.716054,25
10702,4.038326,16
10703,2.259481,22
10704,2.434934,16
10705,0.131565,14
10706,2.288546,13
10707,3.196713,30
10708,-0.938134,30
10709,0.882534,14
10710,3.032824,23
10711,-0.807809,30
10712,1.49305,14
10713,1.054304,30
10714,1.318628,30
10715,1.057143,30
10716,2.786442,19
10717,2.809064,17
10718,-1.977615,21
10719,1.792108,20
10720,0.007027,18
10721,3.996758,24
10722,2.288337,30
10723,-2.77234,30
10724,1.691197,16
10725,2.670149,30
10726,-0.738536,30
10727,3.723057,20
10728,3.675815,27
10729,1.292561,30
10730,1.498844,30
10731,0.727738,20
10732,2.227068,30
10733,2.308657,30
10734,4.065997,28
10735,2.26719,30
10736,0.74097,12
10737,-2.152694,20
10738,-2.158869,30
10739,3.719921,19
10740,3.243802,30
10741,-8.023724,30
10742,1.564618,26
10743,-0.256414,22
10744,4.266011,22
10745,1.234911,27
10746,2.395343,26
10747,-1.334903,30
10748,4.094104,27
10749,1.978251,30
10750,1.563384,20
10751,2.249309,15
10752,-0.2245,17
10753,3.52473,28
10754,1.700539,12
10755,1.463513,20
10756,-1.660794,20
10757,-0.39402,20
10758,1.605753,13
10759,1.49242,14
10760,0.631277,30
10761,0.564434,30
10762,4.228532,27
10763,-0.305157,28
10764,4.049108,14
10765,-2.775869,30
10766,3.379316,30
10767,1.03214,30
10768,-0.049788,27
10769,1.239369,30
10770,-4.754556,25
10771,-0.843654,30
10772,1.394951,30
10773,3.136283,24
10774,1.766385,17
10775,1.362093,29
10776,2.331644,24
10777,2.009454,30
10778,1.441774,21
10779,-3.399658,30
10780,3.062576,15
10781,0.74209,26
10782,2.724784,30
10783,4.136998,20
10784,3.690426,15
10785,2.578616,30
10786,2.345655,14
10787,0.563798,24
10788,2.966495,23
10789,2.035519,21
10790,2.7047,23
10791,1.675201,25
10792,0.104695,30
10793,1.324054,14
10794,3.051625,22
10795,3.025193,14
10796,-2.591341,30
10797,1.583076,22
10798,0.924302,26
10799,-1.064439,30
10800,-0.034653,18
10801,1.322751,30
10802,3.519601,19
10803,1.375805,27
10804,2.795335,30
10805,1.092294,30
10806,0.132899,30
10807,-0.004983,21
10808,-1.070432,29
10809,2.386239,23
10810,0.119643,28
10811,3.494554,15
10812,2.051783,25
10813,2.411928,28
10814,-0.329514,30
10815,1.72181,23
10816,0.870474,30
10817,2.53558,22
10818,2.772158,30
10819,1.590441,30
10820,1.034569,30
10821,1.069649,27
10822,2.62451,30
10823,-0.752609,21
10824,3.329449,30
10825,-1.86853,30
10826,1.532592,15
10827,-2.097398,26
10828,0.451648,30
10829,2.834401,30
10830,2.996911,22
10831,1.30514,30
10832,-0.236842,30
10833,-1.015371,29
10834,3.423963,21
10835,0.615868,30
10836,1.749348,30
10837,4.331834,16
10838,3.067356,27
10839,-1.24615,30
10840,2.729556,27
10841,1.028301,24
10842,2.794962,20
10843,3.072299,30
10844,1.583463,26
10845,0.846088,21
10846,0.121309,20
10847,0.814288,28
10848,1.156887,20
10849,2.879434,30
10850,2.549363,21
10851,0.819958,30
10852,1.5265,26
10853,1.567098,30
10854,1.194067,25
10855,2.549422,24
10856,1.275301,20
10857,-0.025772,20
10858,0.674275,29
10859,-0.033804,21
10860,-0.289093,27
10861,-0.919567,30
10862,-6.548927,30
10863,0.917456,24
10864,-1.237368,30
10865,3.220685,30
10866,1.288228,21
10867,4.217355,17
10868,4.206586,26
10869,-0.984925,16
10870,-1.095995,20
10871,0.754564,29
10872,-0.94273,10
10873,4.120719,30
10874,-3.008246,30
10875,0.897368,29
10876,2.859514,30
10877,3.016478,20
10878,1.447604,30
10879,0.923784,25
10880,3.140487,26
10881,2.398842,30
10882,-0.771804,29
10883,-0.998124,30
10884,0.340461,30
10885,-2.175532,30
10886,0.594344,28
10887,-1.543113,13
10888,2.540463,22
10889,3.391448,13
10890,3.224981,16
10891,0.914725,24
10892,2.215876,30
10893,0.875358,29
10894,2.920929,18
10895,1.766173,19
10896,-1.872875,25
10897,3.225869,30
10898,-2.50753,30
10899,0.959276,30
10900,3.957127,24
10901,1.306886,30
10902,3.122909,25
10903,2.918132,15
10904,1.610066,30
10905,2.116068,27
10906,-0.259509,29
10907,1.546645,21
10908,0.738958,30
10909,2.216877,29
10910,-0.936456,24
10911,1.912218,30
10912,-0.241377,26
10913,0.80333,14
10914,0.86255,30
10915,0.973412,26
10916,-6.148766,23
10917,3.425488,24
10918,1.484575,12
10919,2.662599,28
10920,-1.067537,24
10921,2.408189,17
10922,3.570349,18
10923,3.04477,30
10924,3.327437,30
10925,2.130611,27
10926,1.82749,11
10927,3.372268,30
10928,3.331182,30
10929,0.064737,20
10930,3.781115,22
10931,0.143354,28
10932,4.032009,21
10933,0.146887,17
10934,2.275937,20
10935,3.49451,23
10936,1.141264,30
10937,-2.846045,30
10938,2.155279,23
10939,4.067388,14
10940,-2.999705,25
10941,3.412331,30
10942,2.77257,19
10943,2.426583,21
10944,3.901581,30
10945,3.118127,30
10946,3.464338,21
10947,2.110163,30
10948,-2.73529,30
10949,0.719222,24
10950,2.422528,23
10951,0.257367,13
10952,2.054307,15
10953,2.905613,19
10954,1.032172,19
10955,0.137198,26
10956,2.282563,30
10957,4.097482,30
10958,-0.761379,7
10959,1.558384,18
10960,0.943693,26
10961,1.981444,10
10962,4.454964,24
10963,4.16862,25
10964,0.871384,30
10965,-3.194982,13
10966,-5.075811,22
10967,2.441707,18
10968,3.409668,17
10969,2.182137,14
10970,1.658775,30
10971,3.13338,19
10972,2.191207,27
10973,3.084012,20
10974,1.470166,30
10975,0.074238,13
10976,-0.501344,13
10977,2.043195,22
10978,3.947792,29
10979,4.033342,19
10980,0.552011,24
10981,-1.800158,27
10982,2.391184,30
10983,1.288135,30
10984,-2.020396,30
10985,-2.042846,30
10986,-0.951513,29
10987,1.005208,30
10988,0.291027,30
10989,1.305419,30
10990,3.523341,25
10991,3.397502,30
10992,3.174664,30
10993,3.223319,30
10994,0.312555,30
10995,0.696686,21
10996,3.119189,30
10997,2.88146,22
10998,2.435349,19
10999,2.945255,26
11000,2.494317,23
11001,-3.25265,30
11002,2.257714,30
11003,2.036705,30
11004,1.809662,30
11005,2.732284,30
11006,0.566742,22
11007,2.309867,30
11008,2.292086,30
11009,3.57677,24
11010,0.365423,24
11011,-0.027842,11
11012,1.609999,24
11013,0.062167,21
11014,3.214106,30
11015,1.512351,20
11016,1.84367,16
11017,1.127245,30
11018,2.315553,30
11019,2.989509,15
11020,-1.970723,30
11021,4.289614,19
11022,-0.23077,28
11023,3.349788,30
11024,1.049321,30
11025,-0.984637,29
11026,4.114197,26
11027,2.004232,24
11028,-1.5577,15
11029,0.724648,15
11030,3.019289,24
11031,-4.00127,30
11032,-0.9034,26
11033,1.576678,24
11034,2.229617,30
11035,-0.300582,21
11036,2.112973,28
11037,-2.143312,24
11038,0.113994,30
11039,-1.080869,22
11040,3.484797,18
11041,0.583752,13
11042,0.507435,19
11043,4.271446,29
11044,2.129083,22
11045,3.524811,21
11046,0.451608,10
11047,2.090263,18
11048,2.632581,30
11049,3.362082,23
11050,1.624134,25
11051,2.131136,24
11052,-6.530668,26
11053,0.754029,23
11054,-5.887099,19
11055,1.891917,27
11056,2.444305,30
11057,2.873766,18
11058,1.800043,30
11059,2.953781,25
11060,0.954397,14
11061,-3.050946,19
11062,3.149174,26
11063,1.38003,30
11064,2.933955,25
11065,2.628119,15
11066,2.943267,17
11067,-0.57679,30
11068,4.223869,29
11069,0.718242,30
11070,-1.084746,30
11071,4.102978,29
11072,1.862852,30
11073,4.055119,30
11074,0.240938,25
11075,2.968736,30
11076,2.02768,30
11077,2.992831,23
11078,2.959808,18
11079,0.844647,19
11080,-1.489288,21
11081,3.631857,28
11082,3.377003,29
11083,-1.892791,12
11084,-0.916234,30
11085,2.671716,16
11086,-0.721795,30
11087,3.368316,30
11088,2.929508,18
11089,1.895363,30
11090,0.789707,24
11091,4.04971,25
11092,-7.276019,20
11093,2.394713,19
11094,-0.728367,30
11095,1.536269,28
11096,1.120073,30
11097,0.712274,25
11098,2.593568,17
11099,3.973789,22
11100,1.862256,28
11101,0.871882,30
11102,2.705689,22
11103,3.061695,18
11104,3.036192,30
11105,-1.006667,24
11106,-0.964275,14
11107,-2.262448,21
11108,3.503715,29
11109,1.175848,30
11110,1.96838,19
11111,-2.963429,30
11112,3.439299,25
11113,1.071534,23
11114,-1.596835,23
11115,0.389577,18
11116,2.009017,24
11117,1.658072,17
11118,2.945329,16
11119,1.592149,30
11120,4.021671,25
11121,-0.278622,15
11122,1.347031,17
11123,2.001143,30
11124,1.304848,12
11125,-2.456321,27
11126,-4.57328,30
11127,3.308734,30
11128,2.199419,25
11129,2.903176,18
11130,3.961209,14
11131,0.355126,19
11132,2.024236,29
11133,1.827369,30
11134,0.995798,22
11135,1.520244,22
11136,2.622607,29
11137,3.278551,27
11138,3.028216,30
11139,2.79268,23
11140,1.313811,30
11141,0.845538,23
11142,2.21298,22
11143,2.187953,30
11144,0.799564,22
11145,2.964496,20
11146,2.298815,22
11147,2.951155,17
11148,2.254344,14
11149,2.136301,27
11150,-0.400615,27
11151,4.112976,19
11152,-1.369664,11
11153,-2.938149,17
11154,1.181549,29
11155,-0.432766,30
11156,1.090612,14
11157,-0.234167,30
11158,1.128645,30
11159,0.333603,30
11160,1.088277,30
11161,2.357989,16
11162,-4.82785,30
11163,4.176109,26
11164,0.063359,30
11165,2.204953,30
11166,1.379519,28
11167,2.987162,30
11168,1.512205,30
11169,3.925091,22
11170,0.467357,30
11171,2.907193,19
11172,-1.904724,30
11173,2.857825,23
11174,-1.688617,23
11175,0.91052,30
11176,4.075259,24
11177,3.71354,27
11178,-2.665692,24
11179,-0.323572,25
11180,0.295626,28
11181,3.365391,27
11182,1.273902,14
11183,3.302702,30
11184,-2.785091,30
11185,-3.037068,20
11186,1.185893,21
11187,1.160027,29
11188,3.534491,17
11189,1.925801,30
11190,1.438062,28
11191,0.94515,25
11192,-0.22451,30
11193,-0.004413,14
11194,-0.785462,30
11195,1.167879,24
11196,-3.107457,24
11197,-0.407523,17
11198,1.053383,30
11199,2.640275,18
11200,2.278253,21
11201,0.616214,20
11202,-2.029483,30
11203,1.737676,26
11204,-1.034342,25
11205,4.244857,21
11206,-0.390108,30
11207,1.042168,23
11208,0.861524,21
11209,2.677741,30
11210,1.602214,17
11211,-3.311295,30
11212,4.282347,24
11213,1.125595,26
11214,0.976048,30
11215,-2.061369,30
11216,3.607778,28
11217,-0.117155,22
11218,1.734549,21
11219,0.048056,30
11220,2.950244,30
11221,1.873075,17
11222,-2.903449,30
11223,2.127247,28
11224,-0.070366,15
11225,2.81237,16
11226,-2.244082,30
11227,1.260439,21
11228,3.8993,26
11229,2.766006,30
11230,2.04979,17
11231,1.093983,19
11232,0.342327,30
11233,-1.620348,30
11234,0.465836,30
11235,-0.248483,30
11236,1.401873,16
11237,1.243837,15
11238,3.423868,27
11239,2.087094,17
11240,1.00293,30
11241,0.793265,13
11242,2.252441,30
11243,-1.953751,30
11244,2.714215,14
11245,-2.888496,17
11246,-1.15122,30
11247,1.903583,30
11248,0.967693,17
11249,2.382668,30
11250,0.862586,30
11251,3.309889,30
11252,-1.389421,21
11253,2.490592,18
11254,-2.779093,30
11255,3.433156,24
11256,1.851131,30
11257,3.975114,29
11258,2.985415,15
11259,0.947586,25
11260,-0.861052,30
11261,3.819857,22
11262,4.211991,25
11263,1.581372,17
11264,3.221649,30
11265,-0.447596,15
11266,2.63332,29
11267,1.190832,30
11268,0.613429,16
11269,2.097888,25
11270,-2.282197,9
11271,4.256361,26
11272,-0.632194,30
11273,-0.688821,30
11274,1.508831,18
11275,3.633468,17
11276,3.986204,22
11277,-0.79343,21
11278,2.051768,21
11279,4.09798,27
11280,3.358838,26
11281,2.696348,18
11282,4.098406,22
11283,-2.954381,30
11284,3.388683,20
11285,1.870298,30
11286,1.670152,22
11287,3.071993,12
11288,-2.475743,22
11289,0.930492,30
11290,2.176951,30
11291,3.711546,30
11292,-0.554859,25
11293,0.677682,19
11294,1.236503,19
11295,1.74038,17
11296,3.704743,26
11297,4.230347,16
11298,-2.294982,15
11299,-1.440283,30
11300,0.350982,24
11301,1.922103,18
11302,1.389379,18
11303,2.441108,13
11304,-0.794662,17
11305,3.301187,30
11306,-0.448656,13
11307,0.851799,17
11308,-3.366645,21
11309,4.244587,25
11310,1.48546,30
11311,2.996372,20
11312,-0.325772,30
11313,2.226852,30
11314,2.768877,30
11315,-2.690213,30
11316,0.457305,14
11317,4.001366,30
11318,0.091457,21
11319,1.471048,30
11320,-1.491638,23
11321,1.108129,30
11322,4.301879,22
11323,-3.634122,24
11324,0.883715,20
11325,3.581759,29
11326,3.077371,25
11327,1.065196,15
11328,1.222982,30
11329,2.939988,24
11330,2.547115,18
11331,3.233709,30
11332,-0.249304,17
11333,3.07161,18
11334,0.805971,15
11335,4.077703,26
11336,3.672959,21
11337,2.369891,26
11338,3.639273,28
11339,3.416426,23
11340,-3.261489,30
11341,3.076764,21
11342,1.558235,13
11343,2.708353,15
11344,2.845633,30
11345,1.590988,24
11346,2.963172,20
11347,1.851387,30
11348,-2.7844,27
11349,2.642225,29
11350,0.350394,21
11351,3.012238,26
11352,2.075121,26
11353,0.994156,30
11354,3.799349,20
11355,2.110616,24
11356,3.576277,15
11357,1.510692,30
11358,-1.080298,12
11359,1.058212,27
11360,2.100367,30
11361,-0.491081,16
11362,2.419415,18
11363,-0.090518,30
11364,-2.893983,30
11365,1.496197,17
11366,4.040054,21
11367,3.064455,26
11368,-2.749666,23
11369,1.871764,30
11370,3.356545,30
11371,1.272563,14
11372,-5.01972,16
11373,-2.774457,30
11374,4.048156,20
11375,4.116517,21
11376,1.575789,30
11377,0.594179,30
11378,-0.248554,30
11379,2.741208,30
11380,3.418993,27
11381,1.196429,27
11382,1.009193,27
11383,1.793022,28
11384,0.682912,28
11385,0.079378,20
11386,2.219537,30
11387,3.513916,26
11388,-1.003619,30
11389,0.865547,14
11390,2.278804,23
11391,0.987831,18
11392,2.11217,30
11393,-6.349197,30
11394,3.840158,21
11395,3.681502,17
11396,0.233918,12
11397,1.496909,29
11398,-0.264476,30
11399,2.651182,21
11400,-1.737127,13
11401,-0.17566,24
11402,3.616213,27
11403,0.95565,24
11404,3.001814,18
11405,-2.063391,25
11406,1.657315,26
11407,2.682628,12
11408,0.341571,19
11409,2.945905,24
11410,1.293287,30
11411,4.063007,30
11412,2.0409,19
11413,2.622551,13
11414,-1.672482,19
11415,1.024547,14
11416,1.130467,14
11417,4.124139,13
11418,-2.47986,17
11419,2.34975,30
11420,-2.185663,20
11421,3.03687,20
11422,2.276772,17
11423,1.597665,30
11424,4.069925,18
11425,1.480261,21
11426,1.151315,30
11427,-0.28736,22
11428,1.298316,16
11429,-1.950026,30
11430,3.044612,16
11431,-0.980793,26
11432,2.950376,15
11433,1.809249,30
11434,2.106355,30
11435,2.855804,10
11436,2.79654,30
11437,2.113588,11
11438,2.833164,23
11439,0.603607,30
11440,-0.606381,21
11441,3.615789,24
11442,3.316483,18
11443,3.46255,22
11444,-3.270765,30
11445,-4.521929,30
11446,-0.208998,21
11447,2.836112,24
11448,1.709927,26
11449,2.965725,30
11450,1.170499,30
11451,3.594451,14
11452,3.346629,30
11453,1.345223,27
11454,1.683549,27
11455,-4.087512,30
11456,0.940492,13
11457,1.494327,22
11458,2.55555,30
11459,0.790043,18
11460,1.221304,17
11461,-0.192179,13
11462,0.479329,12
11463,-0.530859,28
11464,0.697733,15
11465,-3.015218,14
11466,-1.41646,18
11467,0.885724,17
11468,2.783447,18
11469,2.467635,15
11470,2.568783,18
11471,1.502946,18
11472,2.246546,27
11473,1.527055,30
11474,3.119519,26
11475,2.539486,30
11476,3.107847,21
11477,1.897113,25
11478,4.081313,27
11479,-0.606598,30
11480,1.693729,30
11481,0.92503,25
11482,2.217974,23
11483,2.040095,30
11484,2.898529,24
11485,3.167731,21
11486,0.444482,30
11487,-0.307605,19
11488,1.847808,30
11489,1.980117,30
11490,2.222304,30
11491,-4.04781,30
11492,4.089763,24
11493,3.690298,21
11494,3.656179,20
11495,1.181046,30
11496,0.025211,30
11497,3.433962,18
11498,2.399603,30
11499,2.846152,30
11500,-2.678504,11
11501,1.96485,29
11502,4.260141,27
11503,-2.724704,30
11504,1.312943,30
11505,4.238371,25
11506,4.188567,22
11507,4.085107,22
11508,2.054952,30
11509,2.958554,26
11510,1.194226,30
11511,2.150744,29
11512,3.277611,30
11513,-0.474597,27
11514,0.045808,16
11515,-2.013452,30
11516,2.986726,20
11517,-0.57241,30
11518,-2.554216,29
11519,2.12195,30
11520,3.159724,30
11521,2.578141,24
11522,2.956839,19
11523,-1.526846,26
11524,2.136885,30
11525,4.096601,23
11526,2.745624,30
11527,-0.210041,27
11528,3.25328,30
11529,0.794564,13
11530,-0.863167,29
11531,-1.067968,30
11532,1.853554,30
11533,-3.021006,30
11534,1.519888,25
11535,2.052819,30
11536,0.657763,30
11537,-4.285065,30
11538,-0.162515,30
11539,1.531292,28
11540,0.704444,30
11541,2.532365,20
11542,2.651924,26
11543,-0.593229,30
11544,3.976334,30
11545,2.67715,14
11546,0.885017,21
11547,2.185179,30
11548,1.836872,16
11549,2.538414,19
11550,-4.208325,24
11551,2.268217,25
11552,1.111673,18
11553,-2.172845,16
11554,3.13632,14
11555,-4.56811,26
11556,-1.170902,28
11557,2.494487,23
11558,3.264262,30
11559,4.390807,18
11560,-3.459485,25
11561,-1.878462,20
11562,2.949568,19
11563,1.281188,30
11564,1.413848,19
11565,1.816812,14
11566,2.548035,30
11567,2.214526,21
11568,1.299001,30
11569,2.59812,27
11570,1.826226,30
11571,1.068854,30
11572,0.111039,30
11573,-1.491812,30
11574,2.240706,29
11575,1.360655,15
11576,3.833159,27
11577,3.643912,27
11578,3.996003,16
11579,3.07465,30
11580,0.246551,24
11581,1.084266,23
11582,-2.76966,30
11583,1.411087,30
11584,-1.092334,30
11585,-1.569225,15
11586,-0.641187,30
11587,2.742911,17
11588,2.829446,30
11589,4.408627,28
11590,2.634075,30
11591,-2.83127,30
11592,1.552635,29
11593,-1.344162,30
11594,1.929726,30
11595,3.227143,30
11596,2.68223,20
11597,2.546135,24
11598,2.828787,15
11599,0.163631,25
11600,-1.923184,25
11601,1.093008,22
11602,1.945912,30
11603,1.477103,30
11604,2.536756,20
11605,-0.870401,12
11606,3.647776,27
11607,2.910736,30
11608,0.435634,27
11609,4.330834,27
11610,1.120106,30
11611,2.284001,30
11612,4.020026,22
11613,2.640669,17
11614,-1.229831,27
11615,2.785817,15
11616,2.000753,23
11617,1.575414,30
11618,1.507886,28
11619,3.949679,21
11620,2.903548,30
11621,3.845443,30
11622,-3.733738,30
11623,3.228892,28
11624,0.885382,24
11625,2.882868,17
11626,3.17159,30
11627,3.459638,27
11628,2.099232,20
11629,-0.369758,24
11630,3.05296,17
11631,2.609511,30
11632,1.493179,30
11633,-0.561089,23
11634,2.266248,30
11635,2.894345,18
11636,0.584306,23
11637,4.225487,26
11638,2.105713,21
11639,3.29295,30
11640,2.163096,30
11641,1.944522,23
11642,-1.045949,25
11643,3.30483,30
11644,-1.052782,26
11645,3.869363,25
11646,2.003479,23
11647,3.32013,30
11648,2.563486,27
11649,2.209292,30
11650,-0.764868,30
11651,3.506349,26
11652,-6.089518,20
11653,1.803716,30
11654,0.889167,23
11655,0.264364,19
11656,1.322149,30
11657,0.555223,25
11658,2.93233,19
11659,0.711256,22
11660,4.190491,25
11661,3.903202,16
11662,-0.936592,27
11663,-0.193364,23
11664,1.109338,18
11665,-1.127737,25
11666,-4.184093,28
11667,3.886771,27
11668,1.381203,26
11669,2.460692,30
11670,-1.833003,12
11671,-1.84777,21
11672,1.718251,19
11673,3.236336,30
11674,1.941512,30
11675,2.909011,30
11676,3.599075,18
11677,1.025703,9
11678,3.918036,27
11679,2.781474,30
11680,1.775186,30
11681,1.481995,27
11682,2.140009,30
11683,1.087635,30
11684,0.963424,30
11685,-1.16565,16
11686,3.047912,25
11687,3.04784,28
11688,2.170882,26
11689,3.704237,25
11690,2.935381,19
11691,-0.949621,25
11692,1.774545,26
11693,-0.134603,30
11694,3.269545,30
11695,1.969044,30
11696,3.834135,26
11697,3.489268,22
11698,0.743094,30
11699,1.781227,23
11700,-2.130385,30
11701,-0.776672,15
11702,4.229094,25
11703,3.141336,30
11704,3.058448,24
11705,-0.048108,30
11706,1.66985,30
11707,2.179853,30
11708,0.160707,10
11709,1.423735,17
11710,0.37959,24
11711,2.985653,30
11712,3.449553,19
11713,-0.271838,30
11714,2.747033,30
11715,-3.503153,30
11716,0.542336,16
11717,-0.50469,25
11718,1.873674,11
11719,3.497339,23
11720,2.073302,30
11721,-2.694803,30
11722,3.44459,30
11723,-1.311218,30
11724,2.721896,22
11725,1.043912,24
11726,1.550319,30
11727,1.634271,23
11728,-0.458394,30
11729,3.045355,23
11730,-1.503674,29
11731,2.828664,14
11732,-1.218001,25
11733,-0.017493,13
11734,1.484937,30
11735,4.073273,24
11736,1.08002,30
11737,4.192057,27
11738,1.75534,22
11739,0.928689,20
11740,2.950883,28
11741,2.426422,18
11742,2.154671,30
11743,2.676979,20
11744,2.373852,30
11745,2.797167,19
11746,3.035655,24
11747,0.289147,30
11748,3.216898,30
11749,0.772778,17
11750,4.140903,22
11751,3.515018,21
11752,2.246014,23
11753,0.91945,16
11754,0.036118,30
11755,3.755035,22
11756,1.911873,30
11757,1.368927,30
11758,3.176591,30
11759,1.38662,30
11760,0.96816,30
11761,3.699841,19
11762,-0.058626,21
11763,-9.5113,27
11764,1.970399,20
11765,3.076236,22
11766,2.579202,20
11767,1.285313,30
11768,-1.193846,30
11769,3.88856,13
11770,2.959264,22
11771,1.456713,14
11772,1.544077,28
11773,4.066157,22
11774,4.382787,26
11775,2.257026,30
11776,0.837587,26
11777,2.487679,18
11778,4.202115,18
11779,-0.172002,22
11780,4.082016,19
11781,2.831845,20
11782,3.392988,30
11783,4.349994,20
11784,1.635321,30
11785,3.173003,30
11786,2.274999,30
11787,0.175657,30
11788,-1.129546,27
11789,3.257542,15
11790,1.689344,30
11791,0.405521,22
11792,3.697909,30
11793,2.980624,30
11794,2.656647,30
11795,2.07598,19
11796,3.642448,21
11797,1.774419,18
11798,0.949191,26
11799,1.100175,30
11800,2.526425,12
11801,3.526558,23
11802,2.242969,30
11803,2.449343,23
11804,2.27852,30
11805,3.404625,23
11806,2.085136,21
11807,2.250427,30
11808,-2.182494,30
11809,2.258399,23
11810,2.641547,18
11811,0.514664,21
11812,1.030467,20
11813,2.137727,26
11814,3.753869,29
11815,3.391508,24
11816,3.338776,30
11817,2.56548,11
11818,0.589051,22
11819,4.070901,19
11820,1.044218,28
11821,0.917982,14
11822,1.985033,25
11823,1.483804,27
11824,-1.917414,30
11825,0.228831,30
11826,3.253125,20
11827,2.587191,16
11828,0.238163,18
11829,1.266386,30
11830,0.191272,17
11831,3.96659,25
11832,1.148339,30
11833,-1.774301,30
11834,0.85127,28
11835,-0.563853,29
11836,2.040721,30
11837,2.860946,25
11838,4.248156,22
11839,-2.666899,30
11840,2.624853,26
11841,4.222975,24
11842,-0.581507,17
11843,2.828135,19
11844,0.90547,21
11845,1.890283,30
11846,-0.25874,30
11847,0.645036,18
11848,-0.887394,29
11849,3.027437,30
11850,4.112884,21
11851,2.015472,30
11852,2.292671,21
11853,1.370072,27
11854,2.392936,30
11855,-0.749528,11
11856,2.239369,27
11857,2.830352,29
11858,1.048272,30
11859,3.269423,14
11860,0.322828,30
11861,-1.680108,30
11862,2.81327,26
11863,3.464126,18
11864,1.238302,30
11865,0.308703,30
11866,-1.388952,24
11867,-2.397152,16
11868,2.316992,20
11869,1.848754,20
11870,2.602527,21
11871,2.772741,17
11872,2.141563,30
11873,1.108792,15
11874,1.185842,17
11875,2.861231,27
11876,-2.88617,30
11877,3.888227,28
11878,3.166165,22
11879,0.814942,29
11880,2.111191,30
11881,1.901085,30
11882,2.998061,27
11883,3.836922,20
11884,-0.912967,30
11885,2.552868,27
11886,3.692132,25
11887,-0.397491,30
11888,1.229684,30
11889,3.310246,28
11890,-0.044604,30
11891,1.563524,16
11892,-0.832994,30
11893,-0.938898,30
11894,3.933962,28
11895,0.407569,24
11896,0.101987,30
11897,0.537955,14
11898,1.999484,30
11899,4.18506,25
11900,2.18302,30
11901,3.01183,15
11902,0.673659,20
11903,2.241506,22
11904,0.260023,30
11905,2.664134,22
11906,1.449874,12
11907,2.092173,21
11908,-2.810998,18
11909,3.193117,23
11910,-0.899783,19
11911,2.990463,30
11912,2.22035,24
11913,2.946136,20
11914,0.735371,30
11915,2.12398,14
11916,4.152859,19
11917,4.005691,18
11918,2.996915,10
11919,1.559561,21
11920,1.763564,22
11921,-1.714431,30
11922,1.661696,11
11923,3.769949,19
11924,-0.289458,28
11925,-0.306642,19
11926,1.117779,30
11927,-0.922892,18
11928,2.965631,30
11929,-3.71175,26
11930,2.452242,25
11931,0.762993,20
11932,-0.120378,30
11933,1.384533,30
11934,3.670145,19
11935,2.474817,25
11936,2.547034,24
11937,2.21501,16
11938,4.292657,28
11939,3.316245,30
11940,2.883636,28
11941,1.871851,30
11942,2.089203,30
11943,0.251524,30
11944,0.687679,30
11945,-1.109495,22
11946,-0.946709,19
11947,1.374336,27
11948,3.02485,16
11949,2.982569,30
11950,0.962992,22
11951,3.037859,30
11952,1.408529,28
11953,2.824164,30
11954,3.838527,29
11955,1.367167,30
11956,3.02,30
11957,0.931657,30
11958,2.525111,29
11959,1.050228,30
11960,1.559463,20
11961,3.564793,21
11962,3.020252,18
11963,-1.131012,9
11964,3.848815,22
11965,-2.008264,22
11966,1.012436,20
11967,1.623329,22
11968,1.907844,27
11969,2.106622,14
11970,4.229986,28
11971,-1.844391,21
11972,1.776263,24
11973,0.165224,29
11974,1.95352,24
11975,3.161236,22
11976,2.256052,30
11977,1.675226,11
11978,2.736615,30
11979,2.881768,19
11980,-3.388602,15
11981,-2.375096,22
11982,-0.348536,30
11983,3.727756,30
11984,2.366586,28
11985,2.884918,22
11986,3.880008,23
11987,2.190086,17
11988,-7.602013,29
11989,0.215566,30
11990,0.335328,20
11991,-0.353232,30
11992,3.089956,19
11993,3.125833,18
11994,3.193775,30
11995,1.638827,12
11996,3.634849,30
11997,2.937978,29
11998,1.20872,30
11999,1.259335,15
12000,4.175399,23
12001,2.863925,30
12002,-0.675049,30
12003,-2.306934,22
12004,1.4492,30
12005,0.811542,30
12006,1.953874,29
12007,1.077816,30
12008,-0.424253,18
12009,0.712568,30
12010,-0.011577,16
12011,0.680957,16
12012,3.016358,14
12013,-0.986128,27
12014,4.108858,21
12015,1.343043,11
12016,2.83863,18
12017,1.614104,25
12018,1.063649,25
12019,2.528994,30
12020,3.158,24
12021,3.422317,17
12022,4.083491,16
12023,2.828238,25
12024,2.79068,25
12025,-1.781866,27
12026,2.731853,27
12027,-3.96587,18
12028,4.229434,22
12029,3.31067,30
12030,2.21974,26
12031,3.268459,18
12032,1.98978,15
12033,2.342851,30
12034,0.586212,27
12035,3.129078,30
12036,1.368949,19
12037,1.833631,22
12038,1.698574,28
12039,0.779658,15
12040,1.728056,30
12041,2.256648,23
12042,3.403635,20
12043,1.313608,30
12044,-0.769031,30
12045,-1.838966,30
12046,-2.951553,30
12047,1.667605,28
12048,2.72293,16
12049,0.980554,30
12050,4.140583,20
12051,3.437752,23
12052,-1.516038,24
12053,0.602942,29
12054,-2.346837,28
12055,2.451615,20
12056,2.035421,19
12057,1.529727,30
12058,2.651604,27
12059,2.207304,28
12060,-6.425008,25
12061,3.513583,30
12062,2.95818,25
12063,2.085276,17
12064,1.337359,30
12065,1.9639,25
12066,-0.782152,16
12067,1.051016,19
12068,1.015861,21
12069,2.262803,30
12070,-5.120308,30
12071,2.96757,16
12072,3.346789,30
12073,1.008255,19
12074,3.924968,21
12075,3.108353,30
12076,3.717445,25
12077,1.321288,30
12078,0.171185,19
12079,2.997736,30
12080,0.046549,18
12081,-1.97213,30
12082,2.882331,18
12083,3.05524,15
12084,0.940445,26
12085,1.233617,30
12086,3.673047,23
12087,2.590256,25
12088,3.099601,30
12089,-0.287263,19
12090,-1.06183,29
12091,4.100903,23
12092,1.700679,27
12093,1.001379,30
12094,2.198583,30
12095,-2.939858,30
12096,3.241399,24
12097,-0.035644,9
12098,0.75417,24
12099,0.76904,30
12100,-0.336795,15
12101,-0.191975,22
12102,1.853639,30
12103,1.767953,30
12104,2.460008,30
12105,1.408385,30
12106,-2.196446,30
12107,3.468214,21
12108,3.018888,26
12109,1.674325,14
12110,-1.085294,19
12111,2.120354,21
12112,2.28527,17
12113,0.998484,20
12114,-0.345304,21
12115,3.434204,30
12116,2.285534,30
12117,4.287815,24
12118,3.292315,30
12119,2.437092,24
12120,2.75818,16
12121,1.770456,30
12122,3.447694,30
12123,-0.004159,30
12124,4.013963,19
12125,3.917342,22
12126,0.195113,13
12127,-0.565992,30
12128,3.448684,30
12129,0.974617,22
12130,2.900007,28
12131,3.212211,30
12132,-0.57385,26
12133,3.056858,16
12134,2.194978,26
12135,1.380155,27
12136,-0.895003,24
12137,-0.352019,11
12138,0.661018,26
12139,-3.682947,30
12140,2.418649,30
12141,3.290868,30
12142,2.914596,30
12143,0.646788,17
12144,-1.271044,27
12145,1.70791,14
12146,2.922575,17
12147,0.67021,30
12148,2.491099,26
12149,0.452947,21
12150,-0.464472,29
12151,-1.360161,30
12152,1.730876,23
12153,1.683311,21
12154,3.655996,18
12155,2.269256,30
12156,-1.091614,28
12157,2.664274,19
12158,1.378496,21
12159,2.624922,25
12160,0.885087,27
12161,0.009766,30
12162,1.960725,30
12163,1.759107,14
12164,4.107249,15
12165,0.931373,30
12166,2.939811,30
12167,2.148748,13
12168,0.954518,30
12169,3.016228,20
12170,3.059382,25
12171,0.631797,30
12172,1.839829,27
12173,-0.389779,30
12174,1.46703,20
12175,2.206575,25
12176,1.267195,13
12177,1.891853,14
12178,4.291163,25
12179,3.865643,27
12180,2.154958,30
12181,2.961154,30
12182,-1.947947,30
12183,1.354267,30
12184,3.495732,20
12185,1.405098,30
12186,2.960028,20
12187,4.247488,25
12188,0.979769,27
12189,3.330088,27
12190,0.658047,19
12191,-3.02988,23
12192,3.029546,26
12193,1.327667,12
12194,2.428276,29
12195,2.614984,21
12196,1.078617,30
12197,-0.614084,17
12198,3.048328,13
12199,-0.259331,19
12200,3.806473,22
12201,1.324231,30
12202,2.314247,26
12203,1.132045,22
12204,3.333075,30
12205,1.727834,22
12206,2.360953,27
12207,2.857529,30
12208,3.55566,27
12209,3.406323,30
12210,3.229092,14
12211,0.058255,18
12212,0.960495,19
12213,4.110321,22
12214,3.25783,30
12215,0.297333,30
12216,1.008469,20
12217,-1.442272,24
12218,2.616731,30
12219,0.645816,30
12220,3.920544,29
12221,2.368302,30
12222,3.229575,30
12223,0.83039,18
12224,-0.571858,17
12225,0.467371,9
12226,-0.915166,30
12227,3.861766,26
12228,2.891181,22
12229,0.992844,30
12230,-3.712073,22
12231,2.853929,19
12232,1.632546,30
12233,-1.839502,17
12234,2.477585,30
12235,0.10341,30
12236,2.906352,30
12237,2.932193,21
12238,-0.493909,13
12239,0.826434,30
12240,-3.638166,30
12241,1.428159,30
12242,3.452225,23
12243,0.910977,30
12244,1.851536,30
12245,1.571521,27
12246,1.383696,30
12247,4.13866,22
12248,0.96245,23
12249,-1.104194,27
12250,-0.034725,30
12251,3.8174,23
12252,1.345689,25
12253,3.466453,19
12254,-1.949047,30
12255,2.968238,30
12256,0.34412,20
12257,1.548509,23
12258,2.44703,18
12259,0.702404,30
12260,3.083209,13
12261,0.16231,30
12262,2.130128,30
12263,3.067069,18
12264,4.245536,26
12265,-0.63302,26
12266,-1.409283,17
12267,0.012417,30
12268,-0.399785,22
12269,-0.439279,30
12270,-0.717279,17
12271,1.548053,26
12272,2.82348,30
12273,2.79627,30
12274,2.217894,16
12275,0.260884,15
12276,2.140897,30
12277,0.528247,21
12278,-1.002533,25
12279,-1.788064,22
12280,3.174455,30
12281,3.735142,16
12282,2.420623,16
12283,0.16324,30
12284,2.839539,26
12285,0.209933,18
12286,2.89864,25
12287,3.989991,26
12288,2.096912,30
12289,2.837527,20
12290,1.757775,17
12291,2.377869,22
12292,2.958894,24
12293,3.271189,22
12294,1.447077,24
12295,0.532272,19
12296,4.054689,26
12297,2.669415,13
12298,2.991144,26
12299,4.161377,27
12300,2.444704,28
12301,3.961311,25
12302,3.325894,29
12303,0.094227,17
12304,0.871231,19
12305,4.040454,16
12306,-0.914263,30
12307,1.864821,21
12308,2.296316,23
12309,-1.084241,22
12310,2.219591,30
12311,2.978783,13
12312,1.148686,30
12313,4.093074,15
12314,3.373678,20
12315,2.09361,29
12316,4.400615,30
12317,2.609707,25
12318,-2.671586,15
12319,0.941947,30
12320,1.817724,21
12321,2.414007,29
12322,2.843956,17
12323,4.205726,22
12324,3.258099,30
12325,1.664652,12
12326,-1.453503,18
12327,1.900964,30
12328,0.836471,30
12329,1.31563,30
12330,3.016577,21
12331,4.077955,16
12332,2.567517,30
12333,3.691281,21
12334,3.527996,25
12335,-2.568121,30
12336,2.239001,20
12337,-1.277789,18
12338,-2.468085,29
12339,0.753286,28
12340,1.440164,26
12341,1.054184,15
12342,1.514515,21
12343,-2.690439,28
12344,3.470666,23
12345,1.752742,24
12346,1.688855,16
12347,1.984473,30
12348,1.527524,18
12349,-1.56862,30
12350,3.122357,21
12351,3.238161,30
12352,-3.079029,30
12353,-2.140922,23
12354,1.615169,30
12355,3.56032,20
12356,2.913265,28
12357,2.009942,21
12358,2.639342,30
12359,1.922659,30
12360,4.144155,29
12361,-1.856123,30
12362,1.613619,24
12363,4.381322,28
12364,-0.546465,24
12365,-0.561086,21
12366,1.184824,30
12367,0.721916,30
12368,1.12098,27
12369,2.698238,23
12370,2.732505,14
12371,3.471644,29
12372,1.276598,30
12373,2.953689,25
12374,-0.60023,20
12375,-1.422689,29
12376,0.278241,18
12377,-0.688885,30
12378,-1.942487,30
12379,1.071119,30
12380,0.973305,20
12381,0.409783,30
12382,4.284296,30
12383,2.18074,12
12384,2.576841,30
12385,4.109639,29
12386,-3.002774,30
12387,1.636995,18
12388,1.558619,26
12389,2.277178,20
12390,-1.524368,20
12391,1.503691,25
12392,-4.519048,24
12393,4.158448,23
12394,1.890223,19
12395,0.132388,28
12396,2.169077,20
12397,0.565088,17
12398,2.564381,19
12399,-1.451072,17
12400,3.085657,21
12401,4.17586,27
12402,2.854774,27
12403,-0.030754,28
12404,4.03185,16
12405,3.901609,24
12406,0.470243,30
12407,1.621223,30
12408,3.08761,24
12409,2.707881,30
12410,1.465375,22
12411,-1.884075,30
12412,3.004701,16
12413,0.531436,25
12414,2.133347,23
12415,2.053896,27
12416,-0.730943,30
12417,1.616861,25
12418,3.960482,18
12419,3.36672,30
12420,-1.3192,30
12421,-0.132607,30
12422,-0.252976,22
12423,-0.074968,30
12424,2.790959,26
12425,0.760036,20
12426,1.525997,24
12427,3.136246,30
12428,4.091935,27
12429,0.882154,21
12430,2.831905,21
12431,0.531343,24
12432,2.959614,15
12433,3.342669,19
12434,0.468304,30
12435,0.029084,30
12436,3.849184,20
12437,0.932654,25
12438,2.610349,30
12439,3.269226,30
12440,-0.935676,16
12441,2.144551,30
12442,2.411812,28
12443,2.303116,29
12444,1.88868,26
12445,0.701821,15
12446,2.94891,18
12447,4.058466,21
12448,2.898918,30
12449,3.331266,30
12450,1.219486,30
12451,1.243005,24
12452,-3.143111,17
12453,3.638813,20
12454,0.316695,22
12455,1.45174,16
12456,1.037848,23
12457,1.795018,24
12458,3.844441,27
12459,0.547972,10
12460,3.113182,23
12461,-0.010025,30
12462,2.085957,27
12463,3.675373,25
12464,1.953109,24
12465,3.844008,21
12466,3.811811,30
12467,2.5431,24
12468,1.79919,19
12469,2.103759,23
12470,-2.941079,10
12471,-0.927533,30
12472,2.224109,17
12473,1.385012,17
12474,3.371823,30
12475,3.398612,30
12476,2.303846,28
12477,0.127757,27
12478,1.693979,13
12479,2.959731,30
12480,-2.055713,30
12481,1.634619,30
12482,1.817512,30
12483,0.379948,30
12484,-0.912356,30
12485,1.266719,30
12486,1.705989,18
12487,2.160819,29
12488,0.504711,24
12489,2.888338,20
12490,3.938202,20
12491,0.014121,26
12492,1.064256,30
12493,2.855144,28
12494,1.139111,14
12495,-2.414589,30
12496,0.050999,18
12497,1.093804,30
12498,4.090899,23
12499,3.866317,27
12500,1.347791,17
12501,3.048401,30
12502,0.97251,25
12503,1.396475,26
12504,2.400965,28
12505,3.838197,27
12506,3.575496,23
12507,1.032338,30
12508,0.83589,16
12509,0.766085,30
12510,3.193632,30
12511,-0.22313,30
12512,3.363085,30
12513,-8.020466,30
12514,2.092766,30
12515,2.889818,15
12516,-3.747961,30
12517,1.107933,10
12518,-1.249205,30
12519,1.270287,30
12520,2.923354,22
12521,-0.509292,20
12522,2.711693,27
12523,-0.067873,16
12524,4.190093,25
12525,0.893843,25
12526,1.819505,30
12527,3.867169,19
12528,2.303104,15
12529,2.498268,30
12530,1.315609,20
12531,3.623523,20
12532,1.095038,30
12533,0.40566,30
12534,-1.959812,30
12535,-0.47196,30
12536,3.938836,19
12537,0.876606,25
12538,1.579555,30
12539,-1.735241,30
12540,0.701677,13
12541,0.221113,30
12542,1.724863,30
12543,3.497517,16
12544,4.105061,29
12545,3.15235,30
12546,2.237167,24
12547,4.136579,17
12548,-0.810334,30
12549,2.609434,15
12550,3.327,30
12551,3.95612,28
12552,1.652721,17
12553,0.471955,25
12554,2.968367,27
12555,3.267972,30
12556,2.96734,22
12557,1.421705,16
12558,1.98797,30
12559,2.357269,30
12560,0.545478,27
12561,3.351613,30
12562,4.118657,25
12563,-5.343192,30
12564,2.377886,25
12565,4.212387,22
12566,3.673736,29
12567,1.665031,30
12568,2.919495,10
12569,1.799542,30
12570,-0.016631,30
12571,-2.093347,14
12572,-2.898725,30
12573,-1.561949,20
12574,3.139168,30
12575,2.420135,26
12576,3.433194,18
12577,1.475031,19
12578,-2.926344,30
12579,3.869288,21
12580,0.731828,30
12581,3.986076,27
12582,2.790342,24
12583,2.773733,25
12584,-2.513284,25
12585,2.421963,16
12586,3.379048,21
12587,-2.86306,23
12588,3.270421,30
12589,4.053563,30
12590,1.420187,26
12591,1.379503,30
12592,4.161184,23
12593,-1.548568,30
12594,1.051914,18
12595,0.4126,22
12596,-3.53415,24
12597,3.148132,30
12598,0.940544,30
12599,3.046352,22
12600,3.410763,25
12601,4.05708,24
12602,0.286274,16
12603,1.938658,30
12604,2.836777,20
12605,4.068003,23
12606,3.262193,30
12607,0.979253,30
12608,3.863452,23
12609,-2.275161,30
12610,2.403415,30
12611,0.414208,16
12612,1.55624,19
12613,2.575236,21
12614,2.696876,16
12615,3.028616,30
12616,2.541737,28
12617,-3.237255,30
12618,-1.302268,30
12619,2.753303,15
12620,0.72739,18
12621,1.346458,30
12622,-3.011481,30
12623,-1.195769,23
12624,0.240559,15
12625,-2.052923,25
12626,3.058402,15
12627,1.538298,17
12628,3.091776,30
12629,2.780351,30
12630,3.232881,30
12631,4.149846,25
12632,-1.306165,22
12633,2.402291,19
12634,4.255434,22
12635,-2.743913,30
12636,0.231209,19
12637,-1.698703,30
12638,3.587176,18
12639,1.868554,20
12640,1.765156,24
12641,-1.094547,30
12642,1.068497,20
12643,1.042125,30
12644,4.174212,29
12645,-0.448033,17
12646,1.244642,30
12647,3.742102,15
12648,4.226316,24
12649,3.142462,18
12650,0.856033,30
12651,0.101595,30
12652,1.340634,23
12653,3.906877,29
12654,4.196735,26
12655,-0.517454,19
12656,3.129913,30
12657,3.987829,24
12658,2.692788,28
12659,2.921557,18
12660,4.19669,22
12661,2.505366,29
12662,3.391393,19
12663,2.4456,30
12664,2.964511,17
12665,3.225854,16
12666,1.03611,30
12667,3.083225,30
12668,-4.668554,24
12669,2.337273,19
12670,3.735978,25
12671,0.852796,28
12672,4.168533,22
12673,2.249422,30
12674,2.784247,24
12675,1.907181,30
12676,2.508906,11
12677,1.782615,30
12678,1.065008,30
12679,2.90235,16
12680,1.44123,27
12681,3.362068,30
12682,-1.435684,18
12683,3.018881,21
12684,2.008114,30
12685,0.755426,22
12686,2.259742,29
12687,2.209343,11
12688,1.464066,27
12689,1.919997,25
12690,-1.654586,25
12691,2.154437,30
12692,3.979964,16
12693,-0.468538,30
12694,1.454212,26
12695,3.32718,30
12696,2.715054,30
12697,1.895278,30
12698,-0.84581,30
12699,-4.063538,27
12700,2.043913,16
12701,-2.592296,30
12702,3.363744,27
12703,-0.328488,19
12704,3.1737,30
12705,3.929192,20
12706,1.14476,30
12707,2.963765,30
12708,4.367089,29
12709,3.687128,22
12710,3.613388,26
12711,0.937265,26
12712,-2.055716,30
12713,2.709565,14
12714,2.981036,16
12715,-2.36912,30
12716,4.131234,20
12717,2.396034,17
12718,4.189478,23
12719,4.080765,14
12720,0.954642,24
12721,1.333315,16
12722,3.984542,28
12723,3.816495,28
12724,0.230325,30
12725,2.869521,21
12726,-0.819258,30
12727,-0.531784,20
12728,2.459549,12
12729,2.051934,13
12730,2.556159,30
12731,2.283943,18
12732,2.718897,12
12733,1.831784,26
12734,-0.676143,30
12735,1.204055,22
12736,-2.041625,30
12737,0.513411,20
12738,-0.958747,27
12739,-1.242698,12
12740,4.123154,18
12741,3.008779,22
12742,2.221122,30
12743,-2.356066,23
12744,1.945859,30
12745,3.357542,30
12746,-7.030719,29
12747,-3.892467,30
12748,1.62343,30
12749,1.658202,29
12750,2.720395,30
12751,4.011155,19
12752,3.829817,19
12753,-2.368792,15
12754,3.952784,26
12755,2.214176,23
12756,3.237046,22
12757,3.590161,30
12758,3.086027,30
12759,0.5808,16
12760,0.939989,21
12761,1.252667,15
12762,3.044805,20
12763,0.591649,28
12764,1.871311,30
12765,-0.167518,18
12766,3.344396,24
12767,-6.705464,20
12768,2.370267,30
12769,2.500799,30
12770,1.133029,30
12771,1.679612,28
12772,2.379891,30
12773,2.83725,22
12774,0.986465,18
12775,3.726235,23
12776,2.982954,17
12777,3.805941,30
12778,2.6356,22
12779,-1.996953,30
12780,-0.885999,30
12781,1.824004,30
12782,2.392145,22
12783,1.027145,15
12784,2.538408,26
12785,2.502764,18
12786,-4.058112,30
12787,1.870287,18
12788,2.967279,17
12789,2.115778,30
12790,1.264134,30
12791,2.845806,26
12792,-2.447915,30
12793,0.470352,23
12794,1.137609,30
12795,1.831451,18
12796,2.674239,17
12797,3.67565,24
12798,3.79831,29
12799,-0.435561,30
12800,0.042375,30
12801,3.593237,30
12802,3.256332,30
12803,1.299993,30
12804,4.020881,24
12805,-2.925983,14
12806,3.439633,26
12807,2.593599,15
12808,1.98228,17
12809,3.192274,30
12810,1.749354,30
12811,-0.766633,30
12812,2.019705,15
12813,3.75086,26
12814,2.74455,20
12815,3.382016,30
12816,1.124205,17
12817,1.849912,23
12818,3.132024,21
12819,0.13068,21
12820,-0.591587,22
12821,1.172205,30
12822,0.922119,30
12823,-1.59316,25
12824,0.973743,30
12825,0.785455,25
12826,2.376565,24
12827,3.557549,30
12828,0.746142,25
12829,3.653414,27
12830,3.245362,24
12831,3.35481,30
12832,1.191297,18
12833,1.809819,30
12834,3.796729,22
12835,2.121358,20
12836,-2.547794,23
12837,0.818751,30
12838,1.876037,30
12839,-0.4597,30
12840,1.367583,20
12841,3.23103,30
12842,3.198737,30
12843,3.976565,27
12844,0.261913,30
12845,2.670876,19
12846,-0.050278,30
12847,2.357818,30
12848,-0.799842,30
12849,3.070743,20
12850,4.031833,18
12851,2.571569,27
12852,2.114046,11
12853,2.833438,30
12854,0.481811,30
12855,3.889921,22
12856,0.614903,22
12857,-0.566464,12
12858,1.644731,13
12859,2.213073,30
12860,1.946297,30
12861,-0.829351,30
12862,1.303753,18
12863,3.85791,18
12864,-1.229966,19
12865,3.149844,22
12866,3.164423,30
12867,0.301044,28
12868,-0.131198,19
12869,2.52936,22
12870,2.611732,30
12871,0.361285,19
12872,3.008802,18
12873,0.285859,22
12874,2.537136,22
12875,2.94295,26
12876,3.306617,30
12877,1.560708,23
12878,0.744454,12
12879,4.264593,18
12880,-0.815867,15
12881,2.692149,28
12882,-0.823931,25
12883,4.267541,18
12884,3.298772,18
12885,0.75947,30
12886,-0.177147,17
12887,0.134458,29
12888,2.676515,30
12889,1.965409,23
12890,2.180124,25
12891,2.2991,26
12892,1.752813,25
12893,-0.98499,20
12894,1.008061,16
12895,2.490032,23
12896,-2.160212,18
12897,3.578778,12
12898,1.712254,26
12899,1.788722,22
12900,1.162337,12
12901,-4.299199,30
12902,4.039547,23
12903,3.244661,20
12904,3.341147,18
12905,-0.407477,30
12906,1.129935,16
12907,3.256816,30
12908,1.756639,13
12909,0.926825,11
12910,1.447344,30
12911,4.141629,24
12912,-1.095952,20
12913,0.797381,30
12914,3.584641,20
12915,0.323043,20
12916,3.746949,29
12917,1.508597,14
12918,0.842889,29
12919,-0.188772,25
12920,3.025184,23
12921,-0.8809,19
12922,2.663316,17
12923,-2.916857,22
12924,0.310782,23
12925,3.9688,19
12926,-0.150818,22
12927,1.399815,30
12928,1.060489,30
12929,-0.528927,30
12930,3.137956,30
12931,1.507195,26
12932,2.14487,16
12933,4.257048,21
12934,3.984441,26
12935,1.118661,21
12936,3.024602,17
12937,2.656721,19
12938,-1.856632,30
12939,3.705316,30
12940,1.219566,30
12941,1.947438,22
12942,2.927512,16
12943,4.279305,28
12944,1.717022,14
12945,-2.853748,18
12946,2.756684,15
12947,-0.681409,30
12948,1.509947,19
12949,0.684742,21
12950,0.968233,20
12951,3.32338,30
12952,3.039288,14
12953,1.878917,20
12954,1.716756,30
12955,1.836355,15
12956,3.246613,16
12957,1.776699,13
12958,2.879371,20
12959,3.056814,23
12960,2.864867,20
12961,1.55994,24
12962,1.435117,21
12963,2.161342,17
12964,0.959269,23
12965,4.177666,16
12966,3.533931,23
12967,2.422839,21
12968,2.983721,18
12969,2.232604,19
12970,2.033518,26
12971,2.589125,25
12972,-0.157911,17
12973,3.458056,21
12974,0.225836,26
12975,-2.354525,30
12976,1.723865,18
12977,2.87277,26
12978,2.198625,22
12979,-2.598099,30
12980,1.971455,30
12981,2.928412,30
12982,4.215664,16
12983,-0.800553,19
12984,4.018126,26
12985,0.43129,30
12986,2.307102,29
12987,4.191443,24
12988,0.760931,23
12989,2.343494,12
12990,-1.088349,30
12991,2.021263,22
12992,2.14049,30
12993,-1.001356,30
12994,3.281152,30
12995,3.773171,24
12996,-0.220706,30
12997,3.62901,23
12998,3.31415,26
12999,3.020126,27
13000,2.960217,13
13001,3.315446,30
13002,1.037803,30
13003,4.175532,22
13004,2.563413,30
13005,3.403418,30
13006,1.032931,14
13007,-0.780779,30
13008,3.585937,27
13009,-2.367749,11
13010,0.8101,14
13011,-0.743879,25
13012,3.055362,18
13013,4.060292,21
13014,-0.479454,21
13015,4.21591,29
13016,1.466628,28
13017,4.010591,17
13018,-0.650158,30
13019,-1.229972,20
13020,3.129733,30
13021,-1.941592,30
13022,1.840403,26
13023,4.119435,26
13024,2.384598,30
13025,1.271313,30
13026,2.867448,30
13027,2.13728,30
13028,4.031379,27
13029,0.76826,30
13030,-1.710387,21
13031,-2.965124,18
13032,1.456135,30
13033,2.341944,27
13034,2.910449,19
13035,2.298428,26
13036,3.978333,20
13037,2.3685,26
13038,0.20875,18
13039,-1.126443,15
13040,4.064372,29
13041,3.038862,30
13042,3.956489,30
13043,-2.86315,27
13044,1.734501,17
13045,3.335296,30
13046,1.465921,22
13047,2.108984,17
13048,1.660825,30
13049,2.117161,22
13050,4.260158,25
13051,-1.125975,19
13052,1.77046,30
13053,1.292902,10
13054,1.492705,22
13055,3.105855,18
13056,2.89132,24
13057,3.128543,21
13058,4.226368,26
13059,3.536502,20
13060,3.57449,27
13061,0.545655,30
13062,3.697397,19
13063,1.030148,16
13064,3.253046,30
13065,-1.626851,16
13066,2.367952,20
13067,2.186512,11
13068,2.934992,12
13069,1.25903,27
13070,2.634769,16
13071,-3.271538,22
13072,2.298183,17
13073,-2.491768,29
13074,2.866349,23
13075,-0.452346,28
13076,1.617195,14
13077,2.269577,24
13078,2.934233,30
13079,3.021148,23
13080,2.220468,30
13081,3.026893,27
13082,2.813437,22
13083,1.27603,30
13084,3.314025,29
13085,2.703576,30
13086,2.916467,11
13087,2.146041,28
13088,1.929836,20
13089,-0.021608,30
13090,3.359377,30
13091,4.149235,19
13092,2.810752,27
13093,2.250218,22
13094,-0.315171,20
13095,1.809809,17
13096,-0.339142,30
13097,3.391075,21
13098,3.238889,30
13099,4.143515,22
13100,3.576287,27
13101,2.818874,26
13102,-1.543598,17
13103,4.071176,26
13104,4.045422,28
13105,0.095909,17
13106,3.08196,30
13107,2.950472,30
13108,1.978259,30
13109,3.729742,26
13110,1.016659,20
13111,2.997993,30
13112,-0.920393,12
13113,0.006585,26
13114,1.878306,28
13115,3.150619,30
13116,-4.454638,20
13117,-2.920769,30
13118,4.294522,23
13119,3.076982,24
13120,1.031399,22
13121,0.450685,18
13122,1.079445,30
13123,1.346136,20
13124,-2.30864,30
13125,2.047137,21
13126,3.126568,22
13127,-1.102934,17
13128,1.367829,30
13129,4.061011,27
13130,-0.68672,30
13131,2.86264,27
13132,2.065521,30
13133,-0.165344,20
13134,1.086993,17
13135,1.928822,30
13136,0.788091,30
13137,1.172183,25
13138,3.201659,30
13139,3.267744,18
13140,2.999179,20
13141,-0.299988,30
13142,3.720693,23
13143,4.08217,15
13144,-2.744341,30
13145,0.888059,30
13146,1.253701,24
13147,3.210597,18
13148,0.784748,30
13149,0.441889,28
13150,4.010285,19
13151,3.831853,13
13152,3.390324,30
13153,2.137563,24
13154,1.00348,30
13155,-3.845192,30
13156,1.936221,30
13157,0.593918,30
13158,3.021424,20
13159,3.488888,16
13160,1.030893,20
13161,2.685615,23
13162,-0.640189,30
13163,2.987925,30
13164,3.907748,22
13165,4.254132,24
13166,-1.304597,19
13167,0.278549,30
13168,2.040899,24
13169,3.326067,30
13170,-0.571765,21
13171,2.973596,29
13172,-0.954963,30
13173,2.9683,23
13174,-2.053499,30
13175,1.774087,21
13176,3.13951,12
13177,-0.542483,30
13178,4.023794,23
13179,3.81626,20
13180,-0.411236,18
13181,3.030236,27
13182,0.744134,30
13183,4.009374,25
13184,1.550481,30
13185,-2.873962,12
13186,2.247269,16
13187,-7.071207,25
13188,2.269004,21
13189,-1.387016,26
13190,0.761581,13
13191,2.202608,22
13192,3.115591,30
13193,3.870988,27
13194,0.659198,27
13195,3.24695,30
13196,3.664507,23
13197,4.202497,27
13198,0.746303,23
13199,0.202859,15
13200,-0.031655,30
13201,3.599556,21
13202,2.77567,20
13203,2.858332,19
13204,3.23885,30
13205,0.128899,30
13206,2.196859,30
13207,-2.988116,24
13208,1.167738,16
13209,2.036963,29
13210,-2.049046,30
13211,2.242158,19
13212,2.342302,27
13213,2.729701,26
13214,2.791422,26
13215,1.301705,30
13216,0.614714,30
13217,2.549015,11
13218,4.132793,15
13219,3.36997,21
13220,2.237121,30
13221,0.700199,26
13222,3.890155,18
13223,-0.614278,29
13224,2.608805,30
13225,-0.190474,30
13226,0.985735,30
13227,3.211388,30
13228,0.106617,30
13229,0.291461,14
13230,3.685341,15
13231,3.364174,30
13232,3.224034,30
13233,1.358495,30
13234,2.668934,30
13235,3.093615,28
13236,3.565813,28
13237,2.90239,22
13238,-5.744073,26
13239,3.204242,30
13240,3.023803,24
13241,1.552755,21
13242,-3.261628,30
13243,4.077748,16
13244,2.027259,29
13245,2.764013,25
13246,3.333224,30
13247,3.829856,28
13248,2.984953,18
13249,0.869471,27
13250,0.721369,21
13251,4.213941,26
13252,1.021378,20
13253,0.435649,19
13254,-0.977573,22
13255,4.253843,27
13256,3.965932,13
13257,2.950796,30
13258,4.167768,25
13259,2.010294,26
13260,4.07168,28
13261,1.772635,9
13262,0.415798,30
13263,-2.825075,30
13264,3.267379,30
13265,-3.842311,30
13266,1.11166,29
13267,-0.881716,30
13268,0.54467,25
13269,4.337696,23
13270,-0.15509,26
13271,3.157658,30
13272,3.032671,18
13273,4.120626,18
13274,1.445258,30
13275,1.365315,30
13276,1.693627,30
13277,4.088643,22
13278,2.735653,26
13279,3.073073,18
13280,-4.767136,16
13281,3.865822,28
13282,3.777768,21
13283,3.325947,30
13284,-0.906438,17
13285,0.134259,24
13286,1.979364,22
13287,4.171778,15
13288,3.315123,30
13289,4.212107,12
13290,2.20072,17
13291,1.704982,19
13292,4.211048,25
13293,2.005517,30
13294,1.472846,22
13295,2.98631,30
13296,3.202477,30
13297,1.748535,16
13298,2.954123,20
13299,2.875591,18
13300,3.652485,14
13301,3.101739,30
13302,-0.918688,18
13303,1.552057,21
13304,2.507817,11
13305,1.32361,30
13306,-0.662002,27
13307,-0.842359,30
13308,2.882713,28
13309,3.228912,24
13310,2.930263,30
13311,2.945212,20
13312,1.737901,21
13313,-0.189909,30
13314,2.948924,30
13315,0.271081,16
13316,1.079763,19
13317,2.090711,25
13318,2.89929,15
13319,2.263981,30
13320,4.312103,30
13321,2.098784,30
13322,2.359738,28
13323,2.247594,26
13324,3.314807,13
13325,-0.559983,27
13326,3.553383,25
13327,0.608622,30
13328,4.100529,19
13329,1.305704,16
13330,0.607349,29
13331,0.623604,30
13332,2.738798,30
13333,4.282144,20
13334,0.735689,23
13335,3.059031,23
13336,1.175545,30
13337,0.90307,30
13338,-1.118405,15
13339,1.913515,30
13340,4.12492,20
13341,0.356853,11
13342,3.785801,23
13343,2.319306,15
13344,2.141063,23
13345,2.74228,16
13346,1.837363,30
13347,2.220329,30
13348,-0.871405,30
13349,3.874295,27
13350,2.692472,30
13351,3.43331,30
13352,4.099516,24
13353,-2.050287,18
13354,2.214041,27
13355,4.13368,15
13356,2.289747,30
13357,2.823447,17
13358,3.976033,25
13359,1.781863,13
13360,-0.135262,12
13361,0.53451,21
13362,1.934569,17
13363,2.183247,26
13364,1.243438,30
13365,1.833675,30
13366,-1.347606,30
13367,1.066247,30
13368,2.205962,30
13369,0.96384,25
13370,2.557099,20
13371,3.264759,30
13372,2.089763,29
13373,2.061949,19
13374,2.963203,24
13375,3.374385,30
13376,0.885126,29
13377,2.2846,23
13378,-1.1669,30
13379,3.608825,29
13380,1.910609,29
13381,0.764603,16
13382,1.79781,27
13383,2.339189,22
13384,2.890588,21
13385,-0.995861,30
13386,2.525634,16
13387,-0.30529,16
13388,-1.316409,30
13389,2.599923,30
13390,-0.197083,20
13391,1.247614,30
13392,2.314478,15
13393,1.877741,26
13394,4.055359,21
13395,-2.004035,30
13396,3.374321,16
13397,3.101163,21
13398,0.9032,16
13399,2.566704,24
13400,0.452607,30
13401,3.479184,25
13402,3.162341,30
13403,2.736062,27
13404,2.743289,19
13405,1.382898,26
13406,1.842999,22
13407,4.193053,15
13408,1.405949,29
13409,2.905356,30
13410,3.12547,24
13411,2.812976,27
13412,3.433732,25
13413,2.119191,22
13414,4.200046,18
13415,0.988707,30
13416,0.507428,17
13417,-0.102524,8
13418,2.259132,30
13419,4.17887,20
13420,1.684072,30
13421,0.966023,30
13422,0.077599,30
13423,0.711653,26
13424,4.286094,24
13425,-5.170235,30
13426,2.467288,30
13427,-1.2041,21
13428,0.939836,16
13429,3.679788,24
13430,2.364204,23
13431,1.163391,27
13432,0.208114,18
13433,-0.799566,24
13434,2.452997,30
13435,3.058491,30
13436,2.511668,26
13437,4.127515,22
13438,3.445636,30
13439,-6.935333,30
13440,3.338619,30
13441,0.82954,23
13442,-1.174147,30
13443,2.967287,13
13444,3.205439,21
13445,3.462035,19
13446,0.638062,30
13447,3.329087,30
13448,1.905961,30
13449,1.742363,30
13450,1.573091,30
13451,2.964549,30
13452,2.780355,17
13453,4.022285,23
13454,2.131599,24
13455,-1.014781,25
13456,0.74683,30
13457,2.081753,30
13458,3.117514,22
13459,2.467403,23
13460,-1.783739,30
13461,-0.116192,30
13462,3.326534,30
13463,3.698316,28
13464,2.754791,18
13465,1.297223,30
13466,1.173044,30
13467,0.245672,21
13468,1.689599,11
13469,2.730142,19
13470,2.942291,15
13471,3.44764,23
13472,3.149768,20
13473,-0.835782,30
13474,-0.96848,18
13475,3.545495,19
13476,2.850516,28
13477,3.073201,30
13478,1.215992,30
13479,3.047651,19
13480,2.737248,18
13481,4.075499,19
13482,-0.038411,24
13483,1.216263,25
13484,3.808323,23
13485,3.442526,17
13486,0.369767,30
13487,1.315271,20
13488,3.595532,20
13489,-0.761718,15
13490,0.161379,25
13491,-1.381435,18
13492,3.080683,22
13493,2.95252,16
13494,1.513199,16
13495,2.634097,28
13496,1.69114,13
13497,3.576695,30
13498,1.972415,30
13499,2.235513,15
13500,2.740418,30
13501,1.902699,26
13502,2.104572,30
13503,-2.62064,30
13504,4.161733,26
13505,2.76688,18
13506,1.135775,30
13507,4.157976,19
13508,2.093933,30
13509,0.504503,22
13510,2.258987,15
13511,-3.717848,30
13512,1.731555,30
13513,3.191009,30
13514,2.610615,14
13515,0.97685,30
13516,3.196091,30
13517,2.834996,23
13518,1.366439,30
13519,-3.626738,20
13520,4.008939,30
13521,2.067413,30
13522,2.859496,30
13523,1.4267,26
13524,1.289818,25
13525,0.75683,30
13526,3.202472,21
13527,2.286168,25
13528,0.177415,30
13529,0.942516,30
13530,-1.033552,13
13531,2.540641,14
13532,2.281004,21
13533,3.872014,23
13534,0.13986,30
13535,0.87937,30
13536,2.161556,29
13537,4.360326,25
13538,2.565203,30
13539,3.530313,24
13540,2.264551,27
13541,2.080759,23
13542,3.963269,14
13543,1.580781,24
13544,1.075131,22
13545,4.113297,18
13546,3.503409,20
13547,0.333012,27
13548,2.858311,20
13549,4.172823,20
13550,3.232882,30
13551,3.981731,30
13552,3.126121,30
13553,0.492047,30
13554,1.411166,30
13555,4.140525,18
13556,3.263935,30
13557,3.184382,30
13558,-0.002502,30
13559,3.661526,22
13560,1.943122,25
13561,1.081481,25
13562,3.89831,29
13563,1.457002,19
13564,-0.190868,17
13565,3.580006,17
13566,1.540385,30
13567,3.160518,30
13568,4.297344,27
13569,1.921047,27
13570,2.59731,23
13571,2.284502,10
13572,2.616459,23
13573,1.248907,30
13574,3.389274,30
13575,2.223234,28
13576,3.192221,30
13577,2.999883,16
13578,2.65419,20
13579,3.263951,30
13580,2.80051,21
13581,3.033026,12
13582,1.16545,18
13583,2.500518,30
13584,0.431242,30
13585,-1.181893,30
13586,2.361023,30
13587,1.560749,29
13588,3.032986,19
13589,1.794409,30
13590,3.785159,25
13591,-7.485391,30
13592,1.224831,30
13593,-0.37006,21
13594,4.029147,24
13595,2.24301,30
13596,3.355663,30
13597,1.95855,14
13598,1.917621,30
13599,2.13416,18
13600,3.155138,24
13601,3.100724,20
13602,3.30591,30
13603,3.148162,30
13604,2.430165,14
13605,1.221768,29
13606,2.169859,30
13607,-2.180509,25
13608,2.951214,21
13609,0.977778,30
13610,0.8067,30
13611,0.340214,30
13612,-0.002378,30
13613,4.069728,19
13614,1.8603,30
13615,1.144603,30
13616,0.772813,30
13617,-1.105114,20
13618,3.621847,29
13619,3.855568,28
13620,2.93597,16
13621,4.241006,25
13622,2.759504,14
13623,3.186881,30
13624,3.358004,15
13625,-4.970021,17
13626,3.053378,30
13627,3.328463,30
13628,1.809833,18
13629,1.072476,30
13630,2.40529,30
13631,0.639199,30
13632,0.861303,21
13633,3.143686,30
13634,-1.393377,30
13635,4.234122,30
13636,-4.938914,14
13637,4.010763,29
13638,1.254244,30
13639,1.378547,30
13640,2.137915,24
13641,2.402651,17
13642,2.771613,27
13643,4.058257,24
13644,1.487696,30
13645,1.439649,30
13646,2.716339,21
13647,3.350275,30
13648,-0.769825,30
13649,2.956754,10
13650,2.910973,16
13651,2.96588,30
13652,-0.584613,30
13653,3.957693,16
13654,3.308831,30
13655,0.819103,25
13656,1.571687,20
13657,2.111697,30
13658,1.939226,22
13659,3.020784,30
13660,4.183806,26
13661,3.111721,15
13662,2.980323,30
13663,3.008606,28
13664,1.339665,16
13665,3.647971,28
13666,-0.791941,30
13667,0.874672,30
13668,1.278374,11
13669,4.281062,18
13670,1.113536,30
13671,-2.430239,30
13672,1.721422,25
13673,-0.937152,30
13674,3.205724,30
13675,4.296007,26
13676,-2.464392,30
13677,3.07584,30
13678,1.542864,30
13679,2.330042,28
13680,2.621415,20
13681,0.754418,24
13682,1.200504,30
13683,2.28967,27
13684,0.832843,19
13685,2.825956,24
13686,1.287383,30
13687,2.087873,27
13688,2.887659,30
13689,1.63873,29
13690,0.736705,18
13691,1.660073,21
13692,2.120451,20
13693,2.795481,18
13694,-0.43324,30
13695,3.505719,30
13696,2.764809,20
13697,4.204822,21
13698,1.566545,11
13699,2.855597,30
13700,4.087431,18
13701,2.825893,16
13702,2.986976,25
13703,2.781226,19
13704,1.932283,22
13705,4.165969,23
13706,0.704349,26
13707,3.490827,30
13708,0.62456,29
13709,2.011211,16
13710,3.175667,30
13711,1.575346,28
13712,2.740346,20
13713,1.78402,30
13714,3.267797,30
13715,1.825792,21
13716,3.415327,18
13717,3.658294,18
13718,0.977046,18
13719,1.778336,19
13720,3.236333,30
13721,3.707537,23
13722,2.753943,30
13723,3.49243,25
13724,3.112478,26
13725,4.18475,24
13726,1.26977,30
13727,1.442167,30
13728,3.721798,22
13729,2.941439,30
13730,2.958569,19
13731,2.934985,20
13732,1.317283,12
13733,2.056286,13
13734,0.077908,29
13735,-2.35269,30
13736,-0.741142,23
13737,1.536272,13
13738,-0.945077,23
13739,1.575633,22
13740,2.490715,30
13741,-3.321483,20
13742,2.541191,29
13743,4.279346,18
13744,-0.863934,30
13745,3.27772,30
13746,4.040193,18
13747,1.794416,30
13748,2.229734,30
13749,0.800511,18
13750,3.096397,27
13751,3.020989,30
13752,1.03151,12
13753,0.619194,11
13754,2.223775,30
13755,1.075014,20
13756,2.195579,24
13757,0.475429,26
13758,2.014581,26
13759,3.9559,20
13760,4.087602,25
13761,2.14108,22
13762,2.110733,25
13763,3.03075,30
13764,4.37763,26
13765,0.197012,26
13766,3.089389,19
13767,0.034043,30
13768,3.904661,18
13769,3.31683,30
13770,2.805737,19
13771,-0.793702,24
13772,0.794949,21
13773,-0.569256,30
13774,-0.068674,30
13775,2.909993,30
13776,1.098326,25
13777,1.633857,14
13778,1.744601,28
13779,4.31026,24
13780,0.516534,30
13781,1.839443,21
13782,2.619213,30
13783,1.393605,19
13784,-1.256761,30
13785,3.995335,22
13786,1.573064,26
13787,0.143506,30
13788,2.17471,26
13789,3.197811,19
13790,2.434392,15
13791,0.726983,20
13792,0.470305,22
13793,3.439796,21
13794,-1.582409,15
13795,2.288235,30
13796,2.462526,30
13797,3.078,30
13798,3.900784,24
13799,1.308814,14
13800,3.440143,22
13801,2.002761,30
13802,0.202014,30
13803,4.093442,30
13804,1.323798,30
13805,3.205018,30
13806,2.896354,18
13807,2.894774,19
13808,1.019885,21
13809,-2.268079,30
13810,1.727063,30
13811,-2.062256,13
13812,1.151257,20
13813,0.297021,30
13814,2.879915,16
13815,2.198853,29
13816,1.189712,30
13817,3.282693,30
13818,0.562625,30
13819,2.80827,22
13820,2.724221,29
13821,2.721558,21
13822,2.462182,22
13823,2.947177,23
13824,3.999868,19
13825,2.89818,25
13826,2.964604,30
13827,1.892323,22
13828,3.320196,30
13829,-1.716873,30
13830,2.981259,23
13831,2.819137,19
13832,2.858551,14
13833,3.943181,26
13834,0.708038,24
13835,3.712757,30
13836,0.063263,29
13837,3.017863,21
13838,0.358909,26
13839,-0.668693,30
13840,0.914193,27
13841,1.054831,20
13842,3.200469,30
13843,3.070355,24
13844,1.063901,30
13845,-0.500045,30
13846,0.880803,16
13847,3.335057,30
13848,-3.73532,13
13849,0.125973,30
13850,1.739764,28
13851,1.515178,23
13852,-1.482361,30
13853,-1.840125,30
13854,2.319423,30
13855,-0.062839,30
13856,3.897006,22
13857,2.104912,27
13858,2.228273,30
13859,2.184249,17
13860,2.285637,21
13861,4.382832,27
13862,2.651987,13
13863,3.186315,30
13864,3.729665,26
13865,0.055773,30
13866,0.911394,30
13867,2.29407,30
13868,-1.068876,16
13869,3.326652,30
13870,-0.271483,18
13871,0.987122,30
13872,-0.802727,25
13873,2.459223,30
13874,1.829811,30
13875,0.591995,30
13876,-3.335207,20
13877,1.508425,19
13878,3.207893,25
13879,-0.801631,19
13880,-0.998231,30
13881,2.898226,24
13882,1.293242,30
13883,1.846116,30
13884,2.136443,29
13885,-0.711607,30
13886,0.200142,25
13887,2.784313,29
13888,2.037806,30
13889,2.76831,15
13890,1.305551,30
13891,3.853383,25
13892,1.165164,30
13893,3.669301,29
13894,-7.52237,28
13895,3.624266,27
13896,4.093596,23
13897,2.618272,13
13898,0.049819,21
13899,2.933859,25
13900,2.080654,23
13901,3.065222,16
13902,0.033308,30
13903,-0.603265,23
13904,-0.710403,30
13905,1.995191,30
13906,1.582395,30
13907,-0.761483,15
13908,1.320331,30
13909,3.789362,29
13910,2.190048,30
13911,3.548479,28
13912,-1.454019,29
13913,3.955093,29
13914,1.39096,16
13915,1.117456,21
13916,-7.06819,30
13917,-0.177265,30
13918,1.09167,10
13919,-0.044597,27
13920,3.515696,15
13921,2.841317,21
13922,0.922338,19
13923,-0.235195,28
13924,0.650044,14
13925,0.531909,21
13926,-0.696685,30
13927,3.127445,30
13928,2.045765,23
13929,3.792424,18
13930,2.11078,21
13931,2.123376,30
13932,2.099587,30
13933,3.934891,30
13934,1.965062,16
13935,3.791038,30
13936,2.161495,30
13937,3.33115,30
13938,0.862914,30
13939,3.895241,30
13940,2.954015,11
13941,3.981254,29
13942,3.686793,30
13943,3.488438,12
13944,0.859522,30
13945,0.811726,28
13946,3.170112,30
13947,3.791297,24
13948,-2.887938,30
13949,3.318672,30
13950,3.326333,20
13951,1.825294,27
13952,3.029743,30
13953,3.962761,15
13954,1.359523,30
13955,3.188706,30
13956,2.855255,23
13957,-1.529056,24
13958,1.35224,30
13959,2.938814,21
13960,3.082567,27
13961,3.970445,20
13962,2.542067,30
13963,1.061503,30
13964,-0.255253,14
13965,2.566712,20
13966,-1.160675,30
13967,-2.453903,30
13968,1.716062,16
13969,2.898653,12
13970,0.694275,30
13971,-0.619765,30
13972,0.516039,28
13973,3.098421,22
13974,4.144825,28
13975,3.69423,21
13976,4.090483,30
13977,0.76295,18
13978,3.405329,21
13979,0.311487,30
13980,0.316726,30
13981,3.364412,30
13982,2.457559,30
13983,2.111229,18
13984,1.716483,20
13985,0.600141,29
13986,-1.023408,20
13987,1.368388,24
13988,4.102735,23
13989,2.48379,12
13990,4.102965,22
13991,-2.276007,30
13992,-1.224753,27
13993,3.196744,30
13994,4.321729,19
13995,4.43321,30
13996,3.187417,30
13997,2.254287,30
13998,1.817129,20
13999,1.911033,16
14000,1.254882,30
14001,3.971633,18
14002,3.117809,27
14003,2.993397,30
14004,2.91254,27
14005,2.837284,20
14006,1.33705,15
14007,-1.173525,15
14008,3.539848,30
14009,1.637874,25
14010,2.839341,17
14011,2.134533,15
14012,-2.807571,30
14013,2.849729,30
14014,2.752149,13
14015,3.893604,19
14016,4.274482,22
14017,0.13425,20
14018,0.946765,30
14019,3.105784,20
14020,3.601426,26
14021,3.027374,23
14022,0.234338,19
14023,2.822842,30
14024,1.831147,30
14025,2.254327,30
14026,0.085499,12
14027,2.768268,23
14028,1.317269,30
14029,0.785454,30
14030,0.152559,30
14031,2.684177,20
14032,3.677694,24
14033,1.147625,24
14034,1.80829,26
14035,-2.701533,21
14036,1.606332,29
14037,-0.79305,30
14038,4.293308,23
14039,1.767017,21
14040,3.985895,21
14041,3.165765,30
14042,1.036809,30
14043,1.773192,13
14044,3.748129,27
14045,1.030562,21
14046,1.146222,30
14047,2.892751,30
14048,3.622677,28
14049,1.018729,29
14050,1.12088,30
14051,1.012847,23
14052,4.140512,25
14053,3.358176,30
14054,2.352094,16
14055,2.763716,19
14056,3.692421,16
14057,0.795764,30
14058,3.726578,26
14059,-2.029403,30
14060,0.723981,27
14061,3.216778,30
14062,1.672936,23
14063,2.626794,25
14064,2.193796,20
14065,0.262619,30
14066,2.061902,30
14067,1.2638,17
14068,1.762584,21
14069,-1.192523,25
14070,4.034178,19
14071,1.987458,30
14072,0.411796,29
14073,1.606423,21
14074,0.625005,21
14075,1.775473,30
14076,1.149961,16
14077,0.718678,30
14078,2.856981,19
14079,1.946712,20
14080,2.951095,24
14081,0.949838,30
14082,-0.603247,30
14083,2.409266,30
14084,-0.406506,15
14085,2.812079,30
14086,0.967244,24
14087,3.394803,30
14088,-0.504597,26
14089,3.959331,18
14090,1.215118,28
14091,4.049067,30
14092,2.213744,30
14093,2.631901,30
14094,3.142297,30
14095,2.286112,30
14096,-4.415547,9
14097,4.147148,23
14098,3.187809,30
14099,-1.849503,30
14100,2.956532,16
14101,2.380383,12
14102,0.654779,30
14103,0.152097,30
14104,3.082685,19
14105,0.752022,25
14106,4.326435,22
14107,1.160188,29
14108,3.275372,30
14109,2.641812,30
14110,1.95472,19
14111,3.082126,30
14112,-3.85392,20
14113,1.727234,25
14114,1.015935,25
14115,1.959917,30
14116,3.179391,30
14117,0.652268,30
14118,4.025166,21
14119,4.207526,20
14120,1.935154,30
14121,2.160393,19
14122,-4.058286,30
14123,1.420972,22
14124,3.727167,22
14125,2.077178,30
14126,-0.559097,11
14127,2.88623,30
14128,0.836989,24
14129,1.871018,30
14130,-0.123771,15
14131,1.566958,26
14132,2.731462,30
14133,1.068474,30
14134,0.904812,26
14135,3.018089,30
14136,0.98761,16
14137,3.863605,25
14138,-0.22979,29
14139,3.792188,22
14140,3.878588,25
14141,1.020343,23
14142,1.230144,30
14143,3.627904,19
14144,1.294364,30
14145,0.795483,13
14146,0.210878,28
14147,1.377963,27
14148,2.268669,24
14149,3.921479,29
14150,1.340829,30
14151,2.692852,30
14152,2.169037,30
14153,3.061924,22
14154,2.913447,12
14155,2.244408,30
14156,0.382501,30
14157,2.891433,19
14158,-1.78573,23
14159,3.13723,18
14160,-6.813612,30
14161,2.679241,19
14162,3.494425,22
14163,3.090298,30
14164,0.538287,30
14165,-1.728138,30
14166,1.148643,14
14167,0.219609,19
14168,3.675773,15
14169,0.806401,21
14170,3.56804,15
14171,4.152776,24
14172,-4.826747,30
14173,0.97067,17
14174,3.631089,16
14175,0.720364,13
14176,3.958613,19
14177,3.281053,22
14178,4.079129,17
14179,2.67345,30
14180,-0.997094,30
14181,-0.303717,30
14182,0.840035,30
14183,2.035213,25
14184,1.085107,30
14185,1.310116,10
14186,2.244251,30
14187,4.333367,30
14188,0.25213,21
14189,1.24087,30
14190,1.821644,25
14191,-0.190911,30
14192,2.80564,24
14193,2.182397,30
14194,2.705252,25
14195,2.969132,18
14196,1.241251,30
14197,4.07496,22
14198,-2.059755,20
14199,3.092295,24
14200,-2.410451,9
14201,2.004281,28
14202,1.298558,10
14203,4.428577,30
14204,3.165251,21
14205,1.870338,16
14206,3.982884,23
14207,2.796929,23
14208,-1.552709,30
14209,3.340089,21
14210,2.764721,30
14211,0.463851,23
14212,-0.175209,30
14213,1.126899,25
14214,0.106337,20
14215,-4.864401,30
14216,2.351778,21
14217,2.689678,25
14218,-0.883778,30
14219,2.810001,18
14220,0.534265,20
14221,-0.578055,30
14222,2.960939,29
14223,1.767116,12
14224,3.245598,30
14225,1.891168,27
14226,3.37196,30
14227,3.704127,28
14228,2.527341,17
14229,-1.925393,23
14230,2.929709,22
14231,0.901799,26
14232,1.695622,18
14233,0.067876,18
14234,1.673584,24
14235,1.772583,16
14236,2.276744,15
14237,3.018752,30
14238,4.136213,21
14239,4.051176,24
14240,2.205421,22
14241,-0.774892,30
14242,2.710611,19
14243,4.093223,22
14244,1.234686,30
14245,2.994196,17
14246,-1.732319,30
14247,0.824358,18
14248,4.134773,26
14249,3.691709,20
14250,3.188012,30
14251,3.957016,29
14252,3.07775,30
14253,2.251553,21
14254,3.422021,22
14255,2.095383,30
14256,4.396479,26
14257,2.081801,25
14258,1.620227,30
14259,2.984441,30
14260,2.611748,25
14261,4.310824,25
14262,1.946939,30
14263,3.578241,19
14264,1.048443,30
14265,-0.085703,30
14266,2.719023,22
14267,-0.629381,19
14268,3.360588,27
14269,2.842676,16
14270,2.228069,24
14271,3.878999,24
14272,4.032963,25
14273,1.66008,20
14274,2.898332,30
14275,-0.031262,29
14276,2.390075,30
14277,3.996731,29
14278,3.372403,18
14279,3.551372,23
14280,4.283262,21
14281,2.713567,13
14282,-4.495763,28
14283,3.72299,22
14284,0.542598,26
14285,1.129806,14
14286,0.953716,17
14287,3.199968,30
14288,1.604158,13
14289,2.221167,17
14290,2.935272,29
14291,1.549202,20
14292,3.304925,30
14293,2.333355,25
14294,1.275909,30
14295,1.964141,30
14296,2.416507,21
14297,0.849705,27
14298,-0.757487,22
14299,3.729203,17
14300,2.155061,30
14301,0.368619,30
14302,0.890103,30
14303,1.595669,16
14304,2.743489,15
14305,2.708915,16
14306,1.431432,30
14307,3.876369,29
14308,1.247605,30
14309,4.382911,26
14310,3.433606,23
14311,1.463393,24
14312,2.197116,30
14313,2.523605,16
14314,0.917295,28
14315,1.186251,18
14316,1.657091,30
14317,2.437277,21
14318,2.962494,26
14319,2.863765,13
14320,-3.016299,20
14321,3.886637,24
14322,-0.39957,30
14323,1.974473,30
14324,3.30477,30
14325,4.177715,17
14326,-1.030202,21
14327,3.862031,24
14328,2.088749,29
14329,1.287094,30
14330,1.485946,26
14331,-0.902213,22
14332,0.35659,23
14333,2.594912,18
14334,-0.66437,30
14335,1.956562,30
14336,-2.457731,30
14337,3.182429,30
14338,4.023372,18
14339,0.061436,20
14340,4.265104,19
14341,3.023004,21
14342,0.813864,30
14343,1.939452,25
14344,3.648056,25
14345,2.920507,19
14346,3.298475,30
14347,3.702007,30
14348,2.910315,21
14349,3.806064,23
14350,3.968182,22
14351,-0.103084,19
14352,2.832416,29
14353,3.724342,30
14354,2.776063,19
14355,-0.72017,30
14356,1.565312,17
14357,3.338713,27
14358,3.221305,30
14359,0.838021,30
14360,-0.065803,21
14361,2.960994,27
14362,3.082119,30
14363,2.817688,27
14364,1.626746,15
14365,2.843963,24
14366,3.144154,30
14367,-3.005284,17
14368,2.198875,23
14369,2.870834,18
14370,0.957203,30
14371,0.94045,23
14372,4.201038,26
14373,3.309468,30
14374,-0.86996,30
14375,2.899564,23
14376,3.153501,30
14377,0.001395,30
14378,2.134259,30
14379,2.494848,30
14380,2.681786,13
14381,1.644011,14
14382,1.772602,30
14383,3.537873,26
14384,3.086465,30
14385,-1.886589,30
14386,2.961884,17
14387,3.595036,16
14388,0.458121,30
14389,3.038805,30
14390,2.916936,30
14391,-0.513132,13
14392,3.365806,30
14393,1.987578,30
14394,4.332557,30
14395,-0.632025,30
14396,2.438621,29
14397,3.134189,30
14398,1.721662,30
14399,-0.200188,30
14400,1.739184,14
14401,2.324441,13
14402,3.058067,17
14403,2.817374,23
14404,2.741327,27
14405,4.293607,20
14406,2.654839,30
14407,1.048653,29
14408,3.902556,26
14409,1.840682,30
14410,2.9947,21
14411,1.986516,30
14412,3.862492,25
14413,-0.071282,30
14414,1.820516,16
14415,3.811494,26
14416,2.746105,30
14417,4.179326,22
14418,-0.797343,18
14419,3.209908,21
14420,1.406215,30
14421,2.171916,18
14422,-0.020004,30
14423,1.916757,20
14424,1.938653,28
14425,3.215473,30
14426,0.839106,30
14427,3.776277,15
14428,1.575617,28
14429,2.57639,30
14430,1.839364,30
14431,1.698208,21
14432,2.231165,22
14433,1.687259,18
14434,1.675017,26
14435,3.014004,17
14436,2.850223,22
14437,4.423003,30
14438,0.734291,27
14439,4.265642,22
14440,3.275918,30
14441,1.518707,11
14442,1.722762,27
14443,-4.470183,30
14444,1.827029,30
14445,3.151897,30
14446,3.782109,25
14447,0.867887,30
14448,2.913502,14
14449,4.212944,15
14450,3.604994,27
14451,1.036995,17
14452,2.362107,20
14453,2.675466,27
14454,0.696328,17
14455,2.606251,17
14456,-0.233984,9
14457,2.113095,17
14458,3.927969,24
14459,-0.370729,30
14460,-0.419194,14
14461,3.136423,30
14462,-3.719327,30
14463,2.981941,30
14464,-0.653717,30
14465,2.782006,15
14466,0.722,25
14467,1.784186,16
14468,2.297863,18
14469,3.135847,13
14470,3.192058,30
14471,-0.972608,21
14472,3.082627,30
14473,-0.4,30
14474,2.609289,17
14475,0.22067,22
14476,1.378495,30
14477,-1.92322,30
14478,0.811634,29
14479,2.918804,30
14480,0.072509,19
14481,1.74487,24
14482,3.522324,17
14483,2.975651,21
14484,-1.111261,28
14485,0.794077,30
14486,2.918235,21
14487,2.887957,17
14488,2.844958,24
14489,3.321483,24
14490,2.178575,30
14491,-0.821238,30
14492,-0.97951,19
14493,-2.631196,15
14494,3.236427,13
14495,-0.152357,23
14496,4.394786,26
14497,4.091386,27
14498,3.137112,30
14499,2.932381,22
14500,4.089854,17
14501,3.406852,28
14502,1.278877,30
14503,4.351896,18
14504,3.414471,30
14505,-4.359744,21
14506,0.677638,21
14507,3.328887,29
14508,-1.873646,30
14509,4.171402,26
14510,-1.597446,30
14511,2.891318,26
14512,4.101891,27
14513,0.427664,18
14514,3.49148,19
14515,2.404662,14
14516,-0.239941,20
14517,3.290382,30
14518,-0.751822,30
14519,3.408067,21
14520,1.828632,21
14521,1.005404,18
14522,0.865968,30
14523,-0.198663,30
14524,0.466057,30
14525,4.059821,27
14526,2.761227,16
14527,0.774514,30
14528,1.898696,30
14529,4.175369,22
14530,3.15184,30
14531,-0.149314,30
14532,-0.4,30
14533,1.996856,30
14534,3.012118,30
14535,1.218401,30
14536,3.756965,18
14537,3.994219,22
14538,0.405872,10
14539,2.67223,30
14540,1.565361,17
14541,-0.908763,30
14542,2.683478,30
14543,1.106788,22
14544,-1.703885,30
14545,4.329106,24
14546,1.368173,30
14547,2.085112,17
14548,3.298089,23
14549,0.985584,24
14550,3.717959,21
14551,2.022734,30
14552,3.001004,30
14553,1.051755,27
14554,2.374798,17
14555,4.159933,25
14556,1.814365,15
14557,3.023656,14
14558,1.854499,16
14559,-0.070919,28
14560,2.070171,30
14561,3.12719,25
14562,4.052576,23
14563,2.729307,19
14564,-0.243424,16
14565,4.063638,21
14566,1.157084,18
14567,1.449945,11
14568,2.635785,30
14569,3.785095,24
14570,3.347172,30
14571,3.302872,30
14572,-1.046193,18
14573,3.320733,30
14574,1.872793,30
14575,0.207506,27
14576,0.64238,30
14577,4.200138,27
14578,3.540207,22
14579,-0.345281,30
14580,3.159752,30
14581,3.202881,30
14582,3.270109,30
14583,3.159355,27
14584,3.220251,30
14585,3.355972,30
14586,0.933632,12
14587,-0.271222,30
14588,1.971663,21
14589,1.539471,21
14590,1.713296,30
14591,3.101875,30
14592,1.322484,30
14593,2.321701,28
14594,1.291991,19
14595,2.852971,22
14596,3.529817,25
14597,0.395904,30
14598,0.952588,21
14599,-0.104242,13
14600,2.22226,18
14601,3.954528,27
14602,0.112539,30
14603,0.576699,30
14604,3.011937,30
14605,1.019516,23
14606,2.652187,30
14607,3.013475,30
14608,-0.119295,28
14609,1.924439,30
14610,4.179271,22
14611,3.60249,17
14612,1.150033,19
14613,-1.921325,25
14614,2.180081,27
14615,-0.902258,15
14616,2.031338,30
14617,-0.287837,20
14618,2.782874,30
14619,1.350454,30
14620,2.222964,30
14621,3.304131,30
14622,4.105673,27
14623,-0.065978,30
14624,3.263347,30
14625,3.323437,30
14626,3.341269,30
14627,2.776133,26
14628,-1.09646,19
14629,0.999274,17
14630,1.115803,30
14631,0.093963,30
14632,3.117537,22
14633,-0.228189,16
14634,2.75514,21
14635,-0.691637,22
14636,3.08038,30
14637,-0.481178,15
14638,-4.109753,30
14639,3.288367,28
14640,1.389446,30
14641,1.684795,14
14642,-1.258109,19
14643,2.294505,23
14644,0.244067,11
14645,3.233095,28
14646,0.723196,30
14647,2.969627,24
14648,3.392069,30
14649,1.177511,21
14650,0.010629,23
14651,0.903314,23
14652,3.019623,19
14653,3.589873,22
14654,1.844793,14
14655,3.238675,30
14656,0.630018,21
14657,4.029902,19
14658,3.652198,20
14659,1.008285,20
14660,0.676094,23
14661,3.247869,30
14662,3.056089,16
14663,2.910266,20
14664,4.002042,23
14665,2.957816,30
14666,1.953593,11
14667,2.540309,13
14668,-0.648207,30
14669,1.041358,30
14670,0.935153,28
14671,2.999681,30
14672,3.033679,20
14673,1.37552,18
14674,2.826409,16
14675,2.795015,30
14676,2.941513,30
14677,1.312086,30
14678,-0.943188,23
14679,3.293429,30
14680,0.946327,19
14681,1.774183,30
14682,1.061586,18
14683,-0.423311,24
14684,3.119185,30
14685,2.856343,16
14686,3.237237,30
14687,-1.035757,25
14688,2.72333,15
14689,1.534658,12
14690,-4.392121,22
14691,4.217208,27
14692,2.200983,28
14693,4.144643,26
14694,2.664331,30
14695,2.777494,14
14696,3.288298,30
14697,-0.473151,10
14698,2.030981,30
14699,3.574376,17
14700,-5.085312,30
14701,0.330572,17
14702,2.378739,29
14703,-0.818203,30
14704,-0.077693,30
14705,1.271215,30
14706,3.998407,25
14707,1.737296,30
14708,2.30752,30
14709,1.391174,29
14710,1.343942,13
14711,4.041716,24
14712,1.528635,13
14713,1.440331,18
14714,1.629727,30
14715,2.048951,25
14716,2.700195,17
14717,3.042823,13
14718,3.788602,19
14719,2.579362,26
14720,2.696052,23
14721,3.338939,30
14722,1.554906,17
14723,0.975391,28
14724,0.603204,30
14725,2.647054,20
14726,-2.011056,26
14727,0.126268,28
14728,0.202412,12
14729,0.985144,30
14730,1.658809,27
14731,4.112732,18
14732,2.826779,25
14733,-2.009752,27
14734,1.375352,30
14735,3.994987,29
14736,-1.209725,30
14737,2.036114,30
14738,-5.867196,30
14739,3.1049,30
14740,0.746516,19
14741,2.681936,30
14742,3.041066,23
14743,0.280143,27
14744,1.83843,29
14745,0.020883,30
14746,0.831848,30
14747,2.899711,19
14748,3.707122,29
14749,3.491621,24
14750,1.370648,30
14751,2.846403,26
14752,3.103008,28
14753,2.341306,25
14754,0.374169,27
14755,3.680438,27
14756,-0.16123,30
14757,-1.152854,30
14758,4.286932,25
14759,-1.078926,30
14760,2.020042,30
14761,3.001695,21
14762,2.352241,27
14763,4.031325,21
14764,2.565431,23
14765,2.444518,25
14766,1.375069,14
14767,4.196773,21
14768,-1.055747,30
14769,4.047355,28
14770,2.109542,20
14771,-0.114975,30
14772,-1.567887,12
14773,-0.390886,30
14774,0.162624,18
14775,3.543693,25
14776,2.986137,30
14777,2.255834,30
14778,2.221407,24
14779,2.894793,30
14780,3.209709,30
14781,2.605189,19
14782,0.850151,23
14783,3.403285,21
14784,0.685058,30
14785,4.071414,16
14786,-0.285908,25
14787,2.59579,19
14788,-1.236974,30
14789,-2.929233,30
14790,2.859518,30
14791,3.31727,13
14792,3.626372,13
14793,2.609636,22
14794,2.336547,30
14795,2.257151,21
14796,-1.376226,26
14797,2.015383,30
14798,3.189527,30
14799,-0.645703,30
14800,1.033195,29
14801,2.329037,29
14802,3.906519,23
14803,4.67953,29
14804,2.702702,30
14805,2.167539,12
14806,2.119107,30
14807,3.179955,30
14808,3.356264,30
14809,1.204256,30
14810,1.371024,30
14811,2.907316,30
14812,1.232336,12
14813,2.23914,19
14814,1.942493,30
14815,-0.246034,30
14816,2.452248,17
14817,4.221147,18
14818,1.238745,30
14819,1.436068,30
14820,4.273569,26
14821,3.938315,27
14822,2.122584,21
14823,1.883943,30
14824,1.055468,21
14825,2.096659,30
14826,1.02304,30
14827,2.8676,30
14828,4.133394,21
14829,-0.363838,30
14830,3.419346,16
14831,4.050047,23
14832,2.968542,30
14833,0.580654,17
14834,4.187828,23
14835,-1.130822,14
14836,1.723181,30
14837,2.871062,30
14838,3.366775,30
14839,4.095586,20
14840,1.489652,20
14841,3.735368,23
14842,3.186754,30
14843,3.070859,23
14844,3.544402,17
14845,4.12455,22
14846,2.878473,13
14847,2.418254,15
14848,3.495836,16
14849,0.970419,30
14850,4.171095,26
14851,1.935535,20
14852,1.821003,17
14853,2.943655,18
14854,1.876971,30
14855,1.749664,30
14856,1.718081,17
14857,4.111839,26
14858,2.384478,30
14859,2.984674,30
14860,1.800551,11
14861,3.753693,22
14862,2.927355,18
14863,2.891354,17
14864,0.497636,27
14865,1.754882,13
14866,1.755725,18
14867,1.453957,15
14868,-1.89658,21
14869,3.921568,14
14870,2.692561,28
14871,2.069222,29
14872,3.840771,26
14873,2.115605,30
14874,0.95983,30
14875,3.039524,26
14876,2.219565,30
14877,2.399733,14
14878,-0.301618,25
14879,3.178937,30
14880,2.551229,29
14881,-0.171128,30
14882,1.911415,30
14883,2.213253,30
14884,3.997573,24
14885,2.929594,19
14886,2.59216,30
14887,2.16613,30
14888,2.949571,30
14889,0.841223,25
14890,3.41358,28
14891,-0.130184,30
14892,0.927137,27
14893,3.6162,24
14894,3.281577,30
14895,0.11656,22
14896,2.388638,28
14897,-0.441605,20
14898,0.894726,30
14899,0.57572,30
14900,3.832013,29
14901,2.20739,24
14902,3.220935,30
14903,3.347875,30
14904,3.800158,22
14905,3.190609,30
14906,2.071037,14
14907,4.141619,26
14908,4.058864,18
14909,2.474238,30
14910,2.022563,20
14911,-0.669203,30
14912,1.52128,22
14913,-0.080475,29
14914,3.626998,17
14915,1.777109,22
14916,1.073265,18
14917,3.322603,30
14918,2.446231,27
14919,1.777424,30
14920,2.800798,30
14921,2.663154,12
14922,1.613192,18
14923,3.47316,16
14924,1.227081,30
14925,1.835246,22
14926,-0.598981,30
14927,-0.380041,21
14928,-0.437726,22
14929,-0.570585,28
14930,0.785796,25
14931,1.395386,11
14932,3.160875,30
14933,4.015034,23
14934,2.564055,18
14935,2.102672,30
14936,2.194755,18
14937,2.833586,17
14938,3.32863,30
14939,0.981918,13
14940,1.765241,15
14941,3.253956,30
14942,3.335045,30
14943,3.636966,26
14944,3.114904,26
14945,2.263538,30
14946,0.997981,30
14947,3.235738,30
14948,4.324778,27
14949,-0.751223,30
14950,-0.806319,30
14951,2.767251,14
14952,2.44924,24
14953,4.115902,15
14954,-0.753773,12
14955,2.328543,30
14956,2.334212,19
14957,-0.969815,30
14958,3.758416,29
14959,-0.425369,13
14960,-1.17656,30
14961,3.384188,30
14962,-0.781404,30
14963,3.785529,28
14964,4.041104,23
14965,2.753024,18
14966,4.111175,22
14967,2.225836,30
14968,1.381208,30
14969,3.563893,28
14970,2.785587,29
14971,0.146758,30
14972,4.196209,22
14973,0.880899,30
14974,0.134178,30
14975,0.025697,30
14976,2.65637,19
14977,1.654317,19
14978,0.2435,30
14979,2.265139,19
14980,2.777728,21
14981,0.781497,30
14982,-0.273669,29
14983,1.54161,29
14984,3.243,30
14985,3.678674,22
14986,0.774291,30
14987,1.57393,17
14988,3.504234,21
14989,-0.138926,14
14990,4.281313,26
14991,3.89496,23
14992,-2.808935,30
14993,1.404546,15
14994,4.116178,28
14995,4.289214,30
14996,3.419537,23
14997,2.898526,20
14998,3.648886,27
14999,0.138282,30
15000,3.898834,20
15001,4.245518,26
15002,4.02789,25
15003,2.644362,30
15004,-0.312149,30
15005,-0.166188,30
15006,3.692591,30
15007,1.510129,30
15008,3.040821,30
15009,0.807268,23
15010,0.874555,20
15011,2.07303,30
15012,3.216533,30
15013,3.382027,30
15014,4.070937,17
15015,2.323288,30
15016,-4.301132,30
15017,2.031071,27
15018,3.361234,30
15019,1.402276,30
15020,1.140657,19
15021,4.032285,23
15022,1.149064,24
15023,2.885343,16
15024,2.523028,26
15025,1.366841,30
15026,3.180696,30
15027,3.012785,22
15028,3.095564,19
15029,2.99728,22
15030,1.811206,26
15031,3.401906,30
15032,-0.06815,27
15033,3.108393,27
15034,3.282124,30
15035,4.119784,24
15036,0.502963,30
15037,4.071991,23
15038,2.303391,13
15039,1.362855,30
15040,4.076574,25
15041,0.024787,30
15042,3.875705,21
15043,4.179674,21
15044,-1.274163,30
15045,3.650886,25
15046,-1.076498,20
15047,3.13045,18
15048,0.866157,30
15049,2.1747,20
15050,3.006694,16
15051,1.394767,29
15052,2.930856,26
15053,3.327154,30
15054,2.18114,28
15055,2.2702,30
15056,4.159445,16
15057,2.966298,26
15058,1.594586,30
15059,3.312987,30
15060,-0.945396,30
15061,2.966534,22
15062,2.694662,27
15063,3.013684,23
15064,-2.99859,30
15065,2.928581,30
15066,4.213738,27
15067,2.909585,28
15068,-0.715048,30
15069,3.371869,22
15070,2.686444,30
15071,3.118821,30
15072,3.201617,30
15073,-0.893161,30
15074,0.875774,30
15075,2.865087,30
15076,2.733594,18
15077,0.887745,30
15078,2.302195,30
15079,3.883061,28
15080,2.199249,30
15081,2.108832,30
15082,4.009928,28
15083,4.16893,25
15084,1.490102,26
15085,2.553729,15
15086,3.076639,24
15087,3.944088,23
15088,2.786295,30
15089,3.159181,30
15090,3.761807,19
15091,3.289683,30
15092,3.044494,23
15093,4.304588,25
15094,3.105189,14
15095,4.357203,24
15096,3.7875,26
15097,2.019395,29
15098,2.957495,26
15099,0.956298,30
15100,1.133026,17
15101,2.662704,19
15102,1.063129,25
15103,3.200489,30
15104,1.158878,12
15105,1.062165,21
15106,0.995466,30
15107,0.39595,30
15108,2.097466,30
15109,2.655227,28
15110,1.964445,30
15111,2.489116,26
15112,3.069914,30
15113,2.072822,30
15114,3.914213,30
15115,0.677956,30
15116,1.396191,30
15117,3.116817,19
15118,4.097555,25
15119,3.047243,30
15120,-0.069732,30
15121,-0.731802,30
15122,-0.34898,30
15123,2.816492,30
15124,2.118739,11
15125,2.99373,30
15126,-1.903452,26
15127,2.606485,30
15128,1.963304,30
15129,0.962262,21
15130,0.917403,20
15131,1.314586,25
15132,-0.482948,30
15133,1.724997,30
15134,2.502208,30
15135,1.294524,22
15136,3.616214,14
15137,3.375408,24
15138,2.548384,13
15139,1.358501,30
15140,2.430984,18
15141,1.616128,9
15142,3.567707,19
15143,3.890135,29
15144,3.645608,27
15145,2.263639,14
15146,0.354,19
15147,3.881232,28
15148,2.664721,19
15149,2.880532,25
15150,3.017691,17
15151,2.758531,20
15152,4.173722,20
15153,3.19518,30
15154,2.700213,25
15155,0.0588,28
15156,2.92343,23
15157,-0.784221,28
15158,1.448868,30
15159,3.865527,27
15160,0.929278,23
15161,4.204908,23
15162,1.740814,13
15163,1.810364,30
15164,2.926143,29
15165,3.083236,25
15166,3.289848,30
15167,-0.013262,11
15168,1.079279,20
15169,1.568392,18
15170,4.101017,17
15171,2.801978,22
15172,2.184749,22
15173,1.937547,30
15174,3.976248,29
15175,2.633772,23
15176,1.589206,18
15177,3.510728,20
15178,-0.552563,12
15179,1.818881,13
15180,-1.123364,20
15181,-0.834929,26
15182,0.014475,15
15183,3.778614,24
15184,0.937663,30
15185,2.271191,28
15186,2.121375,26
15187,4.168444,25
15188,3.659171,25
15189,3.32418,30
15190,3.333521,27
15191,3.070851,20
15192,2.535499,16
15193,0.309859,30
15194,2.925157,18
15195,0.823432,25
15196,0.616877,30
15197,4.036703,29
15198,3.910942,21
15199,2.116387,18
15200,2.343551,20
15201,3.233506,30
15202,3.18359,30
15203,0.740669,27
15204,4.354238,22
15205,1.95936,23
15206,3.00131,17
15207,2.13171,17
15208,4.568387,28
15209,2.404071,30
15210,1.291936,21
15211,2.852261,30
15212,4.015648,26
15213,2.074374,28
15214,1.062685,26
15215,2.108052,22
15216,1.067314,14
15217,2.865793,19
15218,-0.245112,13
15219,1.122807,21
15220,4.30766,19
15221,3.196405,29
15222,1.748537,23
15223,0.945199,30
15224,1.276475,30
15225,-3.197957,30
15226,-1.261389,20
15227,3.944863,30
15228,0.733467,26
15229,1.140905,24
15230,1.189003,30
15231,4.198497,27
15232,1.447389,15
15233,2.396769,28
15234,4.230738,27
15235,0.277631,7
15236,2.359828,23
15237,-1.0997,18
15238,1.866232,30
15239,1.776841,13
15240,3.622234,18
15241,2.20378,30
15242,1.429946,30
15243,3.294069,30
15244,3.740414,19
15245,2.851752,30
15246,2.498935,22
15247,3.876623,27
15248,-1.177594,29
15249,-1.869139,15
15250,1.137448,30
15251,0.59844,14
15252,4.127743,22
15253,2.122255,30
15254,-0.594015,10
15255,1.23524,30
15256,1.500699,12
15257,-2.156831,30
15258,-0.231711,29
15259,0.906773,21
15260,1.188579,26
15261,2.953421,17
15262,-2.065408,30
15263,-0.774535,24
15264,-0.560041,30
15265,2.605743,12
15266,2.622722,21
15267,-1.629422,30
15268,2.413322,18
15269,1.142229,30
15270,1.624559,12
15271,1.124187,30
15272,2.556743,20
15273,3.210706,30
15274,3.036736,18
15275,0.69915,30
15276,3.240191,18
15277,2.121362,30
15278,3.32266,30
15279,4.315397,24
15280,4.006676,25
15281,3.321846,30
15282,0.311565,30
15283,1.994187,16
15284,1.868169,30
15285,2.946061,13
15286,3.257712,30
15287,4.021345,27
15288,3.325571,14
15289,2.129047,17
15290,2.990009,14
15291,2.238952,19
15292,4.183053,24
15293,3.161275,30
15294,1.238405,30
15295,2.194209,30
15296,-1.937762,19
15297,1.758541,30
15298,4.04274,15
15299,-0.403091,30
15300,2.609639,22
15301,-3.490445,30
15302,3.563482,28
15303,3.446993,18
15304,-0.945111,26
15305,3.841596,28
15306,1.922794,30
15307,3.386707,23
15308,2.270372,19
15309,0.370342,19
15310,1.4463,17
15311,-0.732016,30
15312,2.307162,14
15313,2.909887,17
15314,4.103996,29
15315,2.64321,17
15316,3.275996,30
15317,1.445934,30
15318,1.737358,28
15319,2.013519,30
15320,1.864479,30
15321,2.232965,30
15322,4.294281,23
15323,1.947815,16
15324,2.557418,23
15325,1.85974,14
15326,-0.489473,16
15327,1.276375,24
15328,2.273016,23
15329,3.076977,12
15330,0.666048,20
15331,2.707228,27
15332,-3.181233,26
15333,3.67376,29
15334,2.614045,30
15335,3.133282,30
15336,2.289248,23
15337,-1.076652,30
15338,2.550598,25
15339,4.020339,16
15340,0.424082,17
15341,3.848131,23
15342,2.259082,11
15343,1.369011,17
15344,3.359923,30
15345,-1.092796,26
15346,2.762312,13
15347,3.027947,18
15348,3.46044,20
15349,-0.669685,30
15350,3.2715,30
15351,2.93488,16
15352,1.75801,30
15353,3.217788,30
15354,3.698146,19
15355,2.649885,16
15356,2.555943,14
15357,4.269744,23
15358,1.027436,30
15359,1.488454,30
15360,1.621025,30
15361,3.156529,22
15362,3.625895,21
15363,2.08059,19
15364,0.788584,30
15365,2.950848,30
15366,2.281606,16
15367,1.504151,30
15368,2.147357,29
15369,2.171069,13
15370,0.892776,23
15371,1.364252,30
15372,1.188346,30
15373,2.982828,26
15374,3.574542,25
15375,4.205688,19
15376,1.928384,26
15377,3.542043,21
15378,3.913468,26
15379,3.066326,15
15380,2.787925,30
15381,2.134001,21
15382,-1.387623,30
15383,3.277096,30
15384,3.972326,15
15385,2.632737,17
15386,1.732247,30
15387,2.114277,30
15388,3.213232,30
15389,0.053991,30
15390,1.650369,13
15391,0.579473,30
15392,3.621003,23
15393,2.203659,30
15394,3.840952,23
15395,3.121396,30
15396,-2.200068,30
15397,2.002588,24
15398,4.058381,21
15399,0.378583,25
15400,1.167099,30
15401,1.916344,19
15402,-1.624765,30
15403,1.146114,17
15404,1.922337,17
15405,3.758976,22
15406,1.946492,19
15407,2.773317,30
15408,1.593061,23
15409,1.540156,17
15410,4.154769,21
15411,3.239585,14
15412,0.934009,24
15413,2.443567,30
15414,-0.719885,30
15415,3.203179,30
15416,4.185211,24
15417,-2.025683,30
15418,2.574442,30
15419,2.116195,22
15420,2.883955,20
15421,2.507406,30
15422,2.885802,30
15423,3.139659,21
15424,0.074243,24
15425,2.373955,24
15426,2.32159,25
15427,0.906532,28
15428,1.028188,14
15429,2.018552,27
15430,1.318823,30
15431,4.124297,21
15432,2.993089,30
15433,0.208338,27
15434,-2.022233,28
15435,-0.013494,30
15436,0.350649,11
15437,2.978442,23
15438,-0.936702,30
15439,1.295062,23
15440,1.521759,21
15441,2.609108,25
15442,2.320887,24
15443,2.879969,25
15444,4.041479,26
15445,3.239336,11
15446,3.265633,30
15447,3.843317,21
15448,1.59041,30
15449,3.86396,28
15450,2.604306,18
15451,0.81331,30
15452,4.268486,29
15453,3.301065,30
15454,1.967761,25
15455,1.282668,17
15456,2.368617,19
15457,3.263772,30
15458,1.836529,30
15459,2.860332,16
15460,1.952132,24
15461,2.886927,18
15462,1.030807,12
15463,1.556153,23
15464,3.202936,30
15465,0.327876,17
15466,1.700991,23
15467,2.0256,29
15468,4.16268,25
15469,3.600364,25
15470,4.023649,27
15471,-0.923863,26
15472,-2.696829,30
15473,-1.921215,27
15474,2.9371,17
15475,2.58953,26
15476,-0.678635,20
15477,2.059846,30
15478,3.701359,26
15479,2.346105,22
15480,1.075415,30
15481,2.741844,23
15482,2.72397,18
15483,0.55719,23
15484,1.828238,24
15485,2.274942,30
15486,3.10295,18
15487,1.303078,30
15488,1.319027,30
15489,4.378092,26
15490,3.067183,13
15491,4.159957,22
15492,1.25685,26
15493,1.643799,15
15494,-4.354532,12
15495,3.991878,27
15496,3.363646,30
15497,3.120477,16
15498,1.630455,30
15499,1.275461,26
15500,1.627007,29
15501,4.048786,23
15502,2.042383,25
15503,0.820268,30
15504,2.735709,29
15505,2.813453,26
15506,2.432622,26
15507,2.083938,30
15508,2.836235,30
15509,3.156998,30
15510,3.893092,24
15511,0.361694,30
15512,-0.09376,11
15513,3.093342,26
15514,3.362131,30
15515,1.541746,26
15516,0.337747,21
15517,1.559777,30
15518,3.622842,24
15519,1.790303,9
15520,3.503957,24
15521,0.270546,29
15522,2.989807,30
15523,2.533655,17
15524,0.947398,30
15525,4.40854,23
15526,1.134928,22
15527,-0.867636,30
15528,3.352687,30
15529,4.683012,28
15530,2.706893,21
15531,1.879021,30
15532,0.909742,16
15533,2.968703,17
15534,2.89009,23
15535,3.499346,17
15536,2.285592,17
15537,2.930245,22
15538,2.912128,19
15539,3.02078,13
15540,2.337393,30
15541,1.184237,30
15542,-0.72708,30
15543,1.191903,30
15544,2.731653,17
15545,2.208244,23
15546,0.737454,30
15547,2.085621,23
15548,0.639674,30
15549,3.325203,30
15550,-3.291697,30
15551,3.681999,22
15552,3.920566,27
15553,0.04859,30
15554,0.040293,30
15555,2.276567,10
15556,0.81523,26
15557,2.869086,21
15558,2.906363,18
15559,4.245939,20
15560,2.31131,30
15561,0.161479,29
15562,4.075235,20
15563,1.263618,30
15564,2.600573,24
15565,1.304719,30
15566,2.179526,10
15567,1.836901,14
15568,3.287786,30
15569,-0.1226,18
15570,0.808375,25
15571,2.862669,16
15572,2.723789,30
15573,-0.038365,30
15574,0.605612,27
15575,-1.374479,14
15576,4.226007,26
15577,2.719876,20
15578,4.042273,13
15579,3.051377,15
15580,2.218041,19
15581,4.205917,22
15582,0.840649,28
15583,2.821434,19
15584,2.913308,22
15585,1.126563,30
15586,0.567633,30
15587,4.190905,23
15588,4.173457,17
15589,-0.230533,18
15590,0.824284,13
15591,-4.94288,30
15592,3.350493,30
15593,2.488885,13
15594,0.991403,23
15595,-1.223249,30
15596,2.285489,16
15597,3.657843,29
15598,1.253813,17
15599,2.535839,13
15600,3.316376,30
15601,4.169741,21
15602,-0.306555,30
15603,2.223855,30
15604,2.219623,13
15605,-0.556815,14
15606,0.618545,19
15607,3.222876,30
15608,-0.715664,18
15609,0.874171,19
15610,4.264788,21
15611,2.042751,23
15612,1.169274,19
15613,1.022997,30
15614,3.34409,30
15615,3.236091,30
15616,2.813767,30
15617,4.234112,22
15618,2.955315,16
15619,-2.429021,29
15620,-1.873494,30
15621,-1.466411,20
15622,2.549956,20
15623,-7.591185,26
15624,0.586794,28
15625,0.012671,30
15626,1.263201,28
15627,2.570738,30
15628,1.353771,30
15629,0.430456,30
15630,2.473781,19
15631,0.366786,30
15632,0.693505,24
15633,2.92398,19
15634,4.178022,15
15635,0.975669,30
15636,2.863962,17
15637,0.626432,14
15638,1.080177,26
15639,2.927546,21
15640,2.274685,25
15641,2.126341,20
15642,-0.586061,30
15643,0.95161,15
15644,-2.064939,17
15645,3.65005,27
15646,1.891745,10
15647,1.340737,30
15648,2.863277,23
15649,2.140438,18
15650,4.130072,25
15651,3.160286,30
15652,4.221957,20
15653,3.103184,30
15654,1.287471,22
15655,0.674726,25
15656,4.307304,21
15657,3.011591,30
15658,3.156222,18
15659,4.268216,24
15660,4.018997,21
15661,2.899237,14
15662,2.809153,17
15663,2.876123,19
15664,0.10415,30
15665,0.503975,28
15666,-0.205116,21
15667,3.419185,19
15668,0.611719,19
15669,2.089521,30
15670,4.101717,18
15671,2.721524,24
15672,0.288271,25
15673,1.166545,30
15674,2.174444,20
15675,-0.34908,17
15676,2.972563,29
15677,4.019258,21
15678,4.403977,21
15679,3.116779,30
15680,1.954303,17
15681,2.413955,10
15682,3.497686,26
15683,3.680999,16
15684,-0.868378,30
15685,2.247039,25
15686,3.232415,30
15687,3.107549,30
15688,1.662139,19
15689,2.131828,30
15690,3.081239,13
15691,2.494335,18
15692,3.874362,29
15693,0.200524,30
15694,2.666299,19
15695,3.354887,30
15696,2.654947,30
15697,2.835848,30
15698,3.071088,16
15699,0.591469,28
15700,1.489685,16
15701,3.44734,14
15702,3.074561,30
15703,3.089843,30
15704,2.679002,18
15705,2.746124,28
15706,3.7859,27
15707,-0.205338,13
15708,3.437274,25
15709,3.401894,30
15710,3.103075,30
15711,3.052058,27
15712,3.127417,19
15713,0.165028,30
15714,0.447277,30
15715,4.119517,22
15716,4.327943,25
15717,3.803265,21
15718,3.866895,19
15719,2.048914,30
15720,-0.963295,15
15721,1.683964,30
15722,3.778197,24
15723,3.382694,30
15724,-1.231533,29
15725,-1.648941,30
15726,3.210441,30
15727,1.134968,30
15728,3.054833,22
15729,3.153299,30
15730,1.84208,30
15731,3.801832,24
15732,3.261247,30
15733,3.24442,30
15734,3.904765,24
15735,1.427175,13
15736,1.643033,27
15737,-0.177487,27
15738,0.340261,10
15739,2.344888,19
15740,0.762781,30
15741,2.287759,14
15742,2.92576,30
15743,4.183044,27
15744,4.07389,24
15745,0.889121,18
15746,3.024985,30
15747,2.185666,26
15748,2.121101,30
15749,-3.926173,24
15750,4.115345,24
15751,3.589692,28
15752,3.181045,30
15753,2.858968,24
15754,2.975917,13
15755,-0.894212,21
15756,2.835984,30
15757,2.836474,30
15758,2.886886,17
15759,0.471163,26
15760,-0.581726,30
15761,1.95388,26
15762,-2.134696,22
15763,4.009776,26
15764,2.483084,30
15765,3.432435,15
15766,1.729306,30
15767,-0.168559,30
15768,0.906275,20
15769,2.72306,13
15770,1.190411,30
15771,3.946045,24
15772,-1.005266,26
15773,4.278931,24
15774,-0.95473,16
15775,2.214061,30
15776,1.165679,30
15777,-0.006313,30
15778,4.041454,21
15779,3.352956,30
15780,-0.124981,21
15781,2.683378,17
15782,3.672419,25
15783,4.056965,27
15784,3.250467,30
15785,1.636447,30
15786,4.20001,20
15787,2.927505,17
15788,2.071349,23
15789,1.564263,15
15790,0.937669,30
15791,3.134426,30
15792,3.114331,30
15793,4.302199,13
15794,3.257862,30
15795,3.958761,30
15796,3.384677,14
15797,2.780217,19
15798,3.167689,30
15799,3.03929,24
15800,0.705301,25
15801,3.253461,30
15802,2.231969,27
15803,2.08187,30
15804,1.974657,30
15805,3.226411,30
15806,4.041584,19
15807,3.572449,30
15808,2.858314,21
15809,3.333213,30
15810,2.248972,12
15811,-1.010398,25
15812,3.142492,30
15813,3.444414,22
15814,4.246316,25
15815,2.199001,17
15816,3.091845,25
15817,1.600875,11
15818,1.493048,19
15819,3.429903,28
15820,3.536978,28
15821,0.552496,29
15822,1.571235,30
15823,-3.490386,30
15824,2.964065,30
15825,3.958236,25
15826,0.265181,30
15827,3.24004,30
15828,4.043367,20
15829,0.35457,30
15830,1.661335,28
15831,2.022264,30
15832,-0.651459,30
15833,1.357422,17
15834,2.828106,26
15835,2.640485,30
15836,4.008857,19
15837,2.525326,29
15838,1.791588,25
15839,0.094555,30
15840,1.15421,30
15841,3.20128,21
15842,2.960961,30
15843,-1.928212,30
15844,2.916423,17
15845,1.019944,24
15846,0.437588,18
15847,1.084518,30
15848,3.877355,19
15849,4.282231,20
15850,0.524952,30
15851,3.765365,23
15852,4.141917,28
15853,-3.725932,30
15854,4.14061,24
15855,-0.558987,30
15856,3.106161,30
15857,-0.087698,22
15858,3.045327,30
15859,3.284441,30
15860,1.886192,18
15861,4.083663,30
15862,1.967613,20
15863,1.685343,30
15864,1.838201,30
15865,3.030356,19
15866,3.560503,20
15867,1.039576,30
15868,-0.480169,29
15869,2.466984,23
15870,1.640362,30
15871,0.896235,13
15872,4.371907,27
15873,3.795705,21
15874,1.142905,13
15875,1.885583,30
15876,4.296521,18
15877,3.748894,28
15878,1.142665,30
15879,3.416162,18
15880,3.983231,15
15881,3.632067,23
15882,1.950271,18
15883,2.422694,24
15884,3.66525,18
15885,3.050839,22
15886,0.409729,26
15887,3.088441,16
15888,3.667272,17
15889,-1.939693,15
15890,3.550838,22
15891,-0.529459,30
15892,1.562824,25
15893,2.182336,27
15894,3.094716,30
15895,3.150601,18
15896,1.593918,24
15897,4.10104,25
15898,2.957203,26
15899,0.930644,27
15900,3.366632,30
15901,3.100299,20
15902,4.203492,30
15903,2.660784,20
15904,3.256624,30
15905,3.728432,23
15906,0.293257,14
15907,2.107419,15
15908,2.158756,17
15909,0.891838,18
15910,3.394478,19
15911,1.357392,23
15912,3.659302,14
15913,3.719859,22
15914,3.269258,30
15915,1.067215,14
15916,2.490242,21
15917,3.232813,30
15918,0.373724,24
15919,3.292231,30
15920,3.394978,30
15921,3.190124,30
15922,1.105207,30
15923,3.396589,26
15924,3.814667,27
15925,2.658952,17
15926,-0.955575,15
15927,3.175674,30
15928,-1.578872,22
15929,3.773533,24
15930,3.203359,26
15931,2.144705,30
15932,2.100354,20
15933,4.256061,25
15934,0.794628,17
15935,1.965498,16
15936,3.020737,23
15937,0.988316,30
15938,4.148473,20
15939,3.470745,23
15940,2.894984,29
15941,3.362117,30
15942,2.843873,15
15943,2.799379,25
15944,-0.094245,13
15945,2.161357,30
15946,1.898932,18
15947,1.49527,15
15948,2.211662,18
15949,1.047834,28
15950,2.251256,17
15951,0.90677,30
15952,2.968375,16
15953,1.322584,30
15954,3.064814,17
15955,2.945,20
15956,2.703895,11
15957,2.202935,18
15958,2.233342,18
15959,3.748095,30
15960,1.250183,17
15961,2.640445,15
15962,1.083853,30
15963,3.460089,21
15964,3.782352,20
15965,3.363315,30
15966,2.964909,12
15967,3.107687,16
15968,4.387766,24
15969,3.232291,30
15970,3.48596,28
15971,3.201934,30
15972,2.941104,22
15973,2.981257,30
15974,1.244997,30
15975,2.19078,17
15976,1.977935,19
15977,3.083921,30
15978,3.200711,30
15979,2.793489,30
15980,2.040323,28
15981,4.164178,14
15982,0.691495,16
15983,1.357551,30
15984,3.703167,23
15985,2.947286,24
15986,0.545117,24
15987,1.676615,17
15988,2.689842,26
15989,3.991507,30
15990,1.133397,30
15991,1.98712,30
15992,2.490625,26
15993,4.063225,23
15994,3.151072,30
15995,3.285519,30
15996,3.003541,19
15997,3.047535,16
15998,-0.088026,30
15999,1.637828,30
16000,3.270537,30
16001,4.06844,21
16002,4.075081,25
16003,3.634794,27
16004,3.142302,30
16005,2.924674,30
16006,-0.281482,30
16007,3.645456,25
16008,2.060266,30
16009,3.890257,30
16010,2.182603,18
16011,-0.680736,30
16012,2.891025,19
16013,3.996563,15
16014,-0.790794,30
16015,3.084578,30
16016,3.260345,30
16017,3.919953,17
16018,0.234867,13
16019,3.999248,22
16020,0.912098,17
16021,0.891956,22
16022,3.991617,15
16023,0.36069,21
16024,0.111903,30
16025,3.39521,30
16026,1.793166,30
16027,3.410289,29
16028,2.783958,30
16029,-0.390712,15
16030,2.107286,29
16031,0.075957,30
16032,3.402951,30
16033,2.790863,18
16034,2.273361,22
16035,0.511065,18
16036,4.114862,20
16037,-0.933275,24
16038,1.76556,21
16039,3.77956,26
16040,2.873861,30
16041,2.134447,28
16042,2.757667,30
16043,4.038115,23
16044,4.037867,22
16045,4.204062,26
16046,0.805812,30
16047,3.900877,30
16048,2.990305,24
16049,-2.868855,30
16050,2.568951,17
16051,4.206658,17
16052,0.672573,30
16053,-0.087409,15
16054,2.787178,30
16055,4.161619,30
16056,3.514381,21
16057,3.011799,30
16058,3.195053,30
16059,2.807058,29
16060,2.675858,17
16061,-0.769634,30
16062,0.936158,18
16063,3.936492,24
16064,-0.566841,30
16065,1.057397,29
16066,3.94261,14
16067,2.376792,30
16068,2.892672,30
16069,3.19679,30
16070,3.005609,21
16071,1.627011,30
16072,2.649861,30
16073,2.247455,27
16074,-0.978398,30
16075,1.953002,11
16076,3.063619,18
16077,3.894567,22
16078,2.670746,30
16079,0.550334,21
16080,-0.09615,23
16081,-0.360683,30
16082,4.299451,26
16083,2.400588,14
16084,4.307363,22
16085,1.711364,30
16086,4.193,21
16087,0.242011,25
16088,4.003983,16
16089,1.750835,30
16090,4.08945,19
16091,4.018333,27
16092,0.067705,22
16093,1.353747,30
16094,2.909603,16
16095,3.937853,30
16096,2.643513,20
16097,4.071455,18
16098,1.791676,27
16099,2.992996,18
16100,2.90259,20
16101,4.196507,21
16102,3.416224,21
16103,1.316864,30
16104,3.938177,22
16105,-0.08703,17
16106,2.490357,30
16107,2.816956,21
16108,4.052728,27
16109,2.811686,16
16110,0.905166,23
16111,4.249617,24
16112,3.202468,30
16113,0.285653,27
16114,-1.335082,20
16115,4.163921,19
16116,3.285318,30
16117,3.332647,30
16118,1.008248,30
16119,1.633152,24
16120,2.220733,29
16121,4.072934,23
16122,2.714344,30
16123,0.606781,22
16124,3.853304,24
16125,3.427331,30
16126,4.167804,17
16127,3.072365,15
16128,3.951248,22
16129,0.451161,29
16130,3.168148,30
16131,3.563395,18
16132,1.452832,14
16133,-2.577609,23
16134,1.473887,21
16135,3.83176,26
16136,2.731877,19
16137,3.826581,29
16138,3.655491,19
16139,2.842438,26
16140,3.149853,16
16141,1.22517,30
16142,1.400915,30
16143,-0.879061,30
16144,3.300045,19
16145,2.695658,29
16146,3.437751,19
16147,3.316055,30
16148,2.417823,12
16149,2.726156,13
16150,1.136297,26
16151,3.838357,25
16152,2.319176,17
16153,0.08707,19
16154,3.204263,30
16155,2.0068,29
16156,1.973236,30
16157,-1.101316,30
16158,3.142486,30
16159,4.19718,20
16160,1.147982,16
16161,1.340845,30
16162,4.243051,18
16163,4.044936,29
16164,3.081374,30
16165,4.050085,30
16166,1.367261,30
16167,-0.030684,18
16168,1.890374,19
16169,-1.652091,29
16170,0.369614,30
16171,1.647373,30
16172,2.894825,13
16173,3.023206,18
16174,4.194903,30
16175,4.211991,20
16176,2.259069,14
16177,3.633427,20
16178,-0.284738,30
16179,1.925609,23
16180,1.976048,16
16181,3.198902,30
16182,3.234447,30
16183,-3.056745,23
16184,4.020463,26
16185,2.611057,30
16186,2.10045,28
16187,3.582897,20
16188,3.699668,29
16189,2.84861,30
16190,4.232744,19
16191,2.269559,24
16192,3.241201,30
16193,3.642723,21
16194,2.994563,16
16195,4.213732,25
16196,1.278648,9
16197,2.955432,30
16198,-0.039767,11
16199,3.173319,30
16200,3.980856,18
16201,-0.069301,30
16202,3.880265,21
16203,2.992367,16
16204,0.969574,13
16205,-0.963997,24
16206,4.235799,30
16207,2.950779,23
16208,2.275271,30
16209,3.763447,27
16210,-2.466305,30
16211,-3.084073,18
16212,3.089191,22
16213,-0.179079,11
16214,1.928494,30
16215,2.389429,16
16216,3.191078,30
16217,2.170954,30
16218,2.877484,30
16219,1.799099,26
16220,4.314445,26
16221,4.027491,20
16222,-0.668612,30
16223,-0.709394,15
16224,3.125241,30
16225,3.841632,14
16226,-1.2407,19
16227,3.006242,25
16228,0.876908,30
16229,4.196847,20
16230,2.563337,30
16231,-0.187105,30
16232,0.696353,30
16233,-0.058927,30
16234,-2.16442,30
16235,4.038345,21
16236,4.134533,23
16237,4.130068,16
16238,2.617908,30
16239,-0.147213,30
16240,4.026069,16
16241,1.347148,12
16242,0.916858,13
16243,3.376742,30
16244,0.839076,13
16245,2.038662,21
16246,4.247398,25
16247,3.193476,30
16248,2.787968,16
16249,4.041651,22
16250,3.246954,24
16251,3.041429,30
16252,2.083461,30
16253,2.949247,16
16254,3.928022,21
16255,1.308222,30
16256,4.055735,15
16257,3.034755,15
16258,2.030804,19
16259,2.801977,30
16260,3.00935,22
16261,3.565963,26
16262,3.295588,30
16263,1.777412,22
16264,-2.965922,30
16265,2.250699,16
16266,4.095757,14
16267,1.24159,30
16268,3.787855,21
16269,3.301475,30
16270,-0.438496,30
16271,3.827139,20
16272,2.939554,28
16273,2.479275,27
16274,2.385235,21
16275,-1.060041,21
16276,3.261397,30
16277,1.211544,12
16278,3.217407,21
16279,3.860193,15
16280,3.688772,23
16281,-3.609672,20
16282,1.876852,22
16283,2.558542,25
16284,1.583964,22
16285,3.853346,23
16286,4.159103,23
16287,0.571753,24
16288,3.103767,30
16289,-0.925107,30
16290,2.697089,17
16291,2.996514,23
16292,4.31621,23
16293,2.971225,18
16294,-1.167809,21
16295,3.605562,24
16296,1.973783,23
16297,2.613597,30
16298,4.026012,17
16299,1.529328,30
16300,2.089803,30
16301,1.255655,30
16302,-0.116029,17
16303,-0.545762,16
16304,1.268415,18
16305,2.503349,23
16306,3.782687,27
16307,2.990855,30
16308,1.206078,11
16309,2.102226,30
16310,3.670742,17
16311,-2.631442,30
16312,2.469553,30
16313,0.645271,22
16314,2.576312,30
16315,3.049351,18
16316,1.67288,30
16317,3.966989,21
16318,3.993585,28
16319,2.961689,19
16320,3.024511,30
16321,2.657773,30
16322,2.748752,15
16323,2.652723,17
16324,2.641333,20
16325,1.911303,30
16326,4.026521,28
16327,4.299286,20
16328,-0.71278,30
16329,2.59858,19
16330,1.651458,24
16331,-0.621884,30
16332,2.917627,30
16333,4.182268,18
16334,1.615997,23
16335,2.449793,15
16336,3.033067,15
16337,2.287997,13
16338,3.969404,25
16339,3.327565,30
16340,3.089385,30
16341,3.252076,30
16342,4.196159,27
16343,3.155929,15
16344,2.813823,30
16345,2.664157,14
16346,2.087189,25
16347,3.055346,21
16348,0.871432,30
16349,2.899744,28
16350,1.517917,18
16351,3.035759,15
16352,1.812485,30
16353,3.195164,30
16354,0.682646,28
16355,4.159621,20
16356,2.920099,23
16357,1.635207,30
16358,1.844832,30
16359,1.921584,30
16360,2.764947,27
16361,4.193796,24
16362,1.294282,30
16363,2.921951,17
16364,1.201841,30
16365,3.065162,18
16366,3.212956,30
16367,-0.029391,12
16368,-1.109969,23
16369,2.364822,30
16370,2.959925,13
16371,3.057625,30
16372,3.052138,30
16373,-0.449775,13
16374,1.696329,14
16375,2.170099,27
16376,4.14505,20
16377,0.732701,24
16378,2.038636,30
16379,-0.885942,30
16380,3.311458,30
16381,2.199388,20
16382,2.743085,27
16383,1.01805,24
16384,3.319836,30
16385,-0.79663,28
16386,2.70142,30
16387,2.144753,23
16388,1.085099,30
16389,3.026952,20
16390,2.097805,23
16391,0.36558,30
16392,3.031827,30
16393,1.270168,30
16394,3.125012,30
16395,3.92442,25
16396,2.69011,30
16397,0.678229,29
16398,-0.858434,25
16399,4.197315,18
16400,2.974526,30
16401,0.090022,26
16402,0.963187,14
16403,2.871906,16
16404,0.162184,24
16405,3.881149,21
16406,2.959134,17
16407,1.85588,27
16408,3.205777,30
16409,2.288455,16
16410,2.207645,26
16411,3.372078,30
16412,1.260029,25
16413,0.485524,30
16414,0.887757,23
16415,3.652653,15
16416,3.347042,30
16417,2.920707,19
16418,2.299516,15
16419,2.993507,23
16420,1.009614,30
16421,1.338517,30
16422,2.062927,22
16423,3.229315,30
16424,3.77435,18
16425,3.296152,30
16426,2.036956,30
16427,0.333926,16
16428,4.097814,19
16429,4.049386,24
16430,2.170554,30
16431,0.814117,30
16432,2.690353,30
16433,3.117801,26
16434,2.862243,30
16435,0.801968,17
16436,4.428452,28
16437,4.124062,28
16438,2.816124,27
16439,2.004143,26
16440,2.24186,30
16441,1.841974,30
16442,2.437051,13
16443,3.978397,30
16444,2.635069,28
16445,3.308512,30
16446,0.915752,30
16447,0.672863,21
16448,4.324422,23
16449,0.856991,30
16450,2.700431,30
16451,-0.148771,18
16452,1.304613,30
16453,1.950092,30
16454,1.741144,24
16455,2.459086,12
16456,4.184206,26
16457,4.038083,23
16458,0.665131,30
16459,2.104018,28
16460,2.938239,22
16461,3.085576,18
16462,3.327188,30
16463,4.19207,14
16464,4.108962,23
16465,2.426375,13
16466,1.721208,30
16467,0.169912,16
16468,4.198096,26
16469,-0.431612,30
16470,4.034746,17
16471,2.163141,20
16472,4.362656,21
16473,2.72909,24
16474,1.587394,20
16475,-0.10862,24
16476,-1.433584,30
16477,3.362919,30
16478,-0.4,30
16479,-1.957969,30
16480,2.396083,10
16481,0.801635,30
16482,4.106215,26
16483,2.178169,22
16484,2.931209,19
16485,2.775356,21
16486,3.121232,30
16487,3.965928,28
16488,1.072972,22
16489,3.269972,30
16490,3.356909,30
16491,-2.142561,30
16492,-0.107113,27
16493,4.229554,23
16494,3.661707,27
16495,3.821497,20
16496,1.926775,30
16497,4.287988,26
16498,3.257947,30
16499,3.586984,25
16500,4.261494,20
16501,-3.947779,30
16502,3.024328,30
16503,3.024383,29
16504,4.01514,29
16505,1.460744,27
16506,2.689035,24
16507,4.12527,25
16508,2.087634,30
16509,0.771865,16
16510,2.691434,30
16511,2.62572,30
16512,-0.128575,30
16513,-0.169292,10
16514,2.086756,27
16515,2.721322,30
16516,3.136098,29
16517,3.325248,30
16518,3.153329,30
16519,1.228984,30
16520,2.306066,30
16521,3.10169,30
16522,0.600061,30
16523,2.94989,30
16524,2.929982,22
16525,2.156397,15
16526,3.300088,30
16527,0.108603,28
16528,0.653851,30
16529,0.782718,19
16530,2.978052,16
16531,4.076292,27
16532,2.182478,16
16533,0.224838,30
16534,2.186632,28
16535,2.22004,26
16536,2.827268,26
16537,3.824763,22
16538,-3.169276,30
16539,2.084104,30
16540,1.68,30
16541,-4.011895,30
16542,2.986682,15
16543,1.476832,19
16544,2.099536,30
16545,3.270084,30
16546,3.148895,30
16547,0.906637,30
16548,2.285062,13
16549,3.922882,23
16550,2.347327,30
16551,4.189643,19
16552,1.249402,30
16553,1.688918,23
16554,4.003065,30
16555,3.488807,21
16556,3.302212,27
16557,2.886741,20
16558,1.389965,30
16559,1.303073,15
16560,3.840115,30
16561,1.966984,28
16562,2.850752,19
16563,1.532628,30
16564,4.409294,27
16565,0.357761,12
16566,4.042221,22
16567,2.8752,19
16568,2.737677,30
16569,-1.16492,14
16570,3.036102,30
16571,0.891516,25
16572,1.842133,30
16573,2.439173,30
16574,1.757107,17
16575,3.705808,21
16576,-0.376753,30
16577,2.687587,30
16578,-0.075256,24
16579,-3.849759,26
16580,3.28199,30
16581,-2.7464,26
16582,2.964868,22
16583,3.43029,28
16584,2.656488,30
16585,2.99274,19
16586,3.711498,19
16587,4.213733,24
16588,2.760835,30
16589,3.777293,18
16590,2.898571,17
16591,3.170208,30
16592,-1.144224,18
16593,1.030623,30
16594,1.193638,22
16595,2.791525,20
16596,2.692229,30
16597,3.313532,30
16598,1.897949,30
16599,3.212704,30
16600,2.119834,30
16601,2.757523,30
16602,2.756904,12
16603,3.147453,30
16604,2.006893,16
16605,-0.060068,30
16606,3.580162,15
16607,4.105127,24
16608,2.106617,30
16609,-0.113642,19
16610,1.881298,22
16611,1.26552,30
16612,3.224078,30
16613,1.535551,30
16614,1.472609,26
16615,-1.037809,30
16616,3.612772,18
16617,2.762563,26
16618,1.386321,30
16619,-0.009999,30
16620,1.319046,30
16621,2.407211,24
16622,0.916427,18
16623,3.855128,20
16624,3.417321,12
16625,2.944045,30
16626,3.800077,29
16627,3.017028,30
16628,2.553774,30
16629,4.328448,18
16630,2.254004,24
16631,2.472071,18
16632,1.060762,21
16633,0.27123,14
16634,2.698688,30
16635,2.033358,18
16636,1.296913,30
16637,2.391482,30
16638,1.927029,17
16639,4.234635,24
16640,3.044568,30
16641,-0.423441,29
16642,3.03433,30
16643,4.339779,25
16644,3.558269,18
16645,2.713995,29
16646,0.833829,21
16647,-0.037329,24
16648,3.234175,30
16649,0.998836,30
16650,0.970715,16
16651,2.769518,24
16652,0.115329,30
16653,-1.589564,30
16654,3.19804,30
16655,2.124271,27
16656,2.546626,30
16657,2.877191,23
16658,2.124482,30
16659,0.871584,19
16660,3.993632,28
16661,-1.817061,25
16662,1.88308,30
16663,3.244637,30
16664,2.241076,26
16665,0.65849,26
16666,2.831203,30
16667,-8.118426,30
16668,2.09158,18
16669,3.356292,30
16670,0.827459,21
16671,1.551677,16
16672,1.592316,30
16673,3.949808,26
16674,2.147596,30
16675,3.529914,20
16676,-0.331641,14
16677,3.566631,20
16678,4.023256,26
16679,1.828994,27
16680,2.49144,19
16681,3.781823,19
16682,2.329976,19
16683,1.788166,30
16684,3.010359,30
16685,1.735977,15
16686,3.010292,24
16687,3.054397,15
16688,2.108385,30
16689,1.648829,20
16690,4.014559,17
16691,0.033213,30
16692,1.252667,30
16693,-0.014891,19
16694,2.9619,29
16695,0.9063,22
16696,0.96698,27
16697,1.908367,28
16698,4.048656,18
16699,1.083246,29
16700,2.762414,20
16701,2.728386,16
16702,1.092891,15
16703,0.554146,13
16704,3.594767,23
16705,3.100121,30
16706,4.018251,19
16707,2.365932,25
16708,0.827507,12
16709,2.119494,19
16710,2.874403,18
16711,0.299356,30
16712,1.359826,22
16713,3.783206,23
16714,3.601864,13
16715,-0.889175,23
16716,4.078449,23
16717,1.225654,30
16718,1.576625,30
16719,3.333461,30
16720,3.211834,30
16721,3.706489,26
16722,3.012332,30
16723,2.816398,29
16724,4.265123,27
16725,3.503031,25
16726,3.174099,30
16727,2.284596,18
16728,3.037524,17
16729,3.258682,30
16730,4.086344,24
16731,3.271743,30
16732,1.065169,30
16733,4.255313,28
16734,2.28072,30
16735,0.848629,25
16736,1.896244,27
16737,2.201219,27
16738,3.383381,17
16739,3.311228,30
16740,2.788912,26
16741,3.010628,25
16742,-0.889129,30
16743,4.050228,23
16744,1.293384,13
16745,2.100517,16
16746,1.337068,30
16747,3.034029,30
16748,3.150588,30
16749,3.214237,30
16750,1.130245,30
16751,1.621769,25
16752,3.153041,25
16753,3.593821,30
16754,3.576101,19
16755,1.177254,25
16756,3.962256,18
16757,2.833824,22
16758,3.977461,30
16759,2.271961,17
16760,2.720684,24
16761,4.205525,29
16762,2.030481,22
16763,3.897038,30
16764,1.070824,30
16765,-4.798404,30
16766,3.489329,29
16767,4.189983,28
16768,4.111203,21
16769,2.745893,13
16770,2.219382,30
16771,1.011064,15
16772,3.199361,20
16773,1.165323,17
16774,0.270161,30
16775,2.458842,28
16776,1.118311,20
16777,3.924617,22
16778,4.072268,21
16779,0.956985,25
16780,1.90956,30
16781,3.922781,30
16782,3.330446,30
16783,-3.15247,21
16784,2.108391,28
16785,-0.476715,27
16786,2.669192,15
16787,-1.140453,16
16788,2.290231,22
16789,3.005957,23
16790,-1.2792,16
16791,3.635019,25
16792,1.915477,25
16793,1.552642,30
16794,0.667167,30
16795,1.34678,14
16796,2.933612,15
16797,2.683722,15
16798,4.163303,24
16799,2.887415,22
16800,4.224323,27
16801,-0.901312,30
16802,-0.409506,29
16803,1.724702,30
16804,2.755938,20
16805,4.237708,20
16806,1.298743,30
16807,1.465817,23
16808,-0.180433,25
16809,0.877924,17
16810,2.79557,20
16811,0.122706,30
16812,1.348063,30
16813,3.116123,30
16814,1.005669,30
16815,2.547346,28
16816,4.059812,28
16817,3.093221,22
16818,3.719596,21
16819,4.051254,20
16820,3.114403,30
16821,2.546306,15
16822,2.168823,26
16823,3.52894,19
16824,2.061947,30
16825,1.256661,30
16826,2.963145,21
16827,2.806247,14
16828,1.967174,27
16829,4.205426,25
16830,3.055354,30
16831,2.701077,30
16832,2.281157,15
16833,2.04417,13
16834,2.316482,29
16835,2.924381,18
16836,4.228267,19
16837,2.159567,19
16838,4.195245,22
16839,-0.735246,30
16840,-1.699438,30
16841,3.267079,30
16842,3.186018,30
16843,1.820963,30
16844,4.282591,19
16845,2.894249,30
16846,4.096519,17
16847,0.708016,21
16848,1.97947,30
16849,2.771941,12
16850,3.210612,30
16851,-0.198554,9
16852,-0.242204,30
16853,4.288453,20
16854,1.018004,30
16855,4.006263,21
16856,-0.672333,30
16857,3.601884,14
16858,3.034927,30
16859,3.581646,23
16860,3.744944,26
16861,0.985507,30
16862,1.106261,30
16863,4.084066,28
16864,1.926533,11
16865,3.851427,29
16866,3.854668,26
16867,-0.464587,16
16868,1.905633,27
16869,2.973808,21
16870,0.105917,19
16871,2.906207,11
16872,2.883552,30
16873,0.898094,30
16874,-0.971157,21
16875,2.523759,12
16876,2.807976,26
16877,3.962859,20
16878,-1.236821,25
16879,3.036946,19
16880,2.849243,30
16881,2.982232,15
16882,4.175037,23
16883,3.002385,30
16884,1.396621,30
16885,3.383288,30
16886,3.228275,30
16887,1.152834,22
16888,4.034596,27
16889,3.10789,20
16890,3.894419,19
16891,4.096365,21
16892,1.5913,30
16893,3.657425,18
16894,3.297271,30
16895,1.316984,12
16896,3.709833,15
16897,1.886493,20
16898,2.027276,30
16899,1.672267,30
16900,4.049287,29
16901,-0.68725,30
16902,3.294799,30
16903,3.464983,25
16904,1.947551,21
16905,2.167443,30
16906,0.84008,19
16907,0.30818,30
16908,2.068602,13
16909,3.483115,17
16910,-0.123672,23
16911,4.176071,24
16912,2.711853,16
16913,3.863897,25
16914,3.359629,30
16915,2.155248,30
16916,3.120137,30
16917,0.299717,15
16918,-0.647708,30
16919,3.941689,24
16920,-0.572124,16
16921,1.839808,30
16922,0.276454,30
16923,-0.375266,15
16924,3.465054,13
16925,2.503792,26
16926,1.139801,30
16927,-0.789633,30
16928,3.170956,30
16929,2.759954,25
16930,1.00875,30
16931,4.065587,18
16932,0.993705,23
16933,-4.842751,30
16934,-0.046252,15
16935,2.605495,30
16936,3.158239,30
16937,4.021641,18
16938,2.289666,13
16939,1.909945,29
16940,4.329871,26
16941,4.259026,22
16942,2.979992,23
16943,0.346332,28
16944,2.89862,17
16945,2.65055,24
16946,1.856019,22
16947,4.152449,30
16948,1.392034,14
16949,3.107743,14
16950,0.795337,22
16951,3.353724,30
16952,2.065898,15
16953,3.075784,22
16954,3.142013,30
16955,4.247299,22
16956,1.16722,30
16957,3.023391,17
16958,3.052054,30
16959,-6.482013,30
16960,3.127117,30
16961,4.045198,21
16962,-1.37215,30
16963,0.02194,30
16964,2.144233,30
16965,3.955617,22
16966,1.979831,30
16967,4.129971,22
16968,-1.973828,30
16969,4.230832,29
16970,3.911735,20
16971,2.573818,11
16972,3.126125,30
16973,-0.05071,21
16974,4.236975,27
16975,3.112152,30
16976,3.823501,28
16977,2.106803,25
16978,2.914214,13
16979,2.070013,23
16980,1.591761,11
16981,-1.048629,22
16982,-0.051425,30
16983,2.654422,25
16984,3.06972,14
16985,1.954323,30
16986,1.045487,26
16987,1.206746,30
16988,3.235824,30
16989,0.932967,30
16990,1.1739,30
16991,1.584748,25
16992,3.641137,20
16993,2.891276,17
16994,4.200294,27
16995,4.171573,27
16996,3.150126,30
16997,4.031287,21
16998,0.990912,19
16999,3.843296,23
17000,4.123574,18
17001,4.09941,29
17002,3.985699,22
17003,2.007162,25
17004,-1.153324,25
17005,3.270557,30
17006,2.509376,20
17007,2.291404,25
17008,2.318014,16
17009,-2.999998,21
17010,0.573245,19
17011,3.203131,30
17012,3.41042,30
17013,3.872736,15
17014,3.365726,30
17015,0.783699,20
17016,0.238249,30
17017,3.256205,30
17018,1.591592,16
17019,2.312439,27
17020,-2.033143,30
17021,2.1091,26
17022,3.478799,26
17023,2.566483,29
17024,4.166127,14
17025,3.108776,30
17026,3.288335,30
17027,3.379233,30
17028,1.158342,30
17029,2.884407,30
17030,0.58618,25
17031,1.175709,26
17032,1.122946,16
17033,3.854879,20
17034,3.048824,30
17035,4.223948,21
17036,1.284137,16
17037,1.784133,30
17038,3.7758,27
17039,2.875296,14
17040,1.599728,30
17041,3.069515,30
17042,4.06407,18
17043,1.960541,30
17044,2.991507,21
17045,-0.16884,30
17046,2.196141,30
17047,1.170919,19
17048,0.621168,28
17049,2.93476,18
17050,2.895727,26
17051,3.35806,30
17052,3.236406,30
17053,3.94263,25
17054,3.989019,21
17055,1.293811,30
17056,4.077193,23
17057,2.473648,21
17058,4.350244,24
17059,1.864648,17
17060,4.256557,20
17061,1.086884,20
17062,1.934834,29
17063,-0.89453,21
17064,-0.608046,27
17065,0.899937,18
17066,3.071712,30
17067,-0.110112,30
17068,-0.465771,11
17069,0.903665,22
17070,1.536357,30
17071,0.416816,18
17072,3.628835,25
17073,0.884064,29
17074,2.989181,14
17075,3.090618,30
17076,4.146378,21
17077,1.63482,24
17078,4.308954,22
17079,1.320094,18
17080,3.796847,26
17081,4.314788,20
17082,2.302313,18
17083,0.184837,18
17084,3.351539,30
17085,1.86101,20
17086,2.837309,21
17087,3.291678,30
17088,-3.73264,30
17089,2.211625,17
17090,-0.028457,30
17091,2.14606,25
17092,-0.446851,13
17093,0.18696,30
17094,3.855668,22
17095,1.284276,30
17096,2.878276,30
17097,2.87857,30
17098,3.203302,30
17099,3.384477,30
17100,4.247562,19
17101,3.114672,30
17102,-0.396741,13
17103,2.800901,30
17104,2.940009,14
17105,0.339175,30
17106,4.249998,27
17107,1.286802,30
17108,3.487078,19
17109,3.566182,20
17110,-0.285597,19
17111,3.313314,30
17112,3.340309,30
17113,3.112638,22
17114,0.897698,30
17115,2.666395,21
17116,2.829696,13
17117,2.998108,23
17118,3.527707,14
17119,3.907279,24
17120,2.876514,30
17121,3.676258,18
17122,4.151835,28
17123,1.57351,30
17124,-4.976134,30
17125,2.438191,17
17126,4.093351,23
17127,3.063939,21
17128,2.469324,30
17129,3.242022,30
17130,4.307246,27
17131,2.294564,30
17132,-0.811897,16
17133,3.528023,19
17134,2.644479,30
17135,4.163677,18
17136,3.48338,27
17137,2.953276,26
17138,1.045108,25
17139,1.81694,14
17140,4.298691,18
17141,-2.757718,20
17142,1.853007,17
17143,1.530407,30
17144,4.135988,29
17145,3.239262,30
17146,-0.74694,30
17147,3.297014,30
17148,2.126843,30
17149,3.226471,25
17150,2.642833,25
17151,1.096275,28
17152,2.278675,20
17153,2.588151,15
17154,1.674656,30
17155,-0.984207,30
17156,3.38851,30
17157,3.001911,28
17158,3.338307,20
17159,2.802234,21
17160,1.381893,30
17161,3.022299,24
17162,1.121889,30
17163,3.066844,22
17164,2.80573,16
17165,0.634918,20
17166,4.039397,22
17167,4.168858,27
17168,0.061119,18
17169,-0.068983,30
17170,2.440031,30
17171,3.241288,30
17172,1.811684,17
17173,3.221557,30
17174,3.071642,29
17175,0.276896,30
17176,1.997658,22
17177,3.034149,19
17178,0.115174,23
17179,4.350622,23
17180,3.061515,24
17181,2.328781,17
17182,-0.213281,30
17183,0.037408,30
17184,0.960559,30
17185,2.53825,30
17186,1.741085,30
17187,0.021786,30
17188,3.647036,24
17189,-0.551119,14
17190,2.57563,12
17191,3.31407,30
17192,4.363655,26
17193,3.870958,30
17194,2.454502,14
17195,4.193796,15
17196,3.936169,25
17197,3.333164,30
17198,1.96218,30
17199,1.025729,30
17200,2.632013,29
17201,3.229459,20
17202,-0.500439,21
17203,2.860484,18
17204,-2.610678,30
17205,2.855894,26
17206,2.332116,14
17207,2.292587,29
17208,2.04728,29
17209,1.679407,30
17210,3.356235,30
17211,-0.9678,30
17212,3.076566,12
17213,2.553155,30
17214,-1.000909,30
17215,1.548593,22
17216,2.75404,30
17217,4.104253,23
17218,3.269074,30
17219,3.894336,25
17220,1.932148,30
17221,2.084914,28
17222,2.542058,30
17223,1.592063,30
17224,1.447085,23
17225,0.949908,20
17226,0.609866,21
17227,2.240642,30
17228,3.078495,30
17229,2.878089,21
17230,2.009578,24
17231,3.994061,21
17232,1.708037,11
17233,2.856258,20
17234,3.532914,17
17235,-0.639787,30
17236,2.134535,26
17237,2.111843,18
17238,3.032718,13
17239,2.638019,12
17240,-2.726404,16
17241,1.862784,25
17242,2.872728,29
17243,4.081698,25
17244,1.934027,24
17245,2.910668,26
17246,3.58048,19
17247,3.381222,30
17248,4.213269,29
17249,3.418984,30
17250,1.588435,27
17251,3.129699,19
17252,2.637604,30
17253,-1.042274,21
17254,3.777884,21
17255,1.315984,27
17256,1.991895,18
17257,4.177199,23
17258,1.899937,30
17259,2.171663,30
17260,0.919274,30
17261,2.581315,30
17262,-1.404212,30
17263,0.655336,22
17264,1.315159,30
17265,4.072338,18
17266,3.730135,18
17267,1.680103,10
17268,2.970715,14
17269,2.467754,30
17270,4.433966,19
17271,2.149436,22
17272,0.634133,30
17273,2.49596,27
17274,1.698505,15
17275,0.124201,22
17276,1.153287,30
17277,3.016744,29
17278,4.129188,25
17279,1.418928,21
17280,2.339133,30
17281,0.494845,30
17282,4.069271,22
17283,2.715524,30
17284,4.168704,13
17285,2.69192,21
17286,-0.55376,13
17287,2.938149,30
17288,3.009829,15
17289,2.80887,15
17290,4.204759,18
17291,-1.506079,30
17292,1.367326,30
17293,-0.843536,30
17294,3.959802,29
17295,1.766566,30
17296,3.416081,23
17297,2.970627,29
17298,1.485,26
17299,3.278414,30
17300,3.057193,14
17301,3.022879,15
17302,1.989711,30
17303,2.254239,27
17304,-0.411102,20
17305,3.958479,24
17306,2.909841,30
17307,1.463592,16
17308,1.034013,22
17309,3.262887,30
17310,3.337007,18
17311,0.6521,30
17312,3.013947,16
17313,2.662215,30
17314,1.008422,30
17315,1.183312,30
17316,3.044916,25
17317,1.93674,22
17318,2.190094,28
17319,2.725273,11
17320,1.273824,25
17321,3.611008,17
17322,3.63574,17
17323,2.195155,22
17324,3.124206,30
17325,4.606823,23
17326,2.548045,20
17327,2.900464,17
17328,2.176038,24
17329,4.097039,18
17330,-3.66142,16
17331,3.634867,27
17332,3.832048,19
17333,2.555314,29
17334,1.959458,30
17335,4.310063,26
17336,2.065499,14
17337,2.287418,20
17338,1.335981,30
17339,3.362771,30
17340,1.792966,30
17341,4.601369,28
17342,4.18696,16
17343,-1.557061,19
17344,1.56937,30
17345,3.87193,22
17346,2.352366,23
17347,1.431628,30
17348,2.347994,12
17349,4.269433,21
17350,3.781439,26
17351,3.397138,28
17352,4.284741,16
17353,3.964993,25
17354,4.194675,19
17355,4.175788,27
17356,3.954548,29
17357,4.018534,29
17358,3.805903,26
17359,3.302635,15
17360,3.301758,30
17361,1.338712,11
17362,1.778019,30
17363,3.302749,30
17364,-3.841644,30
17365,2.236652,17
17366,4.199864,20
17367,3.323215,22
17368,1.698539,14
17369,4.124006,22
17370,2.071373,30
17371,4.352058,17
17372,2.973829,20
17373,2.839629,26
17374,1.706484,30
17375,-4.070542,27
17376,-0.793198,30
17377,3.692037,26
17378,1.844035,28
17379,1.522745,27
17380,4.123377,22
17381,2.141613,30
17382,2.279899,12
17383,3.688147,20
17384,3.09147,30
17385,2.22279,30
17386,3.353843,22
17387,2.791802,10
17388,-0.603849,17
17389,2.677058,23
17390,2.221034,23
17391,1.963326,11
17392,0.562428,14
17393,2.407674,24
17394,3.390349,30
17395,3.994681,23
17396,3.938126,15
17397,1.111518,12
17398,2.772079,25
17399,3.763245,22
17400,-0.545464,23
17401,3.108302,15
17402,2.593136,30
17403,1.532188,17
17404,1.199006,30
17405,2.054692,23
17406,4.237192,23
17407,3.557667,23
17408,3.090094,30
17409,3.183769,30
17410,3.413556,29
17411,2.563971,12
17412,4.124826,23
17413,-4.233156,30
17414,2.318863,30
17415,3.064376,30
17416,-0.079015,30
17417,2.644524,30
17418,3.234691,30
17419,0.604118,30
17420,4.334512,26
17421,0.846075,30
17422,4.245822,29
17423,2.984104,17
17424,3.242948,24
17425,3.074943,30
17426,3.409863,13
17427,2.019253,30
17428,4.168156,21
17429,4.002779,20
17430,3.933683,25
17431,2.425007,30
17432,2.175197,30
17433,1.297104,12
17434,3.190828,21
17435,-5.553162,30
17436,-0.549681,14
17437,4.359117,25
17438,3.525582,30
17439,2.432767,29
17440,3.292039,30
17441,3.388042,30
17442,1.826979,9
17443,2.259683,30
17444,4.15213,17
17445,1.591876,13
17446,1.927539,30
17447,2.159598,30
17448,3.93864,26
17449,1.371851,22
17450,1.819964,30
17451,3.389643,22
17452,2.91491,30
17453,3.202892,30
17454,2.841121,18
17455,1.361917,30
17456,4.240619,16
17457,2.137709,30
17458,1.03937,27
17459,3.054107,18
17460,2.904047,30
17461,4.054429,25
17462,3.376141,30
17463,-1.096539,27
17464,2.918561,30
17465,2.253188,19
17466,2.154724,18
17467,3.20992,30
17468,2.078465,18
17469,3.990159,21
17470,1.824097,19
17471,3.897694,27
17472,4.274617,19
17473,1.370678,30
17474,3.078946,30
17475,2.948649,15
17476,1.507009,16
17477,1.40101,30
17478,2.807256,16
17479,3.861942,20
17480,1.055256,24
17481,1.702991,30
17482,2.983344,23
17483,3.188716,30
17484,0.00378,23
17485,4.072595,13
17486,3.142022,15
17487,3.010958,30
17488,2.73147,22
17489,-2.207106,18
17490,2.938,21
17491,3.157943,30
17492,3.274638,30
17493,4.027707,25
17494,2.122559,30
17495,1.05963,18
17496,2.187229,21
17497,2.519714,30
17498,3.30713,30
17499,3.437197,30
17500,4.095891,16
17501,-0.210403,30
17502,4.118241,17
17503,2.794919,21
17504,4.247871,23
17505,3.278482,30
17506,3.897123,28
17507,3.059871,30
17508,-1.868755,30
17509,4.231677,18
17510,1.154371,30
17511,1.719487,13
17512,3.318135,30
17513,-0.88334,21
17514,3.380337,18
17515,0.702489,30
17516,1.602184,12
17517,4.073484,28
17518,3.080269,30
17519,-1.455768,13
17520,2.962232,30
17521,4.136965,18
17522,3.176594,30
17523,3.744464,27
17524,2.318944,12
17525,3.70749,30
17526,2.933692,28
17527,1.531379,30
17528,3.927425,25
17529,2.362099,21
17530,3.936477,24
17531,3.909106,19
17532,4.08681,26
17533,3.485371,29
17534,2.261902,9
17535,2.774473,24
17536,4.12753,17
17537,2.946023,16
17538,-0.618,30
17539,2.220043,30
17540,3.029832,30
17541,4.032952,22
17542,-0.106251,29
17543,4.248438,27
17544,1.838736,15
17545,2.162869,30
17546,3.314351,27
17547,2.200719,17
17548,3.074891,30
17549,2.431724,30
17550,3.619281,22
17551,4.279561,22
17552,4.331681,20
17553,4.18624,15
17554,3.266247,30
17555,2.910708,30
17556,2.955889,30
17557,1.740316,20
17558,4.269285,23
17559,0.533183,27
17560,4.121147,30
17561,3.200078,30
17562,1.900677,30
17563,1.200428,30
17564,2.562463,23
17565,3.772463,24
17566,3.152373,22
17567,2.490481,16
17568,4.397841,26
17569,2.663569,19
17570,-3.181954,30
17571,4.09851,28
17572,3.721528,23
17573,3.372376,14
17574,0.812357,30
17575,4.387701,22
17576,4.105917,22
17577,1.425549,12
17578,0.609941,19
17579,2.067782,25
17580,2.212457,15
17581,3.82041,20
17582,-0.081666,23
17583,1.842558,30
17584,3.086889,16
17585,2.638947,28
17586,4.03021,22
17587,2.180776,30
17588,3.2544,30
17589,0.5772,18
17590,4.143037,27
17591,1.529052,18
17592,0.067243,30
17593,4.409381,19
17594,2.052019,15
17595,4.074033,23
17596,3.664114,26
17597,3.175476,18
17598,-2.120668,24
17599,1.0502,30
17600,-1.05453,30
17601,3.564108,16
17602,4.125781,21
17603,2.05934,30
17604,3.269618,30
17605,3.544866,26
17606,3.984522,26
17607,1.236063,30
17608,2.236187,20
17609,2.909469,30
17610,3.028404,30
17611,3.788453,27
17612,3.302497,30
17613,3.730194,28
17614,3.824561,26
17615,1.823013,30
17616,2.579545,13
17617,1.838123,30
17618,2.645865,15
17619,3.104041,30
17620,3.081501,17
17621,1.675263,30
17622,4.022891,20
17623,4.103358,23
17624,0.235013,24
17625,1.870732,30
17626,3.635442,19
17627,1.546782,11
17628,4.781771,23
17629,3.498239,23
17630,4.01027,29
17631,2.821557,16
17632,3.171241,30
17633,4.2778,22
17634,2.341502,30
17635,1.653848,22
17636,4.398708,16
17637,4.536528,22
17638,0.037112,26
17639,1.58626,27
17640,2.885757,14
17641,3.268678,30
17642,4.263525,16
17643,0.174247,29
17644,1.00618,24
17645,0.177099,30
17646,0.080496,18
17647,3.129446,30
17648,0.889774,23
17649,4.350387,30
17650,2.984869,22
17651,2.769137,26
17652,3.297893,30
17653,3.201738,30
17654,2.997228,21
17655,3.337134,30
17656,2.518681,12
17657,3.897523,16
17658,1.001203,18
17659,-3.03627,26
17660,4.368214,26
17661,3.04551,17
17662,3.03366,16
17663,1.273882,26
17664,3.976554,24
17665,3.719205,28
17666,-1.136127,26
17667,3.413626,30
17668,4.283912,24
17669,3.342715,30
17670,2.687142,30
17671,0.528215,30
17672,2.405733,24
17673,-1.555727,19
17674,-4.374265,16
17675,3.847752,25
17676,3.01843,30
17677,4.035069,30
17678,3.109913,14
17679,0.82053,30
17680,1.289357,30
17681,2.878241,28
17682,2.016757,18
17683,3.361275,30
17684,3.312427,30
17685,2.961752,17
17686,3.624471,27
17687,3.575925,19
17688,3.406113,17
17689,3.088977,18
17690,2.207672,23
17691,3.314542,30
17692,1.175599,30
17693,4.049141,22
17694,2.856382,15
17695,3.014654,28
17696,2.985345,17
17697,3.102159,30
17698,2.685259,11
17699,3.594074,12
17700,2.989595,21
17701,1.153743,30
17702,4.021256,23
17703,4.203979,28
17704,3.268418,30
17705,1.520401,19
17706,1.368117,12
17707,2.148533,30
17708,2.237468,19
17709,3.838093,24
17710,1.832198,26
17711,0.917173,30
17712,0.865829,20
17713,2.821731,28
17714,2.635022,30
17715,3.977448,25
17716,0.688541,30
17717,3.928555,26
17718,4.297045,28
17719,3.202238,30
17720,0.867411,28
17721,2.59659,20
17722,1.316733,30
17723,3.233826,30
17724,3.354396,30
17725,3.019659,22
17726,0.969523,30
17727,1.284138,30
17728,1.727636,30
17729,4.252995,27
17730,-1.674224,30
17731,2.072561,22
17732,3.803552,18
17733,1.964667,30
17734,-0.048576,23
17735,-1.321916,30
17736,2.224116,18
17737,3.521869,24
17738,3.736272,16
17739,3.268201,30
17740,0.235263,29
17741,1.332807,30
17742,2.246731,21
17743,2.689449,30
17744,0.478028,24
17745,0.198306,26
17746,3.191978,30
17747,4.033852,22
17748,3.806061,29
17749,2.880313,18
17750,3.589407,28
17751,3.084886,30
17752,1.333236,30
17753,1.966223,30
17754,3.85162,30
17755,3.295113,30
17756,4.113181,27
17757,3.228785,30
17758,0.037476,28
17759,4.067231,12
17760,4.084134,19
17761,0.166946,30
17762,3.126078,30
17763,2.625219,18
17764,4.378342,24
17765,1.816654,30
17766,0.482783,19
17767,1.346269,30
17768,0.30696,30
17769,1.726879,30
17770,2.935206,22
17771,3.026842,14
17772,-0.357218,27
17773,2.98619,15
17774,3.059237,19
17775,1.376298,30
17776,2.937927,30
17777,0.143664,19
17778,2.445859,27
17779,3.264003,30
17780,0.063914,30
17781,4.033145,27
17782,1.803084,30
17783,3.026424,22
17784,4.331969,26
17785,-0.737159,30
17786,2.545785,17
17787,3.543099,22
17788,1.43204,18
17789,3.966963,21
17790,1.674339,19
17791,4.165732,17
17792,1.750291,20
17793,2.80783,22
17794,3.963234,19
17795,2.562034,28
17796,-0.039225,30
17797,2.805818,14
17798,3.162605,30
17799,2.949073,30
17800,4.170281,24
17801,3.201452,30
17802,1.078837,30
17803,1.57479,22
17804,2.357181,21
17805,4.160119,21
17806,2.764899,15
17807,4.048772,25
17808,3.745543,28
17809,1.395787,15
17810,3.157043,30
17811,3.995085,25
17812,4.137516,20
17813,2.905651,13
17814,3.454449,16
17815,2.881748,12
17816,3.827756,30
17817,2.495471,30
17818,3.222291,21
17819,3.062899,19
17820,3.043989,16
17821,2.150729,30
17822,3.734816,28
17823,1.354739,30
17824,2.958892,17
17825,4.312559,21
17826,1.183449,30
17827,-0.95785,13
17828,2.418384,26
17829,1.973821,30
17830,1.975984,30
17831,-0.13587,17
17832,3.395539,30
17833,1.783301,13
17834,1.087557,30
17835,4.291801,28
17836,2.61301,12
17837,-2.924818,21
17838,-2.584371,30
17839,2.988013,21
17840,3.246531,30
17841,2.086419,23
17842,3.960892,24
17843,2.201704,30
17844,2.414535,30
17845,1.864979,28
17846,3.184267,30
17847,1.379891,12
17848,0.939289,21
17849,1.361153,30
17850,3.878378,21
17851,4.089473,30
17852,2.879228,20
17853,2.599785,18
17854,4.236971,23
17855,3.976488,20
17856,0.535953,11
17857,1.513606,30
17858,-1.305898,30
17859,1.154699,27
17860,-2.076017,30
17861,0.838709,21
17862,1.495115,21
17863,2.619222,30
17864,1.06164,30
17865,2.988606,23
17866,1.913975,11
17867,3.150508,30
17868,3.001388,19
17869,2.908002,16
17870,3.416739,30
17871,3.232713,30
17872,4.393152,21
17873,4.086694,22
17874,-1.163559,16
17875,1.838171,13
17876,2.159671,25
17877,3.150751,30
17878,2.119259,30
17879,2.993537,19
17880,2.489581,24
17881,-1.377955,30
17882,3.054119,24
17883,2.927891,23
17884,3.032716,14
17885,3.510624,24
17886,1.896625,30
17887,2.567738,11
17888,4.079792,24
17889,1.275467,17
17890,2.846119,17
17891,3.343737,30
17892,2.979087,19
17893,1.714282,12
17894,-4.688993,19
17895,2.070184,30
17896,3.460463,19
17897,3.091917,26
17898,2.96674,18
17899,1.569754,30
17900,1.889672,13
17901,2.151244,25
17902,3.584022,22
17903,1.533889,21
17904,3.078103,21
17905,3.87254,17
17906,3.055011,29
17907,0.523821,15
17908,2.794386,30
17909,-0.819277,12
17910,3.401435,22
17911,2.850187,27
17912,0.960454,19
17913,3.466137,30
17914,0.686018,29
17915,-0.84138,11
17916,1.885549,18
17917,3.989959,25
17918,1.065325,17
17919,0.916713,30
17920,1.571744,30
17921,0.913751,22
17922,3.682799,22
17923,-1.121202,30
17924,3.158963,30
17925,1.355855,30
17926,3.770835,29
17927,4.041509,14
17928,3.615306,16
17929,4.275102,18
17930,2.887132,13
17931,3.482152,22
17932,3.129225,30
17933,3.963287,21
17934,2.712476,17
17935,2.999634,30
17936,2.928693,16
17937,3.118742,30
17938,4.347012,15
17939,3.189853,18
17940,2.141258,23
17941,3.438339,30
17942,2.113434,30
17943,1.977882,30
17944,3.092095,30
17945,2.002734,14
17946,1.380313,30
17947,4.363656,20
17948,-0.631757,23
17949,4.37504,22
17950,-0.231606,27
17951,-3.11384,26
17952,1.996754,16
17953,1.278211,30
17954,2.508165,30
17955,2.918478,15
17956,4.120695,20
17957,0.965754,12
17958,0.91435,13
17959,4.394379,28
17960,4.101768,28
17961,4.270248,24
17962,2.237196,19
17963,4.187041,23
17964,1.090261,30
17965,4.261602,23
17966,2.131296,27
17967,0.884012,14
17968,0.748733,30
17969,3.278343,30
17970,-0.662418,25
17971,3.310074,30
17972,3.096959,18
17973,2.756208,29
17974,3.879088,29
17975,2.363486,22
17976,2.389433,27
17977,3.237425,15
17978,1.005674,30
17979,0.040743,26
17980,3.374592,30
17981,3.868298,15
17982,1.919595,22
17983,2.186653,30
17984,1.217914,30
17985,3.262563,30
17986,2.890718,14
17987,3.510808,17
17988,-0.691411,30
17989,-0.796764,21
17990,3.960968,28
17991,3.014877,18
17992,4.076521,18
17993,2.466721,13
17994,2.870234,17
17995,0.639981,18
17996,2.084719,17
17997,2.341668,23
17998,4.114541,30
17999,1.589228,30
18000,2.514237,30
18001,-0.35377,16
18002,4.216565,19
18003,4.312834,25
18004,1.927057,29
18005,3.967764,26
18006,3.231816,30
18007,2.504915,14
18008,3.354602,30
18009,3.277269,30
18010,2.22142,22
18011,1.02399,30
18012,0.631459,28
18013,3.717521,22
18014,2.726431,21
18015,4.17008,18
18016,1.967675,23
18017,1.739517,9
18018,1.637337,14
18019,2.345948,27
18020,0.072714,30
18021,2.65998,22
18022,4.04576,18
18023,1.686234,30
18024,2.836527,30
18025,2.972127,30
18026,3.608441,28
18027,3.494526,17
18028,2.69394,19
18029,4.277405,24
18030,-1.099653,30
18031,1.489047,13
18032,4.119735,17
18033,3.018237,30
18034,1.998921,30
18035,-1.229963,24
18036,1.400977,30
18037,3.210904,30
18038,3.227492,23
18039,0.369913,30
18040,4.408188,26
18041,-1.121047,20
18042,1.460082,30
18043,3.075002,22
18044,3.529211,13
18045,3.65181,17
18046,4.207502,20
18047,2.780538,13
18048,2.635071,22
18049,4.312534,22
18050,1.360558,30
18051,4.41052,20
18052,4.047618,20
18053,3.371615,29
18054,0.857507,12
18055,2.660723,30
18056,4.144555,29
18057,1.78889,30
18058,3.166041,21
18059,2.722084,30
18060,4.343558,18
18061,4.160901,20
18062,1.010599,30
18063,3.334883,30
18064,3.815034,28
18065,1.176978,30
18066,3.338496,30
18067,2.98122,19
18068,1.372683,30
18069,3.405908,25
18070,2.385642,18
18071,1.445601,26
18072,3.787334,26
18073,3.522222,18
18074,3.335718,30
18075,1.021361,30
18076,0.364587,30
18077,4.29968,15
18078,3.842892,18
18079,1.310906,30
18080,2.72577,18
18081,2.2757,17
18082,3.271169,30
18083,1.883937,21
18084,3.240033,30
18085,4.08682,21
18086,3.308737,29
18087,0.822084,22
18088,4.167524,21
18089,2.868859,18
18090,4.211745,27
18091,2.902176,30
18092,-2.029365,30
18093,1.919361,30
18094,3.875994,26
18095,1.51627,25
18096,4.039414,18
18097,4.046104,23
18098,0.80414,17
18099,1.8629,20
18100,0.727985,23
18101,2.572573,18
18102,-0.678795,30
18103,4.170164,21
18104,-0.20226,30
18105,3.630363,17
18106,2.037645,30
18107,3.361836,30
18108,3.166574,19
18109,2.053278,19
18110,3.093303,22
18111,3.210717,30
18112,2.986027,14
18113,4.210419,20
18114,0.968425,17
18115,1.397639,30
18116,2.66932,29
18117,2.99369,26
18118,2.306475,20
18119,2.451396,13
18120,2.580877,30
18121,4.395288,17
18122,4.224518,23
18123,1.045314,20
18124,3.601612,11
18125,3.777406,20
18126,2.332631,22
18127,3.194727,30
18128,2.909031,25
18129,3.642892,18
18130,-1.043787,30
18131,3.290356,25
18132,1.867323,28
18133,2.995071,25
18134,2.80091,30
18135,2.065356,30
18136,0.329372,30
18137,3.282797,30
18138,3.389662,30
18139,1.420917,24
18140,3.891575,23
18141,1.065846,30
18142,3.398764,30
18143,2.342285,20
18144,3.036867,17
18145,2.694982,22
18146,2.135051,16
18147,2.640035,17
18148,-0.817396,13
18149,1.943301,14
18150,-1.90637,26
18151,-0.350234,15
18152,0.438601,30
18153,1.889356,30
18154,4.113777,25
18155,3.691525,16
18156,4.265634,22
18157,1.614432,30
18158,3.018949,30
18159,0.868067,15
18160,4.420553,15
18161,1.323773,30
18162,4.014148,19
18163,3.185433,30
18164,3.923733,24
18165,1.893999,16
18166,1.867197,26
18167,1.000207,16
18168,3.343401,30
18169,2.58109,30
18170,1.75521,24
18171,3.806692,23
18172,3.010461,17
18173,4.113198,20
18174,3.892836,25
18175,4.126707,17
18176,2.07294,30
18177,3.914659,22
18178,2.718133,21
18179,4.15453,23
18180,3.650614,23
18181,1.788974,27
18182,1.036315,18
18183,3.741086,26
18184,-0.976558,27
18185,-0.411476,15
18186,4.130799,22
18187,1.421606,30
18188,1.978376,22
18189,1.63578,30
18190,1.086574,30
18191,2.229717,30
18192,2.470846,12
18193,3.858294,30
18194,4.162807,19
18195,3.494522,22
18196,1.673399,24
18197,1.917078,30
18198,3.241916,30
18199,3.905806,30
18200,2.972353,30
18201,2.97191,16
18202,3.080103,29
18203,2.103741,28
18204,4.333462,24
18205,0.131931,30
18206,4.076036,29
18207,3.423452,21
18208,2.1233,21
18209,1.735315,30
18210,1.845901,30
18211,2.061238,24
18212,1.022348,30
18213,3.263868,17
18214,3.279471,30
18215,3.198168,30
18216,4.124026,25
18217,2.691481,13
18218,1.874239,21
18219,4.400423,20
18220,4.041397,20
18221,1.093796,30
18222,2.589924,28
18223,3.174924,30
18224,2.637189,19
18225,3.051212,30
18226,0.555345,30
18227,2.005758,30
18228,2.909527,19
18229,0.954961,25
18230,2.376901,30
18231,4.241622,19
18232,0.709858,18
18233,3.133881,30
18234,2.888283,23
18235,3.017777,22
18236,0.501449,17
18237,2.427164,30
18238,-1.095655,17
18239,2.62836,30
18240,2.876507,30
18241,2.986904,30
18242,4.142178,29
18243,2.081806,30
18244,1.783667,30
18245,4.17221,17
18246,4.533419,19
18247,3.748968,24
18248,1.334979,30
18249,3.119036,19
18250,4.17959,23
18251,2.851573,26
18252,4.087791,20
18253,1.260282,20
18254,2.203929,17
18255,4.372119,26
18256,3.335961,30
18257,1.947931,30
18258,-1.20467,30
18259,4.338268,19
18260,2.355015,13
18261,1.120671,17
18262,4.334069,24
18263,3.785801,24
18264,3.914015,16
18265,4.02481,28
18266,3.265185,30
18267,3.909949,25
18268,3.862408,28
18269,4.946706,25
18270,3.228342,30
18271,2.394949,17
18272,0.134698,21
18273,3.618284,27
18274,1.134091,11
18275,4.379089,20
18276,1.577579,30
18277,1.760644,10
18278,1.292722,20
18279,4.29798,17
18280,1.461883,18
18281,2.995506,15
18282,1.048024,11
18283,4.090586,28
18284,1.883274,30
18285,3.139038,30
18286,2.238188,12
18287,4.103064,25
18288,3.893847,25
18289,1.488886,21
18290,4.24499,20
18291,4.046873,28
18292,1.716552,17
18293,1.155943,30
18294,-2.536601,25
18295,-1.017363,19
18296,4.11102,17
18297,4.087381,26
18298,-1.196728,30
18299,1.763572,17
18300,2.64102,30
18301,2.286941,30
18302,1.912083,30
18303,0.821959,30
18304,0.853157,30
18305,-0.568435,30
18306,4.185249,16
18307,4.094833,24
18308,0.359293,23
18309,1.475132,12
18310,2.906842,12
18311,1.989953,30
18312,3.11076,30
18313,2.287963,16
18314,2.252701,28
18315,3.273348,30
18316,3.261769,30
18317,-0.042183,30
18318,1.908232,14
18319,4.128738,16
18320,1.281513,30
18321,2.32862,30
18322,1.125847,16
18323,2.725225,19
18324,2.858712,30
18325,3.0396,17
18326,1.359854,30
18327,2.835072,30
18328,4.07269,20
18329,-0.772334,30
18330,3.301435,30
18331,4.031853,22
18332,1.904218,30
18333,-0.337303,30
18334,4.330372,22
18335,4.142513,18
18336,4.169552,18
18337,0.907549,29
18338,0.153191,30
18339,4.05563,30
18340,2.916863,12
18341,-0.062661,23
18342,3.287899,30
18343,3.935693,22
18344,-0.668485,14
18345,0.633442,30
18346,4.161544,28
18347,4.38639,23
18348,4.633927,21
18349,4.284341,25
18350,2.929175,16
18351,-0.512072,21
18352,1.235734,30
18353,3.389833,30
18354,3.217692,30
18355,3.053951,17
18356,2.342881,24
18357,4.23438,19
18358,-1.725033,10
18359,-0.790941,30
18360,1.692104,30
18361,1.458825,12
18362,3.493612,18
18363,1.439734,29
18364,2.989952,16
18365,0.6473,18
18366,4.205028,24
18367,2.414492,13
18368,1.413261,23
18369,0.088991,21
18370,4.308195,22
18371,0.816945,17
18372,0.666386,30
18373,2.411401,30
18374,2.846965,26
18375,-0.461398,30
18376,2.735132,27
18377,4.268885,24
18378,3.232182,30
18379,3.347115,30
18380,3.051113,30
18381,3.224544,30
18382,2.39215,19
18383,3.619023,15
18384,3.880891,24
18385,1.606191,30
18386,-0.74991,30
18387,2.787443,22
18388,3.393261,30
18389,-0.844848,30
18390,4.210652,28
18391,2.717267,16
18392,2.764252,16
18393,2.204361,14
18394,3.340625,30
18395,2.497118,30
18396,3.973633,17
18397,2.852757,30
18398,1.597188,30
18399,4.007349,26
18400,1.361589,30
18401,3.139859,30
18402,4.054175,30
18403,3.423013,20
18404,3.66833,15
18405,2.83375,27
18406,2.788597,18
18407,-0.963443,30
18408,1.315191,30
18409,3.158902,30
18410,2.702276,19
18411,4.074492,22
18412,3.723556,18
18413,-2.663341,19
18414,2.73863,15
18415,1.983073,18
18416,3.465501,20
18417,2.589262,30
18418,2.488182,19
18419,3.250122,30
18420,2.788914,25
18421,2.677372,18
18422,3.193742,30
18423,2.043144,21
18424,4.306016,19
18425,2.208148,13
18426,3.115553,30
18427,2.492482,30
18428,3.154854,23
18429,2.06235,25
18430,0.138014,15
18431,2.422758,25
18432,1.106022,14
18433,2.262413,20
18434,2.080024,30
18435,2.96463,23
18436,4.157615,24
18437,1.523094,30
18438,3.912779,22
18439,4.37251,25
18440,4.126051,29
18441,2.900582,30
18442,3.102724,17
18443,4.442137,30
18444,1.153738,30
18445,3.104999,30
18446,2.015076,27
18447,1.406095,16
18448,2.98897,21
18449,1.602101,24
18450,2.206114,25
18451,1.973437,26
18452,3.847391,22
18453,1.428559,30
18454,1.072253,30
18455,4.101358,21
18456,2.014905,20
18457,2.407436,26
18458,2.331189,27
18459,3.207836,30
18460,3.226212,30
18461,1.961684,30
18462,1.802331,30
18463,1.300957,30
18464,1.734609,11
18465,4.119762,30
18466,-0.095837,26
18467,4.270809,22
18468,3.382858,30
18469,3.255955,30
18470,1.183121,30
18471,3.128804,30
18472,3.723786,13
18473,3.001441,18
18474,1.151195,29
18475,2.574562,14
18476,4.269327,18
18477,3.355437,30
18478,2.742027,30
18479,-3.850645,30
18480,0.801694,30
18481,2.92153,18
18482,1.434124,17
18483,3.052091,21
18484,3.827299,27
18485,2.760615,18
18486,0.802028,22
18487,0.835356,19
18488,2.113798,18
18489,2.158808,21
18490,4.17773,21
18491,0.090686,28
18492,1.410317,30
18493,1.346586,30
18494,3.096772,30
18495,1.90603,30
18496,4.102216,20
18497,3.160199,25
18498,4.12462,23
18499,2.854342,19
18500,1.320386,30
18501,1.710735,30
18502,1.576662,11
18503,-0.684578,30
18504,2.819881,30
18505,1.898267,20
18506,0.583917,30
18507,1.856773,30
18508,3.693636,26
18509,3.304184,30
18510,2.088971,19
18511,3.159575,30
18512,2.926514,24
18513,2.382828,30
18514,3.033555,18
18515,2.017639,16
18516,4.260695,26
18517,-1.530949,30
18518,4.232113,19
18519,-0.031354,30
18520,3.259095,20
18521,3.431446,20
18522,2.617764,30
18523,4.607404,25
18524,2.329012,24
18525,-0.054997,25
18526,3.814239,23
18527,1.983802,13
18528,1.551076,15
18529,3.711011,28
18530,3.16275,30
18531,0.870029,18
18532,-0.276206,24
18533,3.091467,18
18534,2.045017,28
18535,3.952413,23
18536,4.085666,27
18537,2.505867,19
18538,2.223845,24
18539,0.928616,23
18540,2.663487,30
18541,3.005956,15
18542,1.672453,30
18543,3.202483,30
18544,3.665342,16
18545,1.930525,17
18546,0.569045,30
18547,3.027354,20
18548,3.818733,23
18549,0.430994,30
18550,2.995779,22
18551,0.764188,21
18552,3.062573,22
18553,-0.4,30
18554,1.742208,30
18555,3.338,30
18556,4.009208,28
18557,2.119012,28
18558,2.845956,16
18559,-3.336152,30
18560,3.792147,27
18561,-0.4,30
18562,-0.96842,24
18563,-0.251811,12
18564,3.365628,12
18565,-1.349876,30
18566,0.084573,17
18567,3.853712,24
18568,2.092292,21
18569,3.054183,30
18570,2.187875,30
18571,1.431875,30
18572,0.596652,30
18573,1.744594,30
18574,3.602031,26
18575,3.739175,22
18576,3.026716,19
18577,1.035091,30
18578,1.926384,25
18579,4.160759,24
18580,1.120847,30
18581,2.862127,30
18582,2.039254,30
18583,2.621019,18
18584,1.612065,15
18585,3.90362,23
18586,2.061743,24
18587,3.054546,20
18588,4.021714,30
18589,-2.641216,18
18590,-0.914522,30
18591,1.730388,24
18592,3.116065,30
18593,4.568959,25
18594,3.875326,18
18595,0.092597,30
18596,3.3416,30
18597,2.787001,14
18598,4.164476,23
18599,4.231317,27
18600,4.198825,27
18601,4.105502,19
18602,3.407448,30
18603,4.100479,26
18604,0.801735,25
18605,0.57466,30
18606,-1.975304,16
18607,2.920397,30
18608,2.870995,26
18609,-0.4,30
18610,2.75244,29
18611,-0.135744,22
18612,2.958419,30
18613,2.629464,14
18614,2.897673,18
18615,0.657987,30
18616,3.106772,30
18617,1.936132,30
18618,-0.508327,30
18619,4.093964,21
18620,3.340601,30
18621,2.354816,30
18622,2.164119,30
18623,3.148748,30
18624,2.9718,30
18625,2.008605,22
18626,2.704597,22
18627,2.888306,30
18628,2.522887,25
18629,3.022781,16
18630,2.22025,30
18631,-0.683225,30
18632,3.628349,27
18633,-0.849033,30
18634,2.846138,15
18635,3.160887,30
18636,4.140041,30
18637,4.438108,23
18638,0.138205,30
18639,1.821429,30
18640,3.301304,30
18641,3.417314,30
18642,3.040424,19
18643,2.083979,25
18644,2.113005,20
18645,2.224508,28
18646,2.889304,30
18647,3.019028,20
18648,3.388096,30
18649,1.970507,30
18650,2.919019,30
18651,1.840711,25
18652,2.600002,30
18653,0.84081,20
18654,1.380289,27
18655,0.587561,30
18656,3.600344,26
18657,-4.085842,30
18658,4.223852,21
18659,2.382676,19
18660,0.977641,20
18661,3.041835,30
18662,1.710903,30
18663,2.96379,30
18664,4.15271,20
18665,3.461168,28
18666,1.913504,30
18667,0.93124,30
18668,0.86357,19
18669,3.500777,30
18670,0.357381,18
18671,4.364109,22
18672,3.533227,18
18673,3.657853,27
18674,3.817256,18
18675,1.975685,30
18676,2.463089,30
18677,3.924239,24
18678,3.051586,27
18679,-0.70063,30
18680,0.445448,30
18681,3.165629,30
18682,3.408482,23
18683,0.931996,19
18684,3.520032,20
18685,3.828006,30
18686,3.297158,30
18687,3.326655,30
18688,2.439803,16
18689,2.986972,30
18690,1.203516,30
18691,3.094394,30
18692,0.028202,10
18693,4.200266,25
18694,3.205944,30
18695,1.80596,30
18696,1.928827,28
18697,4.162005,17
18698,3.156787,30
18699,3.746933,26
18700,3.297241,23
18701,0.296603,30
18702,1.972934,30
18703,-0.78949,10
18704,4.008261,30
18705,3.361463,30
18706,3.037141,30
18707,4.168942,14
18708,3.04894,30
18709,4.27154,16
18710,2.515159,30
18711,2.966093,22
18712,2.959663,30
18713,-0.032473,30
18714,2.344611,30
18715,0.794842,19
18716,2.864363,30
18717,2.037519,30
18718,3.312644,30
18719,4.415921,21
18720,3.87029,21
18721,2.338277,22
18722,2.252048,30
18723,3.777565,30
18724,-2.149319,25
18725,1.259414,30
18726,4.066931,28
18727,2.297147,22
18728,2.108122,30
18729,1.336294,26
18730,3.385429,30
18731,3.971352,16
18732,1.551904,30
18733,4.164309,15
18734,3.138957,30
18735,2.860655,16
18736,0.12895,30
18737,1.493746,30
18738,3.228755,30
18739,3.669026,25
18740,4.066007,30
18741,1.190731,30
18742,1.842179,14
18743,2.329724,30
18744,3.017974,15
18745,4.100159,15
18746,3.233714,30
18747,2.821924,30
18748,2.701021,15
18749,-0.075155,30
18750,3.454106,18
18751,4.055889,20
18752,3.867017,19
18753,3.01094,26
18754,3.105781,26
18755,3.040595,25
18756,3.556483,30
18757,3.987902,17
18758,2.445878,30
18759,3.482579,23
18760,1.063476,15
18761,2.223232,17
18762,4.185458,21
18763,1.472855,30
18764,2.004321,16
18765,4.052699,29
18766,2.893583,20
18767,1.494718,19
18768,4.143428,29
18769,1.925894,30
18770,4.015719,21
18771,3.734519,19
18772,2.034551,30
18773,-0.279785,30
18774,4.200834,19
18775,3.931203,25
18776,1.301021,30
18777,4.352535,28
18778,2.128797,30
18779,1.36604,30
18780,2.910403,30
18781,1.721228,30
18782,0.091627,15
18783,0.822671,30
18784,3.017662,30
18785,3.750344,19
18786,3.152057,30
18787,2.950831,30
18788,3.245298,30
18789,3.127999,22
18790,1.920055,30
18791,2.922545,14
18792,1.424784,30
18793,2.987382,21
18794,2.120399,27
18795,4.084909,21
18796,1.805368,30
18797,2.677415,18
18798,1.379817,30
18799,3.87225,27
18800,3.802788,20
18801,0.835548,30
18802,0.814028,22
18803,4.010007,17
18804,0.331404,16
18805,3.180326,23
18806,3.095899,18
18807,0.999986,8
18808,3.810398,22
18809,2.704072,30
18810,-0.032815,30
18811,2.903206,14
18812,3.008145,30
18813,3.484545,28
18814,3.00149,21
18815,2.363712,20
18816,0.311213,19
18817,2.663447,17
18818,2.60087,30
18819,3.292793,30
18820,2.883944,30
18821,-0.202266,24
18822,1.780304,21
18823,1.763537,19
18824,1.368864,30
18825,4.167451,18
18826,1.614328,20
18827,-0.14388,30
18828,2.672851,16
18829,1.65473,30
18830,2.330012,24
18831,3.315714,30
18832,1.430048,22
18833,0.089489,30
18834,1.762316,30
18835,4.280585,29
18836,1.723395,30
18837,0.928815,30
18838,3.984645,22
18839,3.976218,20
18840,2.696254,30
18841,2.276081,30
18842,0.920086,30
18843,3.300444,30
18844,3.57647,25
18845,2.908304,30
18846,1.850638,13
18847,2.13288,21
18848,3.714117,24
18849,4.166414,30
18850,1.805053,30
18851,2.188995,30
18852,-1.849407,30
18853,0.642311,28
18854,1.742245,24
18855,4.048952,28
18856,4.369662,19
18857,2.734462,21
18858,-0.522247,22
18859,3.357729,30
18860,2.785715,29
18861,3.730073,26
18862,2.298781,27
18863,2.797186,30
18864,1.469653,30
18865,4.406134,19
18866,3.375154,30
18867,2.711876,29
18868,1.881688,27
18869,2.818933,16
18870,4.289583,26
18871,1.961949,30
18872,2.952148,26
18873,-0.771926,30
18874,1.165094,20
18875,1.047101,30
18876,2.80394,14
18877,4.205956,22
18878,2.9283,19
18879,3.538401,23
18880,1.030875,30
18881,2.567055,12
18882,4.288471,19
18883,4.003375,23
18884,-0.325118,16
18885,4.302545,25
18886,1.827765,13
18887,4.069181,26
18888,3.737334,13
18889,1.468308,30
18890,0.771949,30
18891,1.999997,30
18892,2.202647,23
18893,3.851991,25
18894,4.079536,26
18895,3.053371,18
18896,1.975754,30
18897,3.352699,30
18898,1.534747,30
18899,3.326004,30
18900,3.910035,23
18901,3.165089,30
18902,3.921239,28
18903,4.344795,25
18904,1.309726,9
18905,-0.224005,30
18906,-0.648234,30
18907,3.356061,30
18908,0.340477,16
18909,3.116809,27
18910,1.46119,27
18911,3.028764,13
18912,1.880724,25
18913,4.223523,21
18914,2.310842,30
18915,4.028827,24
18916,4.36226,25
18917,-2.983573,30
18918,4.090075,21
18919,2.031596,30
18920,3.923779,30
18921,2.599352,30
18922,3.618633,28
18923,2.490816,18
18924,3.185324,30
18925,4.193099,25
18926,3.689368,17
18927,1.051686,30
18928,2.829285,17
18929,1.922853,30
18930,3.979477,26
18931,1.041929,16
18932,1.174611,30
18933,0.118906,30
18934,2.421248,22
18935,0.874666,19
18936,3.230255,30
18937,4.335681,16
18938,3.400533,30
18939,2.643759,30
18940,3.354517,30
18941,3.168025,16
18942,4.012748,19
18943,0.676473,30
18944,2.465654,30
18945,1.616336,24
18946,1.258069,30
18947,0.812659,21
18948,2.202444,18
18949,1.434989,25
18950,4.039494,20
18951,1.121443,30
18952,3.204345,30
18953,0.8897,22
18954,2.78028,23
18955,0.797591,25
18956,0.110113,14
18957,1.331408,30
18958,-0.82452,13
18959,1.420875,30
18960,2.14341,27
18961,3.869438,29
18962,-1.424794,18
18963,4.151263,30
18964,4.3639,22
18965,3.653505,18
18966,3.402354,30
18967,2.4098,15
18968,4.138294,23
18969,2.137888,30
18970,4.213875,19
18971,3.793102,22
18972,3.014506,30
18973,2.969988,20
18974,2.871858,21
18975,3.346766,30
18976,3.46095,15
18977,0.072989,16
18978,3.188804,30
18979,2.938707,17
18980,0.801285,30
18981,3.585748,18
18982,4.243073,30
18983,4.015369,15
18984,1.451841,14
18985,3.954843,16
18986,2.836069,30
18987,3.236702,30
18988,-2.332362,14
18989,-0.270221,25
18990,2.658888,29
18991,3.608048,26
18992,3.849536,25
18993,2.488459,23
18994,4.530469,18
18995,3.281712,30
18996,4.060203,27
18997,-0.241964,18
18998,2.878581,27
18999,4.243746,23
19000,4.271457,23
19001,4.20642,25
19002,2.637505,30
19003,2.585773,28
19004,2.547669,30
19005,2.827214,19
19006,2.866875,15
19007,4.061597,22
19008,1.539292,30
19009,2.261278,30
19010,2.012201,30
19011,3.147554,30
19012,3.294741,21
19013,2.619469,30
19014,2.916278,15
19015,3.008609,30
19016,2.063411,23
19017,0.114054,22
19018,3.584146,27
19019,2.856705,30
19020,3.026962,27
19021,3.648265,25
19022,2.069885,30
19023,2.239296,16
19024,2.920423,22
19025,1.846301,30
19026,3.105553,30
19027,1.192666,30
19028,2.815615,19
19029,1.136758,30
19030,-1.107419,24
19031,-0.957038,19
19032,4.307917,26
19033,2.687021,18
19034,3.574249,29
19035,3.957435,20
19036,2.125066,28
19037,2.941519,30
19038,3.935826,19
19039,0.010578,30
19040,2.415698,13
19041,3.013453,30
19042,3.690865,22
19043,1.764921,27
19044,2.539374,25
19045,3.213282,30
19046,4.233403,23
19047,3.68056,20
19048,-0.302972,27
19049,2.325417,30
19050,2.359322,29
19051,3.170419,30
19052,3.837202,21
19053,2.93718,30
19054,4.067229,22
19055,4.136089,21
19056,3.878936,23
19057,1.825837,30
19058,-0.403468,30
19059,3.513761,21
19060,3.198681,30
19061,4.092316,17
19062,3.31354,30
19063,1.498657,15
19064,4.323195,24
19065,4.252946,19
19066,3.315534,30
19067,4.365427,25
19068,3.989733,18
19069,3.593473,30
19070,3.172143,30
19071,1.887326,30
19072,3.718677,28
19073,3.788924,27
19074,4.151123,21
19075,1.232235,16
19076,2.99109,30
19077,3.547714,23
19078,4.043196,13
19079,1.922448,30
19080,3.716937,30
19081,3.115729,30
19082,3.342849,30
19083,0.330341,30
19084,3.087766,19
19085,4.232108,18
19086,2.365975,30
19087,3.115071,29
19088,3.002099,30
19089,3.094589,30
19090,2.099213,30
19091,4.158244,26
19092,1.931966,24
19093,1.029977,30
19094,2.546268,28
19095,2.94063,18
19096,2.699021,17
19097,2.288692,30
19098,4.271131,27
19099,1.251278,30
19100,4.231234,24
19101,-0.488043,24
19102,0.700989,26
19103,2.784553,14
19104,-0.406292,12
19105,3.956354,29
19106,2.892839,30
19107,3.235191,13
19108,4.227548,15
19109,4.252349,22
19110,3.945413,27
19111,3.214444,30
19112,2.711683,30
19113,3.151638,30
19114,3.156326,30
19115,4.055097,27
19116,1.793505,25
19117,0.712383,30
19118,-5.178842,30
19119,3.427022,21
19120,3.170288,30
19121,2.938264,16
19122,3.744349,28
19123,2.861917,15
19124,3.243625,30
19125,3.99862,26
19126,3.60228,13
19127,2.531749,30
19128,0.350402,30
19129,3.044907,30
19130,0.033657,17
19131,2.866963,30
19132,1.49733,12
19133,4.055033,20
19134,2.910893,23
19135,-2.876551,30
19136,3.675796,23
19137,2.523316,30
19138,4.023582,18
19139,1.174067,30
19140,1.209853,30
19141,3.937767,30
19142,4.309077,30
19143,3.744745,23
19144,3.873056,27
19145,2.1982,25
19146,3.305758,30
19147,2.607055,30
19148,3.222991,30
19149,3.808977,23
19150,2.889764,30
19151,2.191897,18
19152,2.126524,30
19153,1.966142,17
19154,1.724888,19
19155,3.310366,30
19156,3.178696,30
19157,2.490078,30
19158,-1.038893,30
19159,-1.066289,23
19160,0.436783,11
19161,2.952998,18
19162,1.783906,30
19163,1.668442,30
19164,2.811694,30
19165,1.719314,30
19166,3.393713,21
19167,2.889811,30
19168,0.21708,30
19169,2.949513,30
19170,1.388603,26
19171,1.950777,23
19172,3.979652,29
19173,2.928729,30
19174,4.092908,21
19175,4.091336,21
19176,1.354032,30
19177,2.970193,30
19178,0.558615,30
19179,3.041415,16
19180,1.464513,15
19181,3.976824,25
19182,1.748439,30
19183,2.186126,24
19184,0.319649,12
19185,3.907701,25
19186,4.329648,20
19187,2.208992,23
19188,-0.668917,30
19189,4.336319,21
19190,3.923768,17
19191,4.254465,22
19192,2.803772,16
19193,-2.958219,27
19194,3.184758,30
19195,2.826817,27
19196,4.121985,30
19197,3.019836,30
19198,4.173199,22
19199,4.118791,23
19200,2.844348,30
19201,4.179924,28
19202,3.261135,30
19203,2.895634,20
19204,3.129304,18
19205,2.844832,19
19206,3.954647,29
19207,2.610503,30
19208,3.255141,30
19209,2.557936,21
19210,3.052856,22
19211,3.405365,30
19212,3.010208,30
19213,2.314423,30
19214,1.386091,10
19215,4.033469,22
19216,-0.653588,30
19217,4.041107,23
19218,2.692902,30
19219,4.149125,17
19220,4.041833,26
19221,-0.506018,21
19222,3.298684,30
19223,1.18243,21
19224,4.012969,23
19225,2.545146,30
19226,4.146949,22
19227,3.088499,14
19228,2.791557,30
19229,-2.696598,30
19230,2.762874,13
19231,0.027206,24
19232,3.702564,22
19233,2.096525,27
19234,3.266642,30
19235,3.325911,30
19236,3.214869,30
19237,4.130312,16
19238,2.908215,30
19239,3.372737,30
19240,4.04996,18
19241,3.163132,30
19242,1.656351,30
19243,3.106985,30
19244,0.83347,25
19245,3.76132,27
19246,3.019085,16
19247,0.889876,19
19248,1.446787,14
19249,0.678949,30
19250,2.7166,12
19251,1.823708,12
19252,4.025321,27
19253,2.778807,25
19254,2.840334,22
19255,2.207339,24
19256,2.830499,12
19257,2.127696,12
19258,2.277771,30
19259,3.187497,25
19260,0.635766,22
19261,3.754309,27
19262,3.25098,30
19263,2.827518,18
19264,4.215129,17
19265,0.491954,19
19266,1.381779,30
19267,4.174251,21
19268,3.174687,30
19269,-0.449644,22
19270,1.633551,30
19271,3.716946,23
19272,4.28401,28
19273,3.15601,24
19274,3.323702,30
19275,3.47354,19
19276,4.217586,26
19277,4.27333,19
19278,4.016736,30
19279,1.868396,30
19280,3.62136,20
19281,0.731466,30
19282,3.121605,30
19283,3.517598,30
19284,2.834664,25
19285,3.41501,17
19286,1.220136,30
19287,-0.813075,30
19288,4.008951,21
19289,2.139849,30
19290,0.84069,23
19291,3.306215,30
19292,3.93539,17
19293,2.876871,28
19294,0.398715,17
19295,4.189779,28
19296,2.148375,30
19297,4.38036,21
19298,2.932765,16
19299,4.182127,24
19300,2.009541,30
19301,3.1356,30
19302,4.336326,27
19303,2.939965,30
19304,2.848506,15
19305,-5.584067,18
19306,3.180089,30
19307,1.405614,30
19308,2.038669,27
19309,4.114981,27
19310,1.801303,18
19311,1.457676,24
19312,3.958545,20
19313,2.052024,26
19314,3.01219,30
19315,1.000558,22
19316,3.434525,30
19317,4.027072,20
19318,3.906755,27
19319,3.346161,30
19320,1.003275,30
19321,0.738117,21
19322,-0.621333,30
19323,1.002048,19
19324,2.700337,15
19325,1.338485,14
19326,1.070111,16
19327,0.782582,18
19328,3.279258,30
19329,1.925155,14
19330,2.796093,12
19331,2.190552,29
19332,3.631571,20
19333,3.351233,30
19334,4.212989,21
19335,2.906513,18
19336,1.840961,24
19337,1.158753,30
19338,3.257001,30
19339,2.744547,30
19340,3.174199,30
19341,4.238537,26
19342,-0.544738,30
19343,2.602825,19
19344,2.307702,23
19345,4.402218,25
19346,2.207324,19
19347,3.948707,12
19348,3.85267,21
19349,3.244655,30
19350,4.086772,25
19351,2.683254,20
19352,2.99424,19
19353,-1.177475,17
19354,2.837843,30
19355,1.703606,30
19356,4.300492,21
19357,4.310198,30
19358,4.290762,20
19359,3.187034,30
19360,3.909435,18
19361,1.327772,30
19362,3.045263,27
19363,3.763835,20
19364,1.251442,18
19365,3.27613,13
19366,1.510386,30
19367,4.098834,30
19368,2.568659,16
19369,4.204832,17
19370,4.099791,27
19371,-0.981053,15
19372,4.209093,27
19373,0.284694,30
19374,3.818421,25
19375,3.090617,30
19376,4.342563,24
19377,3.233935,23
19378,2.766978,30
19379,4.228728,25
19380,1.45092,16
19381,2.510675,22
19382,3.321158,30
19383,1.785048,30
19384,3.309148,30
19385,-0.093358,30
19386,2.574064,13
19387,1.743421,10
19388,2.098974,30
19389,2.79289,20
19390,4.0813,25
19391,1.999783,19
19392,3.81157,30
19393,4.298629,18
19394,4.072409,29
19395,4.100067,19
19396,2.191594,18
19397,3.594585,23
19398,2.07731,25
19399,2.964315,17
19400,3.117639,30
19401,3.265138,30
19402,4.296963,23
19403,2.165271,10
19404,4.014427,16
19405,3.310888,30
19406,2.788511,13
19407,3.010402,30
19408,4.240802,22
19409,3.167977,30
19410,4.196245,22
19411,1.180577,30
19412,3.972952,28
19413,2.919699,30
19414,2.20529,21
19415,3.039275,20
19416,0.891086,12
19417,4.320451,23
19418,3.316905,30
19419,-1.503582,30
19420,3.032142,14
19421,1.005428,28
19422,2.298557,16
19423,3.596358,29
19424,-1.016891,22
19425,1.337951,30
19426,1.04872,30
19427,3.020164,30
19428,3.112974,30
19429,3.975841,29
19430,3.29732,30
19431,1.038376,24
19432,4.351602,19
19433,1.380877,27
19434,4.112239,28
19435,4.274946,23
19436,2.49433,25
19437,4.202483,26
19438,3.361597,30
19439,0.884448,11
19440,2.22836,28
19441,4.189282,30
19442,4.202923,21
19443,4.346983,17
19444,2.791319,21
19445,2.910162,30
19446,1.060963,30
19447,4.111771,17
19448,2.20098,26
19449,3.066549,30
19450,3.932503,23
19451,4.293513,27
19452,2.502696,18
19453,3.984756,25
19454,3.371083,20
19455,3.204796,30
19456,1.816465,29
19457,3.892365,18
19458,3.282918,30
19459,2.112858,30
19460,3.70176,19
19461,1.992272,30
19462,3.186691,30
19463,4.21075,23
19464,2.893245,18
19465,1.924116,24
19466,4.157783,27
19467,4.20499,30
19468,1.340211,30
19469,2.200658,22
19470,1.072787,20
19471,3.225094,30
19472,3.06957,23
19473,1.084556,20
19474,1.551618,15
19475,3.990287,17
19476,2.19217,18
19477,0.733051,17
19478,4.119686,23
19479,0.04134,30
19480,3.30373,30
19481,3.928968,26
19482,4.072807,25
19483,3.842154,19
19484,3.998642,27
19485,-1.381625,30
19486,2.257264,11
19487,0.168455,25
19488,1.115362,30
19489,4.19611,19
19490,3.355186,30
19491,2.666117,15
19492,2.853862,17
19493,2.933806,18
19494,4.260619,23
19495,4.157647,27
19496,2.590091,22
19497,4.266302,26
19498,2.739456,22
19499,4.155933,19
19500,4.144531,22
19501,2.469653,14
19502,2.286309,19
19503,3.049349,17
19504,2.232282,23
19505,-0.958386,30
19506,2.994708,30
19507,2.193857,22
19508,4.380826,21
19509,4.438329,30
19510,4.289687,24
19511,2.986108,30
19512,3.307481,20
19513,1.30267,30
19514,3.007903,25
19515,3.03911,17
19516,1.527154,30
19517,2.109978,30
19518,3.213802,30
19519,3.289862,30
19520,2.969366,20
19521,2.165161,30
19522,2.972229,30
19523,3.570661,27
19524,2.617673,20
19525,1.349532,30
19526,3.323623,30
19527,2.073124,30
19528,-1.118906,23
19529,2.536224,23
19530,3.131124,15
19531,1.860094,19
19532,3.999155,23
19533,3.218483,30
19534,2.824563,21
19535,3.910943,16
19536,4.03049,26
19537,3.900408,15
19538,4.193965,19
19539,2.187057,27
19540,4.018573,20
19541,1.864479,30
19542,4.193502,26
19543,1.691766,15
19544,3.723992,17
19545,0.787046,30
19546,-3.638472,27
19547,4.132477,25
19548,1.996489,30
19549,1.023506,16
19550,3.228222,30
19551,3.385073,30
19552,-0.48061,30
19553,1.699584,27
19554,0.558785,29
19555,1.410169,30
19556,3.776581,21
19557,3.373298,30
19558,3.986952,27
19559,1.785133,30
19560,4.117106,28
19561,4.270519,16
19562,0.763347,30
19563,3.782745,22
19564,3.242547,30
19565,4.162663,25
19566,2.874134,23
19567,3.889857,17
19568,4.155768,20
19569,4.001724,24
19570,0.249088,30
19571,1.805227,29
19572,4.059111,30
19573,3.219884,30
19574,1.666225,17
19575,2.967034,25
19576,3.606927,18
19577,1.795352,11
19578,4.102639,24
19579,3.759288,20
19580,4.031052,20
19581,4.450118,28
19582,3.437239,19
19583,-1.493465,20
19584,2.833601,18
19585,3.208195,30
19586,1.288816,30
19587,2.937786,30
19588,3.074286,13
19589,0.265186,15
19590,3.273454,30
19591,3.757528,21
19592,3.379806,24
19593,2.937253,25
19594,4.105026,23
19595,4.104501,24
19596,4.282434,17
19597,3.128018,15
19598,1.218843,30
19599,3.371324,30
19600,3.249796,30
19601,3.350511,30
19602,3.181466,30
19603,4.358842,26
19604,1.984722,24
19605,3.744323,23
19606,3.931,18
19607,2.099263,30
19608,3.048005,19
19609,3.816116,17
19610,0.954502,24
19611,1.591082,17
19612,3.2083,30
19613,3.108514,30
19614,1.951338,21
19615,2.247085,20
19616,-0.21074,30
19617,3.672361,24
19618,3.972785,21
19619,1.469675,30
19620,4.225998,23
19621,4.380284,21
19622,1.284569,30
19623,1.211879,30
19624,1.689661,16
19625,0.893068,20
19626,4.219144,21
19627,1.421005,28
19628,2.760099,30
19629,4.235431,17
19630,0.990639,17
19631,2.123164,14
19632,1.886573,21
19633,3.305057,30
19634,3.283451,30
19635,3.194304,30
19636,3.349489,30
19637,3.134245,30
19638,2.853976,15
19639,1.329364,30
19640,4.088841,23
19641,3.986638,20
19642,2.16278,30
19643,3.285913,30
19644,2.858882,30
19645,1.650103,17
19646,2.810755,30
19647,1.471876,11
19648,2.549644,22
19649,4.166881,25
19650,4.349307,20
19651,2.869171,13
19652,4.306361,26
19653,2.027377,30
19654,4.015448,20
19655,3.858252,27
19656,-0.848208,30
19657,1.66756,26
19658,2.16778,18
19659,3.61568,26
19660,2.893085,29
19661,3.581641,20
19662,1.810847,30
19663,3.706367,22
19664,2.412708,19
19665,4.034736,18
19666,2.932661,23
19667,3.30186,30
19668,4.130683,29
19669,3.420201,19
19670,3.02086,20
19671,2.54903,22
19672,3.213728,30
19673,4.068789,28
19674,4.316226,26
19675,3.277044,30
19676,0.858383,23
19677,0.129518,30
19678,-0.367035,19
19679,1.895865,30
19680,0.811918,30
19681,4.197796,13
19682,2.131311,14
19683,4.047556,23
19684,2.853991,25
19685,3.22025,30
19686,4.204456,17
19687,2.887239,18
19688,3.252802,30
19689,3.230101,30
19690,3.098913,13
19691,2.868953,21
19692,2.150362,20
19693,2.7068,20
19694,3.789326,24
19695,1.395766,30
19696,2.849566,25
19697,3.346319,30
19698,3.050628,30
19699,2.984702,21
19700,2.08891,30
19701,3.319322,30
19702,-0.718548,30
19703,3.424924,30
19704,-3.327097,30
19705,4.264456,21
19706,3.507411,23
19707,1.855381,18
19708,2.715257,20
19709,2.427058,30
19710,2.187896,23
19711,3.911017,25
19712,3.033692,21
19713,2.674361,16
19714,1.456819,12
19715,-0.844978,30
19716,4.129697,17
19717,3.440723,17
19718,3.011316,30
19719,2.264596,30
19720,2.861105,17
19721,3.953905,22
19722,3.272339,30
19723,1.218873,30
19724,2.567086,30
19725,2.65647,25
19726,3.258624,30
19727,4.226165,23
19728,1.470312,15
19729,2.638113,22
19730,3.751711,13
19731,1.46976,30
19732,3.001537,14
19733,0.250115,26
19734,4.257574,26
19735,4.094583,21
19736,2.915844,27
19737,2.893046,21
19738,4.345429,24
19739,-0.060499,30
19740,0.953081,28
19741,-1.113693,19
19742,1.32634,30
19743,2.354994,24
19744,3.60845,29
19745,2.750074,30
19746,2.822004,11
19747,4.286731,22
19748,2.018389,30
19749,0.74231,30
19750,2.759828,30
19751,3.146886,30
19752,3.254046,30
19753,2.212432,28
19754,3.032071,21
19755,0.9513,30
19756,3.833331,29
19757,2.43679,30
19758,2.719582,28
19759,4.363475,15
19760,3.104161,30
19761,2.959554,30
19762,2.66891,20
19763,2.789241,30
19764,2.83096,30
19765,1.983386,17
19766,2.821336,15
19767,2.929453,27
19768,3.185897,30
19769,-0.707162,30
19770,4.252358,30
19771,1.714709,30
19772,4.33951,26
19773,0.872819,23
19774,0.668806,27
19775,3.958281,17
19776,2.84019,16
19777,1.17129,30
19778,2.976881,11
19779,2.976434,20
19780,3.762169,23
19781,4.111925,23
19782,3.115607,30
19783,4.327991,25
19784,3.216899,30
19785,4.147709,21
19786,4.297959,22
19787,2.852039,22
19788,3.172651,30
19789,2.540864,27
19790,0.05647,22
19791,3.706557,28
19792,3.061788,30
19793,3.715416,17
19794,3.225866,30
19795,2.683646,30
19796,1.047396,30
19797,1.327736,30
19798,3.320662,30
19799,4.130149,24
19800,4.143864,18
19801,1.943035,25
19802,3.747392,20
19803,4.032029,21
19804,0.10764,30
19805,3.893985,18
19806,1.854808,30
19807,3.262698,30
19808,4.31904,27
19809,1.076483,30
19810,4.080112,30
19811,2.896793,14
19812,3.197001,30
19813,2.805461,18
19814,2.315691,20
19815,3.997368,27
19816,2.793658,30
19817,3.816555,27
19818,3.335209,30
19819,4.198015,28
19820,2.78502,17
19821,3.423755,30
19822,3.218769,30
19823,4.212074,24
19824,3.853856,24
19825,1.271442,30
19826,2.829012,30
19827,0.937463,30
19828,1.654272,23
19829,1.204346,30
19830,2.286675,30
19831,2.696677,30
19832,-0.044935,30
19833,4.017391,29
19834,3.856349,30
19835,1.109223,30
19836,1.050732,30
19837,0.508258,27
19838,2.936115,30
19839,2.948924,15
19840,3.278991,30
19841,2.969866,30
19842,1.98057,26
19843,0.432076,30
19844,1.594598,18
19845,4.271756,14
19846,4.192591,26
19847,3.729926,22
19848,4.085179,24
19849,3.805144,17
19850,2.856448,12
19851,1.970774,16
19852,2.625755,15
19853,4.233482,19
19854,3.918617,28
19855,-0.517969,17
19856,-1.293802,18
19857,2.718866,20
19858,2.814763,30
19859,4.089325,15
19860,3.89823,30
19861,3.034576,16
19862,3.972016,26
19863,3.022974,30
19864,2.054518,21
19865,3.888023,30
19866,4.138633,22
19867,3.398502,30
19868,3.118933,30
19869,3.057135,30
19870,3.279117,30
19871,0.069781,30
19872,4.40312,21
19873,4.133376,20
19874,1.02942,20
19875,4.069272,19
19876,3.091992,16
19877,3.602974,20
19878,3.595107,29
19879,2.907679,11
19880,3.720687,25
19881,3.238516,30
19882,1.337357,30
19883,2.965409,30
19884,3.966935,20
19885,1.049775,15
19886,1.281757,14
19887,4.194249,16
19888,4.17845,24
19889,0.992345,30
19890,2.862416,30
19891,1.353359,13
19892,2.543732,30
19893,-5.110481,30
19894,0.033949,30
19895,0.894966,30
19896,3.342105,14
19897,2.121788,26
19898,2.936903,30
19899,-1.032987,21
19900,2.551064,30
19901,3.114017,16
19902,3.311036,30
19903,3.35965,30
19904,3.817165,30
19905,4.294758,25
19906,4.170588,30
19907,-0.752786,30
19908,3.835699,25
19909,3.926242,21
19910,0.139444,23
19911,3.355149,30
19912,3.236648,30
19913,1.191124,12
19914,4.366481,23
19915,1.241792,30
19916,2.675429,28
19917,2.546141,9
19918,3.27864,30
19919,3.101687,26
19920,2.600949,30
19921,3.974633,28
19922,3.859885,16
19923,4.118351,21
19924,1.022713,30
19925,3.365681,30
19926,3.946957,20
19927,4.290881,17
19928,4.35667,30
19929,2.924244,30
19930,4.385116,26
19931,0.797513,30
19932,0.654441,30
19933,2.82258,22
19934,3.681494,20
19935,4.153416,26
19936,2.945594,27
19937,2.596779,25
19938,2.460535,30
19939,3.678564,27
19940,1.595118,27
19941,0.996819,30
19942,4.169861,29
19943,3.01651,30
19944,2.571665,30
19945,-0.053638,16
19946,4.179398,24
19947,2.890613,30
19948,1.148202,30
19949,4.146243,26
19950,4.313602,23
19951,2.957567,11
19952,2.101476,25
19953,2.863179,30
19954,3.386075,30
19955,3.07765,30
19956,0.738322,30
19957,3.157019,30
19958,3.890447,14
19959,3.358034,30
19960,2.174778,22
19961,2.713408,17
19962,4.084791,26
19963,3.709283,14
19964,3.928439,30
19965,4.155424,21
19966,0.880072,17
19967,3.207882,30
19968,3.162428,30
19969,4.11655,17
19970,3.749944,15
19971,3.175162,30
19972,1.973263,30
19973,1.57908,17
19974,3.437494,30
19975,2.871218,23
19976,4.243647,20
19977,3.969212,16
19978,3.514551,26
19979,3.722703,15
19980,4.364318,24
19981,-1.651803,30
19982,3.183415,17
19983,4.024086,16
19984,0.890495,30
19985,0.998206,21
19986,3.1369,30
19987,4.307086,21
19988,3.361257,30
19989,0.589686,30
19990,3.518359,19
19991,2.137949,23
19992,1.388198,30
19993,4.306117,16
19994,0.968227,20
19995,1.223931,30
19996,2.525127,24
19997,3.451555,30
19998,3.133496,30
19999,3.101023,28
20000,4.164509,19
20001,2.997087,16
20002,2.242506,30
20003,4.322608,20
20004,3.891882,20
20005,4.040218,14
20006,1.388585,30
20007,2.760028,30
20008,4.323634,18
20009,1.502732,27
20010,2.888771,20
20011,3.624022,22
20012,1.860788,14
20013,0.774407,18
20014,3.302477,30
20015,2.879502,30
20016,2.8731,19
20017,2.474708,30
20018,4.269723,18
20019,3.752648,17
20020,0.932188,30
20021,0.887611,30
20022,2.551775,30
20023,4.172824,27
20024,1.195094,30
20025,3.059858,16
20026,0.753514,30
20027,4.236934,25
20028,3.346685,30
20029,4.10459,28
20030,2.662,14
20031,2.821832,15
20032,4.091944,25
20033,4.340772,30
20034,2.330805,22
20035,4.170605,17
20036,3.054622,18
20037,3.167069,30
20038,3.100444,30
20039,2.915676,18
20040,3.148537,16
20041,2.368119,21
20042,2.954302,17
20043,3.383246,30
20044,3.073693,30
20045,-0.635545,26
20046,1.213153,30
20047,3.287267,30
20048,4.14656,24
20049,1.907559,22
20050,0.19743,30
20051,2.241276,22
20052,1.92204,19
20053,2.968732,15
20054,4.169397,30
20055,3.276231,30
20056,3.094691,15
20057,3.22642,30
20058,2.19024,17
20059,2.999967,13
20060,2.970914,17
20061,2.75437,16
20062,3.094162,30
20063,-1.243809,15
20064,2.927674,13
20065,4.382049,25
20066,3.006418,12
20067,2.498035,25
20068,1.151788,30
20069,-1.259832,23
20070,-0.007856,30
20071,2.634552,21
20072,2.441692,10
20073,3.016565,30
20074,3.932107,20
20075,1.297411,30
20076,4.185837,15
20077,1.348255,30
20078,-1.048153,23
20079,3.122873,30
20080,3.472665,28
20081,4.316115,27
20082,3.299107,30
20083,1.883428,30
20084,2.437003,28
20085,0.035347,30
20086,1.597415,24
20087,3.441385,14
20088,2.699232,21
20089,4.262098,16
20090,4.163117,22
20091,3.049568,30
20092,3.026848,30
20093,3.852864,28
20094,2.078913,30
20095,4.014403,20
20096,2.893264,16
20097,4.410016,29
20098,1.420468,30
20099,1.388641,30
20100,0.079057,30
20101,4.125906,28
20102,3.309002,30
20103,2.793154,24
20104,1.993605,16
20105,3.957347,22
20106,2.074513,26
20107,0.691855,13
20108,3.215895,30
20109,2.198511,16
20110,3.256804,30
20111,0.030189,19
20112,1.187951,30
20113,3.367029,30
20114,0.933136,30
20115,1.224656,30
20116,4.009046,16
20117,4.273961,20
20118,-0.759748,30
20119,3.264486,30
20120,2.88219,17
20121,2.367823,28
20122,2.939343,13
20123,1.721044,29
20124,3.237879,30
20125,1.35265,30
20126,4.288234,29
20127,4.106324,17
20128,3.851611,20
20129,3.292554,30
20130,4.156943,26
20131,4.197478,21
20132,2.941932,23
20133,3.304211,30
20134,3.257722,30
20135,1.162643,30
20136,2.017114,30
20137,3.826075,24
20138,2.76028,12
20139,2.632302,30
20140,2.902502,30
20141,2.105781,23
20142,4.443339,18
20143,-1.74426,15
20144,4.30797,25
20145,1.518499,12
20146,-0.258271,30
20147,2.146383,26
20148,3.298631,30
20149,2.10981,30
20150,3.356042,30
20151,2.962033,30
20152,0.745502,24
20153,3.226756,30
20154,3.275006,19
20155,1.404785,30
20156,4.420242,25
20157,1.163644,28
20158,3.375431,30
20159,4.067326,23
20160,3.465877,13
20161,3.167601,20
20162,2.923726,22
20163,3.003939,22
20164,2.931249,21
20165,3.287533,30
20166,3.162706,30
20167,1.772632,30
20168,4.026258,20
20169,4.128409,23
20170,3.863155,20
20171,4.321194,23
20172,0.913117,17
20173,4.400795,30
20174,3.906828,24
20175,2.132874,24
20176,1.052952,16
20177,3.113307,30
20178,1.051449,28
20179,2.776235,18
20180,1.763235,29
20181,2.712275,30
20182,4.361178,25
20183,3.127664,30
20184,3.030261,18
20185,2.264887,19
20186,4.274024,24
20187,3.363819,30
20188,2.049323,22
20189,2.7818,30
20190,3.329496,30
20191,3.848557,30
20192,2.388754,14
20193,4.167893,29
20194,1.994649,30
20195,2.800037,16
20196,3.39593,30
20197,1.290534,30
20198,-0.246159,30
20199,2.15273,20
20200,3.868456,26
20201,1.199168,30
20202,3.344234,30
20203,4.056022,22
20204,4.131432,13
20205,3.368988,30
20206,3.142516,30
20207,4.412966,29
20208,4.099178,18
20209,0.601665,13
20210,3.015949,17
20211,2.719648,15
20212,3.314043,30
20213,2.048941,23
20214,2.670714,20
20215,4.227593,17
20216,3.880947,20
20217,2.623145,30
20218,4.000647,29
20219,4.024498,26
20220,-0.065861,30
20221,4.081629,18
20222,3.265777,30
20223,3.228553,30
20224,4.334929,18
20225,3.781293,22
20226,4.171161,13
20227,3.193325,26
20228,3.295396,30
20229,2.088654,30
20230,3.04511,30
20231,3.118016,30
20232,1.079442,30
20233,2.706124,11
20234,3.077187,30
20235,3.928508,14
20236,2.077485,16
20237,1.696678,15
20238,2.481718,30
20239,3.978907,27
20240,3.738843,19
20241,4.022109,21
20242,2.564457,15
20243,2.990269,30
20244,3.499711,21
20245,1.12796,30
20246,3.041845,30
20247,1.954784,30
20248,4.165184,29
20249,3.785581,25
20250,4.23555,25
20251,3.658011,24
20252,2.042046,17
20253,3.118302,30
20254,2.128946,30
20255,2.862422,15
20256,2.930852,19
20257,4.14166,18
20258,3.475112,20
20259,4.046499,17
20260,3.884894,20
20261,3.573134,16
20262,3.949917,22
20263,4.014023,17
20264,1.951989,23
20265,4.134463,23
20266,3.961747,27
20267,3.138399,30
20268,3.268725,30
20269,3.219958,30
20270,1.182397,30
20271,2.147341,26
20272,2.060831,19
20273,3.231138,30
20274,3.761768,21
20275,1.625836,30
20276,3.257298,30
20277,0.455983,13
20278,2.7829,24
20279,1.442399,30
20280,3.088824,30
20281,4.332286,28
20282,4.26102,24
20283,4.187594,21
20284,2.27517,30
20285,2.776422,18
20286,4.118785,22
20287,4.323411,22
20288,3.293002,30
20289,1.938488,20
20290,-2.543979,12
20291,2.881965,29
20292,2.825524,30
20293,2.875789,23
20294,3.977102,20
20295,1.60446,21
20296,2.47816,16
20297,0.346322,22
20298,4.074842,17
20299,3.357519,30
20300,3.636501,21
20301,4.137,29
20302,3.341637,30
20303,3.409587,30
20304,1.71698,19
20305,1.538492,15
20306,2.899829,26
20307,1.888466,30
20308,3.282308,30
20309,0.935686,16
20310,4.327109,20
20311,2.782684,30
20312,3.33486,30
20313,2.134413,21
20314,3.003851,30
20315,3.441692,30
20316,0.452923,30
20317,0.94973,30
20318,4.284453,27
20319,3.606862,27
20320,3.682536,19
20321,3.31645,30
20322,3.058435,20
20323,1.547223,17
20324,1.507171,20
20325,3.153188,30
20326,3.129273,30
20327,4.142479,17
20328,3.230967,30
20329,3.087117,30
20330,3.261456,30
20331,2.962568,30
20332,3.631327,19
20333,2.709839,30
20334,1.624531,17
20335,4.136876,30
20336,3.705426,18
20337,-0.878421,30
20338,3.922838,28
20339,1.281732,30
20340,2.868281,12
20341,2.939438,12
20342,2.036034,27
20343,0.150536,17
20344,4.164463,30
20345,4.052287,30
20346,2.098359,15
20347,0.92899,18
20348,1.147124,30
20349,2.821064,30
20350,4.095481,25
20351,3.347553,30
20352,3.451585,23
20353,0.930595,15
20354,1.950672,19
20355,3.352,30
20356,4.409213,26
20357,3.016684,30
20358,3.903296,27
20359,3.042924,30
20360,3.89157,19
20361,2.85504,21
20362,1.283352,30
20363,2.396102,27
20364,0.791872,23
20365,2.659573,30
20366,3.271189,30
20367,3.07981,16
20368,2.675496,30
20369,3.340684,16
20370,1.919354,30
20371,4.215925,21
20372,4.346504,17
20373,3.941928,24
20374,0.139345,17
20375,3.899114,27
20376,2.685861,27
20377,4.10398,22
20378,-2.118281,30
20379,1.273125,30
20380,2.582689,20
20381,4.144706,21
20382,0.396432,17
20383,3.01868,30
20384,3.221912,30
20385,2.566718,30
20386,1.132963,15
20387,3.00607,18
20388,1.732824,30
20389,4.415085,19
20390,2.64434,30
20391,1.218018,30
20392,3.552413,26
20393,3.65077,18
20394,1.196727,30
20395,1.438269,19
20396,4.082893,26
20397,3.319833,30
20398,2.932531,30
20399,2.945629,16
20400,-2.392631,30
20401,0.913394,30
20402,3.209824,30
20403,3.100505,30
20404,4.271512,19
20405,3.658995,19
20406,1.678126,26
20407,-0.726892,30
20408,4.063536,26
20409,-2.224673,30
20410,3.019718,22
20411,4.015395,27
20412,2.246845,21
20413,3.063777,13
20414,1.336055,30
20415,4.296469,19
20416,2.729772,30
20417,3.596769,15
20418,-1.188572,30
20419,3.304124,30
20420,3.596072,22
20421,3.260548,30
20422,3.017255,30
20423,3.173526,30
20424,2.992804,19
20425,3.303877,30
20426,3.817793,26
20427,2.953749,12
20428,3.214814,22
20429,3.373549,30
20430,4.223177,18
20431,3.692944,26
20432,2.247875,30
20433,2.371877,16
20434,2.126614,30
20435,2.76993,22
20436,3.2673,30
20437,3.708701,15
20438,4.351709,15
20439,-1.035749,20
20440,3.839811,27
20441,3.0014,15
20442,2.885881,30
20443,2.578113,19
20444,3.083596,22
20445,3.847757,15
20446,2.884968,11
20447,2.912003,12
20448,3.28148,30
20449,2.119572,15
20450,3.210481,30
20451,2.972432,30
20452,0.964892,30
20453,3.249856,30
20454,3.132574,19
20455,4.24458,26
20456,3.456971,27
20457,0.027146,30
20458,3.359893,30
20459,-2.300015,28
20460,3.252606,30
20461,3.26636,30
20462,0.725904,21
20463,1.269347,30
20464,0.265733,30
20465,2.997308,14
20466,2.805905,17
20467,3.040828,30
20468,3.087457,15
20469,3.379445,30
20470,0.521851,30
20471,4.193816,28
20472,4.016908,20
20473,3.821633,20
20474,3.918377,25
20475,3.272286,24
20476,3.894446,12
20477,3.764436,14
20478,0.057452,23
20479,2.843089,30
20480,2.108894,26
20481,3.869231,19
20482,2.87307,30
20483,2.743518,25
20484,4.088399,30
20485,3.144238,30
20486,1.696103,12
20487,3.979668,27
20488,0.773018,30
20489,3.239366,30
20490,3.055799,30
20491,2.025654,30
20492,3.444267,26
20493,4.310581,22
20494,2.92149,30
20495,4.144591,17
20496,3.473929,30
20497,-0.814858,30
20498,2.862087,27
20499,4.137234,25
20500,-1.211476,16
20501,1.710045,30
20502,3.604342,15
20503,3.297674,30
20504,3.365983,30
20505,2.662556,19
20506,1.745406,30
20507,1.739467,18
20508,3.557493,23
20509,1.617326,14
20510,3.261607,30
20511,2.942637,19
20512,2.061405,21
20513,-0.695328,16
20514,3.382678,30
20515,4.511709,29
20516,4.028608,21
20517,-1.011109,18
20518,3.285695,30
20519,2.626913,30
20520,1.568558,18
20521,0.109846,26
20522,3.288542,30
20523,2.516301,26
20524,2.270138,24
20525,3.325772,27
20526,4.186755,23
20527,3.095482,30
20528,3.366349,30
20529,1.904895,23
20530,4.082133,20
20531,2.727516,30
20532,2.913218,14
20533,2.283153,24
20534,1.652938,16
20535,4.01118,28
20536,4.062036,18
20537,3.262634,30
20538,3.185946,30
20539,3.510742,27
20540,4.155885,27
20541,1.659485,30
20542,3.891791,16
20543,4.004537,30
20544,3.096781,19
20545,2.654304,29
20546,4.161204,22
20547,4.048807,25
20548,1.983969,26
20549,2.96264,11
20550,4.100216,19
20551,4.256729,28
20552,1.997121,22
20553,3.213971,30
20554,3.274105,30
20555,3.145146,30
20556,1.982057,23
20557,4.179301,23
20558,2.286459,22
20559,2.864151,30
20560,3.55015,16
20561,3.022486,30
20562,2.295036,23
20563,-0.027418,30
20564,-0.061802,25
20565,2.159863,21
20566,4.16242,16
20567,4.25251,19
20568,4.268729,22
20569,1.268507,30
20570,0.116681,30
20571,3.341381,30
20572,2.965004,17
20573,4.25233,18
20574,3.259806,30
20575,3.039527,30
20576,4.077685,24
20577,3.357251,30
20578,1.897118,27
20579,2.084462,30
20580,3.217906,30
20581,3.254791,30
20582,4.210788,15
20583,1.266278,19
20584,1.334695,30
20585,2.858106,30
20586,3.363263,26
20587,4.204438,12
20588,3.936158,17
20589,4.220793,28
20590,4.1201,21
20591,4.202017,22
20592,4.123914,18
20593,1.766434,9
20594,3.942103,30
20595,2.181374,12
20596,4.102075,21
20597,4.223013,19
20598,4.296345,22
20599,3.9911,18
20600,3.310318,30
20601,0.077799,30
20602,3.418953,20
20603,2.285121,16
20604,3.204245,30
20605,-0.883774,30
20606,1.354131,30
20607,0.772992,12
20608,3.332139,30
20609,2.841145,30
20610,1.400076,30
20611,0.547647,24
20612,2.351692,30
20613,-0.633005,30
20614,4.255528,29
20615,4.382559,22
20616,2.391065,21
20617,-0.012868,30
20618,3.391945,30
20619,-0.021901,20
20620,1.246011,30
20621,3.724373,20
20622,2.731912,14
20623,3.230817,30
20624,1.440261,27
20625,-0.719299,18
20626,0.288583,28
20627,2.874274,20
20628,3.319919,30
20629,1.959262,30
20630,3.298679,30
20631,3.086583,30
20632,3.172941,30
20633,1.722396,30
20634,3.344094,30
20635,1.258844,30
20636,3.371154,30
20637,4.162775,16
20638,4.330516,18
20639,-0.220391,30
20640,2.107669,21
20641,1.214098,16
20642,2.981683,15
20643,0.817128,14
20644,1.961976,30
20645,3.21307,30
20646,4.267185,17
20647,1.595676,27
20648,0.025052,30
20649,3.23462,30
20650,-1.056295,30
20651,4.164373,29
20652,3.844731,27
20653,4.105702,21
20654,3.711891,27
20655,2.097397,30
20656,4.040336,28
20657,1.41527,30
20658,0.08405,23
20659,2.160896,23
20660,3.932335,25
20661,1.337252,19
20662,0.319008,30
20663,3.228291,21
20664,4.161918,17
20665,1.239277,30
20666,3.131227,30
20667,2.989976,14
20668,2.669574,30
20669,2.858277,28
20670,3.695119,22
20671,1.77755,30
20672,4.317787,17
20673,3.781952,23
20674,3.974458,18
20675,3.197023,30
20676,2.096728,30
20677,3.209472,30
20678,2.410814,14
20679,4.328078,20
20680,1.248982,30
20681,1.57607,30
20682,2.009108,16
20683,4.211193,20
20684,3.210987,30
20685,0.630514,30
20686,2.65249,30
20687,2.118326,16
20688,3.083136,13
20689,1.297359,30
20690,2.97547,17
20691,3.171181,30
20692,3.313509,30
20693,2.684725,29
20694,0.84648,30
20695,3.086921,30
20696,3.738812,21
20697,4.283688,15
20698,0.258878,30
20699,2.237783,30
20700,-1.899818,30
20701,4.319542,24
20702,4.169028,17
20703,0.86008,18
20704,3.279704,30
20705,1.304271,30
20706,4.099042,24
20707,3.138917,30
20708,1.929041,30
20709,4.076932,21
20710,3.311838,30
20711,2.326388,19
20712,0.363501,30
20713,-0.108413,30
20714,4.08859,26
20715,2.565542,25
20716,2.534294,30
20717,1.470565,25
20718,1.846022,19
20719,3.422157,17
20720,3.391237,30
20721,3.407772,30
20722,2.548349,30
20723,4.257319,21
20724,3.212033,30
20725,2.760861,27
20726,3.293103,30
20727,3.339583,30
20728,-1.049339,18
20729,0.910243,30
20730,4.175457,22
20731,3.349158,30
20732,4.18584,27
20733,1.707029,20
20734,2.856028,11
20735,3.13931,30
20736,1.548839,12
20737,4.132458,28
20738,3.034155,13
20739,4.172338,20
20740,-0.928513,30
20741,3.161355,30
20742,4.156224,24
20743,4.021851,24
20744,3.129677,30
20745,0.359142,16
20746,4.322605,25
20747,1.776446,30
20748,1.894075,30
20749,1.102322,30
20750,1.701205,30
20751,2.943725,18
20752,2.071679,16
20753,3.001836,30
20754,3.318206,30
20755,2.393037,30
20756,2.125905,27
20757,3.259318,30
20758,4.098499,29
20759,3.07852,19
20760,-0.133729,30
20761,4.320159,19
20762,2.931612,30
20763,4.401746,19
20764,3.345526,30
20765,2.675447,13
20766,2.927391,17
20767,3.131227,20
20768,4.17463,16
20769,1.167005,30
20770,2.967501,14
20771,2.016857,30
20772,1.682729,11
20773,2.05534,30
20774,1.317569,30
20775,-0.474231,22
20776,4.267624,30
20777,1.383127,30
20778,3.282186,30
20779,0.830157,22
20780,4.363189,24
20781,4.138211,30
20782,1.390605,30
20783,-0.954564,23
20784,1.345637,30
20785,4.377332,16
20786,3.545026,23
20787,3.248623,30
20788,3.317276,30
20789,4.369605,15
20790,2.826233,20
20791,3.068858,30
20792,1.245555,30
20793,2.485134,30
20794,2.748129,10
20795,-0.899145,30
20796,1.033147,13
20797,3.381594,30
20798,3.375074,30
20799,2.894121,30
20800,-0.07878,30
20801,3.185827,30
20802,2.99368,22
20803,3.428839,30
20804,2.202501,27
20805,1.544938,16
20806,3.199298,30
20807,2.24211,30
20808,3.338265,30
20809,2.898555,30
20810,1.171946,30
20811,2.767281,22
20812,1.944718,30
20813,0.624572,16
20814,3.319652,30
20815,4.112273,24
20816,0.739486,22
20817,1.333132,30
20818,3.95655,26
20819,1.159971,30
20820,2.473547,25
20821,3.908832,22
20822,1.899814,30
20823,2.578324,30
20824,4.346501,23
20825,0.85918,24
20826,3.511587,25
20827,3.448261,30
20828,4.165871,23
20829,3.048526,29
20830,1.363376,30
20831,3.728356,29
20832,2.970055,16
20833,1.613881,9
20834,1.705263,18
20835,4.397884,18
20836,3.181472,24
20837,2.0508,28
20838,3.902879,25
20839,3.364196,18
20840,4.341146,24
20841,2.123878,23
20842,-0.054752,24
20843,3.58371,20
20844,1.338798,30
20845,2.077313,30
20846,3.31368,30
20847,3.375525,30
20848,2.934551,30
20849,4.12297,20
20850,3.370254,30
20851,4.198159,16
20852,2.817123,15
20853,1.09384,30
20854,2.718256,30
20855,3.825578,14
20856,3.975261,21
20857,2.541486,13
20858,2.85875,14
20859,2.890694,30
20860,4.3518,17
20861,2.848219,28
20862,3.184888,30
20863,4.015324,16
20864,4.129853,30
20865,2.123582,30
20866,4.017343,29
20867,-0.594662,30
20868,4.072864,18
20869,1.999963,27
20870,4.000308,17
20871,2.773139,30
20872,3.131755,19
20873,3.056896,16
20874,0.030886,30
20875,3.152342,30
20876,-0.735586,30
20877,2.869486,17
20878,2.995916,30
20879,3.999459,21
20880,3.194057,30
20881,3.075732,20
20882,4.028211,14
20883,4.078132,18
20884,3.29721,30
20885,2.975391,16
20886,4.150296,24
20887,4.2013,27
20888,3.024893,16
20889,1.14172,30
20890,4.198903,29
20891,-1.76356,30
20892,2.683166,15
20893,0.479311,20
20894,3.852271,20
20895,4.153163,23
20896,4.037325,20
20897,1.84895,30
20898,4.300427,24
20899,3.336548,30
20900,3.082014,17
20901,3.380209,30
20902,4.349425,27
20903,2.22378,23
20904,-2.712122,30
20905,4.147738,30
20906,3.085179,30
20907,2.338695,17
20908,2.036696,28
20909,0.815896,30
20910,3.261513,30
20911,3.294755,30
20912,0.969475,28
20913,3.754692,30
20914,4.334721,20
20915,0.521835,30
20916,3.053417,30
20917,1.029507,30
20918,3.935718,22
20919,2.370351,30
20920,3.342401,30
20921,3.155861,30
20922,2.704129,30
20923,4.135171,18
20924,1.154296,30
20925,1.799422,30
20926,3.88679,26
20927,3.858989,20
20928,-0.961479,30
20929,3.315468,30
20930,3.426615,30
20931,3.298719,30
20932,1.90387,22
20933,4.112735,20
20934,3.959888,28
20935,3.848949,23
20936,1.378329,30
20937,3.30048,30
20938,3.061403,18
20939,3.75345,26
20940,2.958794,30
20941,4.154192,30
20942,3.314429,30
20943,3.739823,20
20944,2.592036,20
20945,4.183242,28
20946,3.263334,30
20947,3.282953,30
20948,3.135626,30
20949,4.310879,23
20950,3.353154,30
20951,4.100207,21
20952,3.402957,30
20953,3.117961,15
20954,3.311036,30
20955,1.189191,30
20956,2.98989,15
20957,3.958921,27
20958,3.809569,26
20959,3.699802,18
20960,4.27418,18
20961,2.946899,30
20962,3.311966,30
20963,2.142597,30
20964,4.362439,24
20965,2.309326,23
20966,4.230704,28
20967,2.341651,23
20968,4.161681,26
20969,4.330044,29
20970,2.070705,30
20971,-0.273985,30
20972,4.197903,25
20973,2.840264,19
20974,4.164138,29
20975,4.259779,20
20976,0.855627,16
20977,3.419906,30
20978,3.118288,20
20979,3.199019,30
20980,0.812056,17
20981,4.044551,18
20982,3.404745,30
20983,4.210069,17
20984,3.068204,30
20985,1.192551,30
20986,4.154483,22
20987,4.285585,23
20988,3.354035,30
20989,0.072505,30
20990,1.811826,29
20991,2.216133,19
20992,4.115579,28
20993,3.57136,30
20994,4.088818,21
20995,2.953889,30
20996,2.444763,13
20997,3.283605,22
20998,1.175128,30
20999,2.536466,19
21000,2.973338,14
21001,1.892092,30
21002,1.711339,14
21003,-0.292722,19
21004,3.669616,28
21005,2.293015,22
21006,3.355914,30
21007,1.291032,21
21008,2.849903,30
21009,3.12414,30
21010,1.072918,18
21011,-0.108025,30
21012,0.98895,30
21013,3.659672,19
21014,2.966324,20
21015,3.204964,30
21016,1.854587,27
21017,3.430898,30
21018,2.833816,15
21019,4.001551,18
21020,4.364261,27
21021,3.205046,30
21022,3.024106,17
21023,2.615348,17
21024,3.298024,30
21025,4.116139,28
21026,4.084863,20
21027,4.205867,19
21028,3.753308,14
21029,4.052403,18
21030,1.571664,30
21031,1.586001,13
21032,2.317008,28
21033,3.021618,10
21034,3.251604,30
21035,1.743509,24
21036,4.008384,30
21037,1.952437,30
21038,3.237854,30
21039,3.331523,30
21040,2.014512,30
21041,4.165919,25
21042,3.318162,30
21043,3.105513,30
21044,-0.236235,25
21045,0.835092,30
21046,4.235636,26
21047,2.972304,14
21048,4.005917,15
21049,3.994748,20
21050,2.118513,30
21051,3.657796,19
21052,3.206805,30
21053,4.384768,27
21054,3.301184,30
21055,0.913213,30
21056,3.148038,30
21057,2.449641,30
21058,3.319457,30
21059,2.050561,28
21060,4.15544,17
21061,3.362651,30
21062,4.199845,30
21063,2.958588,30
21064,3.981991,30
21065,4.196576,28
21066,4.197821,20
21067,2.184099,25
21068,2.794271,15
21069,3.738934,22
21070,1.31057,30
21071,4.354819,22
21072,3.159969,30
21073,4.033145,18
21074,1.969033,30
21075,1.843931,21
21076,1.17409,30
21077,4.229602,14
21078,3.915288,19
21079,3.041728,30
21080,4.070026,23
21081,2.281077,23
21082,4.111389,15
21083,3.276166,30
21084,1.427255,30
21085,1.601309,9
21086,4.04084,26
21087,4.236072,21
21088,3.045704,12
21089,-0.827349,30
21090,2.945999,20
21091,-0.247546,30
21092,3.263233,30
21093,1.112528,14
21094,-2.932652,30
21095,3.389415,30
21096,1.181527,30
21097,2.869449,30
21098,2.856927,19
21099,4.399489,27
21100,4.283329,16
21101,4.326719,17
21102,3.901319,24
21103,4.160221,25
21104,4.418463,28
21105,3.392795,30
21106,2.934221,19
21107,2.098257,15
21108,2.837265,30
21109,2.842561,18
21110,3.572451,25
21111,3.041011,30
21112,3.179619,30
21113,0.609453,17
21114,2.928957,16
21115,-0.989191,30
21116,0.599212,30
21117,1.341859,13
21118,1.495821,30
21119,2.771491,30
21120,3.335477,30
21121,4.291802,26
21122,4.213033,20
21123,2.325797,12
21124,4.298184,20
21125,4.113005,21
21126,4.110608,28
21127,3.010694,17
21128,2.048404,23
21129,4.154743,26
21130,4.150022,20
21131,3.950038,18
21132,-1.972347,29
21133,1.315384,30
21134,4.274705,16
21135,2.439978,15
21136,2.841358,27
21137,1.063303,30
21138,-0.19264,19
21139,4.179016,14
21140,4.21358,26
21141,4.067668,14
21142,3.673065,14
21143,3.967497,23
21144,2.137743,23
21145,2.634877,11
21146,-0.603309,30
21147,4.061645,26
21148,2.101007,26
21149,2.794727,12
21150,2.773858,14
21151,1.037807,30
21152,3.592323,21
21153,3.162108,30
21154,4.315221,19
21155,3.943445,27
21156,3.210303,30
21157,4.223407,18
21158,4.115011,27
21159,0.968277,26
21160,0.613335,13
21161,4.341348,19
21162,2.131374,30
21163,3.697143,28
21164,0.64761,22
21165,2.162864,30
21166,-0.400419,30
21167,2.90945,30
21168,3.979539,19
21169,3.122357,30
21170,3.378118,30
21171,3.233837,30
21172,2.941249,30
21173,4.149872,25
21174,3.352609,30
21175,3.299389,30
21176,1.282503,30
21177,4.356489,21
21178,3.391877,15
21179,1.407351,30
21180,4.083416,24
21181,1.874551,17
21182,4.206069,22
21183,4.113979,25
21184,4.087641,24
21185,-4.068154,30
21186,4.346926,18
21187,-0.045638,21
21188,3.155622,15
21189,4.01047,22
21190,2.828914,30
21191,0.857634,29
21192,3.317854,30
21193,0.253971,23
21194,1.475448,30
21195,2.899621,30
21196,3.763185,21
21197,3.115845,30
21198,1.029815,30
21199,2.543429,19
21200,3.959543,22
21201,2.995771,30
21202,3.02269,30
21203,4.049604,25
21204,4.165005,28
21205,3.333481,30
21206,2.053278,29
21207,3.223817,30
21208,2.075392,23
21209,1.137283,30
21210,-0.694756,30
21211,2.853345,30
21212,2.922789,30
21213,4.13706,22
21214,1.888762,19
21215,2.302671,28
21216,3.391464,30
21217,1.72472,30
21218,2.048557,14
21219,3.986084,21
21220,3.098655,30
21221,3.117791,15
21222,3.355718,30
21223,2.230843,29
21224,3.928696,17
21225,2.060752,13
21226,4.147339,30
21227,0.636867,17
21228,3.316971,30
21229,3.809874,25
21230,4.182109,27
21231,2.906591,19
21232,2.282565,30
21233,4.341537,21
21234,2.726087,27
21235,3.983151,16
21236,2.213912,17
21237,4.362462,22
21238,2.782642,30
21239,2.870905,20
21240,4.210654,17
21241,0.069434,30
21242,3.364308,30
21243,3.712292,27
21244,4.220189,15
21245,2.987442,30
21246,4.232158,27
21247,3.039725,30
21248,2.269928,22
21249,3.208864,30
21250,4.058194,15
21251,1.988435,26
21252,1.450949,17
21253,4.007105,22
21254,1.238243,30
21255,3.355484,30
21256,0.980536,14
21257,2.128251,25
21258,0.872969,22
21259,3.227892,30
21260,3.437752,26
21261,3.621858,17
21262,3.724655,19
21263,2.612832,30
21264,4.195156,17
21265,1.877324,30
21266,4.088508,27
21267,2.298937,23
21268,4.370875,21
21269,1.740598,30
21270,3.380693,30
21271,1.148603,22
21272,1.201384,30
21273,1.865387,30
21274,4.140267,14
21275,1.397783,30
21276,2.736655,25
21277,-0.300149,17
21278,4.269206,22
21279,4.165103,15
21280,3.899211,26
21281,4.330959,18
21282,3.887518,25
21283,2.829126,30
21284,1.685652,30
21285,4.072144,18
21286,1.82877,30
21287,3.240593,30
21288,3.315145,30
21289,1.774183,20
21290,2.139301,22
21291,3.881374,25
21292,2.54221,12
21293,3.296972,30
21294,4.182383,21
21295,3.236821,30
21296,4.235575,15
21297,4.072607,18
21298,2.919517,15
21299,2.528902,22
21300,4.235396,24
21301,-0.965896,14
21302,3.072629,30
21303,4.142522,25
21304,4.214153,27
21305,-0.040312,19
21306,3.288283,30
21307,4.355935,21
21308,1.760809,30
21309,4.289877,16
21310,4.346052,17
21311,3.999056,27
21312,2.014297,30
21313,3.055755,30
21314,0.453576,30
21315,3.06032,14
21316,1.225591,30
21317,2.143306,19
21318,2.093264,30
21319,2.600094,28
21320,3.247962,30
21321,3.785919,22
21322,1.071009,30
21323,2.192568,18
21324,4.429957,29
21325,2.183141,16
21326,3.000691,30
21327,0.619868,26
21328,2.95126,14
21329,0.995638,19
21330,4.013401,19
21331,4.428072,30
21332,2.090449,18
21333,2.456256,23
21334,3.229542,30
21335,3.679787,27
21336,3.048728,12
21337,3.02424,30
21338,3.251751,30
21339,3.244767,30
21340,4.092949,25
21341,3.179211,30
21342,3.714459,17
21343,3.02254,30
21344,3.665929,16
21345,4.179632,21
21346,3.84334,20
21347,3.045986,30
21348,3.821815,10
21349,0.837114,30
21350,1.299348,30
21351,3.364413,30
21352,2.341751,27
21353,4.202328,15
21354,2.41343,13
21355,3.146797,30
21356,2.755584,17
21357,-0.012837,21
21358,3.099002,14
21359,-2.392201,30
21360,3.199412,30
21361,3.863957,24
21362,4.018284,30
21363,4.288549,22
21364,3.391763,30
21365,2.877387,30
21366,1.267203,30
21367,1.923742,29
21368,3.059472,15
21369,4.213377,13
21370,2.946592,30
21371,2.818,13
21372,2.289662,25
21373,3.295962,30
21374,4.086311,15
21375,3.000558,15
21376,3.23046,30
21377,1.600104,16
21378,4.250046,29
21379,2.672446,30
21380,0.904332,27
21381,4.238286,24
21382,2.995199,13
21383,2.37812,30
21384,2.786738,30
21385,3.318719,30
21386,0.615242,30
21387,3.047954,30
21388,3.237854,30
21389,0.69808,15
21390,1.93562,12
21391,3.850772,15
21392,0.109543,30
21393,3.697879,29
21394,2.447107,30
21395,4.132772,22
21396,3.28059,30
21397,3.89963,29
21398,4.05655,26
21399,2.1228,28
21400,3.062071,25
21401,1.866995,15
21402,4.208999,23
21403,3.198893,30
21404,1.492921,12
21405,4.141032,17
21406,3.935974,19
21407,1.897935,30
21408,3.190331,30
21409,1.058393,30
21410,0.46228,30
21411,3.618369,27
21412,-1.05277,30
21413,3.380505,19
21414,1.707862,30
21415,-1.12744,24
21416,0.364975,26
21417,3.015231,18
21418,2.127714,20
21419,4.241335,19
21420,3.430509,30
21421,3.122848,30
21422,0.924089,16
21423,4.32196,18
21424,2.313309,16
21425,0.299273,30
21426,3.724374,17
21427,2.818322,23
21428,3.069065,21
21429,4.199328,18
21430,4.211847,30
21431,3.401589,24
21432,1.510776,30
21433,4.059426,17
21434,3.409555,30
21435,1.990135,25
21436,3.236666,30
21437,2.268694,20
21438,3.038355,16
21439,2.844981,30
21440,3.32367,30
21441,2.986218,14
21442,3.903514,17
21443,2.535873,29
21444,3.319206,30
21445,3.139224,14
21446,3.063085,12
21447,3.21629,24
21448,3.643532,16
21449,3.337243,30
21450,3.155195,30
21451,3.722766,27
21452,3.751839,26
21453,3.081641,26
21454,0.847076,16
21455,3.608235,15
21456,2.325855,17
21457,3.209048,30
21458,2.848716,19
21459,3.632571,18
21460,4.006212,18
21461,1.002386,22
21462,1.000306,30
21463,3.404326,21
21464,3.777978,23
21465,2.926519,17
21466,3.03882,20
21467,1.839522,30
21468,3.045773,30
21469,3.433405,30
21470,3.605988,15
21471,-0.667613,30
21472,1.44353,14
21473,4.178832,13
21474,4.389312,19
21475,0.641024,30
21476,3.832776,22
21477,3.954777,14
21478,3.463689,26
21479,4.065333,15
21480,2.641006,27
21481,3.323808,30
21482,0.987162,30
21483,3.843253,23
21484,0.949301,30
21485,2.704746,19
21486,0.15049,22
21487,2.060025,12
21488,3.265736,30
21489,3.306516,30
21490,0.744599,30
21491,3.603408,25
21492,2.293496,19
21493,3.851514,24
21494,3.227243,30
21495,3.398839,30
21496,4.13163,15
21497,2.921689,30
21498,3.964522,29
21499,-0.920037,30
21500,4.071659,23
21501,1.521776,22
21502,1.152363,30
21503,4.184295,27
21504,4.104974,15
21505,3.04762,30
21506,2.851556,30
21507,4.146185,27
21508,2.984292,25
21509,4.20304,21
21510,3.262038,30
21511,3.41081,30
21512,1.509594,16
21513,3.303781,30
21514,3.25553,30
21515,2.145017,17
21516,4.082597,27
21517,0.052024,30
21518,3.226957,30
21519,-1.011787,27
21520,4.149549,28
21521,2.277817,30
21522,2.962651,30
21523,4.196255,20
21524,4.366561,20
21525,4.18066,26
21526,3.817108,16
21527,0.595522,17
21528,3.093909,30
21529,3.983925,18
21530,3.14839,30
21531,4.106595,15
21532,2.521054,30
21533,1.972044,22
21534,4.149979,23
21535,3.36735,30
21536,4.246604,19
21537,1.8433,26
21538,4.349324,19
21539,2.426585,21
21540,3.979579,24
21541,3.994312,19
21542,2.951695,25
21543,1.601209,24
21544,4.070291,21
21545,3.85864,24
21546,2.909998,17
21547,0.47658,23
21548,1.831585,30
21549,3.355656,30
21550,-3.519155,30
21551,4.234342,21
21552,-0.856041,30
21553,4.205323,26
21554,1.554296,30
21555,1.935829,30
21556,4.398604,21
21557,4.171819,29
21558,2.879183,16
21559,4.186773,15
21560,3.36754,30
21561,4.396158,24
21562,2.746781,11
21563,0.272492,26
21564,2.602823,30
21565,3.337309,30
21566,1.046817,30
21567,2.752432,25
21568,3.421902,30
21569,0.716977,30
21570,3.389918,30
21571,4.189951,30
21572,1.041717,14
21573,2.918284,21
21574,3.147393,30
21575,4.209656,16
21576,2.846537,30
21577,1.800883,15
21578,2.240366,20
21579,2.574199,19
21580,3.402472,30
21581,3.877098,25
21582,3.524971,17
21583,1.862059,17
21584,2.81895,30
21585,1.292833,30
21586,3.965148,28
21587,4.226956,19
21588,4.23627,20
21589,1.999053,19
21590,4.014514,30
21591,3.91957,21
21592,-1.118147,14
21593,3.279872,30
21594,3.365073,30
21595,3.762073,15
21596,0.523392,21
21597,3.461257,30
21598,4.185238,29
21599,3.026951,30
21600,4.238654,15
21601,3.111234,30
21602,3.248519,30
21603,3.335433,30
21604,4.106285,23
21605,1.915054,30
21606,3.27255,30
21607,4.079171,30
21608,3.987792,15
21609,3.721778,22
21610,4.287078,28
21611,3.972396,18
21612,1.312072,30
21613,3.248311,30
21614,4.286287,30
21615,4.040549,23
21616,3.397519,30
21617,3.322137,30
21618,2.934103,16
21619,3.860368,21
21620,3.836211,18
21621,2.545889,18
21622,3.444311,27
21623,4.042498,30
21624,-1.889647,30
21625,3.583546,12
21626,4.34302,14
21627,2.375381,30
21628,1.62183,10
21629,4.1727,19
21630,3.000029,23
21631,4.122395,20
21632,3.531955,17
21633,2.143257,22
21634,4.185183,29
21635,4.053633,13
21636,4.260603,25
21637,3.871949,21
21638,4.265868,14
21639,1.816501,20
21640,2.084173,30
21641,0.488961,30
21642,2.110102,30
21643,1.901243,16
21644,1.991234,18
21645,1.177434,30
21646,3.734397,30
21647,4.389256,23
21648,2.23966,20
21649,2.481242,10
21650,3.991381,30
21651,2.34473,24
21652,3.039356,17
21653,3.172548,30
21654,3.742288,16
21655,4.101555,25
21656,1.625232,23
21657,3.403432,30
21658,2.625439,30
21659,4.259554,22
21660,3.101626,30
21661,3.240745,30
21662,4.33421,22
21663,-0.678791,30
21664,1.918372,30
21665,4.119798,19
21666,4.242006,20
21667,2.180927,30
21668,4.016366,30
21669,3.365279,30
21670,4.239261,22
21671,2.816995,30
21672,3.319021,30
21673,4.155893,18
21674,2.561922,17
21675,4.381076,18
21676,1.744886,30
21677,3.162439,30
21678,-0.695727,23
21679,3.391065,16
21680,0.852713,11
21681,2.589894,30
21682,3.239344,30
21683,3.846237,30
21684,3.983201,16
21685,1.123529,30
21686,4.269582,24
21687,3.383596,30
21688,1.774767,26
21689,4.285598,21
21690,4.317711,27
21691,4.310368,26
21692,4.122661,21
21693,2.590227,30
21694,3.965245,19
21695,3.335524,30
21696,-0.707432,30
21697,1.375049,30
21698,1.360014,30
21699,2.841972,30
21700,4.219948,21
21701,-0.911662,18
21702,3.201789,30
21703,3.223306,30
21704,3.353428,30
21705,4.401538,18
21706,1.973047,30
21707,1.146218,30
21708,2.940247,30
21709,2.930717,18
21710,-0.730791,30
21711,4.196472,19
21712,2.978099,30
21713,4.104407,25
21714,3.282737,30
21715,4.065105,24
21716,3.15606,30
21717,2.276023,17
21718,1.213354,30
21719,4.243552,30
21720,4.260167,19
21721,3.245426,30
21722,1.999127,30
21723,4.374974,16
21724,3.101512,30
21725,4.104029,18
21726,3.405162,30
21727,3.456072,21
21728,1.182875,30
21729,2.460575,24
21730,0.84061,22
21731,3.5953,16
21732,2.97471,30
21733,2.986056,29
21734,2.900042,15
21735,4.121296,18
21736,4.323825,28
21737,1.985725,16
21738,3.387805,30
21739,4.338256,17
21740,4.155006,26
21741,0.618203,30
21742,2.137209,30
21743,1.26301,30
21744,1.487154,30
21745,3.988349,28
21746,3.935715,15
21747,4.286556,16
21748,1.280827,13
21749,2.258039,30
21750,3.150321,30
21751,2.873376,30
21752,4.351859,27
21753,3.574506,17
21754,4.006215,21
21755,3.263022,30
21756,4.064288,28
21757,3.34957,30
21758,2.804466,30
21759,4.282696,21
21760,3.159436,30
21761,3.192699,30
21762,3.160558,30
21763,2.72017,30
21764,0.896904,10
21765,2.446681,30
21766,3.96569,27
21767,1.209095,30
21768,2.759518,30
21769,1.54809,26
21770,2.124098,30
21771,4.681291,27
21772,4.208988,20
21773,3.864629,29
21774,3.340469,30
21775,1.358447,30
21776,4.209212,24
21777,3.952458,27
21778,3.417344,30
21779,1.124551,30
21780,3.442732,30
21781,3.133301,30
21782,3.347939,30
21783,4.052246,23
21784,3.269928,30
21785,4.184177,18
21786,2.152655,30
21787,1.838618,30
21788,3.420618,22
21789,4.242072,21
21790,3.361788,30
21791,2.988085,23
21792,3.379757,30
21793,2.758887,22
21794,4.026588,17
21795,4.120034,18
21796,4.295343,20
21797,3.267041,30
21798,2.734261,18
21799,1.492536,12
21800,3.398087,30
21801,4.119556,19
21802,1.132024,16
21803,4.252713,20
21804,2.621856,30
21805,4.358844,21
21806,2.827719,16
21807,3.760816,18
21808,2.266599,23
21809,3.049906,14
21810,2.635596,30
21811,4.039202,13
21812,0.428678,16
21813,4.203503,21
21814,3.135283,30
21815,4.027137,13
21816,1.552554,18
21817,2.927888,30
21818,4.36383,27
21819,3.869562,29
21820,4.057611,18
21821,4.347883,28
21822,3.342945,30
21823,4.295636,26
21824,4.056565,17
21825,0.870029,16
21826,4.225234,26
21827,2.498943,23
21828,3.376914,30
21829,4.002638,26
21830,3.41628,28
21831,3.234198,30
21832,-0.978576,30
21833,2.966184,20
21834,3.114318,30
21835,1.335876,30
21836,3.296878,30
21837,2.049511,14
21838,1.34218,30
21839,2.73845,21
21840,2.86162,18
21841,4.085007,20
21842,2.504698,21
21843,4.067042,19
21844,1.010718,30
21845,3.236297,30
21846,1.208693,30
21847,3.157547,30
21848,1.318552,30
21849,4.164349,20
21850,2.572368,30
21851,4.132923,27
21852,-3.343483,25
21853,3.367093,30
21854,3.314312,30
21855,1.845547,30
21856,4.186792,16
21857,2.152665,18
21858,3.35577,30
21859,2.309605,28
21860,-0.021237,30
21861,3.131948,30
21862,3.429015,30
21863,4.164323,16
21864,3.356703,30
21865,4.240903,29
21866,1.003023,29
21867,4.22373,30
21868,3.357412,30
21869,0.985867,30
21870,2.91318,21
21871,3.334291,30
21872,4.183052,27
21873,-0.754202,30
21874,3.138153,30
21875,3.067226,30
21876,3.339265,30
21877,0.860289,17
21878,3.257421,30
21879,3.40835,30
21880,2.213255,19
21881,1.168129,30
21882,1.357834,30
21883,2.927476,30
21884,3.699623,17
21885,3.182757,30
21886,3.347609,30
21887,3.277048,30
21888,4.346313,24
21889,0.90479,20
21890,4.148693,13
21891,4.06913,22
21892,4.045641,23
21893,1.883979,29
21894,3.247562,30
21895,4.03744,20
21896,4.083947,21
21897,3.021622,11
21898,2.323364,24
21899,2.491466,25
21900,3.412968,27
21901,1.193127,30
21902,3.290362,30
21903,3.822167,21
21904,0.715347,30
21905,1.668351,30
21906,0.273539,17
21907,1.475485,30
21908,2.351264,23
21909,2.53881,13
21910,3.946678,17
21911,3.230692,30
21912,2.723473,30
21913,2.736996,30
21914,2.344225,27
21915,3.864227,19
21916,4.210624,16
21917,2.27934,20
21918,3.702846,17
21919,4.381125,21
21920,4.421612,19
21921,3.903576,26
21922,4.336599,18
21923,4.343021,20
21924,3.389792,30
21925,2.896466,18
21926,4.053002,16
21927,2.753695,24
21928,0.174949,18
21929,3.232194,30
21930,3.938264,30
21931,3.558771,18
21932,3.059017,14
21933,3.177474,11
21934,2.773215,15
21935,3.318993,30
21936,2.802238,30
21937,4.150382,18
21938,3.184474,30
21939,4.201551,28
21940,3.312732,30
21941,4.002507,16
21942,4.081122,24
21943,4.245952,19
21944,3.555228,22
21945,4.297695,18
21946,4.085698,18
21947,4.06659,18
21948,1.835131,30
21949,1.086261,30
21950,2.361316,30
21951,3.019042,30
21952,3.039611,30
21953,3.83588,26
21954,3.743225,23
21955,2.188016,17
21956,3.091101,14
21957,3.208936,30
21958,3.526066,29
21959,3.355535,30
21960,3.229754,19
21961,4.318789,24
21962,3.085312,12
21963,3.518654,24
21964,4.194411,21
21965,3.148359,13
21966,1.996799,30
21967,3.945734,19
21968,1.034873,30
21969,4.226615,16
21970,4.075695,24
21971,4.398105,19
21972,1.670765,30
21973,2.177592,18
21974,1.909245,30
21975,4.28104,19
21976,1.972264,30
21977,4.168775,29
21978,4.227999,16
21979,4.16468,23
21980,0.807844,30
21981,4.23014,29
21982,2.202304,26
21983,2.545935,29
21984,4.166505,16
21985,4.396634,26
21986,1.756754,13
21987,2.137076,25
21988,4.355444,27
21989,4.388353,21
21990,3.034469,21
21991,2.299872,29
21992,3.354674,30
21993,1.744448,30
21994,2.832252,30
21995,3.180208,30
21996,4.227519,15
21997,0.955432,30
21998,3.372333,30
21999,1.349788,30
22000,1.540045,30
22001,4.191811,27
22002,3.207523,30
22003,3.7935,30
22004,2.744064,18
22005,2.813508,17
22006,3.330697,30
22007,3.325496,30
22008,1.552584,17
22009,3.248544,30
22010,3.039084,21
22011,4.132006,23
22012,3.269817,30
22013,0.467595,30
22014,4.262726,22
22015,2.516536,30
22016,4.098962,13
22017,-0.245935,30
22018,2.371001,24
22019,0.669317,22
22020,-1.116613,30
22021,2.206006,17
22022,2.182017,16
22023,1.842477,30
22024,1.835738,30
22025,4.163614,20
22026,1.881682,30
22027,2.735029,30
22028,-0.948012,30
22029,4.598697,28
22030,2.785371,24
22031,1.75092,30
22032,4.131906,25
22033,-0.671307,30
22034,3.450133,30
22035,3.464131,24
22036,1.776757,19
22037,2.860959,20
22038,0.179377,26
22039,4.321223,21
22040,-2.678235,29
22041,4.296671,19
22042,2.957216,30
22043,4.144383,30
22044,3.636655,22
22045,4.109161,20
22046,1.78854,30
22047,1.365335,30
22048,-0.682069,30
22049,2.958744,30
22050,3.956183,23
22051,4.025256,15
22052,1.780829,15
22053,2.930927,30
22054,4.085503,28
22055,1.644112,30
22056,4.083759,19
22057,3.927465,20
22058,2.202595,25
22059,4.167972,14
22060,2.788145,14
22061,2.1711,26
22062,3.660254,15
22063,3.323302,30
22064,4.204764,20
22065,3.149674,30
22066,3.878513,19
22067,4.148043,24
22068,3.342527,30
22069,3.173969,18
22070,3.328478,30
22071,3.286588,30
22072,3.314852,30
22073,1.997212,29
22074,1.614417,28
22075,0.906803,30
22076,4.121574,26
22077,4.147774,16
22078,3.310453,30
22079,2.483436,14
22080,0.356934,30
22081,4.173856,18
22082,2.761013,30
22083,0.248807,23
22084,3.985434,19
22085,3.500562,28
22086,1.704466,16
22087,4.273371,26
22088,1.940159,30
22089,3.288953,30
22090,-0.402404,30
22091,3.037139,27
22092,0.856398,30
22093,1.436329,30
22094,1.183646,30
22095,4.244609,24
22096,3.095783,30
22097,2.784353,30
22098,1.948671,30
22099,2.055385,30
22100,2.006543,30
22101,2.666564,15
22102,4.109167,25
22103,1.851018,24
22104,3.216026,30
22105,1.252226,30
22106,2.393,21
22107,3.008643,29
22108,2.308456,28
22109,1.256412,30
22110,4.516238,18
22111,2.823497,30
22112,0.988223,14
22113,3.946009,25
22114,4.190182,20
22115,4.322212,22
22116,4.26523,17
22117,4.041738,23
22118,3.351477,30
22119,3.131063,30
22120,2.351694,23
22121,3.923021,21
22122,0.594887,30
22123,1.335394,30
22124,4.290391,25
22125,3.377404,30
22126,3.027248,30
22127,3.285831,30
22128,4.221274,23
22129,3.948405,28
22130,4.125927,23
22131,4.232077,21
22132,1.340769,30
22133,2.841256,18
22134,3.27775,30
22135,4.078405,21
22136,1.019184,30
22137,4.259636,23
22138,3.875131,26
22139,0.736239,21
22140,2.455085,27
22141,4.035972,19
22142,3.729945,29
22143,1.373255,30
22144,4.250157,18
22145,4.321779,19
22146,1.215636,30
22147,1.241075,30
22148,2.359785,30
22149,4.027411,15
22150,3.189201,30
22151,3.269655,30
22152,3.322621,30
22153,2.136225,14
22154,4.309899,24
22155,2.192074,23
22156,3.958327,25
22157,3.907005,16
22158,3.016211,30
22159,3.812641,29
22160,3.19842,15
22161,2.338358,28
22162,4.208318,25
22163,2.797348,26
22164,3.231086,30
22165,3.302038,30
22166,2.79286,26
22167,1.465089,30
22168,0.204635,25
22169,1.241453,30
22170,4.295616,22
22171,2.27445,15
22172,3.907377,19
22173,3.412103,30
22174,3.34535,30
22175,4.082804,25
22176,3.357653,27
22177,1.020544,30
22178,2.765343,21
22179,3.23822,30
22180,3.0777,14
22181,3.075056,13
22182,3.097554,16
22183,-0.253121,13
22184,2.800371,30
22185,3.295077,30
22186,2.782691,30
22187,3.164369,30
22188,1.975482,17
22189,2.714455,30
22190,1.036445,9
22191,1.211434,30
22192,1.931468,30
22193,4.337864,20
22194,3.12998,30
22195,4.137264,27
22196,3.351912,24
22197,4.38315,17
22198,3.194208,30
22199,3.184708,30
22200,3.410055,30
22201,3.961433,26
22202,2.881151,17
22203,2.932992,30
22204,4.155296,24
22205,2.504391,30
22206,4.171406,14
22207,2.324161,21
22208,4.350955,22
22209,3.130123,30
22210,3.122172,30
22211,2.334061,28
22212,3.00248,30
22213,4.034242,24
22214,3.405381,30
22215,1.500637,27
22216,3.732567,14
22217,3.047954,30
22218,3.340532,30
22219,4.15452,20
22220,3.358333,18
22221,3.370655,30
22222,2.848238,15
22223,-0.033969,30
22224,2.600468,24
22225,3.859739,17
22226,3.158934,30
22227,1.704885,13
22228,2.830992,23
22229,2.15833,22
22230,1.281533,30
22231,3.233314,30
22232,3.039465,29
22233,3.135262,16
22234,3.098352,30
22235,4.318588,17
22236,3.83498,23
22237,3.002417,19
22238,3.308654,30
22239,1.840485,30
22240,3.351406,30
22241,3.342484,30
22242,4.359996,18
22243,0.044674,30
22244,2.917414,30
22245,3.369753,30
22246,3.277255,30
22247,1.335681,30
22248,3.953672,23
22249,4.154979,20
22250,2.862195,18
22251,0.645616,13
22252,3.604667,19
22253,3.199527,30
22254,4.200403,26
22255,3.322967,30
22256,-1.313527,25
22257,-0.141589,30
22258,2.978031,30
22259,4.068186,18
22260,1.31585,30
22261,2.25814,26
22262,3.06002,30
22263,4.353275,25
22264,3.056727,14
22265,2.874864,29
22266,4.341893,19
22267,2.776025,23
22268,2.037206,30
22269,1.663726,30
22270,3.010263,30
22271,1.205549,30
22272,3.341784,30
22273,4.272033,17
22274,3.360122,30
22275,2.809022,24
22276,3.347861,30
22277,4.26594,30
22278,-2.190299,27
22279,3.274836,30
22280,2.790084,30
22281,4.005455,21
22282,3.023948,15
22283,3.372796,30
22284,2.924521,30
22285,4.083387,23
22286,1.997464,18
22287,4.297366,16
22288,4.159125,15
22289,4.324648,27
22290,3.182025,30
22291,3.002146,29
22292,3.044071,30
22293,4.002261,30
22294,2.892255,30
22295,3.274461,30
22296,4.16717,16
22297,1.351207,9
22298,3.163859,30
22299,2.828823,30
22300,2.385074,17
22301,4.222918,28
22302,0.915304,30
22303,2.052068,23
22304,3.055037,18
22305,4.305025,23
22306,0.972897,30
22307,3.693733,17
22308,1.267065,30
22309,3.34193,30
22310,2.029892,30
22311,3.199688,30
22312,2.483744,30
22313,1.998811,21
22314,2.256609,26
22315,4.215471,20
22316,2.847756,30
22317,1.524773,11
22318,3.0782,16
22319,3.360729,30
22320,4.017195,17
22321,2.842447,12
22322,3.263829,30
22323,1.124914,30
22324,2.046514,30
22325,2.962954,15
22326,0.290878,26
22327,0.843006,28
22328,3.038492,23
22329,3.295125,30
22330,4.05498,18
22331,2.623318,18
22332,3.403082,30
22333,3.281339,30
22334,3.237492,30
22335,1.941947,13
22336,2.198028,30
22337,2.814672,12
22338,3.224084,30
22339,1.126626,15
22340,3.132623,23
22341,3.171389,30
22342,2.538234,30
22343,3.203357,30
22344,3.358501,30
22345,4.248375,30
22346,4.348119,24
22347,3.249671,30
22348,4.367735,27
22349,2.953543,29
22350,3.862067,22
22351,3.849839,17
22352,2.664193,21
22353,1.536655,28
22354,4.114559,16
22355,3.359663,30
22356,2.071427,16
22357,4.315551,17
22358,3.041571,30
22359,2.976612,30
22360,3.360136,30
22361,3.201979,30
22362,1.079038,30
22363,4.233367,25
22364,4.149323,14
22365,3.198464,30
22366,4.038653,21
22367,4.132341,23
22368,4.225229,27
22369,3.520572,18
22370,4.362879,23
22371,3.427603,24
22372,3.876432,19
22373,2.98616,30
22374,3.374659,25
22375,2.938638,30
22376,3.187573,30
22377,2.331377,21
22378,3.149696,30
22379,2.314139,17
22380,4.232091,21
22381,4.254617,29
22382,3.957271,15
22383,1.738768,13
22384,4.075279,24
22385,2.881348,17
22386,-0.198422,24
22387,3.272368,22
22388,1.377735,30
22389,4.076686,23
22390,3.137214,30
22391,3.019688,30
22392,3.051286,17
22393,2.251571,19
22394,1.267379,30
22395,3.546806,27
22396,1.384458,30
22397,3.157376,17
22398,3.297663,30
22399,3.239282,30
22400,4.25009,16
22401,4.177529,30
22402,2.943688,30
22403,3.247315,30
22404,3.927444,25
22405,2.113321,26
22406,3.230175,30
22407,2.229285,15
22408,3.939289,22
22409,2.591667,28
22410,3.978737,24
22411,2.659717,16
22412,2.268915,18
22413,3.974987,26
22414,3.445325,30
22415,3.359154,28
22416,4.259042,25
22417,3.296673,30
22418,2.851587,15
22419,4.225747,20
22420,4.40395,21
22421,1.925836,30
22422,3.410407,30
22423,1.046918,30
22424,3.626746,25
22425,4.22232,23
22426,4.046496,19
22427,2.020607,23
22428,4.258207,27
22429,0.850788,30
22430,1.170684,30
22431,4.291406,23
22432,2.112675,30
22433,1.864538,19
22434,3.980734,19
22435,4.223306,24
22436,3.874825,12
22437,4.043586,21
22438,4.040688,22
22439,1.935664,30
22440,4.241503,20
22441,4.30045,27
22442,3.434003,23
22443,3.110254,15
22444,3.190247,30
22445,1.976477,18
22446,3.217715,30
22447,3.43862,18
22448,4.082732,22
22449,3.086731,14
22450,3.078644,30
22451,3.651549,19
22452,3.769981,23
22453,3.192896,30
22454,1.099522,19
22455,4.117532,18
22456,4.414631,26
22457,3.101743,22
22458,3.269007,30
22459,2.135425,21
22460,4.176684,22
22461,2.687525,30
22462,2.157162,30
22463,3.076347,30
22464,2.926407,30
22465,3.275342,30
22466,3.001362,30
22467,-0.052663,30
22468,3.980779,28
22469,1.215514,30
22470,-0.872794,21
22471,3.362054,16
22472,3.186734,30
22473,3.114419,30
22474,1.418942,30
22475,1.962531,30
22476,4.192785,23
22477,3.995614,25
22478,3.916255,20
22479,0.846852,30
22480,3.336775,30
22481,2.846027,15
22482,2.881646,30
22483,3.220773,30
22484,3.943236,18
22485,1.06533,17
22486,4.022607,21
22487,4.289715,21
22488,4.337282,24
22489,3.110505,30
22490,3.198971,30
22491,4.305897,21
22492,2.203111,18
22493,4.349015,24
22494,3.427098,30
22495,4.111206,25
22496,3.417462,30
22497,3.650636,14
22498,2.998262,15
22499,2.470017,30
22500,3.019355,30
22501,3.098486,30
22502,3.925309,26
22503,2.861507,23
22504,3.449427,25
22505,4.327537,17
22506,3.254005,30
22507,2.768043,12
22508,3.081938,30
22509,4.042047,14
22510,3.129715,30
22511,3.165558,30
22512,4.394911,18
22513,3.051547,30
22514,3.393599,30
22515,4.304757,18
22516,2.957082,13
22517,3.075042,30
22518,3.949113,30
22519,3.365177,30
22520,2.854866,18
22521,2.04854,30
22522,-0.92469,30
22523,4.017966,24
22524,1.249541,30
22525,3.879033,22
22526,3.301976,30
22527,3.846362,26
22528,2.272091,17
22529,3.307068,30
22530,3.222171,30
22531,2.854325,30
22532,2.039775,25
22533,1.899809,30
22534,4.098042,30
22535,2.349752,19
22536,2.399587,18
22537,4.022073,17
22538,2.84179,13
22539,3.311838,30
22540,3.152313,30
22541,3.214353,30
22542,-0.957173,30
22543,0.026972,24
22544,3.617578,15
22545,0.234257,30
22546,3.356128,30
22547,1.251465,30
22548,1.272744,30
22549,3.342555,30
22550,3.234146,30
22551,2.683648,30
22552,2.647572,30
22553,3.354464,30
22554,4.072116,17
22555,3.458557,30
22556,3.930369,26
22557,3.235452,30
22558,4.240986,18
22559,0.725011,18
22560,1.775296,30
22561,0.175652,30
22562,3.714073,14
22563,4.09113,25
22564,4.154086,14
22565,1.003397,15
22566,1.309557,30
22567,4.058435,25
22568,3.869436,12
22569,4.134555,14
22570,-0.02899,30
22571,3.230617,30
22572,3.151957,26
22573,3.281172,30
22574,0.201602,30
22575,1.253919,30
22576,4.213577,18
22577,3.059052,30
22578,3.267651,30
22579,3.075737,30
22580,2.970183,30
22581,3.426602,30
22582,2.321935,11
22583,1.190562,30
22584,2.236602,20
22585,1.99817,12
22586,2.103314,30
22587,3.81437,22
22588,3.295785,30
22589,2.047395,24
22590,3.39618,30
22591,0.829109,15
22592,3.113713,17
22593,2.723452,17
22594,1.618151,26
22595,4.236882,27
22596,4.353501,14
22597,1.142786,30
22598,3.249877,30
22599,3.976973,17
22600,4.18442,22
22601,3.007893,30
22602,2.172183,30
22603,4.173224,24
22604,4.192306,18
22605,3.406697,30
22606,3.27678,30
22607,3.042418,14
22608,1.249817,30
22609,2.385264,23
22610,4.084345,21
22611,3.223293,30
22612,2.918451,17
22613,2.298966,16
22614,2.524209,23
22615,4.037799,23
22616,2.99786,30
22617,2.908746,12
22618,0.583877,25
22619,3.933593,28
22620,2.096898,23
22621,3.355131,30
22622,1.147362,30
22623,2.843075,13
22624,4.101869,19
22625,4.137008,20
22626,1.907125,30
22627,3.321642,30
22628,2.583234,19
22629,2.917926,25
22630,2.813923,29
22631,-0.295311,30
22632,4.093396,23
22633,2.674132,25
22634,3.403619,30
22635,1.304374,30
22636,2.181291,24
22637,3.325952,30
22638,4.225913,22
22639,2.809936,30
22640,2.924625,14
22641,2.024071,24
22642,4.284897,27
22643,4.370681,20
22644,3.241417,30
22645,4.308181,18
22646,-0.702811,30
22647,2.094213,30
22648,3.39309,30
22649,4.378554,19
22650,3.22986,30
22651,4.225087,14
22652,4.228829,17
22653,1.398065,30
22654,2.966706,24
22655,0.637099,30
22656,4.132703,28
22657,2.267218,27
22658,4.108046,27
22659,3.411442,30
22660,4.358062,17
22661,2.31575,28
22662,2.317202,25
22663,4.264756,22
22664,3.445366,30
22665,3.964717,25
22666,3.899956,14
22667,1.542254,12
22668,1.754821,18
22669,2.140787,19
22670,-1.453173,30
22671,3.80834,22
22672,3.810279,16
22673,4.176814,22
22674,3.202767,30
22675,1.455986,13
22676,3.15402,30
22677,4.29645,29
22678,4.234836,16
22679,2.664951,14
22680,3.352674,30
22681,3.17054,15
22682,4.205015,25
22683,4.007398,22
22684,3.385898,30
22685,-0.439769,16
22686,1.311053,30
22687,3.443715,30
22688,2.983526,16
22689,4.054643,24
22690,3.279045,30
22691,1.510751,25
22692,3.541395,26
22693,4.137979,13
22694,4.130971,21
22695,1.357613,25
22696,4.172906,15
22697,2.934343,18
22698,0.425529,29
22699,0.757091,28
22700,3.174184,30
22701,1.479639,30
22702,3.373991,30
22703,4.20693,18
22704,1.888169,25
22705,4.308634,21
22706,4.251818,14
22707,3.366374,30
22708,3.078018,30
22709,3.411585,30
22710,3.797571,25
22711,1.649759,21
22712,1.877655,30
22713,3.373725,30
22714,4.064355,18
22715,2.35857,14
22716,4.136349,20
22717,0.014839,26
22718,3.305244,30
22719,3.880936,18
22720,1.411809,30
22721,2.334154,22
22722,4.174258,20
22723,3.955598,22
22724,3.383182,30
22725,4.362396,22
22726,3.19278,30
22727,4.419722,22
22728,3.35905,30
22729,0.09077,25
22730,0.872617,14
22731,3.292437,30
22732,3.613499,22
22733,3.370624,24
22734,3.014764,30
22735,3.344742,30
22736,3.007117,30
22737,1.296129,30
22738,3.245947,30
22739,1.092682,30
22740,3.468829,14
22741,4.196589,14
22742,3.297072,30
22743,2.859923,27
22744,2.070413,19
22745,4.186187,24
22746,3.018913,20
22747,3.26605,30
22748,3.170053,30
22749,3.319229,30
22750,4.254079,28
22751,1.203438,30
22752,4.193591,23
22753,3.39545,30
22754,1.220328,30
22755,3.285489,30
22756,4.118773,25
22757,3.413775,30
22758,4.102606,22
22759,3.695127,30
22760,2.362347,16
22761,3.351462,30
22762,3.125932,30
22763,3.173717,30
22764,4.38564,19
22765,4.022624,29
22766,1.051982,22
22767,2.900568,15
22768,3.396097,30
22769,0.533665,30
22770,1.911098,30
22771,2.941157,20
22772,2.662401,14
22773,2.044527,23
22774,4.209412,15
22775,0.803938,19
22776,3.193957,30
22777,3.693079,15
22778,2.261854,23
22779,3.123196,30
22780,3.905965,23
22781,2.967433,23
22782,3.398637,30
22783,3.046998,17
22784,2.696932,30
22785,3.331942,30
22786,2.826066,28
22787,2.75596,15
22788,4.1738,22
22789,4.195546,18
22790,3.315676,30
22791,3.003489,22
22792,2.690423,30
22793,3.210163,30
22794,2.870204,25
22795,2.753582,20
22796,3.809021,27
22797,4.227681,25
22798,3.163907,30
22799,3.152418,30
22800,1.308404,30
22801,4.113769,23
22802,2.021386,29
22803,3.281554,30
22804,3.934257,18
22805,1.607748,26
22806,1.258635,30
22807,3.41306,30
22808,1.727131,30
22809,4.320349,24
22810,1.869434,26
22811,3.048848,16
22812,2.063339,22
22813,4.212659,25
22814,3.19776,30
22815,3.213405,30
22816,4.143544,18
22817,2.109974,29
22818,3.167597,30
22819,4.092058,14
22820,4.057433,19
22821,3.103202,17
22822,4.316957,26
22823,2.894506,17
22824,3.757183,27
22825,1.407944,30
22826,2.699107,29
22827,3.776301,29
22828,4.21478,18
22829,4.017442,29
22830,3.134196,11
22831,1.705024,9
22832,2.869899,29
22833,2.761416,16
22834,4.119989,30
22835,3.044812,15
22836,1.797304,30
22837,4.305431,30
22838,1.385614,30
22839,1.366206,30
22840,3.704359,18
22841,2.299824,30
22842,3.368097,30
22843,3.349589,30
22844,1.9179,20
22845,1.1221,12
22846,3.099058,17
22847,2.873175,13
22848,2.091623,22
22849,4.065856,25
22850,3.346744,30
22851,2.196892,29
22852,4.165742,15
22853,1.180188,30
22854,3.128097,30
22855,4.389458,16
22856,3.96235,23
22857,1.754369,30
22858,3.95348,26
22859,4.191907,30
22860,3.58175,20
22861,1.557458,21
22862,4.134401,24
22863,4.187086,27
22864,2.887689,30
22865,2.12467,25
22866,4.144995,18
22867,4.356978,15
22868,3.384452,30
22869,3.061563,13
22870,4.237985,26
22871,3.039915,30
22872,4.17801,21
22873,3.309915,30
22874,2.869409,18
22875,1.424183,30
22876,3.394705,30
22877,1.323955,30
22878,1.04338,30
22879,3.284308,30
22880,2.861294,23
22881,2.79028,21
22882,3.986837,15
22883,4.400825,17
22884,4.238964,25
22885,3.24055,30
22886,3.106694,30
22887,2.712433,30
22888,2.072158,29
22889,3.101018,30
22890,2.412175,14
22891,2.076312,22
22892,2.986845,25
22893,3.237293,30
22894,4.038944,18
22895,1.605495,30
22896,3.339834,30
22897,2.191252,15
22898,3.295475,30
22899,3.700568,18
22900,4.038016,22
22901,4.321186,27
22902,1.164603,30
22903,3.642502,20
22904,2.934729,17
22905,2.890223,30
22906,2.972649,15
22907,4.343108,14
22908,3.358492,30
22909,2.156741,26
22910,4.08242,24
22911,4.04913,27
22912,1.847319,16
22913,4.266496,22
22914,3.188334,30
22915,3.296829,30
22916,3.057341,30
22917,0.755846,30
22918,2.921502,30
22919,4.196548,18
22920,4.315744,20
22921,4.107014,20
22922,3.5145,30
22923,4.012638,25
22924,3.340829,30
22925,1.734678,19
22926,0.062679,30
22927,4.341043,15
22928,3.324909,30
22929,2.163357,24
22930,3.034031,23
22931,3.262752,30
22932,3.310731,30
22933,4.149921,13
22934,3.298196,30
22935,4.099151,20
22936,3.530211,30
22937,1.112597,30
22938,3.064207,12
22939,4.362492,27
22940,3.260707,30
22941,4.178691,22
22942,2.148142,12
22943,2.288852,17
22944,3.105566,13
22945,1.168988,30
22946,3.690213,30
22947,3.254968,30
22948,4.297842,18
22949,3.915829,27
22950,1.29209,30
22951,3.466455,24
22952,0.899063,30
22953,3.380181,22
22954,4.018807,24
22955,2.621048,25
22956,2.861594,30
22957,3.076701,12
22958,2.291349,13
22959,3.216645,30
22960,3.365711,30
22961,1.798855,30
22962,3.423741,30
22963,4.108203,17
22964,4.036736,13
22965,2.824377,30
22966,3.337858,30
22967,2.279101,20
22968,0.707202,30
22969,3.019574,15
22970,1.802553,30
22971,2.992459,30
22972,4.363293,17
22973,3.261575,30
22974,3.399928,30
22975,2.776306,30
22976,3.0874,29
22977,1.994938,28
22978,4.05795,17
22979,3.333794,30
22980,0.881517,18
22981,4.248666,16
22982,2.99184,30
22983,3.85908,17
22984,3.943214,27
22985,2.027307,30
22986,1.84312,9
22987,4.275858,26
22988,3.230393,30
22989,3.306553,30
22990,3.311177,30
22991,3.073154,14
22992,3.355283,30
22993,4.356153,21
22994,3.328503,30
22995,3.324892,30
22996,2.21236,17
22997,3.188451,30
22998,3.028376,13
22999,0.824419,30
23000,4.120604,24
23001,3.138807,15
23002,2.816582,26
23003,3.074613,13
23004,3.447071,30
23005,3.996217,26
23006,2.167131,18
23007,4.098355,21
23008,3.356703,30
23009,3.192218,30
23010,4.208501,19
23011,2.768009,30
23012,4.044025,17
23013,3.164654,12
23014,2.518487,21
23015,3.878693,24
23016,2.50602,17
23017,3.215085,22
23018,3.435407,30
23019,2.953874,16
23020,4.320657,27
23021,3.697235,17
23022,3.814296,21
23023,0.938364,16
23024,3.915301,22
23025,3.127573,30
23026,2.253494,30
23027,2.139703,19
23028,4.34505,20
23029,4.093427,20
23030,3.460091,14
23031,1.68553,19
23032,4.09694,18
23033,4.371782,22
23034,3.947108,19
23035,3.246526,30
23036,4.113518,18
23037,3.059426,30
23038,4.292233,19
23039,3.163697,30
23040,4.23051,21
23041,2.898408,30
23042,3.32012,30
23043,1.891258,30
23044,3.924662,26
23045,4.318839,27
23046,3.351055,30
23047,3.757938,25
23048,0.896626,30
23049,4.160885,29
23050,-1.340912,24
23051,4.096343,17
23052,4.189522,17
23053,-0.728114,30
23054,3.884809,27
23055,2.192747,29
23056,1.395276,30
23057,4.040524,28
23058,3.067349,30
23059,4.271526,16
23060,4.002147,29
23061,2.959614,30
23062,0.832758,15
23063,3.5396,16
23064,4.140365,25
23065,3.148177,14
23066,3.878531,19
23067,3.309377,30
23068,1.002481,17
23069,2.982577,30
23070,3.107058,26
23071,3.363316,30
23072,3.05375,13
23073,4.086821,24
23074,2.445503,30
23075,3.173226,30
23076,3.37069,30
23077,4.132112,25
23078,2.475268,30
23079,2.931634,13
23080,1.404037,25
23081,1.731297,30
23082,2.662897,30
23083,-0.672563,30
23084,3.328239,30
23085,4.213399,16
23086,3.975858,28
23087,2.618526,30
23088,3.281882,30
23089,4.139907,23
23090,2.866372,30
23091,3.364173,30
23092,2.771188,18
23093,3.027117,14
23094,3.326555,30
23095,3.401026,30
23096,3.175964,30
23097,4.318847,17
23098,3.114193,30
23099,4.054634,27
23100,2.736452,30
23101,4.019607,30
23102,3.078251,16
23103,4.124174,16
23104,3.998902,20
23105,4.154817,27
23106,2.702849,17
23107,3.149076,17
23108,4.145327,22
23109,0.34129,23
23110,4.194864,29
23111,4.174851,30
23112,4.250492,22
23113,4.002808,29
23114,4.331683,14
23115,3.479569,28
23116,3.958122,18
23117,1.17711,30
23118,2.109013,29
23119,0.878312,30
23120,3.17757,29
23121,3.600165,16
23122,2.682527,16
23123,3.756127,27
23124,3.488441,11
23125,0.794562,30
23126,3.381516,30
23127,3.815934,29
23128,4.364339,25
23129,0.554044,30
23130,4.423604,29
23131,3.307378,30
23132,3.861497,23
23133,2.607157,30
23134,3.153269,30
23135,2.75406,12
23136,1.021806,19
23137,-1.140106,17
23138,4.407744,21
23139,4.063934,25
23140,3.334376,30
23141,3.356209,30
23142,4.045683,18
23143,3.317801,30
23144,1.674022,30
23145,3.456206,30
23146,4.198326,19
23147,1.871341,29
23148,3.008927,20
23149,-0.95332,30
23150,-0.762396,30
23151,3.309683,30
23152,4.307917,18
23153,4.288553,19
23154,3.356767,30
23155,3.528061,15
23156,2.632011,30
23157,3.414059,23
23158,3.412429,30
23159,1.650839,30
23160,2.858052,17
23161,4.177299,13
23162,4.138182,22
23163,3.090725,30
23164,3.659084,27
23165,4.008447,17
23166,4.41238,28
23167,4.303734,18
23168,3.197633,30
23169,4.148251,20
23170,0.958762,30
23171,0.124141,27
23172,1.189425,30
23173,4.249663,28
23174,3.141977,30
23175,1.81558,29
23176,3.192423,30
23177,3.319452,30
23178,1.772285,30
23179,0.080795,20
23180,3.072472,30
23181,3.244352,30
23182,1.252445,23
23183,3.275898,29
23184,4.065597,29
23185,3.445853,30
23186,4.376921,22
23187,3.028101,30
23188,3.13435,30
23189,-0.162387,30
23190,3.513255,23
23191,4.194838,25
23192,1.400596,25
23193,2.233329,30
23194,3.966262,12
23195,2.844363,30
23196,3.159669,30
23197,4.143997,21
23198,3.325806,29
23199,4.150905,21
23200,2.958582,30
23201,3.447413,30
23202,4.380013,24
23203,4.135341,22
23204,3.411996,30
23205,0.646988,19
23206,2.126982,30
23207,0.587099,30
23208,1.978834,30
23209,3.357654,30
23210,3.955392,30
23211,3.536871,20
23212,4.261178,22
23213,4.267618,15
23214,3.133858,30
23215,4.040995,24
23216,1.26557,30
23217,1.267418,30
23218,4.205381,17
23219,4.186357,21
23220,2.715109,30
23221,1.31381,30
23222,4.318318,25
23223,3.209012,30
23224,3.842974,25
23225,2.716974,23
23226,4.09095,14
23227,4.110379,27
23228,2.852084,14
23229,4.205802,29
23230,2.067148,20
23231,-0.609358,30
23232,1.316263,30
23233,3.001585,30
23234,4.000582,26
23235,0.962724,30
23236,1.994428,30
23237,2.590992,18
23238,1.290224,30
23239,1.872862,16
23240,3.044212,30
23241,3.672839,23
23242,4.027973,26
23243,3.591706,27
23244,2.211932,30
23245,2.056497,19
23246,4.311335,23
23247,3.223356,30
23248,4.043656,15
23249,3.292789,30
23250,2.993563,30
23251,4.304424,25
23252,3.724045,18
23253,1.674183,23
23254,1.393028,10
23255,3.303173,30
23256,-0.754426,30
23257,3.113167,30
23258,4.122278,21
23259,3.364102,30
23260,4.330174,25
23261,0.969504,16
23262,3.666842,19
23263,1.447556,30
23264,1.606974,11
23265,3.098912,30
23266,4.329524,16
23267,4.173899,21
23268,2.742962,27
23269,3.259885,30
23270,4.340769,20
23271,4.275336,23
23272,4.079846,29
23273,2.176762,29
23274,3.784774,21
23275,3.97281,12
23276,3.366078,30
23277,1.925149,30
23278,3.293592,30
23279,4.074212,22
23280,3.119436,30
23281,1.181742,30
23282,3.229971,30
23283,1.243957,30
23284,0.523466,19
23285,3.213366,30
23286,1.291291,30
23287,4.284836,21
23288,3.225946,30
23289,4.07841,30
23290,2.700436,21
23291,4.313352,18
23292,3.085091,30
23293,3.036193,30
23294,3.233388,30
23295,3.421139,30
23296,3.143117,20
23297,4.203837,20
23298,3.14397,30
23299,3.102063,30
23300,4.192651,17
23301,3.245108,30
23302,4.052652,29
23303,3.193583,30
23304,4.368616,16
23305,1.470481,30
23306,3.310189,30
23307,4.306961,20
23308,4.066572,21
23309,1.182743,30
23310,3.313423,30
23311,3.765265,30
23312,3.216497,30
23313,3.00496,30
23314,4.384708,18
23315,1.491141,24
23316,4.357677,17
23317,4.326348,18
23318,2.822598,28
23319,3.352439,30
23320,1.129233,30
23321,1.235536,30
23322,3.037734,22
23323,1.08417,23
23324,4.141557,21
23325,3.429892,30
23326,2.127189,30
23327,3.409207,30
23328,3.932802,20
23329,3.214214,30
23330,2.930225,17
23331,3.673524,24
23332,3.843734,17
23333,3.862399,28
23334,2.384461,25
23335,3.384854,30
23336,3.307484,30
23337,3.192935,30
23338,3.393586,30
23339,4.093335,24
23340,3.35232,30
23341,1.287368,20
23342,3.935325,15
23343,3.257237,30
23344,2.140228,22
23345,3.817328,18
23346,4.219779,16
23347,2.317704,30
23348,3.102989,30
23349,0.737279,22
23350,3.853059,20
23351,4.204869,18
23352,4.119907,20
23353,4.362538,24
23354,3.375182,30
23355,3.792881,24
23356,1.986717,9
23357,2.884118,30
23358,3.968026,14
23359,2.770982,19
23360,0.92083,25
23361,4.084843,24
23362,3.634761,30
23363,3.129294,30
23364,2.931835,28
23365,3.314832,30
23366,2.110336,30
23367,2.327745,15
23368,3.361884,30
23369,3.11305,30
23370,0.667311,30
23371,1.958747,30
23372,2.986104,30
23373,4.122934,17
23374,0.533055,30
23375,4.272385,17
23376,2.964935,30
23377,3.817682,24
23378,3.422798,30
23379,4.161033,18
23380,3.977298,30
23381,3.118305,14
23382,0.748247,17
23383,3.358793,30
23384,3.65291,22
23385,3.242681,30
23386,3.231681,30
23387,3.226819,30
23388,3.066531,30
23389,0.950962,12
23390,2.076942,30
23391,3.989485,25
23392,2.164215,15
23393,3.402858,30
23394,3.979713,20
23395,4.279108,22
23396,4.183648,20
23397,4.324844,26
23398,3.289828,30
23399,4.292249,15
23400,3.013051,18
23401,3.339805,30
23402,1.864529,30
23403,1.947265,17
23404,3.998842,22
23405,3.02215,30
23406,2.061523,30
23407,3.722857,28
23408,3.300938,30
23409,3.891333,30
23410,3.25527,30
23411,1.943733,30
23412,3.201219,30
23413,4.085193,21
23414,2.770528,30
23415,2.763359,29
23416,0.889782,30
23417,4.013063,21
23418,2.434406,30
23419,2.069292,30
23420,0.921144,30
23421,3.297428,30
23422,4.223513,22
23423,4.092003,23
23424,3.369426,30
23425,3.26488,30
23426,3.906445,20
23427,2.917969,16
23428,3.379454,30
23429,4.352695,25
23430,3.199655,30
23431,2.098257,15
23432,4.349063,27
23433,3.399376,30
23434,3.063657,13
23435,2.619763,12
23436,4.102754,27
23437,2.079991,20
23438,3.213666,30
23439,3.246405,30
23440,4.232825,19
23441,3.637654,20
23442,4.31086,21
23443,4.319892,26
23444,4.43811,25
23445,2.204828,27
23446,-0.347839,30
23447,1.229796,30
23448,3.95117,27
23449,2.219482,30
23450,0.735395,16
23451,1.097782,30
23452,4.140254,21
23453,4.22721,25
23454,2.673851,19
23455,0.294268,18
23456,4.312969,17
23457,3.116073,14
23458,2.37331,30
23459,4.272404,16
23460,1.752483,18
23461,3.423883,12
23462,1.4285,30
23463,0.140816,19
23464,3.382762,30
23465,1.790126,30
23466,3.126547,14
23467,3.374246,30
23468,4.342061,24
23469,4.16738,21
23470,4.007552,23
23471,3.665342,27
23472,3.112717,30
23473,3.303024,22
23474,3.980629,21
23475,2.977685,19
23476,0.981114,19
23477,2.945056,30
23478,1.638895,30
23479,3.340306,30
23480,3.08355,30
23481,0.876022,30
23482,3.599558,28
23483,4.087942,30
23484,1.287486,30
23485,3.219009,30
23486,4.192249,29
23487,2.952836,15
23488,4.271461,30
23489,3.275622,30
23490,4.10535,25
23491,4.187634,16
23492,3.350171,30
23493,4.111459,27
23494,2.735251,18
23495,3.166554,30
23496,3.071795,18
23497,4.215675,22
23498,4.221846,23
23499,4.289153,18
23500,3.051166,30
23501,4.091247,16
23502,2.245134,30
23503,3.294673,30
23504,3.690616,15
23505,2.011566,22
23506,2.970145,24
23507,-0.211746,13
23508,3.266377,30
23509,3.309449,30
23510,3.061408,30
23511,4.167162,16
23512,4.026837,29
23513,4.215618,24
23514,2.163553,17
23515,1.933294,30
23516,2.100127,29
23517,3.060082,30
23518,3.128147,30
23519,3.736702,29
23520,1.756401,30
23521,2.298087,18
23522,2.923226,18
23523,3.359282,30
23524,2.743554,30
23525,2.45841,22
23526,2.015199,30
23527,4.262913,18
23528,4.319977,17
23529,4.389274,16
23530,3.943985,28
23531,2.898961,15
23532,3.285469,30
23533,4.105771,17
23534,3.103412,13
23535,3.926637,22
23536,4.423237,21
23537,4.0575,17
23538,3.255269,30
23539,3.319941,30
23540,3.212395,30
23541,4.039418,18
23542,3.104915,30
23543,1.991113,12
23544,3.754918,19
23545,3.836126,25
23546,3.173704,30
23547,3.204668,30
23548,1.382731,30
23549,3.949931,26
23550,1.891662,30
23551,3.128763,13
23552,4.02104,27
23553,3.354522,30
23554,3.558156,16
23555,1.413788,30
23556,3.328053,30
23557,-0.586683,30
23558,4.350793,25
23559,3.885401,28
23560,4.113496,13
23561,2.802091,15
23562,3.239424,30
23563,1.932926,30
23564,4.097213,20
23565,4.334018,22
23566,3.992556,17
23567,3.783698,28
23568,3.381239,30
23569,1.518311,10
23570,3.595313,19
23571,3.983666,21
23572,4.268078,16
23573,2.065142,19
23574,3.177973,30
23575,2.693038,23
23576,2.555895,30
23577,1.29612,30
23578,3.325821,26
23579,3.061474,14
23580,3.884184,16
23581,1.135788,30
23582,3.342723,30
23583,3.382244,30
23584,3.139681,30
23585,3.395627,30
23586,3.215632,30
23587,4.265356,30
23588,3.097796,30
23589,4.125528,17
23590,3.53199,20
23591,2.894874,30
23592,3.034506,16
23593,3.986009,27
23594,3.942995,28
23595,3.169845,30
23596,4.151207,21
23597,3.344842,30
23598,3.24463,30
23599,1.999056,30
23600,4.172157,25
23601,4.207284,25
23602,4.234732,17
23603,3.361664,30
23604,3.127021,14
23605,2.949476,25
23606,3.182743,30
23607,4.098016,16
23608,0.097187,30
23609,3.256353,30
23610,3.072745,15
23611,1.65249,30
23612,3.794805,19
23613,1.403055,30
23614,3.611336,18
23615,2.906563,15
23616,3.367801,30
23617,3.384271,30
23618,3.042076,12
23619,3.623818,16
23620,3.297738,30
23621,3.103503,30
23622,3.120784,30
23623,4.274347,24
23624,3.219288,30
23625,4.093603,26
23626,2.979022,30
23627,4.219386,13
23628,4.04383,18
23629,4.039827,25
23630,3.290615,30
23631,4.049739,12
23632,4.069228,20
23633,3.872791,26
23634,3.393245,30
23635,3.5231,21
23636,4.267998,29
23637,3.261053,16
23638,3.067372,17
23639,3.371483,30
23640,3.918827,13
23641,4.11074,15
23642,1.827375,30
23643,2.107293,24
23644,3.277275,30
23645,2.930233,30
23646,3.29645,30
23647,3.062527,30
23648,4.004365,20
23649,3.203796,30
23650,3.028594,30
23651,3.133586,30
23652,4.181324,22
23653,4.350226,24
23654,2.699686,30
23655,4.290326,27
23656,4.087129,17
23657,3.310728,30
23658,2.944094,14
23659,3.233328,30
23660,3.012079,24
23661,3.208525,30
23662,4.203664,20
23663,3.019176,30
23664,2.95784,19
23665,3.189886,30
23666,2.163614,22
23667,3.828474,30
23668,3.366658,30
23669,4.409013,21
23670,3.912465,28
23671,3.54823,28
23672,0.052898,27
23673,1.184993,30
23674,4.136325,25
23675,3.179293,30
23676,3.337574,30
23677,3.144211,30
23678,2.457135,30
23679,4.362035,20
23680,-0.030309,30
23681,4.201643,25
23682,3.223604,30
23683,3.08627,13
23684,3.366582,30
23685,3.186148,30
23686,3.962777,15
23687,4.375382,20
23688,3.177846,30
23689,1.230245,30
23690,3.352757,30
23691,3.287318,30
23692,3.70063,18
23693,2.989585,16
23694,4.198116,17
23695,4.25955,19
23696,0.843312,30
23697,0.717135,15
23698,2.969875,17
23699,3.246679,30
23700,2.064823,23
23701,3.74226,22
23702,3.211849,30
23703,3.503692,30
23704,3.739408,20
23705,4.174407,23
23706,4.268057,22
23707,3.212841,30
23708,3.335285,30
23709,4.104843,28
23710,3.966782,15
23711,2.925256,30
23712,3.110439,30
23713,3.723101,19
23714,1.529823,20
23715,3.659017,17
23716,3.410117,30
23717,2.196407,30
23718,1.110324,30
23719,3.955166,18
23720,3.414387,30
23721,1.582421,9
23722,3.186043,30
23723,3.986237,28
23724,3.076861,30
23725,1.338724,30
23726,3.93999,17
23727,4.286738,15
23728,4.332468,19
23729,4.355271,16
23730,3.333567,30
23731,3.904706,16
23732,3.607414,24
23733,2.715572,27
23734,0.940321,16
23735,2.150021,26
23736,4.272871,19
23737,3.902715,15
23738,3.25215,30
23739,3.264248,30
23740,2.560917,27
23741,1.257482,30
23742,1.031947,30
23743,3.789961,21
23744,2.924898,15
23745,4.104829,30
23746,3.265294,30
23747,3.905687,23
23748,4.210166,19
23749,3.158537,30
23750,2.977639,18
23751,3.92786,26
23752,2.669914,21
23753,4.149216,22
23754,2.939921,15
23755,-0.113117,30
23756,3.240184,30
23757,0.970163,30
23758,2.096141,30
23759,3.154891,30
23760,3.000287,30
23761,-2.321874,30
23762,-1.843229,30
23763,4.246487,17
23764,4.145287,26
23765,3.164096,30
23766,3.414759,17
23767,3.679692,28
23768,3.217985,30
23769,3.88766,23
23770,3.928656,20
23771,3.018601,30
23772,4.637982,27
23773,1.994383,30
23774,-0.055993,30
23775,4.340911,15
23776,4.111798,20
23777,3.33373,30
23778,3.253891,30
23779,3.366619,30
23780,2.38767,16
23781,4.077336,25
23782,2.188846,21
23783,3.973311,23
23784,3.85294,24
23785,4.126542,21
23786,3.083162,30
23787,2.402941,30
23788,4.374403,30
23789,4.194754,21
23790,2.841587,30
23791,1.059044,30
23792,4.320832,18
23793,3.384248,30
23794,3.976486,26
23795,3.377858,30
23796,2.910863,17
23797,3.335967,30
23798,4.280878,17
23799,1.166468,30
23800,4.059654,24
23801,3.272444,30
23802,3.084051,30
23803,3.402964,30
23804,0.988961,30
23805,3.370465,30
23806,4.340328,21
23807,3.286826,30
23808,1.527227,17
23809,3.242719,30
23810,0.388448,30
23811,3.171858,30
23812,4.127168,25
23813,4.31722,16
23814,3.327025,30
23815,1.394615,30
23816,2.989876,18
23817,4.308687,16
23818,2.54419,30
23819,3.173099,30
23820,3.573222,21
23821,3.467519,30
23822,0.881407,24
23823,4.269213,24
23824,3.454529,30
23825,2.920367,27
23826,4.018107,18
23827,1.490906,30
23828,3.356455,30
23829,4.257411,30
23830,4.211249,25
23831,2.169479,29
23832,3.29783,30
23833,3.121718,30
23834,-0.733653,30
23835,1.411795,30
23836,3.364078,17
23837,2.790564,30
23838,4.307922,20
23839,3.391801,30
23840,4.032843,24
23841,4.393268,19
23842,2.418563,13
23843,1.347142,30
23844,2.764457,14
23845,3.226388,30
23846,3.151252,30
23847,3.938601,26
23848,3.652146,19
23849,4.21089,16
23850,3.13256,30
23851,2.09091,30
23852,4.207722,17
23853,2.610124,30
23854,3.995807,22
23855,3.31415,30
23856,4.148024,21
23857,4.041095,25
23858,4.146301,18
23859,1.340817,30
23860,3.413058,30
23861,0.577041,30
23862,3.141147,30
23863,4.048179,27
23864,3.640376,14
23865,4.062773,26
23866,2.83526,28
23867,4.268796,22
23868,4.131425,17
23869,2.488957,30
23870,0.971369,19
23871,2.704263,15
23872,4.308236,19
23873,3.257822,30
23874,3.347977,30
23875,2.097899,30
23876,3.267179,30
23877,3.414075,30
23878,2.100284,21
23879,3.30149,30
23880,3.221037,30
23881,1.848383,30
23882,3.976802,12
23883,2.814356,15
23884,3.7161,15
23885,3.927073,22
23886,3.326534,30
23887,3.952873,24
23888,4.134948,30
23889,3.920247,26
23890,4.190703,17
23891,2.850479,22
23892,1.54719,30
23893,2.97593,15
23894,2.296261,30
23895,3.504487,27
23896,2.984589,30
23897,3.964567,15
23898,2.502467,19
23899,4.148454,17
23900,3.066729,30
23901,-2.08847,30
23902,4.246357,23
23903,1.183932,30
23904,3.119965,30
23905,2.137369,24
23906,2.981162,30
23907,3.155517,30
23908,2.219816,25
23909,3.777984,22
23910,2.832503,10
23911,3.274164,30
23912,3.418816,15
23913,3.332631,30
23914,4.098567,16
23915,2.122058,22
23916,1.369045,30
23917,-0.075521,30
23918,3.061384,14
23919,3.063274,30
23920,3.189992,30
23921,2.947423,30
23922,3.086616,30
23923,1.322158,30
23924,4.034683,28
23925,4.246106,24
23926,3.324207,30
23927,4.188926,17
23928,4.221787,28
23929,1.935974,30
23930,3.240663,30
23931,0.899094,19
23932,3.85465,27
23933,4.160303,22
23934,3.307554,30
23935,3.249517,30
23936,3.345881,30
23937,3.376353,30
23938,2.964178,14
23939,3.429906,30
23940,3.292839,30
23941,4.040916,14
23942,2.919218,20
23943,3.369152,30
23944,3.220699,30
23945,3.410924,30
23946,2.89497,30
23947,3.329665,30
23948,3.450481,18
23949,1.868696,30
23950,4.241203,22
23951,4.122506,24
23952,3.63498,16
23953,4.243872,15
23954,4.242308,22
23955,2.781843,10
23956,3.965531,25
23957,2.823394,30
23958,4.099132,20
23959,3.083231,12
23960,4.312471,17
23961,2.944915,11
23962,1.875909,17
23963,3.285266,30
23964,0.036143,30
23965,1.177673,30
23966,4.105374,19
23967,4.336984,26
23968,3.570461,14
23969,3.094278,30
23970,4.189186,19
23971,3.126844,30
23972,3.364708,30
23973,3.07246,30
23974,2.739354,30
23975,3.062997,15
23976,2.018873,18
23977,3.247345,17
23978,3.541063,23
23979,3.021433,30
23980,1.39271,30
23981,2.347782,30
23982,3.065942,30
23983,3.281112,30
23984,3.426418,30
23985,4.115141,15
23986,3.119624,24
23987,1.218264,30
23988,2.790871,30
23989,3.817404,20
23990,4.362727,14
23991,1.401736,30
23992,3.135727,30
23993,3.750101,23
23994,3.161494,30
23995,1.782336,30
23996,2.680971,16
23997,4.054341,11
23998,3.112594,30
23999,3.856003,21
24000,3.744598,22
24001,2.073308,27
24002,3.292492,30
24003,3.104216,30
24004,3.423559,30
24005,3.666343,20
24006,3.986341,20
24007,3.100813,13
24008,4.252365,21
24009,3.224403,30
24010,3.427631,30
24011,2.677506,24
24012,3.286949,30
24013,3.230446,30
24014,2.958833,21
24015,3.402533,30
24016,3.351192,30
24017,2.992957,30
24018,-1.164424,17
24019,1.256456,30
24020,3.285311,30
24021,4.267039,20
24022,4.086851,30
24023,1.610437,10
24024,3.210215,30
24025,4.025637,28
24026,4.352518,17
24027,0.83416,13
24028,-0.411153,30
24029,4.151875,27
24030,4.1001,30
24031,3.073292,30
24032,3.316021,30
24033,2.945595,20
24034,3.058412,30
24035,2.959111,26
24036,3.153255,30
24037,3.000103,18
24038,1.396792,30
24039,3.361616,30
24040,3.027346,30
24041,2.172788,17
24042,2.956848,28
24043,4.156585,16
24044,-0.71214,30
24045,3.151546,30
24046,4.404509,21
24047,2.85702,30
24048,4.274206,20
24049,4.263142,21
24050,3.420301,30
24051,4.264871,14
24052,3.366646,16
24053,2.970202,14
24054,4.171181,17
24055,-0.099028,30
24056,3.195083,30
24057,4.280938,29
24058,3.566708,14
24059,3.392691,30
24060,3.29063,30
24061,2.960972,13
24062,0.96223,22
24063,3.982651,20
24064,3.287417,30
24065,2.781509,19
24066,2.110101,30
24067,2.281558,21
24068,1.4167,27
24069,2.902868,30
24070,-0.340848,16
24071,4.328233,19
24072,3.757666,22
24073,4.28337,24
24074,3.355841,30
24075,-1.720436,27
24076,3.318437,30
24077,3.393404,30
24078,2.345555,24
24079,4.298206,21
24080,4.14088,23
24081,3.932777,22
24082,3.370944,30
24083,2.659315,29
24084,0.96594,24
24085,3.118099,30
24086,3.833588,28
24087,4.094777,18
24088,3.285653,26
24089,3.216954,30
24090,3.067664,30
24091,3.049428,14
24092,2.122528,30
24093,0.171144,30
24094,3.118318,14
24095,2.159495,30
24096,4.238067,25
24097,3.352128,30
24098,3.435516,30
24099,4.169,29
24100,3.376587,30
24101,1.89479,16
24102,2.133294,24
24103,4.259492,21
24104,3.008264,15
24105,3.701824,21
24106,1.804892,10
24107,4.278958,19
24108,2.930958,19
24109,3.240399,30
24110,3.024282,25
24111,3.393269,30
24112,3.297185,30
24113,3.079892,30
24114,2.117616,19
24115,3.344239,30
24116,3.231941,30
24117,3.244385,30
24118,3.2199,30
24119,-1.194778,30
24120,1.85538,25
24121,4.381961,22
24122,4.021347,14
24123,1.040515,13
24124,4.225488,27
24125,1.652995,26
24126,3.045089,30
24127,2.42408,30
24128,2.221951,26
24129,3.035552,12
24130,2.240326,16
24131,3.009559,30
24132,1.068758,30
24133,1.490549,14
24134,3.779216,13
24135,4.137307,24
24136,4.429654,20
24137,3.285185,30
24138,3.271774,30
24139,2.706998,23
24140,0.876124,30
24141,3.190322,24
24142,4.267242,30
24143,0.980715,30
24144,3.440909,28
24145,3.33879,30
24146,1.231828,8
24147,4.176627,20
24148,2.298126,17
24149,3.310698,30
24150,4.130941,22
24151,1.420539,30
24152,3.363042,30
24153,3.369606,30
24154,1.937596,30
24155,3.032253,20
24156,4.074192,29
24157,4.383316,28
24158,3.0356,30
24159,3.239642,30
24160,2.762231,21
24161,1.908875,24
24162,2.506611,16
24163,2.752512,15
24164,4.40198,21
24165,3.767861,18
24166,3.262157,30
24167,3.330441,30
24168,3.161997,30
24169,0.045437,20
24170,3.274246,30
24171,0.087149,30
24172,3.217913,30
24173,2.883824,23
24174,4.329999,21
24175,4.303411,18
24176,3.053224,30
24177,4.179765,20
24178,4.191778,29
24179,3.336648,30
24180,2.321025,26
24181,4.149944,21
24182,3.577418,18
24183,2.938785,19
24184,3.400723,30
24185,3.126154,30
24186,3.349437,30
24187,4.170945,17
24188,4.202818,22
24189,3.293067,30
24190,3.373038,30
24191,1.749167,9
24192,-0.772583,30
24193,3.272645,30
24194,1.94919,23
24195,3.255833,17
24196,2.531044,20
24197,3.233007,30
24198,2.879787,14
24199,3.889994,22
24200,1.21088,30
24201,3.019386,30
24202,4.237205,18
24203,3.176929,30
24204,3.286378,30
24205,4.05548,15
24206,1.382558,18
24207,4.241243,25
24208,3.283166,30
24209,1.706598,17
24210,3.053348,30
24211,3.283133,30
24212,4.319691,24
24213,3.127747,30
24214,4.136753,27
24215,1.067457,26
24216,3.352742,30
24217,2.845689,13
24218,4.139708,16
24219,3.306283,30
24220,4.172877,29
24221,2.067131,25
24222,2.789415,26
24223,3.866437,14
24224,4.137904,17
24225,3.90165,27
24226,4.077714,14
24227,0.678726,18
24228,2.867629,12
24229,4.007738,25
24230,4.032193,23
24231,2.855202,30
24232,4.135587,28
24233,1.400563,30
24234,3.754461,27
24235,3.097508,30
24236,3.556195,16
24237,3.041676,22
24238,1.160955,25
24239,3.228035,30
24240,1.176693,30
24241,2.846903,30
24242,1.497306,17
24243,3.335309,30
24244,3.181978,30
24245,3.103398,30
24246,2.735515,22
24247,2.931376,26
24248,2.732723,30
24249,1.160516,30
24250,4.041548,16
24251,4.457769,25
24252,3.006551,30
24253,1.092793,30
24254,1.785226,30
24255,3.24005,30
24256,4.096822,20
24257,3.394231,30
24258,0.106918,29
24259,3.349599,30
24260,3.270143,30
24261,3.322729,30
24262,3.422648,30
24263,2.393133,30
24264,1.325595,30
24265,3.17357,30
24266,4.217026,25
24267,3.3285,30
24268,0.962238,13
24269,1.513618,19
24270,4.022674,26
24271,1.686768,30
24272,0.421133,18
24273,1.258886,30
24274,4.106753,25
24275,1.372859,30
24276,3.36719,30
24277,4.015134,29
24278,2.945565,21
24279,3.318858,30
24280,3.338585,30
24281,4.225207,19
24282,4.321077,21
24283,3.945271,30
24284,4.236538,28
24285,3.3545,30
24286,1.282505,30
24287,3.211048,30
24288,0.860761,21
24289,2.923094,29
24290,-4.774173,30
24291,3.224645,30
24292,4.266594,27
24293,3.186226,30
24294,3.904433,30
24295,3.935299,19
24296,2.971297,19
24297,3.08333,30
24298,-0.957785,30
24299,2.788381,14
24300,4.271752,27
24301,3.057979,30
24302,4.090939,17
24303,3.96883,28
24304,3.313629,30
24305,3.173443,30
24306,1.151058,30
24307,3.958945,27
24308,2.211181,30
24309,3.363661,30
24310,1.405546,30
24311,4.059871,11
24312,3.864614,19
24313,3.76368,21
24314,2.916282,22
24315,1.254911,30
24316,3.137064,30
24317,3.31837,30
24318,1.1115,30
24319,3.277668,30
24320,1.745852,11
24321,2.14491,24
24322,-1.563872,20
24323,3.112931,30
24324,2.077708,30
24325,3.647062,23
24326,3.291945,30
24327,4.040125,20
24328,3.326549,30
24329,2.879207,30
24330,3.982048,22
24331,2.894348,30
24332,3.234131,30
24333,3.280993,30
24334,-0.222664,30
24335,3.879816,30
24336,4.08023,27
24337,3.241173,30
24338,3.216265,30
24339,4.319908,21
24340,2.083412,19
24341,3.300558,30
24342,3.909213,19
24343,0.819129,24
24344,2.50887,30
24345,3.633878,23
24346,1.437277,30
24347,3.031748,15
24348,1.843464,29
24349,1.247643,30
24350,3.008943,14
24351,3.107092,30
24352,3.057461,30
24353,3.932275,17
24354,1.878824,25
24355,2.254388,25
24356,3.104599,30
24357,-0.091872,30
24358,3.410319,13
24359,4.154018,30
24360,3.299362,30
24361,3.300875,30
24362,3.279163,30
24363,3.328681,30
24364,2.123763,30
24365,3.434651,30
24366,3.31727,30
24367,4.201646,23
24368,3.90577,29
24369,3.406006,30
24370,2.75391,13
24371,2.870031,30
24372,1.706471,22
24373,1.297255,30
24374,3.377484,30
24375,3.076118,19
24376,3.317122,30
24377,1.318011,30
24378,4.391395,18
24379,2.278176,25
24380,3.339914,30
24381,1.226899,30
24382,3.093947,13
24383,1.076418,30
24384,3.284084,30
24385,2.990498,30
24386,4.040662,15
24387,4.197264,20
24388,2.089054,26
24389,2.255078,23
24390,2.118905,20
24391,3.259408,30
24392,3.282818,30
24393,3.275102,30
24394,4.234669,29
24395,3.02276,30
24396,4.208307,22
24397,3.272954,30
24398,3.021881,22
24399,3.932516,26
24400,2.828541,30
24401,4.303143,25
24402,3.060832,30
24403,1.113471,30
24404,2.038748,26
24405,2.989598,23
24406,4.367455,19
24407,3.279716,30
24408,4.151326,20
24409,1.119084,30
24410,3.942198,19
24411,4.083377,24
24412,4.310258,17
24413,3.358872,30
24414,1.307744,30
24415,4.306954,25
24416,3.261257,30
24417,3.682228,27
24418,1.941608,30
24419,3.618328,18
24420,3.126415,30
24421,3.994386,24
24422,3.611693,28
24423,0.017969,30
24424,1.330098,30
24425,2.967652,12
24426,4.336439,23
24427,2.755894,30
24428,2.582657,13
24429,4.179575,24
24430,3.358375,30
24431,3.291593,30
24432,4.242556,17
24433,3.216064,30
24434,3.369798,30
24435,4.145482,26
24436,3.008548,14
24437,3.970329,15
24438,2.781346,30
24439,1.937904,27
24440,3.299605,30
24441,3.836927,22
24442,3.092048,30
24443,3.388213,30
24444,3.261627,30
24445,1.895618,28
24446,2.999482,30
24447,1.079341,30
24448,3.338675,30
24449,3.931515,20
24450,2.264688,29
24451,2.956558,30
24452,2.93787,17
24453,3.285272,30
24454,3.350464,30
24455,3.265753,30
24456,4.03611,18
24457,1.929951,30
24458,2.862283,15
24459,3.104212,30
24460,2.813551,30
24461,2.877719,30
24462,3.169623,30
24463,2.794182,16
24464,2.04541,24
24465,3.380929,30
24466,3.309989,30
24467,3.245318,30
24468,3.250775,30
24469,4.209729,28
24470,2.621753,30
24471,3.338273,30
24472,3.690444,16
24473,1.704832,30
24474,4.306648,20
24475,3.11546,30
24476,1.098581,30
24477,0.950969,30
24478,4.249328,27
24479,1.426099,30
24480,3.165817,30
24481,3.705326,25
24482,4.391099,28
24483,1.75013,12
24484,2.090659,21
24485,4.249367,19
24486,2.972278,18
24487,4.266533,17
24488,2.9317,30
24489,3.420313,30
24490,3.362404,30
24491,3.111081,30
24492,1.752495,30
24493,3.344977,30
24494,3.288287,30
24495,3.227303,30
24496,4.311845,24
24497,1.134349,21
24498,3.797251,15
24499,3.323274,30
24500,0.877342,13
24501,3.269355,30
24502,3.240647,30
24503,2.99046,20
24504,3.032323,13
24505,4.216308,29
24506,2.002657,29
24507,2.820603,30
24508,3.099699,30
24509,1.161616,30
24510,3.815728,27
24511,3.078336,30
24512,3.434677,28
24513,2.169254,28
24514,4.278356,24
24515,2.47303,18
24516,3.886886,23
24517,4.241366,14
24518,3.141876,30
24519,3.155565,30
24520,2.865524,17
24521,3.170393,30
24522,3.109358,30
24523,4.022533,16
24524,3.17181,30
24525,3.648482,19
24526,3.403537,30
24527,3.837757,22
24528,3.336364,30
24529,1.983217,30
24530,3.020931,30
24531,2.759203,30
24532,4.339056,16
24533,3.602157,19
24534,4.413489,26
24535,3.565868,15
24536,4.142377,26
24537,3.248363,30
24538,4.095699,17
24539,3.216519,30
24540,3.84832,25
24541,4.102979,27
24542,3.194732,30
24543,3.306955,30
24544,4.181104,18
24545,3.966271,30
24546,4.377467,29
24547,3.334713,30
24548,0.035964,30
24549,3.077487,30
24550,4.303348,24
24551,3.366365,30
24552,3.378512,30
24553,3.336449,30
24554,2.707392,20
24555,3.943934,19
24556,2.006731,30
24557,3.224196,30
24558,4.162074,19
24559,3.140957,30
24560,-0.633015,30
24561,1.168846,30
24562,4.304264,17
24563,4.335643,30
24564,3.216516,30
24565,4.094117,27
24566,4.095593,23
24567,3.76422,28
24568,3.152209,30
24569,3.162067,30
24570,3.262475,30
24571,3.895588,22
24572,3.394504,30
24573,2.923479,12
24574,3.169059,30
24575,4.148175,14
24576,1.580954,20
24577,4.317281,22
24578,3.361214,30
24579,4.225708,27
24580,3.423805,30
24581,4.133736,16
24582,2.770087,22
24583,4.202283,14
24584,3.210724,30
24585,1.842006,21
24586,3.199927,30
24587,2.193015,30
24588,3.359466,30
24589,4.231391,20
24590,3.714369,20
24591,2.03328,19
24592,2.854265,30
24593,2.890759,30
24594,2.387652,17
24595,2.317717,26
24596,1.642994,29
24597,1.979556,30
24598,3.814913,18
24599,3.718341,27
24600,4.337103,25
24601,3.378894,30
24602,2.916094,30
24603,3.930878,20
24604,2.935115,15
24605,3.518645,17
24606,2.89644,21
24607,2.9899,21
24608,4.080557,27
24609,3.274498,30
24610,2.092537,14
24611,4.369929,20
24612,4.07844,28
24613,3.242763,30
24614,4.379934,20
24615,3.329345,30
24616,3.39453,30
24617,1.592076,17
24618,3.294249,30
24619,3.005749,17
24620,3.399133,30
24621,3.084308,30
24622,3.01335,30
24623,3.013381,17
24624,4.076733,21
24625,3.99165,16
24626,3.209439,30
24627,3.229432,30
24628,3.077525,16
24629,4.290264,21
24630,3.092601,30
24631,2.344371,30
24632,0.719426,30
24633,2.152858,21
24634,3.436938,30
24635,1.423973,30
24636,2.042965,21
24637,3.198376,30
24638,3.280795,30
24639,2.542139,19
24640,4.186214,20
24641,3.35386,30
24642,3.016002,30
24643,4.245245,25
24644,3.1082,30
24645,3.144722,30
24646,3.33252,30
24647,4.147192,16
24648,3.372687,30
24649,3.903309,28
24650,3.344428,30
24651,4.204312,18
24652,3.300507,30
24653,3.343365,30
24654,3.907774,16
24655,2.846286,26
24656,3.394428,30
24657,3.114568,18
24658,-0.588939,30
24659,1.772507,30
24660,3.154139,30
24661,3.352099,26
24662,3.452904,30
24663,3.307693,30
24664,3.183335,30
24665,2.86742,18
24666,3.398653,30
24667,3.583319,20
24668,2.188311,30
24669,2.815523,30
24670,3.864656,17
24671,1.125484,13
24672,3.137032,13
24673,3.34311,30
24674,1.755967,30
24675,-0.754831,30
24676,4.114908,16
24677,4.155666,25
24678,-1.116917,28
24679,4.094638,30
24680,2.779275,30
24681,3.016148,15
24682,3.202436,30
24683,3.280401,30
24684,2.40105,17
24685,2.104752,24
24686,3.956692,26
24687,3.000341,30
24688,4.319372,19
24689,3.22327,30
24690,2.662006,17
24691,3.025552,14
24692,4.180535,26
24693,4.256215,19
24694,-0.341325,15
24695,2.084578,24
24696,4.097885,30
24697,3.105386,30
24698,3.37033,30
24699,3.342976,30
24700,3.282872,30
24701,4.10074,16
24702,3.413433,30
24703,3.345475,30
24704,4.230923,27
24705,3.369122,30
24706,1.986947,23
24707,4.244962,24
24708,2.85866,18
24709,1.418021,30
24710,4.293172,26
24711,4.254883,22
24712,3.261785,30
24713,4.381237,15
24714,-0.158604,13
24715,3.187776,30
24716,1.386125,19
24717,3.395214,30
24718,3.21537,30
24719,1.132169,13
24720,3.45601,30
24721,3.17071,30
24722,3.433272,30
24723,3.421419,30
24724,3.301929,30
24725,4.089466,25
24726,2.99444,30
24727,2.234739,24
24728,3.238193,30
24729,3.986709,23
24730,4.079318,24
24731,4.236587,17
24732,2.379952,25
24733,4.387127,28
24734,3.297353,30
24735,3.061114,16
24736,4.219779,18
24737,3.131269,30
24738,3.366072,30
24739,4.203448,27
24740,1.388138,30
24741,3.315871,30
24742,3.346144,30
24743,1.355251,30
24744,3.263526,30
24745,1.214712,30
24746,4.250079,25
24747,4.120207,24
24748,1.113611,15
24749,2.009501,30
24750,3.330819,30
24751,2.463197,27
24752,3.197555,30
24753,4.187968,17
24754,3.864452,25
24755,3.195892,30
24756,3.143072,30
24757,3.286129,30
24758,3.264237,30
24759,1.951543,30
24760,2.747679,30
24761,0.077835,30
24762,3.283393,30
24763,2.617353,18
24764,3.202495,30
24765,3.121524,13
24766,4.167628,18
24767,3.957188,30
24768,3.302637,30
24769,2.425642,25
24770,3.35698,30
24771,3.9425,26
24772,1.66981,30
24773,3.275068,30
24774,3.039015,29
24775,4.208748,30
24776,2.758548,30
24777,4.172381,24
24778,2.942235,30
24779,3.905737,19
24780,2.26927,25
24781,3.721823,23
24782,4.361349,22
24783,2.846449,20
24784,2.690278,18
24785,3.279886,30
24786,4.025472,28
24787,4.239874,24
24788,1.24192,30
24789,3.40356,30
24790,3.083801,30
24791,4.197105,17
24792,3.439208,30
24793,2.301287,22
24794,3.218159,30
24795,2.088732,18
24796,1.969545,30
24797,4.361346,17
24798,3.34057,30
24799,3.348926,30
24800,4.23682,15
24801,3.656956,13
24802,3.31663,30
24803,2.112139,30
24804,3.211438,30
24805,2.302043,28
24806,4.218569,16
24807,3.411334,30
24808,3.336225,30
24809,4.093763,22
24810,4.137652,18
24811,2.032594,20
24812,4.000933,29
24813,2.30388,24
24814,3.400391,30
24815,2.714735,30
24816,4.000419,21
24817,2.805902,30
24818,4.05103,19
24819,4.281284,22
24820,4.377757,15
24821,3.730888,19
24822,4.346188,21
24823,3.373441,30
24824,3.392201,30
24825,4.035384,23
24826,3.400808,30
24827,2.114555,28
24828,2.071819,16
24829,3.252773,30
24830,2.918385,14
24831,3.415048,30
24832,0.585776,19
24833,4.334413,28
24834,1.954443,20
24835,0.375754,19
24836,4.043318,23
24837,3.375756,30
24838,4.317584,26
24839,3.361006,30
24840,2.806742,18
24841,3.411679,30
24842,3.848094,28
24843,4.411768,17
24844,2.113179,18
24845,3.085677,30
24846,0.914705,19
24847,4.064862,16
24848,3.881681,20
24849,2.315896,19
24850,3.694911,21
24851,1.330571,30
24852,3.300615,30
24853,3.149239,30
24854,4.387935,23
24855,3.141983,30
24856,3.332585,30
24857,2.995255,30
24858,3.005678,21
24859,3.263196,30
24860,0.967332,30
24861,3.087016,19
24862,2.174454,19
24863,3.102094,30
24864,3.004543,30
24865,3.345663,30
24866,4.31793,23
24867,4.018207,17
24868,0.193997,30
24869,2.535455,30
24870,3.296031,30
24871,2.876136,25
24872,4.09954,17
24873,3.88546,24
24874,4.018317,25
24875,4.387034,19
24876,3.027197,19
24877,3.369719,30
24878,3.282138,30
24879,3.384273,30
24880,3.232698,30
24881,3.184247,15
24882,1.696799,17
24883,2.195336,29
24884,3.185626,30
24885,4.157306,25
24886,4.407558,18
24887,3.384247,30
24888,4.149891,30
24889,4.322812,28
24890,3.285414,30
24891,4.118604,17
24892,3.345297,30
24893,2.546773,15
24894,4.194331,24
24895,3.40497,30
24896,4.197798,23
24897,3.332559,30
24898,2.688306,17
24899,4.278995,14
24900,2.882611,22
24901,4.319998,29
24902,3.40947,30
24903,3.894546,21
24904,1.167204,30
24905,0.72044,29
24906,4.218574,20
24907,3.253518,30
24908,3.259313,30
24909,2.920215,15
24910,1.674307,26
24911,1.416641,30
24912,3.228927,30
24913,3.186324,30
24914,4.320405,22
24915,3.944453,10
24916,3.74961,23
24917,2.057265,30
24918,3.73186,20
24919,2.097707,27
24920,3.186097,30
24921,3.337526,30
24922,4.165523,21
24923,1.830025,30
24924,4.109048,28
24925,2.916959,16
24926,3.029748,30
24927,3.357071,30
24928,4.044821,20
24929,4.334994,18
24930,2.306811,23
24931,1.957644,30
24932,3.028831,15
24933,4.074488,13
24934,0.792405,15
24935,2.834459,16
24936,3.399781,30
24937,3.091999,30
24938,4.153113,27
24939,2.7292,18
24940,2.252119,18
24941,4.141004,23
24942,4.026159,27
24943,4.108079,17
24944,3.394698,30
24945,3.127192,30
24946,3.122598,30
24947,2.128254,24
24948,4.091843,18
24949,4.258675,19
24950,4.32417,23
24951,3.300702,30
24952,3.025282,30
24953,4.14149,18
24954,4.134762,22
24955,3.078125,30
24956,3.224608,30
24957,3.669448,24
24958,4.288719,25
24959,3.217126,30
24960,4.217271,21
24961,3.006842,30
24962,3.241773,30
24963,1.547952,13
24964,4.060174,25
24965,1.118334,20
24966,4.143463,27
24967,3.187149,30
24968,4.150929,27
24969,0.739345,30
24970,2.993779,30
24971,1.607489,17
24972,4.145607,19
24973,3.338867,30
24974,3.884663,20
24975,4.359936,30
24976,3.309317,30
24977,3.384094,30
24978,3.352305,30
24979,3.131067,13
24980,1.341369,30
24981,3.208664,30
24982,3.386344,30
24983,4.116884,28
24984,4.013025,25
24985,3.352851,30
24986,3.358986,30
24987,3.353767,30
24988,2.963323,15
24989,4.270905,21
24990,3.91213,20
24991,4.148498,22
24992,2.183589,30
24993,3.355466,30
24994,1.147255,30
24995,4.231713,22
24996,3.316033,30
24997,4.266769,25
24998,3.336366,30
24999,3.159853,30
25000,3.298855,30
25001,3.291827,30
25002,3.133854,30
25003,2.836544,17
25004,4.950208,20
25005,3.670787,18
25006,3.40726,30
25007,4.202853,29
25008,2.276658,30
25009,3.333219,30
25010,3.147653,27
25011,4.204513,17
25012,3.001194,30
25013,4.180272,20
25014,3.308491,30
25015,2.768904,30
25016,3.175209,30
25017,2.908087,20
25018,3.082833,16
25019,-0.796622,30
25020,2.887196,11
25021,2.975804,15
25022,3.226369,30
25023,3.990022,19
25024,2.335674,23
25025,2.83008,30
25026,4.16121,18
25027,1.25685,30
25028,3.418588,30
25029,2.051106,30
25030,1.736103,16
25031,3.418756,30
25032,3.077496,30
25033,3.072234,30
25034,4.327087,27
25035,1.111037,30
25036,1.776997,30
25037,3.277877,19
25038,3.574886,20
25039,3.154892,30
25040,4.184497,15
25041,3.090116,15
25042,3.348774,30
25043,4.23104,19
25044,4.191612,16
25045,2.310927,20
25046,3.078421,30
25047,2.031278,30
25048,3.804622,30
25049,3.998763,20
25050,3.222367,30
25051,3.418396,30
25052,3.029083,16
25053,3.265415,30
25054,3.331605,30
25055,1.060358,30
25056,3.377985,30
25057,1.927743,22
25058,3.252064,30
25059,3.290509,30
25060,3.07108,17
25061,3.380319,30
25062,0.970011,30
25063,3.273206,30
25064,3.132538,30
25065,3.323259,30
25066,3.415089,30
25067,3.307061,30
25068,3.344956,30
25069,3.67055,20
25070,3.009228,30
25071,3.259746,30
25072,3.10835,30
25073,2.890705,30
25074,3.271021,30
25075,3.356765,30
25076,2.838072,24
25077,3.041585,15
25078,3.267091,30
25079,3.410281,30
25080,4.267993,21
25081,1.404743,30
25082,4.064811,29
25083,2.215579,30
25084,3.177452,30
25085,3.205106,30
25086,2.036787,21
25087,3.99452,22
25088,1.583586,20
25089,3.385168,30
25090,3.862047,18
25091,4.208032,18
25092,4.171131,21
25093,3.287897,30
25094,3.891008,25
25095,4.158279,14
25096,2.15483,18
25097,2.226552,22
25098,4.24017,17
25099,2.14857,28
25100,4.050053,20
25101,3.189612,30
25102,4.395225,17
25103,4.365493,20
25104,3.567061,17
25105,3.19626,30
25106,4.06514,20
25107,3.102615,16
25108,3.334307,30
25109,3.755689,19
25110,3.013939,13
25111,3.893623,24
25112,1.348065,30
25113,3.390563,30
25114,4.274296,27
25115,3.699673,20
25116,3.042406,30
25117,2.344789,27
25118,4.216213,16
25119,4.004209,30
25120,3.349724,30
25121,4.102313,18
25122,4.352344,20
25123,3.343873,30
25124,2.868143,13
25125,4.35772,26
25126,2.699339,21
25127,2.817226,30
25128,3.333583,30
25129,4.138045,19
25130,3.205323,30
25131,2.285104,10
25132,4.290014,16
25133,4.030056,27
25134,1.96533,30
25135,2.860936,30
25136,2.372204,20
25137,3.211996,30
25138,2.947445,30
25139,3.065723,30
25140,2.876595,30
25141,3.224368,30
25142,3.369758,30
25143,3.349077,30
25144,3.406927,30
25145,3.040572,30
25146,2.700094,16
25147,4.010917,30
25148,1.308766,30
25149,3.015324,26
25150,3.98239,22
25151,3.932287,21
25152,3.414808,30
25153,3.222972,30
25154,4.249994,21
25155,2.776798,12
25156,0.715637,30
25157,1.907422,30
25158,4.277152,19
25159,1.306345,30
25160,3.36631,30
25161,4.047348,28
25162,4.048565,13
25163,3.47278,16
25164,3.2623,30
25165,3.721693,13
25166,3.397116,30
25167,3.010972,30
25168,4.230234,24
25169,1.520329,23
25170,3.050508,30
25171,4.360536,20
25172,3.165792,30
25173,3.219968,30
25174,3.410677,30
25175,3.312158,30
25176,4.130519,25
25177,3.277468,30
25178,3.330877,30
25179,1.253053,30
25180,3.383146,30
25181,1.591692,20
25182,3.209038,30
25183,3.398468,30
25184,1.142376,30
25185,3.39294,30
25186,4.266976,25
25187,1.441725,16
25188,3.119544,19
25189,3.415695,30
25190,3.354081,30
25191,2.285243,22
25192,3.400941,30
25193,4.272001,18
25194,3.061098,30
25195,3.001313,14
25196,3.177844,30
25197,3.291569,30
25198,4.266801,23
25199,3.20385,30
25200,3.13172,30
25201,3.090424,30
25202,3.695497,22
25203,4.215826,19
25204,4.262308,25
25205,3.334079,30
25206,4.244304,24
25207,3.213327,30
25208,3.283402,30
25209,3.424038,30
25210,3.166925,30
25211,3.97169,25
25212,4.301299,17
25213,4.162894,15
25214,1.803023,23
25215,3.207654,30
25216,4.196826,26
25217,4.329009,18
25218,4.168428,28
25219,4.125479,16
25220,3.269831,30
25221,4.289167,19
25222,1.923314,25
25223,3.966985,21
25224,1.383885,30
25225,1.051855,18
25226,3.200003,30
25227,3.408991,30
25228,3.31015,30
25229,2.943525,30
25230,1.130778,30
25231,3.169111,30
25232,3.314515,30
25233,3.28941,30
25234,4.274487,15
25235,3.156293,30
25236,4.322258,27
25237,3.189271,30
25238,3.200933,30
25239,3.249816,30
25240,3.31154,30
25241,3.922825,13
25242,1.079759,30
25243,3.124677,30
25244,3.367861,30
25245,1.120668,17
25246,2.860634,30
25247,4.159058,20
25248,3.216545,30
25249,3.84983,26
25250,2.104657,30
25251,3.27771,30
25252,3.284653,30
25253,4.17669,13
25254,3.913716,18
25255,3.371101,30
25256,2.04793,30
25257,3.278468,30
25258,4.313848,16
25259,4.003746,30
25260,4.261751,25
25261,2.322608,23
25262,4.023163,28
25263,2.963616,30
25264,4.149017,13
25265,3.092929,30
25266,3.38395,30
25267,3.762678,16
25268,2.985757,23
25269,3.436832,30
25270,2.820162,12
25271,3.265561,30
25272,3.039575,27
25273,4.355004,24
25274,3.296695,30
25275,3.56355,28
25276,3.319707,30
25277,4.320502,19
25278,4.209471,16
25279,3.299537,30
25280,3.268475,30
25281,0.84524,30
25282,1.991347,17
25283,1.929435,30
25284,4.093332,21
25285,3.917533,30
25286,3.451754,30
25287,1.732161,21
25288,3.334086,30
25289,4.149298,26
25290,3.092611,30
25291,2.356078,26
25292,4.135203,22
25293,2.867405,16
25294,3.964508,27
25295,3.427724,30
25296,-0.200425,14
25297,3.305505,30
25298,4.28364,29
25299,3.323647,30
25300,3.076382,30
25301,4.355107,17
25302,3.340938,30
25303,3.325642,30
25304,0.991793,19
25305,3.426072,30
25306,3.308455,30
25307,3.192102,30
25308,4.270036,26
25309,3.392365,30
25310,2.321138,25
25311,3.329811,30
25312,3.245417,30
25313,3.402893,30
25314,3.167985,30
25315,2.402605,23
25316,3.589427,14
25317,4.205185,25
25318,3.193028,30
25319,4.060151,16
25320,3.33605,30
25321,3.374847,30
25322,2.988361,16
25323,3.314838,30
25324,3.393181,30
25325,2.913468,12
25326,4.321842,26
25327,2.96766,30
25328,1.12039,17
25329,4.22509,16
25330,4.172636,28
25331,3.307373,30
25332,3.396167,30
25333,3.04378,30
25334,4.199447,21
25335,1.289158,30
25336,1.648116,30
25337,3.576696,18
25338,3.884838,28
25339,4.190245,24
25340,3.384467,30
25341,3.285216,30
25342,1.435667,30
25343,3.455967,30
25344,2.935865,30
25345,1.265486,30
25346,2.987714,30
25347,4.085915,21
25348,3.060284,30
25349,3.379194,30
25350,3.326692,30
25351,-0.215189,30
25352,2.086332,27
25353,0.59038,17
25354,4.2793,25
25355,3.414982,30
25356,4.054017,18
25357,3.325964,30
25358,3.433532,30
25359,4.297691,21
25360,4.24615,29
25361,4.202742,24
25362,4.298726,25
25363,3.352996,30
25364,3.400162,30
25365,3.131088,12
25366,3.552902,16
25367,4.115824,21
25368,1.551384,9
25369,3.399398,30
25370,3.362391,30
25371,4.288865,19
25372,2.609608,30
25373,4.357555,26
25374,3.383696,30
25375,4.334945,19
25376,3.112547,30
25377,3.335662,30
25378,4.151989,27
25379,4.053185,22
25380,3.348789,30
25381,4.072364,27
25382,4.370293,21
25383,1.83815,29
25384,2.923399,30
25385,0.810861,16
25386,3.404655,30
25387,2.027205,26
25388,3.350065,30
25389,3.820792,20
25390,2.605875,30
25391,3.351744,30
25392,3.320809,30
25393,2.797512,30
25394,3.216255,30
25395,2.846382,30
25396,4.09721,19
25397,2.149415,22
25398,-0.865703,30
25399,4.259828,18
25400,2.674361,30
25401,3.388346,30
25402,3.403896,30
25403,3.29159,30
25404,3.543085,28
25405,4.085851,20
25406,3.393086,30
25407,3.156506,30
25408,4.117916,27
25409,2.582138,16
25410,3.268414,30
25411,3.418648,30
25412,2.944785,15
25413,3.423133,30
25414,3.993562,28
25415,3.979739,26
25416,1.208213,30
25417,4.299312,25
25418,3.326903,30
25419,3.988825,26
25420,3.423874,30
25421,1.351558,30
25422,3.38752,30
25423,3.156241,30
25424,4.243982,22
25425,-0.689366,30
25426,4.282923,20
25427,3.225243,30
25428,1.423096,30
25429,4.269882,25
25430,4.217615,20
25431,4.314436,21
25432,3.435399,30
25433,4.300786,15
25434,2.383765,21
25435,3.267246,30
25436,3.256191,30
25437,4.33525,14
25438,3.077666,14
25439,4.123256,17
25440,3.261157,30
25441,2.202595,23
25442,2.899056,18
25443,3.050892,30
25444,3.267037,30
25445,3.059817,30
25446,1.34539,30
25447,4.181706,21
25448,4.329231,19
25449,2.112581,13
25450,3.819271,20
25451,2.817055,13
25452,4.235963,15
25453,3.287161,30
25454,4.108697,27
25455,1.987422,19
25456,3.25122,30
25457,2.865187,14
25458,3.810762,19
25459,4.08069,27
25460,4.163454,25
25461,1.225375,22
25462,3.093093,30
25463,3.318956,30
25464,2.072725,30
25465,1.357101,30
25466,3.384412,30
25467,3.147164,30
25468,4.140395,15
25469,4.366002,17
25470,4.29728,22
25471,1.258938,30
25472,4.151652,29
25473,2.175995,30
25474,3.155811,30
25475,2.923348,30
25476,4.049564,21
25477,3.955387,23
25478,4.301118,17
25479,3.304665,30
25480,3.02153,30
25481,2.28736,17
25482,2.824687,30
25483,3.742704,19
25484,1.214736,30
25485,1.052439,16
25486,1.131088,30
25487,3.245054,30
25488,3.307812,30
25489,3.543987,25
25490,4.117295,14
25491,3.99057,27
25492,1.513932,18
25493,3.402105,30
25494,4.010718,28
25495,3.379411,30
25496,3.127721,30
25497,4.038108,14
25498,1.110564,30
25499,3.305875,30
25500,4.317053,28
25501,4.114138,30
25502,4.098844,26
25503,3.127605,30
25504,3.376281,30
25505,2.438192,30
25506,3.18807,30
25507,3.354241,30
25508,4.227313,17
25509,1.771565,26
25510,3.113554,30
25511,4.245775,15
25512,2.346917,16
25513,3.027589,19
25514,4.232518,20
25515,1.428407,30
25516,1.048675,30
25517,3.053148,30
25518,4.318493,25
25519,4.236235,28
25520,3.886186,22
25521,4.30286,30
25522,4.226639,24
25523,3.405082,30
25524,3.386953,30
25525,4.075176,25
25526,4.237378,20
25527,4.280604,16
25528,2.265856,27
25529,3.442424,30
25530,4.157685,30
25531,2.568477,30
25532,4.254674,26
25533,3.073002,30
25534,4.171862,12
25535,4.292594,24
25536,4.029118,30
25537,3.424567,30
25538,4.175081,19
25539,2.055332,25
25540,3.545152,23
25541,3.748942,28
25542,3.36389,30
25543,4.13685,22
25544,3.393436,30
25545,4.116302,14
25546,2.903877,14
25547,3.381896,30
25548,2.143526,30
25549,4.15873,21
25550,4.236152,22
25551,3.134769,30
25552,4.372291,21
25553,4.265757,25
25554,3.295462,30
25555,2.624615,30
25556,3.236771,30
25557,4.363183,22
25558,3.07444,24
25559,4.214529,24
25560,3.315138,30
25561,4.069723,24
25562,4.023262,30
25563,1.337304,30
25564,4.345456,24
25565,3.042783,30
25566,2.251292,18
25567,3.302477,30
25568,3.5259,13
25569,1.701698,30
25570,0.089538,23
25571,2.094406,15
25572,1.378362,30
25573,3.904604,14
25574,4.165954,19
25575,4.225619,18
25576,0.831128,13
25577,3.972571,30
25578,3.623089,24
25579,2.204656,30
25580,3.233425,30
25581,3.117685,14
25582,3.383188,30
25583,1.445416,30
25584,3.412352,30
25585,2.475386,22
25586,3.267117,30
25587,4.358665,23
25588,3.260627,30
25589,3.238914,30
25590,4.222181,19
25591,3.972657,24
25592,3.390903,30
25593,4.176528,30
25594,4.153763,25
25595,4.139708,25
25596,3.098177,17
25597,3.382412,30
25598,3.189325,30
25599,3.427111,30
25600,4.214467,22
25601,4.114772,22
25602,3.377878,30
25603,3.836174,23
25604,4.04002,16
25605,4.346202,17
25606,3.191243,30
25607,3.209792,30
25608,2.335037,25
25609,4.16439,17
25610,4.393994,29
25611,3.242077,30
25612,1.991024,22
25613,3.863864,25
25614,3.430793,21
25615,1.355808,30
25616,3.695473,23
25617,1.667706,30
25618,2.906046,21
25619,1.284859,11
25620,3.337382,30
25621,3.388734,30
25622,3.035971,30
25623,3.183668,30
25624,2.994877,24
25625,2.904627,12
25626,4.123686,14
25627,3.393474,30
25628,4.374926,25
25629,3.336002,30
25630,1.968919,23
25631,4.370896,30
25632,3.269204,30
25633,3.382941,30
25634,1.089185,13
25635,4.233972,24
25636,1.286981,30
25637,3.365892,30
25638,3.111086,30
25639,3.391378,30
25640,3.34032,18
25641,3.212981,30
25642,4.330718,22
25643,2.932873,20
25644,1.049541,12
25645,3.401784,30
25646,4.18283,17
25647,4.261177,15
25648,1.272837,30
25649,3.322256,30
25650,4.136863,13
25651,3.443044,30
25652,1.692932,30
25653,1.938068,30
25654,4.328774,24
25655,2.032097,25
25656,3.983684,30
25657,3.017775,15
25658,3.373902,30
25659,-0.358597,30
25660,1.18063,30
25661,3.313814,30
25662,1.198197,22
25663,0.07909,30
25664,3.395371,30
25665,4.160083,27
25666,1.779276,30
25667,4.108444,12
25668,3.939312,19
25669,3.229237,30
25670,3.192761,30
25671,3.064619,30
25672,3.002363,23
25673,3.288188,30
25674,3.807095,18
25675,4.273983,21
25676,3.42713,30
25677,3.296378,30
25678,3.372851,30
25679,1.275688,30
25680,2.900308,30
25681,2.383127,12
25682,3.920691,27
25683,3.180101,30
25684,4.256135,27
25685,1.289247,30
25686,2.151712,30
25687,3.272168,30
25688,2.965709,15
25689,3.028219,15
25690,4.269536,23
25691,4.307058,26
25692,3.443605,30
25693,3.17699,30
25694,1.316924,30
25695,3.987226,23
25696,1.043158,30
25697,3.399942,21
25698,3.378892,30
25699,2.803004,22
25700,2.856099,30
25701,4.097687,23
25702,3.451342,30
25703,4.024527,27
25704,2.958292,30
25705,1.939539,14
25706,3.147273,30
25707,4.31973,21
25708,1.000035,22
25709,4.22139,22
25710,3.944592,21
25711,3.285809,30
25712,2.323987,21
25713,1.076675,30
25714,3.204191,30
25715,4.291204,29
25716,1.157998,14
25717,3.168466,30
25718,3.22143,30
25719,3.212977,30
25720,3.254364,30
25721,3.200578,30
25722,4.011679,16
25723,1.012833,30
25724,4.200147,20
25725,1.119952,30
25726,3.250933,30
25727,3.230985,30
25728,2.909409,30
25729,3.241297,30
25730,3.408554,30
25731,2.830389,16
25732,3.457838,30
25733,1.243874,30
25734,3.364504,30
25735,4.205131,19
25736,4.204525,27
25737,2.904621,12
25738,3.151521,30
25739,4.157035,19
25740,2.895431,23
25741,3.18364,30
25742,3.03291,30
25743,4.322302,14
25744,3.414345,30
25745,1.834765,25
25746,3.314619,30
25747,3.984073,28
25748,2.074698,30
25749,3.40663,30
25750,3.646136,28
25751,4.160035,26
25752,3.280224,30
25753,4.086712,14
25754,3.352655,30
25755,3.365897,30
25756,3.904218,19
25757,3.663649,27
25758,3.40091,30
25759,3.596964,28
25760,3.346829,30
25761,4.183371,16
25762,3.905547,27
25763,3.078315,30
25764,4.053713,30
25765,3.254107,30
25766,3.205872,30
25767,2.948206,23
25768,3.376374,30
25769,3.249027,30
25770,4.111737,28
25771,3.40177,30
25772,3.037504,13
25773,3.621687,28
25774,3.274325,30
25775,1.469203,12
25776,2.283314,30
25777,3.306753,30
25778,3.968728,29
25779,2.402936,22
25780,4.251147,18
25781,3.433316,30
25782,2.923579,30
25783,3.204067,30
25784,3.250805,30
25785,4.284789,25
25786,4.218199,20
25787,3.072907,17
25788,3.396176,30
25789,3.295267,30
25790,2.255086,30
25791,3.309906,30
25792,3.570607,15
25793,2.027542,30
25794,2.071006,20
25795,3.201688,12
25796,3.135592,30
25797,2.929062,12
25798,4.127088,23
25799,4.283227,29
25800,3.354679,30
25801,3.773681,20
25802,3.854334,28
25803,3.705855,20
25804,3.315917,30
25805,0.220977,30
25806,3.751877,29
25807,1.8334,30
25808,3.098806,30
25809,1.140592,30
25810,3.160703,30
25811,3.403109,30
25812,3.421302,30
25813,3.233381,30
25814,3.250104,30
25815,1.306779,30
25816,4.328126,20
25817,4.017786,14
25818,2.971154,15
25819,3.281497,30
25820,2.256494,30
25821,3.145668,18
25822,-0.923679,30
25823,2.084737,30
25824,4.323895,16
25825,0.961506,30
25826,1.917426,24
25827,3.124684,21
25828,3.398927,30
25829,3.235229,30
25830,3.246802,30
25831,3.14857,30
25832,3.367264,30
25833,3.298806,30
25834,4.37563,26
25835,4.232472,25
25836,4.108898,13
25837,3.088484,30
25838,4.126296,16
25839,3.240562,30
25840,3.045285,18
25841,2.601789,19
25842,1.941601,30
25843,3.099699,30
25844,3.055494,30
25845,3.183154,30
25846,1.725294,10
25847,4.141879,16
25848,4.054095,17
25849,1.241756,30
25850,3.24236,30
25851,2.093703,30
25852,3.010826,20
25853,3.682107,12
25854,3.277457,30
25855,3.199387,30
25856,4.234273,22
25857,1.553323,19
25858,4.470165,22
25859,3.286941,30
25860,2.343179,30
25861,2.959712,27
25862,3.382507,30
25863,2.968896,30
25864,2.328466,30
25865,3.043991,30
25866,3.459117,30
25867,3.414885,30
25868,4.04684,30
25869,2.843016,30
25870,3.400572,30
25871,3.24048,30
25872,3.119351,30
25873,3.395849,30
25874,1.531892,16
25875,3.311429,30
25876,3.336122,30
25877,3.37488,30
25878,3.164475,30
25879,3.106463,30
25880,2.097726,30
25881,3.384412,30
25882,3.429125,30
25883,3.378717,30
25884,3.632927,20
25885,4.047608,28
25886,3.240058,30
25887,4.140868,23
25888,2.595723,30
25889,3.373763,30
25890,3.083235,30
25891,4.347122,20
25892,-0.000883,30
25893,1.957799,30
25894,3.189729,30
25895,1.25857,30
25896,2.390597,21
25897,2.890926,30
25898,4.077199,30
25899,4.392748,18
25900,3.300015,30
25901,3.171277,30
25902,4.049912,25
25903,2.972803,30
25904,3.345286,30
25905,2.981634,30
25906,4.35999,15
25907,0.96291,30
25908,3.355709,30
25909,3.414145,30
25910,3.073781,30
25911,3.216298,30
25912,3.962235,30
25913,3.124408,30
25914,4.111612,19
25915,3.082902,30
25916,1.319828,30
25917,3.37333,30
25918,4.076562,19
25919,1.379398,30
25920,4.492052,19
25921,2.805944,30
25922,3.419931,30
25923,2.991792,30
25924,3.976885,13
25925,4.312441,24
25926,3.350571,30
25927,1.341809,30
25928,3.300744,28
25929,3.315552,30
25930,4.323872,19
25931,3.195187,30
25932,3.281737,30
25933,3.442384,30
25934,4.043554,28
25935,4.039583,25
25936,4.20746,19
25937,4.198921,23
25938,2.717692,30
25939,3.138618,30
25940,2.204742,30
25941,3.637852,12
25942,1.948047,26
25943,3.980989,30
25944,3.149124,30
25945,3.276603,30
25946,4.203304,20
25947,3.211777,30
25948,1.974651,22
25949,2.850236,30
25950,3.056199,30
25951,3.977944,27
25952,3.203443,30
25953,3.338161,30
25954,1.133603,30
25955,3.748061,20
25956,4.380388,24
25957,2.067154,30
25958,1.808852,30
25959,4.06871,14
25960,2.930039,14
25961,3.094988,30
25962,3.164418,30
25963,0.100961,27
25964,3.296779,30
25965,4.303364,20
25966,1.840985,30
25967,2.086899,30
25968,1.169084,30
25969,4.319071,30
25970,2.12179,30
25971,3.272255,30
25972,2.966467,30
25973,3.349765,30
25974,4.346656,19
25975,3.76033,23
25976,2.117017,30
25977,1.248449,30
25978,3.297389,30
25979,1.802316,30
25980,3.346918,30
25981,4.027159,11
25982,3.404726,30
25983,3.348302,30
25984,3.29097,30
25985,1.057675,30
25986,3.368369,30
25987,3.271617,30
25988,3.271363,30
25989,4.0244,23
25990,2.03816,30
25991,3.602848,23
25992,3.673263,19
25993,-1.855284,30
25994,3.213796,30
25995,0.777828,30
25996,2.110052,30
25997,3.265821,30
25998,1.255314,30
25999,3.336785,30
26000,3.440088,30
26001,3.380895,30
26002,3.36613,30
26003,3.150886,30
26004,0.948123,30
26005,2.224079,30
26006,4.096583,20
26007,3.127789,30
26008,1.311225,30
26009,3.401024,30
26010,1.699856,11
26011,4.072821,26
26012,3.373615,30
26013,1.270388,30
26014,1.919096,30
26015,4.085832,24
26016,2.761909,30
26017,4.210699,25
26018,4.136552,18
26019,3.365924,30
26020,1.857236,30
26021,2.308294,27
26022,2.16214,30
26023,1.080657,30
26024,4.094496,30
26025,3.01193,30
26026,2.069579,30
26027,4.107045,19
26028,3.32725,30
26029,2.731245,30
26030,4.292132,29
26031,4.247098,19
26032,1.857362,30
26033,1.379689,30
26034,3.271608,30
26035,2.350964,30
26036,4.128813,25
26037,2.289873,30
26038,3.131372,30
26039,3.276282,30
26040,3.852582,30
26041,2.697364,30
26042,4.305197,28
26043,4.40655,24
26044,4.326242,25
26045,4.064309,30
26046,3.385556,30
26047,4.040021,21
26048,3.291763,30
26049,3.143775,30
26050,3.410803,30
26051,4.168384,22
26052,3.829111,22
26053,3.32505,30
26054,4.361498,27
26055,4.041671,21
26056,2.207731,30
26057,3.074864,30
26058,1.334403,30
26059,3.075688,30
26060,2.229771,30
26061,1.381956,30
26062,3.382443,30
26063,3.083865,30
26064,2.834086,30
26065,3.320451,30
26066,4.078609,24
26067,3.943781,25
26068,4.352575,27
26069,4.305928,21
26070,4.198193,15
26071,3.343614,30
26072,3.189416,30
26073,4.354999,24
26074,3.324205,30
26075,4.066151,26
26076,3.403274,30
26077,3.321762,30
26078,1.58063,30
26079,1.251135,30
26080,3.329835,30
26081,2.957843,20
26082,3.016253,30
26083,3.377705,30
26084,3.034794,30
26085,1.087786,30
26086,3.334386,30
26087,0.805297,30
26088,4.247889,24
26089,3.930845,14
26090,3.133701,30
26091,3.354914,30
26092,2.343114,30
26093,3.392733,30
26094,4.374401,15
26095,3.295375,30
26096,3.157868,30
26097,3.076802,30
26098,3.247773,30
26099,0.973255,24
26100,3.259645,30
26101,1.435063,30
26102,3.186252,30
26103,4.225098,22
26104,3.31829,30
26105,3.431876,30
26106,3.411874,30
26107,3.913808,27
26108,4.250283,26
26109,3.941588,26
26110,2.847002,14
26111,3.047109,30
26112,3.306751,30
26113,2.331642,25
26114,4.219376,27
26115,3.406322,30
26116,-0.757339,30
26117,3.970469,25
26118,4.370184,22
26119,3.380249,30
26120,2.344268,18
26121,-0.403192,11
26122,3.266684,30
26123,1.235791,30
26124,3.259956,30
26125,2.852588,30
26126,2.07974,20
26127,3.984107,20
26128,4.298475,28
26129,3.435779,30
26130,3.163495,30
26131,2.662086,30
26132,1.983822,30
26133,3.147412,30
26134,3.324794,30
26135,4.059185,17
26136,3.262686,30
26137,3.209409,30
26138,3.316227,30
26139,3.356863,30
26140,2.754248,24
26141,4.24922,27
26142,2.745476,14
26143,1.991001,25
26144,1.986056,30
26145,3.93435,27
26146,2.7631,9
26147,1.960413,30
26148,3.315317,30
26149,3.943738,27
26150,3.205985,30
26151,3.362072,30
26152,3.138618,30
26153,3.952386,29
26154,1.249931,30
26155,3.234906,30
26156,2.883442,13
26157,3.152803,30
26158,3.24149,30
26159,2.182626,23
26160,3.172624,30
26161,3.371292,25
26162,4.241472,25
26163,3.662565,15
26164,3.982673,21
26165,3.385312,30
26166,3.318287,30
26167,4.036454,28
26168,2.930554,30
26169,3.083485,30
26170,3.31659,30
26171,3.171671,30
26172,3.113557,30
26173,3.422768,30
26174,3.055753,30
26175,3.1285,30
26176,3.137452,25
26177,4.124521,29
26178,3.242323,30
26179,3.218584,30
26180,2.357495,30
26181,3.393964,30
26182,3.252741,30
26183,3.372676,30
26184,3.385212,30
26185,3.437987,30
26186,3.313893,30
26187,4.21056,30
26188,3.420227,30
26189,4.248387,24
26190,4.076924,20
26191,3.260835,30
26192,2.849343,30
26193,2.802839,30
26194,3.209975,30
26195,3.89796,23
26196,3.410536,30
26197,3.339153,30
26198,4.187215,29
26199,3.224809,30
26200,4.004572,25
26201,1.419477,30
26202,3.766912,30
26203,3.124589,30
26204,3.387129,30
26205,3.007182,30
26206,4.056033,25
26207,3.224992,30
26208,3.407646,30
26209,3.182002,30
26210,4.369102,29
26211,3.139036,30
26212,3.900261,15
26213,4.320233,14
26214,1.078922,30
26215,2.969512,15
26216,2.03087,26
26217,1.895696,30
26218,4.275234,26
26219,2.855624,12
26220,3.273909,30
26221,3.329979,30
26222,1.406794,30
26223,3.352726,30
26224,3.238887,30
26225,3.205516,30
26226,2.998613,13
26227,0.077018,30
26228,4.1383,15
26229,2.105343,28
26230,4.248313,30
26231,4.23683,27
26232,4.313877,19
26233,3.115324,30
26234,3.404228,30
26235,4.179891,24
26236,3.313927,30
26237,3.925372,27
26238,3.40922,30
26239,3.291214,30
26240,3.32253,30
26241,3.230663,30
26242,3.271159,30
26243,4.13017,17
26244,3.070158,30
26245,4.190812,20
26246,3.244992,30
26247,4.14905,27
26248,4.108886,16
26249,3.205103,30
26250,1.059047,30
26251,2.65652,30
26252,3.307115,30
26253,3.148461,30
26254,4.356667,20
26255,1.948897,26
26256,3.267511,30
26257,3.330812,30
26258,3.444446,30
26259,3.40151,30
26260,4.266897,23
26261,4.32045,21
26262,4.242366,20
26263,3.353549,30
26264,3.346364,30
26265,4.007332,27
26266,3.33441,30
26267,3.255619,30
26268,4.394277,28
26269,4.334538,24
26270,1.006624,30
26271,4.221617,18
26272,2.066405,30
26273,2.843737,12
26274,3.224212,30
26275,3.320302,30
26276,3.369346,30
26277,2.981819,13
26278,4.100715,26
26279,2.214063,20
26280,2.326555,23
26281,4.146386,23
26282,1.440509,30
26283,3.305113,30
26284,4.2892,18
26285,3.396743,30
26286,3.341303,30
26287,1.363218,30
26288,3.409899,30
26289,2.08595,30
26290,3.163967,13
26291,3.383954,30
26292,2.955792,30
26293,3.293144,30
26294,2.874614,10
26295,3.004908,30
26296,3.412287,30
26297,2.933463,17
26298,4.396747,23
26299,3.393859,30
26300,1.097518,30
26301,3.395386,30
26302,3.202479,30
26303,3.292048,30
26304,3.202914,30
26305,3.404352,30
26306,3.283384,30
26307,1.822933,30
26308,3.07464,19
26309,3.696496,14
26310,2.038889,28
26311,3.337126,30
26312,3.271203,30
26313,3.324478,30
26314,3.162499,27
26315,2.873755,30
26316,3.253796,30
26317,3.212089,30
26318,3.294009,30
26319,4.189273,20
26320,2.403344,17
26321,3.029824,30
26322,3.233396,30
26323,3.252186,30
26324,2.891635,20
26325,3.915925,15
26326,3.35827,30
26327,4.109684,30
26328,3.845495,24
26329,3.254733,30
26330,3.233918,30
26331,4.079235,21
26332,3.910475,12
26333,3.249362,30
26334,3.365202,30
26335,2.056636,27
26336,3.068657,30
26337,3.356254,30
26338,4.26792,18
26339,3.088555,30
26340,0.918368,19
26341,4.195953,16
26342,3.114199,30
26343,3.282072,30
26344,2.965361,16
26345,3.267941,30
26346,3.270034,30
26347,2.018546,23
26348,4.048661,16
26349,4.644423,27
26350,4.278244,27
26351,3.402982,30
26352,3.922222,27
26353,3.160724,30
26354,4.054608,17
26355,3.854333,18
26356,3.93548,18
26357,3.187744,30
26358,3.071133,30
26359,3.095333,12
26360,1.986674,30
26361,2.898528,30
26362,3.040129,30
26363,4.15236,26
26364,2.989495,30
26365,3.204433,30
26366,3.203897,30
26367,-0.718623,30
26368,2.88894,30
26369,3.096877,30
26370,3.210536,30
26371,4.137739,21
26372,1.287034,30
26373,4.196922,19
26374,2.863763,23
26375,3.29371,30
26376,3.052069,20
26377,4.201816,30
26378,2.339716,30
26379,3.159289,30
26380,3.723575,18
26381,3.350881,30
26382,3.314453,30
26383,1.673141,30
26384,1.838717,30
26385,4.214628,27
26386,1.000077,30
26387,4.291991,16
26388,4.371024,20
26389,4.38908,20
26390,2.698873,14
26391,3.055255,12
26392,4.223962,13
26393,1.345922,30
26394,3.404895,30
26395,3.857904,29
26396,3.297394,30
26397,3.993159,29
26398,3.32404,30
26399,2.135724,19
26400,3.25282,30
26401,2.778722,15
26402,3.328369,30
26403,2.416969,30
26404,2.166832,13
26405,4.154185,22
26406,2.285487,30
26407,3.391084,30
26408,3.253341,30
26409,2.071082,30
26410,3.430989,30
26411,3.36249,30
26412,0.860518,16
26413,3.118246,30
26414,3.350228,30
26415,4.195076,27
26416,1.991946,30
26417,4.292108,22
26418,3.347364,30
26419,3.340767,30
26420,3.318512,30
26421,2.729681,10
26422,3.309954,30
26423,1.340549,30
26424,1.990575,24
26425,4.427834,17
26426,3.303461,30
26427,3.121102,30
26428,3.015374,30
26429,4.220563,25
26430,3.310091,30
26431,1.933936,26
26432,4.036775,30
26433,3.221302,30
26434,1.189745,30
26435,3.382772,30
26436,1.181195,30
26437,3.992948,29
26438,3.214625,30
26439,4.280803,27
26440,4.030828,17
26441,3.187298,30
26442,3.337981,30
26443,3.260044,30
26444,4.273567,16
26445,4.366062,21
26446,3.107595,30
26447,1.15143,30
26448,3.307057,30
26449,3.33091,30
26450,3.515872,23
26451,3.248243,30
26452,4.045198,29
26453,3.162739,30
26454,3.277145,30
26455,3.337631,30
26456,2.23039,23
26457,3.414904,30
26458,2.189194,30
26459,3.885901,17
26460,3.275012,30
26461,1.966583,30
26462,4.193417,18
26463,4.166361,26
26464,3.625926,24
26465,1.25558,30
26466,3.44023,30
26467,4.174788,14
26468,3.006448,30
26469,3.216637,30
26470,3.318569,30
26471,4.344109,29
26472,3.963483,16
26473,3.402065,30
26474,3.218018,30
26475,2.949682,13
26476,0.21014,30
26477,3.326046,30
26478,3.263205,30
26479,2.519526,17
26480,3.280871,30
26481,3.424096,30
26482,3.29941,30
26483,3.046355,21
26484,3.23079,29
26485,3.013688,30
26486,3.145828,30
26487,3.050611,30
26488,4.251128,25
26489,0.690588,27
26490,3.939615,29
26491,3.156082,30
26492,3.405075,30
26493,3.320284,30
26494,0.741006,21
26495,3.30822,30
26496,3.297007,30
26497,3.303049,30
26498,3.026937,30
26499,-0.85316,30
26500,4.415031,27
26501,3.220964,30
26502,4.188495,18
26503,2.923669,15
26504,3.164224,30
26505,4.178621,18
26506,3.312307,30
26507,2.90754,30
26508,2.112038,24
26509,4.013905,27
26510,1.159615,30
26511,3.10904,11
26512,4.171415,22
26513,3.166562,30
26514,1.1598,30
26515,4.243564,28
26516,3.451094,30
26517,3.423173,30
26518,2.733971,16
26519,3.416474,30
26520,4.412158,26
26521,3.080693,30
26522,4.412191,25
26523,3.630925,23
26524,3.38602,30
26525,4.043311,30
26526,4.25476,21
26527,3.328319,30
26528,3.319292,30
26529,3.343484,30
26530,3.938614,22
26531,0.983057,19
26532,1.054113,27
26533,3.842999,23
26534,3.907901,29
26535,4.310144,18
26536,4.334186,18
26537,3.449285,30
26538,4.051325,25
26539,3.291562,30
26540,3.869325,20
26541,1.926535,30
26542,3.040846,30
26543,3.21415,30
26544,3.273016,30
26545,4.204344,24
26546,4.337257,24
26547,2.800404,16
26548,4.297338,17
26549,1.368466,30
26550,4.133227,16
26551,0.947821,30
26552,3.200073,30
26553,3.322237,30
26554,3.05209,30
26555,4.117619,30
26556,4.356114,17
26557,3.307363,30
26558,2.753878,10
26559,3.229762,30
26560,2.908721,30
26561,1.451951,30
26562,3.9998,26
26563,1.316144,30
26564,3.161449,30
26565,3.998289,14
26566,3.370016,30
26567,4.295306,18
26568,4.2704,19
26569,3.11794,30
26570,2.154685,30
26571,3.090355,30
26572,3.289063,30
26573,3.007181,19
26574,4.173598,15
26575,3.445082,30
26576,3.351454,30
26577,3.106388,30
26578,3.119067,30
26579,4.05765,19
26580,4.336763,20
26581,4.197008,25
26582,3.341341,30
26583,3.127342,30
26584,2.132858,30
26585,3.199702,30
26586,3.151295,30
26587,3.321102,30
26588,3.307423,30
26589,3.008732,30
26590,1.99797,30
26591,3.388772,30
26592,3.014725,30
26593,1.233701,30
26594,4.088703,13
26595,3.139606,30
26596,4.295174,30
26597,2.540646,16
26598,4.018228,20
26599,3.898258,24
26600,0.919492,30
26601,3.372243,30
26602,3.873381,15
26603,4.390776,17
26604,3.566013,19
26605,4.049028,14
26606,3.103093,13
26607,2.677722,29
26608,3.215807,30
26609,3.189752,30
26610,4.197875,14
26611,2.990817,14
26612,1.991572,30
26613,1.936349,30
26614,3.277518,30
26615,3.991888,17
26616,2.939843,30
26617,3.448665,30
26618,4.288348,24
26619,3.390649,30
26620,3.690114,28
26621,2.157525,24
26622,1.121966,30
26623,2.079288,27
26624,4.353273,18
26625,3.224415,30
26626,3.273653,30
26627,3.367604,30
26628,3.303453,30
26629,3.229291,30
26630,3.336779,30
26631,3.07528,30
26632,3.243911,30
26633,3.349064,30
26634,3.613779,26
26635,2.924047,30
26636,4.374986,27
26637,2.291726,17
26638,4.387507,22
26639,3.361429,30
26640,2.982844,30
26641,4.023061,21
26642,4.064685,14
26643,4.090093,28
26644,4.254396,23
26645,3.221736,30
26646,3.369679,30
26647,3.26282,30
26648,3.11253,30
26649,1.85788,15
26650,4.288699,19
26651,4.101308,27
26652,4.056046,22
26653,4.195872,29
26654,3.872776,18
26655,2.907756,26
26656,3.383158,30
26657,4.103743,22
26658,4.153808,17
26659,2.23315,25
26660,3.170402,30
26661,4.363808,22
26662,3.022134,19
26663,2.451148,10
26664,2.80099,30
26665,3.336934,30
26666,3.889457,30
26667,3.147142,30
26668,4.005278,28
26669,4.027273,15
26670,3.245097,30
26671,3.702653,29
26672,4.268654,19
26673,3.270233,30
26674,3.975829,26
26675,2.57431,30
26676,4.121571,21
26677,3.416213,30
26678,3.355986,30
26679,2.953535,30
26680,3.859862,23
26681,3.125839,30
26682,3.256897,30
26683,3.373552,30
26684,3.285447,30
26685,3.007485,30
26686,3.971174,28
26687,3.175789,30
26688,3.826175,23
26689,2.659226,30
26690,3.318284,30
26691,4.181594,28
26692,4.246525,25
26693,4.351287,23
26694,3.363669,30
26695,4.16747,17
26696,4.12683,29
26697,3.216087,30
26698,4.656696,24
26699,4.071961,29
26700,3.197215,15
26701,3.325487,30
26702,3.392132,30
26703,3.897877,27
26704,3.353785,30
26705,2.534198,20
26706,3.411166,30
26707,3.402795,30
26708,2.805854,14
26709,2.926803,15
26710,2.143879,30
26711,3.361203,30
26712,3.936203,15
26713,3.339838,30
26714,4.075191,16
26715,1.367489,30
26716,3.193595,30
26717,3.953292,11
26718,3.286473,19
26719,4.076129,12
26720,3.836075,15
26721,3.720333,18
26722,-0.115504,30
26723,1.107178,30
26724,3.409414,30
26725,3.204705,30
26726,4.406887,24
26727,3.213679,30
26728,3.339441,30
26729,3.391022,30
26730,3.066221,11
26731,3.256782,30
26732,4.284063,17
26733,2.564031,25
26734,3.288542,30
26735,1.402849,30
26736,3.818405,26
26737,4.010271,28
26738,3.247655,30
26739,1.302855,30
26740,3.140837,30
26741,4.347268,21
26742,4.028804,14
26743,2.034305,30
26744,3.037084,30
26745,4.069158,25
26746,3.308019,30
26747,3.16418,30
26748,3.27662,30
26749,3.282734,30
26750,4.056127,19
26751,4.266415,24
26752,3.987892,27
26753,3.07227,30
26754,3.281261,30
26755,4.124737,23
26756,4.144043,28
26757,3.361365,30
26758,1.200779,30
26759,3.282711,30
26760,3.410305,30
26761,2.873032,11
26762,4.139202,24
26763,2.883979,30
26764,3.229538,30
26765,1.8413,30
26766,3.282409,30
26767,3.189964,30
26768,4.390702,18
26769,3.610655,14
26770,2.070994,30
26771,3.461315,25
26772,4.109614,20
26773,3.315952,30
26774,3.304374,30
26775,2.960372,30
26776,4.047824,20
26777,4.116648,29
26778,3.31971,30
26779,3.338652,10
26780,4.185053,17
26781,2.970854,30
26782,0.753822,30
26783,2.235892,21
26784,4.229843,21
26785,4.41829,22
26786,2.671613,30
26787,3.971199,24
26788,1.527372,14
26789,4.369681,27
26790,3.195519,30
26791,3.275879,30
26792,1.206054,30
26793,2.170449,30
26794,2.347925,25
26795,3.573843,13
26796,4.010408,13
26797,3.065329,30
26798,4.102498,19
26799,3.33971,30
26800,3.360906,30
26801,4.351333,14
26802,3.292382,30
26803,3.044319,30
26804,3.216548,30
26805,4.29049,15
26806,3.029965,30
26807,3.40786,30
26808,2.390404,19
26809,3.253975,30
26810,2.008916,30
26811,1.274659,25
26812,1.706996,27
26813,2.359904,10
26814,3.464183,29
26815,3.206969,30
26816,1.316044,30
26817,4.184744,30
26818,3.103576,12
26819,-0.602618,30
26820,4.292745,23
26821,1.428162,30
26822,2.895969,30
26823,2.944258,30
26824,3.380511,30
26825,3.783139,28
26826,3.24469,30
26827,3.009947,30
26828,3.082449,30
26829,3.315551,30
26830,2.366061,22
26831,3.436521,30
26832,3.977825,27
26833,3.752891,20
26834,3.75646,15
26835,3.339064,30
26836,2.003982,30
26837,4.169451,20
26838,2.943527,30
26839,3.437884,21
26840,4.353699,21
26841,3.349359,30
26842,4.026108,26
26843,3.889234,23
26844,3.271416,30
26845,3.31488,30
26846,4.166352,23
26847,2.66374,12
26848,2.890886,30
26849,2.131353,30
26850,2.720802,30
26851,1.32265,30
26852,3.234419,30
26853,3.186542,30
26854,3.936799,13
26855,2.051206,30
26856,2.838875,30
26857,4.236564,25
26858,4.085312,29
26859,3.207851,30
26860,3.136628,30
26861,3.355866,30
26862,3.317511,30
26863,2.327778,18
26864,3.345033,30
26865,3.342358,30
26866,3.259379,30
26867,3.36554,30
26868,3.326372,30
26869,3.210101,30
26870,3.250596,30
26871,3.512776,14
26872,3.96653,13
26873,3.368937,30
26874,3.052778,15
26875,3.082429,13
26876,2.822648,13
26877,3.186126,30
26878,0.839157,13
26879,3.643272,16
26880,3.272367,30
26881,4.120492,15
26882,3.073733,30
26883,3.356858,30
26884,3.32151,30
26885,3.256974,30
26886,3.391924,30
26887,1.875717,30
26888,2.801921,15
26889,3.416001,30
26890,3.173776,30
26891,3.268031,30
26892,4.127537,24
26893,2.867951,16
26894,3.69955,13
26895,3.136809,30
26896,2.177995,17
26897,3.081775,30
26898,2.050676,30
26899,2.23711,26
26900,0.272653,22
26901,4.179542,24
26902,3.236458,30
26903,3.900781,27
26904,3.409196,30
26905,3.287363,30
26906,3.336779,30
26907,3.290825,30
26908,3.397409,30
26909,2.890892,10
26910,1.39266,30
26911,3.267473,30
26912,4.246301,19
26913,3.254053,30
26914,1.105429,30
26915,3.176227,30
26916,0.167236,30
26917,2.166002,22
26918,1.630027,9
26919,3.387539,30
26920,2.924078,10
26921,3.97844,13
26922,3.945959,16
26923,3.173327,30
26924,4.204599,21
26925,3.402008,30
26926,2.081085,28
26927,3.390113,17
26928,1.364554,30
26929,3.234479,30
26930,3.971195,20
26931,3.434653,30
26932,1.374659,30
26933,3.049871,17
26934,4.147196,24
26935,3.285956,30
26936,3.341318,30
26937,4.226111,23
26938,3.129932,30
26939,3.179832,30
26940,3.339925,30
26941,3.313126,30
26942,3.039162,22
26943,1.441472,30
26944,4.212934,20
26945,3.349885,30
26946,2.950012,12
26947,4.014264,18
26948,3.172128,30
26949,4.228351,22
26950,4.398459,26
26951,4.36834,16
26952,3.296409,30
26953,4.001535,21
26954,3.180417,30
26955,3.176946,30
26956,4.209371,30
26957,3.180345,30
26958,4.077396,14
26959,4.130658,14
26960,4.228904,27
26961,3.269929,30
26962,2.883881,26
26963,3.343639,30
26964,1.339072,30
26965,4.110992,13
26966,3.221531,30
26967,3.982737,30
26968,3.361857,30
26969,4.121337,24
26970,3.16536,30
26971,1.401905,30
26972,3.30428,30
26973,3.241455,30
26974,3.105024,15
26975,3.20256,30
26976,2.998472,14
26977,4.004573,16
26978,3.413063,30
26979,4.114111,12
26980,3.163625,30
26981,3.469153,30
26982,3.413239,30
26983,4.36952,29
26984,4.166436,27
26985,1.354442,30
26986,4.318679,15
26987,3.395963,30
26988,4.103684,12
26989,3.144568,30
26990,3.337167,30
26991,4.220298,15
26992,4.293416,24
26993,2.760063,30
26994,3.294192,30
26995,3.772493,19
26996,3.376772,30
26997,3.386263,30
26998,3.045576,30
26999,3.281536,30
27000,3.447072,30
27001,4.12255,17
27002,3.097912,30
27003,3.325895,30
27004,3.979245,20
27005,3.834241,16
27006,3.050915,13
27007,3.151872,30
27008,4.053343,24
27009,3.118117,30
27010,3.32413,30
27011,3.245,30
27012,2.006009,30
27013,3.10296,30
27014,4.362671,17
27015,3.093243,30
27016,4.283785,15
27017,3.189343,30
27018,4.173261,13
27019,2.848436,26
27020,3.369968,30
27021,3.128632,30
27022,3.914779,28
27023,4.090425,14
27024,4.072331,13
27025,3.258773,30
27026,3.354788,30
27027,3.8532,26
27028,1.949899,30
27029,4.370321,21
27030,3.942207,11
27031,3.101688,30
27032,3.411686,30
27033,3.41039,30
27034,3.298628,30
27035,3.164358,30
27036,3.448366,30
27037,4.392653,22
27038,3.07779,30
27039,1.412379,30
27040,1.93084,20
27041,3.293275,30
27042,4.146092,12
27043,4.268608,18
27044,1.068331,30
27045,4.094258,16
27046,3.046881,30
27047,3.146013,30
27048,4.423533,19
27049,4.324585,19
27050,3.845441,21
27051,3.130577,30
27052,3.40859,30
27053,1.944657,21
27054,3.225237,30
27055,3.244,30
27056,2.001338,27
27057,0.650432,13
27058,1.9237,15
27059,3.176859,30
27060,1.297307,30
27061,3.410817,30
27062,1.281037,30
27063,3.275205,30
27064,3.371433,30
27065,-2.869966,30
27066,2.68714,30
27067,1.273214,30
27068,3.393077,30
27069,3.99821,29
27070,3.225506,30
27071,3.178869,30
27072,3.348894,30
27073,3.276868,30
27074,2.277874,30
27075,3.248005,30
27076,1.95229,12
27077,3.994247,22
27078,3.236189,30
27079,4.115843,22
27080,1.261691,30
27081,3.359293,30
27082,1.26941,30
27083,2.813039,12
27084,2.839786,16
27085,4.030135,27
27086,3.20393,30
27087,2.89537,15
27088,3.002789,30
27089,3.16092,30
27090,4.216167,15
27091,2.06643,26
27092,3.104107,30
27093,4.058177,27
27094,2.998675,30
27095,2.809254,12
27096,3.064611,30
27097,4.293844,26
27098,3.367935,30
27099,2.986969,30
27100,3.370584,30
27101,2.254868,15
27102,3.301974,30
27103,3.180106,30
27104,3.389966,30
27105,3.301974,30
27106,4.129112,30
27107,4.272906,15
27108,3.407675,30
27109,4.066289,29
27110,3.404727,15
27111,0.76457,13
27112,1.759954,30
27113,4.062379,18
27114,2.1224,29
27115,3.037394,30
27116,4.107331,16
27117,4.277292,26
27118,3.306796,15
27119,3.594108,18
27120,4.299815,16
27121,3.408769,30
27122,4.10469,29
27123,3.059048,16
27124,3.433175,30
27125,3.340538,30
27126,4.37216,15
27127,3.057629,30
27128,4.108676,30
27129,1.370931,30
27130,4.270511,29
27131,3.253665,30
27132,3.277505,30
27133,4.288438,27
27134,4.208019,22
27135,1.179575,30
27136,3.305426,30
27137,4.211278,17
27138,3.34269,30
27139,2.831241,21
27140,3.404684,30
27141,3.215477,30
27142,3.316777,30
27143,-0.277143,30
27144,0.04523,30
27145,4.406938,19
27146,4.230601,20
27147,3.316825,30
27148,1.220499,30
27149,4.262819,17
27150,4.253319,24
27151,3.709315,27
27152,3.404863,21
27153,4.211377,13
27154,2.872219,28
27155,3.346244,20
27156,1.21075,30
27157,3.391576,30
27158,3.547143,25
27159,2.729143,14
27160,4.194433,20
27161,4.401674,20
27162,3.276708,30
27163,3.027489,30
27164,3.382972,30
27165,3.371836,30
27166,3.980991,28
27167,2.166933,30
27168,1.475071,14
27169,3.353805,30
27170,3.349333,30
27171,3.376648,30
27172,3.292117,30
27173,2.910542,30
27174,4.29146,22
27175,3.357935,30
27176,3.721341,18
27177,3.331844,30
27178,3.246767,30
27179,3.305541,30
27180,3.034467,30
27181,2.957049,30
27182,3.680289,17
27183,3.205773,30
27184,3.044561,30
27185,2.210721,21
27186,3.19371,30
27187,3.119255,14
27188,2.037597,30
27189,2.797322,13
27190,3.309049,30
27191,4.105946,23
27192,3.399132,30
27193,2.859189,13
27194,3.139677,30
27195,1.913277,30
27196,3.19099,30
27197,3.119436,30
27198,3.245962,30
27199,3.403563,30
27200,3.418337,30
27201,3.483079,24
27202,4.261755,18
27203,2.685997,30
27204,3.116357,30
27205,3.313353,30
27206,4.1654,18
27207,4.329191,18
27208,3.258018,30
27209,3.233882,30
27210,3.029932,15
27211,4.307483,30
27212,3.229704,30
27213,4.604724,27
27214,3.334415,30
27215,3.396024,30
27216,2.220384,30
27217,3.072013,30
27218,3.169402,30
27219,2.557514,27
27220,3.36481,30
27221,3.214204,30
27222,1.699484,27
27223,3.027129,23
27224,1.453739,28
27225,3.915643,23
27226,0.035359,30
27227,-0.646473,30
27228,1.883137,30
27229,4.089346,17
27230,1.954673,30
27231,3.44771,30
27232,1.357803,30
27233,4.36438,25
27234,3.418068,30
27235,3.154805,30
27236,3.259855,30
27237,3.404076,30
27238,3.250561,30
27239,3.420692,30
27240,2.03069,28
27241,2.774126,30
27242,2.881439,30
27243,3.328191,30
27244,1.19326,30
27245,2.738642,30
27246,3.103478,30
27247,3.122506,18
27248,3.367785,30
27249,3.312177,30
27250,3.083761,22
27251,3.089085,30
27252,2.910458,15
27253,3.994285,21
27254,3.227003,26
27255,3.351389,30
27256,3.275679,30
27257,3.394676,30
27258,3.359688,30
27259,2.77463,30
27260,3.090165,30
27261,3.9521,29
27262,1.418913,30
27263,3.339502,30
27264,4.195505,18
27265,3.158193,30
27266,3.345457,30
27267,3.367589,30
27268,2.864231,30
27269,4.031087,22
27270,3.128593,30
27271,4.272671,30
27272,1.634588,25
27273,1.127581,30
27274,3.401788,30
27275,2.67902,30
27276,3.400264,30
27277,3.387876,30
27278,3.103152,22
27279,1.825407,12
27280,2.857757,30
27281,1.911521,26
27282,3.878598,22
27283,4.340643,15
27284,3.343638,30
27285,4.287363,16
27286,4.048557,25
27287,3.273503,30
27288,4.390141,30
27289,3.250924,30
27290,3.397396,30
27291,3.172487,30
27292,2.882099,30
27293,2.851586,30
27294,3.129014,30
27295,3.242441,30
27296,4.050822,17
27297,3.249504,30
27298,4.084589,23
27299,2.5588,30
27300,3.265992,30
27301,3.211619,30
27302,3.173375,30
27303,4.244175,28
27304,0.988845,30
27305,2.720102,17
27306,-0.829308,30
27307,4.125168,24
27308,3.986674,25
27309,4.398058,23
27310,1.686958,24
27311,1.358629,17
27312,3.177375,30
27313,1.603732,10
27314,2.66317,24
27315,3.268635,30
27316,4.270357,30
27317,3.376792,30
27318,1.303612,30
27319,4.39318,27
27320,4.183606,17
27321,3.272686,30
27322,2.95386,20
27323,2.706874,30
27324,3.373918,30
27325,3.243189,30
27326,3.278325,30
27327,3.295868,30
27328,3.419157,30
27329,3.223358,30
27330,3.017601,14
27331,4.121528,24
27332,3.387306,30
27333,4.47246,26
27334,3.329148,30
27335,3.421245,30
27336,2.216895,30
27337,4.033732,18
27338,4.038867,19
27339,3.367774,30
27340,4.261029,24
27341,3.279172,30
27342,3.106623,30
27343,4.204259,20
27344,3.102291,30
27345,2.946385,30
27346,4.336213,29
27347,3.277249,30
27348,3.305257,30
27349,4.319594,22
27350,3.306885,30
27351,3.995091,10
27352,1.247232,30
27353,3.065834,30
27354,4.062234,27
27355,3.268791,30
27356,3.715929,16
27357,3.033387,30
27358,3.985722,25
27359,3.428674,19
27360,4.286886,14
27361,2.206724,30
27362,3.016695,12
27363,4.10934,19
27364,1.918078,30
27365,3.35778,30
27366,2.906698,21
27367,2.34199,19
27368,3.257378,30
27369,3.432561,30
27370,3.372149,30
27371,2.009385,17
27372,3.530652,12
27373,4.25767,28
27374,3.393065,30
27375,2.277704,30
27376,3.109168,30
27377,3.348392,30
27378,4.32175,20
27379,4.056329,29
27380,1.037026,18
27381,4.020706,24
27382,1.143447,30
27383,2.19176,30
27384,4.073617,29
27385,0.915981,11
27386,4.182527,24
27387,3.06555,13
27388,3.151004,30
27389,2.932757,30
27390,3.274349,30
27391,3.101943,30
27392,4.076459,19
27393,3.247684,30
27394,2.986769,16
27395,3.268128,30
27396,3.334247,30
27397,4.271477,30
27398,3.85384,15
27399,3.419104,30
27400,4.10917,26
27401,3.103304,30
27402,1.271446,30
27403,3.371955,30
27404,3.293622,30
27405,4.271212,19
27406,1.895059,26
27407,3.402145,30
27408,3.218978,30
27409,4.172077,19
27410,2.686136,30
27411,4.352508,24
27412,4.238242,18
27413,4.107384,13
27414,2.155893,21
27415,2.846268,13
27416,3.727102,24
27417,2.861318,17
27418,3.69589,17
27419,4.350497,29
27420,3.432712,30
27421,3.264112,30
27422,3.143265,30
27423,4.314574,24
27424,3.027277,30
27425,2.793786,30
27426,3.195751,30
27427,4.308789,27
27428,3.306589,30
27429,3.170161,30
27430,1.247498,30
27431,4.020916,21
27432,4.112424,20
27433,3.218263,30
27434,3.336863,30
27435,3.331206,30
27436,2.96643,22
27437,3.020946,30
27438,1.165634,30
27439,3.029883,30
27440,3.168186,30
27441,2.065922,13
27442,2.971975,30
27443,1.241366,30
27444,3.229783,30
27445,3.327186,30
27446,2.127085,15
27447,2.89955,30
27448,1.356555,30
27449,3.125115,12
27450,1.893756,30
27451,3.290769,30
27452,4.15145,30
27453,4.17075,15
27454,3.057252,24
27455,4.351021,21
27456,3.366509,30
27457,3.410255,30
27458,1.259033,30
27459,3.375449,22
27460,2.705797,16
27461,3.704605,22
27462,3.228871,30
27463,3.060885,30
27464,-0.222686,30
27465,2.001101,28
27466,3.364583,30
27467,1.348049,30
27468,2.030555,30
27469,3.258456,30
27470,4.240988,28
27471,3.215488,30
27472,4.025952,22
27473,4.262381,25
27474,3.057506,22
27475,4.274678,25
27476,2.995202,27
27477,3.237622,30
27478,3.114401,30
27479,3.366048,30
27480,3.239135,30
27481,2.889229,17
27482,1.009697,30
27483,4.333738,14
27484,3.69686,22
27485,3.38542,30
27486,3.319386,30
27487,1.27381,30
27488,3.026343,30
27489,4.232611,16
27490,2.156195,30
27491,3.024225,30
27492,2.127887,30
27493,4.46454,22
27494,3.129031,30
27495,4.296855,15
27496,3.273139,30
27497,4.041014,18
27498,1.556779,30
27499,3.32299,30
27500,3.375113,30
27501,1.928481,30
27502,3.596893,30
27503,3.017357,30
27504,3.314075,30
27505,1.166104,30
27506,4.170452,20
27507,3.219387,30
27508,3.36719,30
27509,3.131865,30
27510,4.305318,29
27511,2.87377,16
27512,2.932264,11
27513,4.140957,16
27514,3.05497,30
27515,3.382049,30
27516,2.995141,30
27517,3.103307,30
27518,3.966314,25
27519,3.302542,30
27520,3.238478,30
27521,2.963752,30
27522,3.408742,30
27523,1.353115,30
27524,4.272932,27
27525,3.037523,30
27526,4.155766,25
27527,3.269399,30
27528,4.399721,24
27529,4.101554,23
27530,3.290458,30
27531,0.83292,30
27532,4.284049,27
27533,4.411174,16
27534,-1.005004,14
27535,2.9946,30
27536,2.828668,30
27537,3.353616,30
27538,4.264814,19
27539,3.285115,30
27540,3.438509,30
27541,3.878337,30
27542,3.265714,30
27543,3.213694,30
27544,3.297926,30
27545,3.170322,30
27546,2.500199,27
27547,4.278098,26
27548,3.376146,30
27549,4.019549,27
27550,3.039822,30
27551,1.836048,30
27552,4.014346,12
27553,2.95158,12
27554,3.302436,30
27555,3.235567,30
27556,3.367235,30
27557,3.441038,30
27558,2.910662,10
27559,3.354697,30
27560,3.050583,14
27561,3.270538,30
27562,2.161887,24
27563,3.036176,23
27564,3.019746,26
27565,2.856093,30
27566,1.266075,30
27567,3.252002,30
27568,2.990551,30
27569,2.912629,17
27570,3.995414,26
27571,-0.245114,30
27572,1.337164,30
27573,4.147308,25
27574,3.331288,30
27575,2.902441,30
27576,3.320709,30
27577,1.821655,30
27578,3.909216,27
27579,1.390339,30
27580,3.329156,30
27581,4.195729,24
27582,4.305859,29
27583,3.26614,30
27584,3.427175,30
27585,4.085822,15
27586,3.946164,18
27587,2.521069,30
27588,1.281843,30
27589,1.640182,10
27590,4.085812,30
27591,4.28679,19
27592,3.151027,30
27593,3.230425,30
27594,3.311737,30
27595,3.376186,30
27596,4.28127,21
27597,3.050052,18
27598,3.341776,30
27599,2.933056,30
27600,3.315321,30
27601,3.08558,30
27602,3.208067,30
27603,1.263146,30
27604,2.388151,30
27605,3.138599,30
27606,3.413867,30
27607,4.151579,30
27608,2.848993,12
27609,2.621769,15
27610,4.025943,22
27611,3.340656,30
27612,4.342744,16
27613,4.048656,14
27614,3.180595,30
27615,3.105003,30
27616,3.287949,30
27617,3.15293,30
27618,3.383065,30
27619,3.231901,30
27620,3.305801,30
27621,4.037596,27
27622,4.183136,18
27623,1.273807,30
27624,1.037285,30
27625,3.149836,30
27626,3.427075,30
27627,2.031017,30
27628,3.349171,30
27629,3.236966,30
27630,3.295831,30
27631,3.332871,30
27632,1.26859,30
27633,2.10537,30
27634,2.266882,20
27635,4.157797,25
27636,3.317226,30
27637,4.102951,16
27638,3.073879,30
27639,3.299724,30
27640,4.352619,26
27641,3.153118,30
27642,3.991303,17
27643,3.23558,30
27644,3.421434,30
27645,3.3912,30
27646,3.352527,30
27647,3.395649,30
27648,3.134187,30
27649,4.118314,25
27650,-0.903243,30
27651,3.221272,30
27652,2.796503,25
27653,4.082983,22
27654,1.566593,16
27655,3.266059,30
27656,4.039799,25
27657,3.205373,30
27658,4.174279,22
27659,3.236176,30
27660,3.399461,30
27661,1.281774,30
27662,2.753886,30
27663,3.061008,30
27664,3.919861,30
27665,2.017637,30
27666,3.090199,30
27667,2.391372,30
27668,3.388797,17
27669,3.016297,24
27670,2.637196,30
27671,3.366337,30
27672,3.297304,30
27673,4.178612,20
27674,3.07612,30
27675,3.964114,15
27676,4.232467,16
27677,3.351036,30
27678,4.333663,25
27679,3.219869,30
27680,4.2114,23
27681,2.164958,30
27682,3.997068,28
27683,3.221241,30
27684,3.080115,30
27685,4.003047,16
27686,3.179986,30
27687,1.195615,30
27688,3.383556,30
27689,3.985784,14
27690,2.991277,30
27691,3.448978,30
27692,4.330809,21
27693,4.015706,26
27694,2.110163,30
27695,3.431214,30
27696,3.162639,30
27697,3.888658,30
27698,4.020637,26
27699,3.314568,30
27700,4.175386,13
27701,2.986351,30
27702,3.370369,30
27703,3.348591,30
27704,3.09846,12
27705,3.350199,30
27706,3.250338,30
27707,3.374252,30
27708,3.446291,30
27709,3.429224,30
27710,0.155172,30
27711,3.238914,30
27712,4.024682,20
27713,3.178381,30
27714,3.052041,30
27715,2.96363,13
27716,2.08498,30
27717,3.170554,30
27718,3.321387,30
27719,3.218246,30
27720,3.937153,27
27721,3.112178,11
27722,3.340883,30
27723,4.200704,28
27724,1.224539,30
27725,2.531526,30
27726,3.369614,30
27727,4.294375,26
27728,0.827622,30
27729,3.390266,30
27730,3.963006,24
27731,3.244256,30
27732,2.129968,30
27733,4.247181,24
27734,2.900688,18
27735,3.347253,30
27736,3.114459,30
27737,3.442849,30
27738,4.086346,21
27739,3.901653,18
27740,3.774717,30
27741,3.384354,30
27742,4.134822,26
27743,2.24714,30
27744,2.889411,30
27745,3.341561,30
27746,3.217903,30
27747,3.59072,16
27748,1.324576,30
27749,3.545468,15
27750,3.320851,30
27751,2.740279,30
27752,3.414917,30
27753,3.150781,30
27754,3.3185,30
27755,4.090493,15
27756,3.25627,30
27757,4.097004,17
27758,3.829623,28
27759,2.375981,10
27760,2.639275,30
27761,3.61616,22
27762,3.117441,30
27763,4.128038,25
27764,4.305554,22
27765,3.34011,30
27766,3.368433,30
27767,3.10623,22
27768,3.97884,13
27769,4.244923,16
27770,3.380492,30
27771,4.22192,12
27772,3.135659,30
27773,2.978467,14
27774,2.03009,30
27775,3.306504,30
27776,3.228536,30
27777,4.191793,27
27778,3.280805,30
27779,3.315044,30
27780,1.954948,30
27781,3.378187,30
27782,4.235058,18
27783,3.280047,30
27784,3.003888,30
27785,3.330597,30
27786,3.285292,30
27787,3.328487,30
27788,4.153469,21
27789,3.520363,17
27790,4.323876,22
27791,0.776636,30
27792,3.354807,30
27793,0.60839,30
27794,3.279005,30
27795,0.792829,24
27796,3.293877,30
27797,1.702637,30
27798,3.338634,30
27799,3.054323,30
27800,3.056224,20
27801,3.057514,30
27802,4.368179,27
27803,4.383196,27
27804,3.253988,30
27805,3.772457,29
27806,3.301901,30
27807,2.323644,23
27808,3.15748,30
27809,1.23007,30
27810,3.23874,30
27811,3.225905,30
27812,4.084742,28
27813,3.369381,30
27814,3.35602,30
27815,4.137999,27
27816,3.437915,30
27817,4.121391,28
27818,3.712068,18
27819,3.257457,30
27820,-0.260126,30
27821,3.974806,15
27822,1.692755,29
27823,3.111232,30
27824,3.419422,30
27825,3.220541,30
27826,3.254081,30
27827,3.348568,30
27828,3.201776,30
27829,1.080814,30
27830,3.382439,30
27831,4.129358,14
27832,3.084304,30
27833,4.160124,17
27834,4.319529,30
27835,3.177676,30
27836,3.962788,19
27837,2.946922,30
27838,3.795598,16
27839,4.033696,14
27840,3.188555,13
27841,3.082118,30
27842,1.888594,30
27843,3.015658,30
27844,3.11947,30
27845,3.207596,30
27846,3.450129,30
27847,3.201972,30
27848,1.676294,30
27849,3.369186,30
27850,4.078329,24
27851,1.504126,30
27852,3.214183,30
27853,4.310287,25
27854,3.083658,30
27855,4.142528,15
27856,3.264862,30
27857,3.684315,15
27858,3.313241,30
27859,3.139494,30
27860,3.389073,30
27861,3.322626,30
27862,2.617011,30
27863,4.238318,21
27864,3.36376,30
27865,3.130134,30
27866,3.004547,30
27867,3.219478,30
27868,2.684816,24
27869,3.240663,30
27870,3.081653,30
27871,1.622178,30
27872,1.290426,30
27873,3.415207,30
27874,2.363733,30
27875,3.280928,30
27876,3.392639,30
27877,3.110225,21
27878,3.69028,25
27879,3.125829,30
27880,3.097358,16
27881,3.028719,30
27882,3.936054,13
27883,3.397168,30
27884,1.619612,14
27885,2.41769,30
27886,3.044996,30
27887,4.262417,27
27888,3.150978,30
27889,3.156812,30
27890,3.418194,30
27891,1.945594,28
27892,3.099032,30
27893,2.994192,30
27894,2.101133,30
27895,3.412658,30
27896,3.295909,30
27897,2.857365,30
27898,4.285811,19
27899,3.849622,26
27900,2.305575,30
27901,4.014581,30
27902,3.382439,30
27903,3.05946,15
27904,3.317389,30
27905,1.342904,30
27906,4.286031,16
27907,2.303362,17
27908,3.224834,30
27909,3.25258,30
27910,2.986429,14
27911,3.248386,30
27912,3.359103,30
27913,3.259407,30
27914,4.329718,18
27915,2.871052,11
27916,2.978204,30
27917,3.345479,30
27918,3.324319,30
27919,2.62309,13
27920,3.386466,30
27921,3.309322,30
27922,4.368428,20
27923,3.2922,30
27924,2.915287,30
27925,2.049011,25
27926,1.306114,30
27927,1.74515,30
27928,3.228282,30
27929,4.080948,14
27930,4.150471,15
27931,3.206349,30
27932,3.230417,30
27933,2.983901,25
27934,3.239494,30
27935,3.143987,30
27936,1.377494,30
27937,3.351742,30
27938,3.969644,29
27939,1.950133,30
27940,2.948953,20
27941,2.734041,30
27942,-0.001633,30
27943,3.254175,30
27944,3.255613,30
27945,4.070366,16
27946,4.090999,15
27947,4.332325,25
27948,2.838444,30
27949,4.243018,23
27950,3.373799,30
27951,2.751294,15
27952,2.930963,11
27953,3.326187,30
27954,3.288791,30
27955,2.858956,26
27956,2.840192,15
27957,2.77756,14
27958,3.204631,30
27959,2.989964,30
27960,2.988983,30
27961,3.243436,30
27962,3.306651,30
27963,3.304554,30
27964,3.272102,30
27965,3.368785,30
27966,2.915282,19
27967,4.109079,20
27968,4.092644,29
27969,4.011062,16
27970,3.311366,30
27971,3.293295,30
27972,3.198174,30
27973,3.307217,30
27974,3.354317,30
27975,1.254523,30
27976,3.181616,30
27977,3.959585,17
27978,3.32975,30
27979,2.065039,25
27980,4.193829,16
27981,3.320193,30
27982,3.330895,30
27983,1.061918,20
27984,4.183713,24
27985,1.42982,30
27986,3.102104,30
27987,3.187711,30
27988,4.159546,17
27989,2.994618,14
27990,3.265154,30
27991,4.227363,15
27992,3.050738,14
27993,3.365991,30
27994,4.149982,26
27995,3.191352,30
27996,3.326327,30
27997,3.180514,30
27998,4.332338,22
27999,4.203336,17
28000,2.947388,16
28001,4.398193,19
28002,2.487791,30
28003,3.384225,30
28004,4.247828,29
28005,2.527987,30
28006,2.899189,30
28007,3.988023,13
28008,2.703628,30
28009,4.133224,25
28010,3.402902,30
28011,2.163328,27
28012,4.138237,29
28013,3.289366,30
28014,3.332208,30
28015,-1.052973,15
28016,3.304454,30
28017,4.324395,26
28018,3.572375,21
28019,3.0197,30
28020,2.176545,23
28021,2.300821,22
28022,4.29885,22
28023,4.315716,15
28024,3.202524,30
28025,3.264018,30
28026,3.860147,16
28027,4.311806,24
28028,3.73035,25
28029,3.064874,30
28030,3.326552,30
28031,3.333504,30
28032,3.861894,28
28033,3.384926,30
28034,4.149079,28
28035,2.838901,30
28036,2.909044,30
28037,-0.961316,30
28038,4.061671,23
28039,3.1308,30
28040,1.966762,27
28041,4.285585,25
28042,3.392813,30
28043,3.202284,30
28044,2.50198,24
28045,3.249071,30
28046,3.320618,30
28047,3.780253,30
28048,2.876053,13
28049,3.080677,30
28050,2.996199,23
28051,3.412664,30
28052,3.375329,10
28053,2.878532,10
28054,1.08108,30
28055,2.008001,30
28056,2.577595,30
28057,4.161867,17
28058,4.232181,30
28059,0.954043,17
28060,2.891171,30
28061,4.250784,21
28062,3.332309,30
28063,3.225945,30
28064,3.168948,30
28065,2.29795,22
28066,4.213175,14
28067,1.602905,23
28068,3.283055,30
28069,3.315094,30
28070,3.957367,22
28071,3.162255,30
28072,3.313998,30
28073,3.920682,27
28074,3.390777,30
28075,4.102656,17
28076,2.816214,14
28077,3.169047,30
28078,1.266794,30
28079,3.214307,30
28080,1.619755,30
28081,3.324285,30
28082,4.1164,30
28083,3.228108,30
28084,3.239279,30
28085,3.261661,30
28086,4.098555,20
28087,3.136901,30
28088,3.122188,30
28089,3.433237,30
28090,3.325727,30
28091,4.115019,21
28092,2.996707,30
28093,4.092694,30
28094,3.380328,30
28095,2.826531,25
28096,3.238468,30
28097,3.03816,30
28098,2.92643,30
28099,3.36438,30
28100,3.972344,19
28101,3.424392,30
28102,3.100902,30
28103,4.369435,15
28104,4.158453,16
28105,3.345533,30
28106,2.106909,30
28107,3.200105,30
28108,2.750078,13
28109,1.383438,30
28110,3.365418,30
28111,3.341989,30
28112,3.417469,30
28113,3.271851,30
28114,3.023727,30
28115,1.96361,26
28116,4.336694,17
28117,3.06581,19
28118,3.144293,30
28119,1.246711,30
28120,4.210669,16
28121,3.059782,30
28122,3.300508,30
28123,2.098955,30
28124,2.175528,30
28125,3.225986,30
28126,3.090454,30
28127,3.893183,28
28128,3.01602,30
28129,3.356426,30
28130,3.067708,30
28131,3.35877,30
28132,3.352364,30
28133,2.803538,19
28134,3.221501,30
28135,3.926648,25
28136,3.393367,30
28137,4.033771,15
28138,3.228969,30
28139,3.283757,30
28140,1.922941,30
28141,3.241976,30
28142,2.381616,21
28143,1.396549,30
28144,3.041126,30
28145,4.194058,18
28146,0.05415,17
28147,3.327425,30
28148,-0.718801,30
28149,2.446135,30
28150,4.35914,22
28151,3.235852,30
28152,4.154036,27
28153,3.270523,30
28154,-0.121696,30
28155,1.259076,30
28156,4.280962,16
28157,3.218119,30
28158,3.936988,22
28159,3.402432,30
28160,3.137196,30
28161,1.347242,30
28162,3.367383,30
28163,3.231861,30
28164,3.265222,25
28165,1.989316,29
28166,1.371139,30
28167,2.843747,30
28168,1.365889,30
28169,2.087798,30
28170,1.940137,30
28171,2.850193,30
28172,3.318582,30
28173,4.234729,29
28174,3.007739,20
28175,2.770239,29
28176,4.33502,20
28177,3.364802,30
28178,1.381348,30
28179,4.302186,23
28180,3.345608,30
28181,3.079,20
28182,3.559944,19
28183,4.296595,28
28184,3.041598,17
28185,3.872248,28
28186,3.344859,30
28187,3.370362,30
28188,4.092332,16
28189,3.047591,30
28190,3.252078,30
28191,3.006022,30
28192,1.799072,30
28193,4.21288,15
28194,3.361979,30
28195,4.113528,23
28196,1.13668,30
28197,4.182665,14
28198,4.171533,20
28199,3.155006,30
28200,2.624875,25
28201,3.04764,30
28202,3.327912,30
28203,3.322303,30
28204,3.389296,30
28205,3.015456,30
28206,3.232038,30
28207,4.304397,15
28208,3.120277,30
28209,1.231337,30
28210,3.152967,30
28211,3.363266,30
28212,3.2478,30
28213,3.180554,30
28214,4.105179,18
28215,3.234119,30
28216,4.059132,29
28217,4.217769,21
28218,4.206501,28
28219,3.247147,30
28220,1.349896,30
28221,4.250326,26
28222,3.298786,30
28223,3.306759,30
28224,4.187918,16
28225,4.067607,13
28226,3.385705,30
28227,3.968827,18
28228,4.083314,20
28229,4.184478,30
28230,3.315826,30
28231,3.209735,30
28232,4.189493,19
28233,2.297104,30
28234,3.116171,13
28235,3.277033,30
28236,3.227125,30
28237,1.115232,30
28238,3.350386,30
28239,3.208085,30
28240,3.303761,30
28241,3.409852,30
28242,3.898609,16
28243,2.815105,26
28244,-10.036459,30
28245,3.417007,30
28246,3.394698,30
28247,3.058487,20
28248,3.251012,30
28249,1.655237,30
28250,1.304107,30
28251,4.191634,24
28252,0.954771,30
28253,3.087119,17
28254,4.187578,14
28255,3.994828,30
28256,3.025621,13
28257,2.085064,19
28258,3.052546,30
28259,3.255665,30
28260,4.081038,21
28261,4.261311,17
28262,1.850752,26
28263,3.425947,30
28264,1.116146,30
28265,0.731974,20
28266,3.697148,20
28267,3.383935,30
28268,4.079441,30
28269,4.266896,17
28270,3.123757,30
28271,3.357549,30
28272,1.981002,30
28273,2.572403,30
28274,3.27608,30
28275,4.111057,16
28276,4.060858,29
28277,3.997088,14
28278,3.323144,30
28279,3.331937,30
28280,3.282499,30
28281,3.138415,30
28282,3.432047,30
28283,3.99482,18
28284,3.282306,30
28285,3.324596,30
28286,3.338062,30
28287,3.35454,30
28288,3.391276,30
28289,4.083563,24
28290,3.770098,29
28291,3.18484,30
28292,3.341358,30
28293,0.994259,30
28294,4.15703,26
28295,1.370926,30
28296,3.900895,30
28297,4.200698,20
28298,3.595581,17
28299,3.302746,30
28300,3.896042,25
28301,4.205465,20
28302,4.221043,28
28303,1.044969,30
28304,3.349788,30
28305,3.314685,30
28306,3.334111,30
28307,3.347206,30
28308,3.365785,30
28309,0.120663,30
28310,3.651361,18
28311,1.444893,19
28312,3.328986,30
28313,3.989236,21
28314,2.344779,29
28315,3.048382,30
28316,4.27796,18
28317,0.045415,30
28318,3.411428,30
28319,3.370599,30
28320,3.200578,30
28321,3.345427,30
28322,1.350753,30
28323,3.30423,30
28324,3.175021,30
28325,3.967393,28
28326,4.278474,24
28327,4.130092,27
28328,3.87424,27
28329,3.353555,30
28330,3.186898,13
28331,3.922994,21
28332,3.132148,30
28333,1.08382,30
28334,-0.754932,30
28335,1.926335,30
28336,3.295546,30
28337,3.368545,30
28338,4.220573,21
28339,4.167551,19
28340,4.044773,13
28341,4.046219,26
28342,3.000524,12
28343,4.104028,19
28344,4.049695,23
28345,2.557312,30
28346,3.064676,30
28347,3.412412,30
28348,2.198273,24
28349,3.103616,30
28350,2.877979,17
28351,4.297195,23
28352,2.319158,30
28353,3.296678,30
28354,2.140279,30
28355,3.376246,30
28356,3.400854,30
28357,3.153308,17
28358,4.285771,24
28359,4.095077,13
28360,3.376046,30
28361,3.927177,24
28362,1.992974,30
28363,1.145288,30
28364,3.412879,30
28365,4.081406,26
28366,2.300198,30
28367,4.248258,17
28368,4.255991,25
28369,4.318654,27
28370,2.91579,30
28371,3.509235,22
28372,2.625626,20
28373,1.4142,30
28374,1.773275,30
28375,3.318551,30
28376,3.384072,30
28377,3.393899,30
28378,3.264548,30
28379,2.75125,29
28380,1.898696,30
28381,3.451896,30
28382,3.209462,30
28383,2.833397,17
28384,3.356477,20
28385,4.198775,20
28386,3.206897,30
28387,3.301646,30
28388,3.37382,30
28389,3.256452,30
28390,4.116591,28
28391,3.318074,30
28392,3.18153,23
28393,1.626657,30
28394,3.383502,30
28395,3.374124,30
28396,3.331915,30
28397,4.223569,22
28398,3.37027,30
28399,4.220188,17
28400,3.409582,30
28401,3.212113,30
28402,1.924264,30
28403,2.044076,19
28404,3.321492,30
28405,2.085249,27
28406,4.281894,24
28407,3.27599,30
28408,3.129401,30
28409,2.134109,30
28410,3.43783,30
28411,4.137848,24
28412,3.831646,18
28413,3.409384,30
28414,3.095336,30
28415,2.868726,14
28416,3.26677,30
28417,2.036978,30
28418,2.226037,30
28419,3.314628,30
28420,3.963114,25
28421,3.132127,30
28422,3.413436,30
28423,1.72361,19
28424,4.020564,29
28425,3.298435,30
28426,3.232385,30
28427,4.131465,25
28428,3.415798,30
28429,3.191761,30
28430,2.98521,30
28431,3.367803,30
28432,4.306361,27
28433,3.159624,14
28434,4.324997,24
28435,2.754368,30
28436,3.267026,30
28437,2.114358,30
28438,3.291774,30
28439,2.088916,30
28440,3.239638,30
28441,3.289245,30
28442,4.073957,22
28443,3.115395,30
28444,3.201431,30
28445,3.149536,30
28446,4.070163,21
28447,1.343113,30
28448,2.863014,30
28449,4.075638,12
28450,2.944735,11
28451,3.382505,30
28452,4.112229,19
28453,4.125686,21
28454,3.047249,30
28455,4.020118,12
28456,4.215865,28
28457,3.904756,21
28458,1.172896,30
28459,2.246503,24
28460,4.258058,27
28461,4.042687,20
28462,1.968591,16
28463,3.27169,30
28464,3.242842,30
28465,3.250043,30
28466,3.583212,26
28467,3.196585,30
28468,2.943452,30
28469,2.198731,20
28470,3.414409,30
28471,3.375883,30
28472,4.212802,25
28473,1.228684,30
28474,1.217166,30
28475,3.545731,15
28476,4.145568,18
28477,2.945299,16
28478,4.190488,22
28479,3.349209,30
28480,4.2422,17
28481,1.332744,30
28482,2.918716,17
28483,4.249337,19
28484,4.338132,20
28485,3.167719,30
28486,1.659535,30
28487,3.37525,30
28488,3.344911,30
28489,4.28438,20
28490,2.980726,21
28491,3.164084,30
28492,4.151177,30
28493,2.928309,13
28494,2.9663,30
28495,3.268603,30
28496,3.427106,30
28497,3.438769,30
28498,4.070178,13
28499,2.940112,19
28500,4.317733,22
28501,3.410103,30
28502,4.202103,30
28503,3.401705,30
28504,3.64941,12
28505,4.202519,23
28506,3.089041,30
28507,3.246007,30
28508,3.370356,30
28509,3.281587,30
28510,3.246424,30
28511,3.19733,30
28512,3.388755,30
28513,4.352078,17
28514,3.141983,30
28515,3.341496,30
28516,2.098604,30
28517,3.365601,30
28518,3.226615,30
28519,4.232053,30
28520,3.052916,18
28521,3.233085,30
28522,3.407874,30
28523,3.171949,24
28524,3.452101,28
28525,3.318558,30
28526,3.187717,30
28527,2.763072,30
28528,2.922661,30
28529,4.407685,23
28530,3.403129,30
28531,4.307592,24
28532,3.199177,30
28533,4.302535,22
28534,3.115941,30
28535,4.108569,27
28536,3.129068,15
28537,4.201616,26
28538,3.339948,30
28539,3.507998,19
28540,3.960506,19
28541,2.991458,15
28542,2.218854,17
28543,3.253017,30
28544,3.080379,30
28545,4.274554,24
28546,2.59012,30
28547,3.088754,30
28548,3.344275,30
28549,2.972692,12
28550,3.154953,30
28551,3.172572,30
28552,3.303109,30
28553,4.246844,27
28554,4.119862,18
28555,3.328851,30
28556,4.113029,15
28557,4.127053,28
28558,3.049627,30
28559,3.328381,30
28560,2.803372,30
28561,3.242069,30
28562,2.188607,30
28563,2.726522,30
28564,1.379845,30
28565,3.315986,30
28566,3.369278,30
28567,3.363581,30
28568,1.840888,30
28569,2.010605,30
28570,4.056451,15
28571,3.318545,30
28572,2.446749,28
28573,3.333634,30
28574,4.043461,27
28575,2.687779,10
28576,3.206597,30
28577,3.326222,30
28578,4.401565,20
28579,3.395824,30
28580,2.870477,30
28581,4.18094,17
28582,1.183679,30
28583,-0.84796,30
28584,3.362065,30
28585,4.236333,24
28586,3.135063,11
28587,3.373773,30
28588,4.146717,23
28589,3.174657,30
28590,3.036529,15
28591,4.260154,24
28592,2.992887,30
28593,4.000363,20
28594,3.271516,30
28595,2.971378,13
28596,2.614817,30
28597,3.2678,30
28598,4.401706,28
28599,3.377261,30
28600,3.368574,30
28601,4.293096,15
28602,2.939478,30
28603,3.353277,30
28604,4.287621,25
28605,3.285755,30
28606,3.504872,23
28607,1.093699,30
28608,4.110537,15
28609,3.020599,29
28610,3.793069,18
28611,3.070983,30
28612,3.245295,30
28613,4.195077,15
28614,3.121308,30
28615,4.23603,23
28616,4.179392,23
28617,3.274455,30
28618,-0.230471,30
28619,3.252399,30
28620,-0.246455,30
28621,3.175431,30
28622,3.163741,30
28623,4.335745,16
28624,3.341244,30
28625,3.43071,30
28626,1.254452,30
28627,3.34436,30
28628,2.797571,19
28629,3.321665,30
28630,2.936761,14
28631,1.085478,30
28632,3.208461,30
28633,1.96066,30
28634,2.310022,30
28635,3.319381,30
28636,3.253917,30
28637,4.174463,28
28638,3.656006,23
28639,3.351451,30
28640,3.165418,28
28641,2.080633,30
28642,4.269801,23
28643,4.203384,25
28644,3.112266,30
28645,3.361572,30
28646,1.891099,30
28647,3.081567,30
28648,1.698443,30
28649,0.220508,30
28650,3.096966,30
28651,2.772726,23
28652,3.353679,30
28653,1.164912,30
28654,4.000378,16
28655,4.076686,23
28656,3.370614,30
28657,4.416738,24
28658,2.1757,30
28659,4.137222,26
28660,3.240823,30
28661,2.983267,30
28662,1.359632,30
28663,3.380889,30
28664,3.083165,30
28665,3.131164,29
28666,3.340554,30
28667,3.127591,30
28668,4.141227,25
28669,3.417002,30
28670,3.326703,30
28671,2.262013,26
28672,3.199259,30
28673,3.875573,30
28674,2.939345,30
28675,3.869277,27
28676,3.386077,30
28677,2.974722,16
28678,3.938595,29
28679,3.649391,20
28680,3.382467,30
28681,1.215815,30
28682,3.265139,11
28683,3.382215,30
28684,3.419071,30
28685,3.262039,30
28686,2.77873,27
28687,1.765209,30
28688,2.196457,19
28689,2.058871,30
28690,2.658942,30
28691,3.267057,30
28692,4.410541,23
28693,4.230313,26
28694,4.392955,23
28695,3.777528,27
28696,3.373844,30
28697,3.017506,24
28698,2.996503,30
28699,3.147415,30
28700,4.366298,22
28701,3.289098,30
28702,4.286471,25
28703,2.984289,30
28704,3.217078,30
28705,3.215593,30
28706,3.345698,30
28707,4.338505,24
28708,3.865476,24
28709,3.18995,30
28710,3.927079,17
28711,3.331459,30
28712,2.967743,30
28713,3.206244,30
28714,3.294561,30
28715,3.340803,30
28716,2.021897,21
28717,1.986197,30
28718,2.130025,18
28719,4.102207,24
28720,4.173981,25
28721,1.318451,30
28722,4.212342,25
28723,4.251721,20
28724,3.030417,20
28725,4.224109,14
28726,2.944107,16
28727,3.35545,30
28728,3.133903,30
28729,3.328946,30
28730,3.295138,30
28731,3.340979,30
28732,4.165828,16
28733,3.201168,30
28734,4.093104,17
28735,3.338073,30
28736,3.063394,14
28737,3.179004,30
28738,3.21402,30
28739,1.026602,24
28740,3.752185,15
28741,1.833637,30
28742,4.241021,19
28743,3.310089,30
28744,2.936907,11
28745,3.989729,30
28746,3.680055,16
28747,3.232137,30
28748,3.265828,30
28749,3.323389,30
28750,4.03773,25
28751,3.82934,23
28752,2.983269,30
28753,2.20418,30
28754,3.03543,30
28755,3.359096,30
28756,3.330994,30
28757,3.224449,30
28758,2.788541,30
28759,3.631273,21
28760,3.286052,30
28761,3.183247,30
28762,3.158655,30
28763,4.208699,17
28764,3.347385,30
28765,3.087859,30
28766,4.077032,26
28767,3.340179,30
28768,3.703498,16
28769,3.081181,30
28770,3.966429,30
28771,3.391054,30
28772,1.191698,30
28773,2.064162,30
28774,3.240128,30
28775,4.164898,19
28776,3.338737,30
28777,4.008999,29
28778,2.965054,30
28779,3.096751,30
28780,4.222299,20
28781,1.264031,30
28782,2.627249,16
28783,2.649785,30
28784,4.328754,20
28785,3.059522,12
28786,3.360177,30
28787,3.118032,30
28788,3.282344,30
28789,4.16116,22
28790,4.123662,21
28791,3.243061,30
28792,3.900757,30
28793,2.34472,30
28794,1.242815,30
28795,3.724757,26
28796,4.297313,25
28797,3.99195,29
28798,3.892822,21
28799,3.335106,25
28800,3.109548,30
28801,3.340011,30
28802,2.007596,30
28803,3.353253,30
28804,4.204575,17
28805,4.408427,13
28806,3.097782,30
28807,2.098709,30
28808,4.247741,26
28809,3.407775,30
28810,3.360678,30
28811,4.127522,19
28812,4.109282,24
28813,3.143311,30
28814,3.367225,30
28815,4.271432,30
28816,3.435814,30
28817,2.994417,14
28818,3.342285,30
28819,2.034183,30
28820,3.185005,30
28821,2.298362,18
28822,3.403779,30
28823,3.227775,30
28824,3.321997,30
28825,2.759553,17
28826,3.264776,30
28827,3.250574,30
28828,3.067133,30
28829,3.277631,30
28830,3.217391,30
28831,3.209516,30
28832,3.250683,30
28833,3.44094,30
28834,3.340059,30
28835,3.191533,30
28836,3.248278,30
28837,3.099746,30
28838,3.847397,25
28839,3.239133,30
28840,4.13706,28
28841,4.270624,22
28842,3.162008,30
28843,3.094894,30
28844,4.264442,24
28845,3.106648,30
28846,3.325967,30
28847,3.33073,30
28848,3.337804,30
28849,3.967033,19
28850,3.195466,30
28851,4.235965,24
28852,3.167488,30
28853,2.71326,30
28854,3.247113,30
28855,3.3439,30
28856,3.401823,30
28857,4.011914,28
28858,4.10615,25
28859,3.466053,22
28860,3.187316,30
28861,4.294976,21
28862,3.291013,30
28863,4.26497,17
28864,1.925201,27
28865,2.991085,24
28866,3.410455,30
28867,2.763995,16
28868,3.172042,30
28869,0.556978,18
28870,3.307311,30
28871,3.156428,30
28872,2.757957,30
28873,2.991008,30
28874,3.019506,30
28875,3.319342,30
28876,2.108369,30
28877,1.11918,30
28878,4.154953,19
28879,2.650899,18
28880,3.920855,13
28881,2.775659,27
28882,2.903583,21
28883,4.155447,20
28884,4.141236,29
28885,3.183298,30
28886,3.2574,30
28887,3.258096,30
28888,1.724495,29
28889,4.00061,13
28890,4.022864,14
28891,3.141887,30
28892,3.159868,30
28893,-2.200263,30
28894,4.14429,21
28895,3.424928,30
28896,3.228387,30
28897,4.388005,18
28898,4.056175,26
28899,1.310487,30
28900,3.263631,30
28901,4.256462,26
28902,4.069269,13
28903,3.973637,19
28904,4.228196,18
28905,4.426801,26
28906,1.881315,30
28907,2.77139,12
28908,1.10873,30
28909,3.283091,30
28910,4.368341,22
28911,2.389104,30
28912,1.402632,30
28913,0.91055,30
28914,3.815558,15
28915,4.317362,24
28916,0.93188,16
28917,3.364202,30
28918,3.354977,30
28919,4.208718,20
28920,3.167189,30
28921,1.140233,30
28922,2.731861,30
28923,3.178954,30
28924,3.207533,30
28925,4.353413,22
28926,3.273634,30
28927,0.127284,30
28928,3.221897,30
28929,3.121736,30
28930,2.329881,30
28931,3.177668,30
28932,4.298562,21
28933,3.30918,30
28934,2.129023,30
28935,2.036183,30
28936,3.715723,22
28937,2.771814,17
28938,3.429294,30
28939,3.374424,30
28940,3.610754,29
28941,3.340917,30
28942,2.941904,30
28943,3.258204,30
28944,4.306168,29
28945,4.150824,21
28946,3.316336,30
28947,3.374459,30
28948,3.330745,30
28949,3.104968,30
28950,0.052166,28
28951,3.243534,30
28952,3.041744,30
28953,2.55433,15
28954,1.483704,19
28955,3.312435,30
28956,3.717187,21
28957,3.023155,19
28958,3.366578,30
28959,3.08574,30
28960,3.079253,30
28961,3.13695,30
28962,3.050432,30
28963,4.252125,20
28964,3.993125,14
28965,2.927999,30
28966,4.251342,16
28967,1.928474,27
28968,2.351715,30
28969,2.783944,17
28970,3.307848,30
28971,1.297891,26
28972,3.279252,30
28973,3.277694,30
28974,4.081002,18
28975,3.415303,30
28976,2.963739,15
28977,3.738739,23
28978,3.292,30
28979,4.381818,23
28980,3.334076,30
28981,2.890174,30
28982,3.325349,30
28983,4.174288,18
28984,3.56154,26
28985,3.231534,30
28986,2.867203,30
28987,3.790343,23
28988,2.549545,30
28989,3.179576,30
28990,4.10536,16
28991,3.38646,30
28992,3.346836,30
28993,3.435523,30
28994,3.158964,30
28995,4.312315,20
28996,3.131176,30
28997,4.090707,30
28998,3.691095,15
28999,3.325184,30
29000,3.099296,30
29001,3.859358,25
29002,2.972867,16
29003,3.26641,30
29004,3.254165,30
29005,3.829325,28
29006,3.306404,30
29007,2.83047,30
29008,3.395644,30
29009,2.230978,30
29010,3.211986,30
29011,2.300544,30
29012,1.407031,30
29013,4.184743,21
29014,2.214018,30
29015,3.263684,30
29016,3.046373,30
29017,3.309096,30
29018,3.90753,29
29019,2.821165,30
29020,4.38664,25
29021,3.075174,30
29022,3.177976,30
29023,4.328527,21
29024,2.000766,17
29025,2.117832,30
29026,2.559603,30
29027,3.581871,17
29028,3.277398,30
29029,3.016347,30
29030,4.337275,28
29031,3.897719,27
29032,2.771922,30
29033,4.362052,19
29034,1.162312,30
29035,3.388179,30
29036,3.388549,30
29037,4.292502,28
29038,4.164065,23
29039,3.276254,30
29040,3.386383,30
29041,3.414193,30
29042,3.332622,30
29043,3.424213,30
29044,2.96239,30
29045,4.288998,14
29046,3.322529,30
29047,3.499551,22
29048,4.255962,25
29049,3.423955,30
29050,2.041058,30
29051,3.331199,30
29052,3.225878,30
29053,3.413329,30
29054,3.249951,30
29055,3.254797,30
29056,3.441884,30
29057,3.197818,30
29058,3.240403,30
29059,4.293935,27
29060,3.356721,30
29061,4.322847,15
29062,3.220942,30
29063,2.044047,12
29064,3.164039,30
29065,3.322421,30
29066,3.222072,30
29067,1.173407,30
29068,3.031037,14
29069,3.927217,27
29070,1.886127,30
29071,3.693086,21
29072,3.622168,13
29073,3.33856,30
29074,4.112426,28
29075,3.280018,30
29076,2.401923,15
29077,4.328255,26
29078,1.283723,30
29079,3.264281,30
29080,3.003429,30
29081,2.571675,30
29082,3.032262,30
29083,4.381064,23
29084,3.717177,28
29085,3.149318,30
29086,4.284978,24
29087,4.255802,14
29088,2.164182,30
29089,3.068641,30
29090,3.971219,23
29091,3.084916,30
29092,4.307245,21
29093,3.72571,25
29094,3.081684,30
29095,3.250509,30
29096,4.04565,29
29097,3.231992,30
29098,3.433616,30
29099,3.893336,25
29100,1.845765,30
29101,3.3804,30
29102,2.937214,30
29103,4.145281,15
29104,3.342677,30
29105,2.922236,15
29106,3.155323,30
29107,3.548108,20
29108,2.829826,30
29109,2.874728,30
29110,4.205712,26
29111,3.39455,30
29112,3.131966,30
29113,3.262959,30
29114,2.991791,30
29115,3.406436,30
29116,3.357172,30
29117,3.443538,30
29118,3.26446,30
29119,4.075438,18
29120,3.154042,30
29121,2.07664,25
29122,0.107826,30
29123,2.781388,17
29124,3.358359,30
29125,3.246869,30
29126,4.223263,14
29127,1.284005,30
29128,3.330754,30
29129,4.00329,21
29130,3.282324,30
29131,2.831251,30
29132,3.75163,26
29133,3.213045,30
29134,3.236457,30
29135,3.358068,30
29136,2.688626,30
29137,3.24654,30
29138,3.306915,30
29139,3.42437,30
29140,3.746229,25
29141,2.753918,30
29142,3.291899,30
29143,1.161891,30
29144,3.407612,30
29145,1.378174,30
29146,4.198687,19
29147,2.959637,30
29148,3.238752,30
29149,3.190525,30
29150,4.059117,25
29151,3.871238,13
29152,3.307353,30
29153,3.309202,30
29154,3.152614,30
29155,1.336152,30
29156,3.377122,30
29157,3.381409,30
29158,3.385282,23
29159,2.860232,14
29160,4.323457,19
29161,3.186849,30
29162,3.36689,30
29163,3.265723,30
29164,3.363313,30
29165,2.714807,30
29166,3.133384,30
29167,2.68544,19
29168,3.314648,30
29169,3.291615,30
29170,-0.452185,30
29171,3.220711,30
29172,3.322384,30
29173,4.060175,20
29174,1.272022,30
29175,2.987575,30
29176,4.007359,25
29177,3.070886,15
29178,2.048093,30
29179,2.987873,17
29180,4.050347,18
29181,3.388612,30
29182,3.360585,30
29183,4.234012,20
29184,3.810819,23
29185,3.446158,30
29186,3.22143,30
29187,4.298794,18
29188,3.352384,30
29189,3.187419,30
29190,3.280664,30
29191,1.663792,30
29192,3.098294,30
29193,3.22303,30
29194,2.924021,19
29195,3.41506,30
29196,3.275027,30
29197,0.341742,30
29198,2.398974,26
29199,1.982126,13
29200,1.883818,30
29201,4.172991,28
29202,2.952752,15
29203,4.086797,17
29204,3.227387,30
29205,3.200684,30
29206,3.179608,30
29207,2.810603,30
29208,4.138626,24
29209,1.965655,30
29210,3.135159,30
29211,3.383838,30
29212,3.201942,30
29213,4.463798,28
29214,0.488734,19
29215,4.267525,25
29216,3.368842,30
29217,1.400417,30
29218,1.322033,30
29219,2.88094,17
29220,3.210221,30
29221,4.017965,23
29222,2.099111,21
29223,-0.363153,30
29224,4.015157,22
29225,4.035457,14
29226,2.806838,11
29227,3.080491,30
29228,3.345642,30
29229,3.270523,30
29230,3.466248,30
29231,4.315293,23
29232,3.381258,30
29233,3.031005,30
29234,3.408403,30
29235,3.411183,30
29236,3.168077,30
29237,4.041595,15
29238,3.024399,30
29239,3.365894,30
29240,3.145042,30
29241,3.144179,30
29242,3.205277,30
29243,4.021685,13
29244,4.230845,22
29245,3.245558,30
29246,3.370426,30
29247,3.99554,17
29248,3.297897,30
29249,3.099209,30
29250,3.339804,30
29251,1.856997,30
29252,3.275055,30
29253,2.078773,30
29254,3.375907,30
29255,3.379858,30
29256,3.862545,28
29257,1.876971,30
29258,3.343325,30
29259,3.010273,30
29260,3.304054,30
29261,3.232176,30
29262,1.262251,30
29263,3.23168,30
29264,2.746371,30
29265,3.197486,30
29266,1.944209,30
29267,3.24178,30
29268,3.162926,30
29269,1.118384,30
29270,3.354045,30
29271,2.140399,20
29272,3.269849,30
29273,3.251835,30
29274,4.221771,24
29275,4.433535,20
29276,2.890013,16
29277,3.344743,30
29278,4.31514,20
29279,1.741041,30
29280,1.83748,30
29281,4.09565,29
29282,2.850855,30
29283,4.19777,22
29284,3.413387,30
29285,3.353223,30
29286,4.277404,23
29287,3.009991,23
29288,4.427708,24
29289,3.422928,30
29290,4.260387,21
29291,3.152767,30
29292,3.228524,30
29293,4.024999,26
29294,3.29844,30
29295,3.254961,30
29296,3.235364,30
29297,3.219755,30
29298,1.902683,30
29299,3.199763,30
29300,3.409441,30
29301,3.168616,15
29302,3.197647,30
29303,3.241723,30
29304,4.253358,27
29305,3.316912,30
29306,3.307932,30
29307,3.374562,30
29308,3.41722,30
29309,4.383913,21
29310,3.324956,30
29311,3.001472,15
29312,3.007079,13
29313,4.400306,27
29314,2.881708,30
29315,4.173424,29
29316,3.384775,30
29317,3.36988,30
29318,4.259556,27
29319,4.207249,15
29320,4.328139,27
29321,3.430439,30
29322,0.895563,30
29323,3.004666,18
29324,3.266215,30
29325,1.897485,30
29326,3.322952,30
29327,2.005362,26
29328,2.953232,30
29329,3.269676,30
29330,3.145024,21
29331,1.30979,30
29332,3.330236,30
29333,3.315456,30
29334,4.030832,15
29335,4.427915,21
29336,3.253528,30
29337,3.11146,30
29338,1.337873,30
29339,4.066844,22
29340,3.231284,30
29341,3.313613,30
29342,3.39243,30
29343,3.397662,30
29344,3.397,30
29345,1.319491,30
29346,3.392605,30
29347,2.024074,30
29348,4.21037,23
29349,3.890921,30
29350,2.281154,28
29351,4.150332,25
29352,3.371117,30
29353,3.306421,30
29354,4.125241,28
29355,3.448678,30
29356,3.84384,26
29357,3.647333,23
29358,3.267872,30
29359,3.291324,30
29360,3.301124,30
29361,3.405587,30
29362,4.1374,22
29363,3.008775,14
29364,3.330324,30
29365,3.155726,30
29366,1.352985,30
29367,3.397794,30
29368,4.163349,24
29369,3.243486,30
29370,4.118887,23
29371,3.377223,30
29372,4.280327,25
29373,2.285939,20
29374,3.216096,30
29375,3.436149,30
29376,2.089382,30
29377,4.135556,24
29378,4.289075,25
29379,2.861295,30
29380,3.392148,30
29381,3.264155,30
29382,3.398912,30
29383,3.323703,30
29384,4.367692,21
29385,4.094597,19
29386,1.478215,27
29387,3.126381,30
29388,3.049129,30
29389,4.014504,19
29390,3.167759,30
29391,4.067308,28
29392,3.260524,30
29393,2.58078,22
29394,1.321935,30
29395,3.233427,30
29396,4.389942,23
29397,2.335558,17
29398,4.391846,30
29399,3.33956,30
29400,3.000212,30
29401,2.630157,30
29402,4.381077,27
29403,3.256374,30
29404,4.226429,30
29405,0.276724,30
29406,3.930673,30
29407,3.97424,29
29408,2.087767,30
29409,4.094524,14
29410,3.31311,30
29411,1.918804,27
29412,4.333396,24
29413,4.211439,25
29414,3.268382,30
29415,3.983147,13
29416,4.266039,17
29417,2.79023,30
29418,3.641936,20
29419,3.671451,24
29420,3.162265,13
29421,4.115253,22
29422,3.346687,30
29423,1.65228,22
29424,1.846125,30
29425,3.320507,30
29426,4.014827,17
29427,4.14161,21
29428,3.237825,30
29429,2.13568,14
29430,2.059057,30
29431,3.958266,25
29432,3.21166,20
29433,4.347831,19
29434,3.004348,29
29435,4.285505,14
29436,3.363075,30
29437,3.340888,30
29438,3.372898,30
29439,3.412145,30
29440,3.40498,30
29441,4.254259,29
29442,3.346912,30
29443,3.275534,30
29444,3.344765,30
29445,2.11232,20
29446,3.328612,30
29447,3.296151,30
29448,3.34268,30
29449,4.072703,26
29450,3.281598,30
29451,3.260696,30
29452,3.111039,30
29453,3.416226,22
29454,2.932658,30
29455,4.316321,22
29456,0.919548,30
29457,3.295823,30
29458,3.742783,19
29459,3.325771,30
29460,3.315196,22
29461,3.012018,30
29462,3.153563,30
29463,1.995797,30
29464,3.381953,30
29465,3.085518,12
29466,3.234624,30
29467,4.085256,24
29468,2.754864,30
29469,2.770145,19
29470,2.815361,20
29471,3.150732,30
29472,4.068054,15
29473,3.026979,30
29474,1.350976,30
29475,2.880442,23
29476,4.034202,15
29477,2.989752,18
29478,3.385584,30
29479,3.309121,30
29480,3.215054,30
29481,3.305067,30
29482,3.42214,30
29483,3.32146,30
29484,1.255999,30
29485,3.281173,30
29486,3.319189,30
29487,1.331164,30
29488,3.301278,30
29489,3.339785,30
29490,3.380872,30
29491,2.181546,30
29492,3.009591,30
29493,3.388089,30
29494,3.234614,30
29495,3.175788,30
29496,3.38397,30
29497,2.958711,30
29498,3.083066,15
29499,2.987861,30
29500,4.172264,26
29501,4.348267,25
29502,3.384009,30
29503,3.384388,30
29504,3.394477,30
29505,3.251612,30
29506,3.364407,30
29507,2.341602,22
29508,3.299177,30
29509,3.227855,30
29510,3.408116,30
29511,3.350401,30
29512,4.187641,17
29513,1.139062,30
29514,2.527238,30
29515,4.25496,27
29516,3.305376,30
29517,4.001501,24
29518,0.468219,30
29519,1.013225,30
29520,1.868129,30
29521,3.319464,30
29522,3.289583,30
29523,3.433943,30
29524,3.287982,30
29525,3.172187,30
29526,3.3595,30
29527,3.353545,30
29528,4.089789,28
29529,3.151061,30
29530,3.302476,30
29531,2.241501,23
29532,3.065784,22
29533,3.436585,30
29534,4.190728,19
29535,3.31735,30
29536,3.224447,30
29537,4.112216,29
29538,3.041094,22
29539,2.98059,23
29540,3.232122,30
29541,4.230695,28
29542,2.087666,30
29543,2.715937,30
29544,1.233592,30
29545,4.315825,17
29546,1.971606,30
29547,3.160525,30
29548,3.341339,30
29549,3.998162,23
29550,2.019722,30
29551,3.168741,30
29552,2.995809,30
29553,2.194346,30
29554,3.270556,30
29555,4.221881,28
29556,1.312398,30
29557,3.381524,13
29558,3.061816,13
29559,3.144544,30
29560,2.931911,18
29561,4.129912,16
29562,4.086761,20
29563,3.290736,30
29564,3.033291,12
29565,2.895049,30
29566,3.183709,30
29567,3.403195,30
29568,3.401756,30
29569,3.308865,30
29570,2.594371,30
29571,4.126893,25
29572,4.204955,16
29573,2.090568,15
29574,1.281945,17
29575,3.024933,30
29576,3.214686,30
29577,2.252055,15
29578,3.686194,18
29579,4.261947,28
29580,1.393476,30
29581,2.670813,12
29582,3.438831,30
29583,1.386582,30
29584,3.407427,30
29585,-0.912751,30
29586,1.360907,30
29587,3.227409,30
29588,4.174404,26
29589,3.378661,30
29590,3.100806,13
29591,3.287999,30
29592,3.132916,30
29593,2.683915,14
29594,3.335945,30
29595,4.295557,23
29596,3.218456,30
29597,3.307992,30
29598,3.41197,30
29599,2.960231,30
29600,3.238498,30
29601,3.083779,13
29602,3.406286,30
29603,4.207606,22
29604,3.26743,30
29605,3.944174,30
29606,4.333695,27
29607,3.439436,30
29608,4.037456,30
29609,-1.073179,16
29610,4.096195,21
29611,3.178876,30
29612,3.225052,30
29613,3.018244,30
29614,1.680558,23
29615,2.930259,21
29616,4.165201,25
29617,2.899629,16
29618,3.24009,30
29619,4.270639,28
29620,3.967843,26
29621,3.466481,30
29622,3.014902,30
29623,3.983029,28
29624,3.328851,30
29625,3.350317,30
29626,3.999769,17
29627,3.036558,30
29628,3.094993,30
29629,2.102643,30
29630,3.407035,30
29631,3.344744,30
29632,4.216442,17
29633,3.352452,30
29634,4.109519,29
29635,3.956814,14
29636,4.091033,12
29637,4.160885,22
29638,2.694734,30
29639,4.268009,27
29640,3.391744,30
29641,3.378916,30
29642,3.131334,30
29643,3.29177,30
29644,4.040262,26
29645,4.364294,26
29646,3.233143,30
29647,3.220058,30
29648,3.111024,14
29649,4.13031,13
29650,4.106725,20
29651,3.141795,30
29652,1.741918,30
29653,4.229369,26
29654,3.391264,30
29655,3.075538,28
29656,2.978079,30
29657,3.410535,30
29658,3.371365,11
29659,1.367994,30
29660,4.176439,18
29661,4.206788,28
29662,3.174903,19
29663,3.72163,22
29664,1.892153,30
29665,1.264589,30
29666,4.130033,22
29667,2.945289,30
29668,3.302899,30
29669,-1.44905,30
29670,2.128778,25
29671,4.233523,24
29672,4.004071,18
29673,1.889486,18
29674,4.266255,17
29675,3.339292,30
29676,4.012477,15
29677,2.580789,18
29678,1.817086,30
29679,1.3677,30
29680,3.413974,30
29681,1.221606,30
29682,4.165257,20
29683,3.024309,30
29684,4.364053,13
29685,3.225159,30
29686,4.10306,20
29687,4.285975,17
29688,4.314994,26
29689,2.201069,30
29690,3.026756,30
29691,4.264713,25
29692,3.245016,30
29693,3.364221,30
29694,4.126307,17
29695,3.317453,30
29696,3.190935,30
29697,3.975501,25
29698,3.076461,20
29699,2.129885,20
29700,2.488947,30
29701,2.949037,29
29702,4.128654,28
29703,3.129127,30
29704,4.121969,25
29705,3.975581,26
29706,4.140872,23
29707,1.39969,30
29708,3.36147,30
29709,3.141535,30
29710,1.433707,30
29711,1.883364,27
29712,3.4099,30
29713,3.232155,30
29714,2.977497,15
29715,3.365774,30
29716,2.771347,30
29717,3.401109,30
29718,3.410946,30
29719,1.183549,30
29720,3.078038,30
29721,3.323491,30
29722,4.328717,25
29723,1.381298,30
29724,3.22959,30
29725,4.37647,25
29726,4.193555,19
29727,3.343913,30
29728,2.93111,30
29729,3.342732,30
29730,3.218371,30
29731,4.10825,22
29732,2.765481,30
29733,4.142103,18
29734,0.383744,14
29735,4.395748,23
29736,2.620944,17
29737,4.178865,24
29738,3.402178,30
29739,3.27437,30
29740,3.293567,30
29741,3.083444,19
29742,4.393146,19
29743,4.038017,20
29744,4.161854,26
29745,3.319099,30
29746,3.299731,30
29747,3.151104,30
29748,3.04821,30
29749,3.246875,30
29750,2.650521,30
29751,4.061719,27
29752,4.23006,21
29753,3.166982,30
29754,4.084759,26
29755,3.407803,30
29756,4.153893,26
29757,2.978927,30
29758,2.496343,30
29759,3.950424,24
29760,3.195566,30
29761,4.401615,20
29762,4.317186,21
29763,3.718486,28
29764,4.213708,20
29765,4.011888,26
29766,4.364537,19
29767,3.816331,30
29768,3.808914,29
29769,2.735589,20
29770,2.948113,30
29771,3.092245,30
29772,3.333433,30
29773,4.258356,23
29774,3.297118,30
29775,4.22672,24
29776,3.219972,30
29777,3.06757,30
29778,3.298223,30
29779,3.392374,30
29780,3.384319,30
29781,3.390105,30
29782,3.171605,30
29783,3.235552,30
29784,2.174866,26
29785,3.263731,30
29786,3.386778,30
29787,3.240223,30
29788,1.447857,30
29789,3.197114,30
29790,3.445335,30
29791,3.41296,30
29792,3.37293,30
29793,3.338021,30
29794,3.440657,30
29795,4.2498,20
29796,3.579417,20
29797,4.148401,24
29798,2.992882,30
29799,3.206251,30
29800,3.164995,30
29801,3.399489,30
29802,2.982724,30
29803,3.222735,30
29804,3.353519,30
29805,3.191833,30
29806,1.382299,30
29807,3.070589,11
29808,4.042246,27
29809,3.212669,30
29810,2.668917,22
29811,3.272409,30
29812,1.25827,30
29813,3.333252,30
29814,4.264091,24
29815,4.318721,26
29816,3.329361,30
29817,1.173561,30
29818,3.326072,30
29819,4.144309,19
29820,3.424274,30
29821,3.392238,30
29822,4.08486,24
29823,3.92517,29
29824,3.221232,30
29825,3.325044,30
29826,3.293305,30
29827,3.070079,30
29828,3.303763,30
29829,3.716634,27
29830,4.314671,18
29831,3.407148,30
29832,4.000869,20
29833,4.182393,18
29834,2.914035,19
29835,4.127591,20
29836,1.262379,30
29837,4.219158,28
29838,3.162865,30
29839,1.378166,30
29840,4.20845,23
29841,4.203001,23
29842,3.353844,30
29843,1.34427,30
29844,3.759155,15
29845,3.240024,30
29846,2.676904,21
29847,4.238347,24
29848,3.354333,30
29849,4.122862,28
29850,3.411339,30
29851,4.367855,18
29852,4.331576,24
29853,4.125459,26
29854,4.235138,25
29855,3.29263,30
29856,3.310014,30
29857,1.877096,30
29858,4.110293,28
29859,3.057195,30
29860,4.146363,16
29861,1.234518,30
29862,3.420717,30
29863,4.338304,23
29864,4.370296,19
29865,1.360032,29
29866,3.908758,15
29867,3.283463,30
29868,3.382674,30
29869,3.288357,30
29870,3.365269,30
29871,3.284882,30
29872,4.37043,19
29873,3.162837,30
29874,3.976072,15
29875,3.190963,30
29876,3.356648,30
29877,2.111867,30
29878,3.398986,30
29879,0.850929,16
29880,4.073515,14
29881,3.071485,30
29882,3.461401,30
29883,4.307751,30
29884,4.160938,20
29885,3.037983,16
29886,3.721991,15
29887,3.223123,30
29888,3.31482,30
29889,4.000823,27
29890,2.000445,16
29891,4.255198,26
29892,4.070453,19
29893,1.977798,30
29894,4.320955,23
29895,4.550007,25
29896,4.066736,25
29897,3.338458,30
29898,3.921231,15
29899,4.380756,23
29900,2.896897,30
29901,1.86943,30
29902,3.307481,30
29903,2.779295,30
29904,3.336089,30
29905,3.954506,27
29906,3.967604,27
29907,1.952556,30
29908,3.992911,10
29909,2.391496,22
29910,3.39138,30
29911,4.046135,17
29912,3.097521,30
29913,3.294249,30
29914,4.38596,23
29915,3.118204,30
29916,4.04267,18
29917,0.601374,30
29918,4.21704,25
29919,3.384333,30
29920,4.390353,21
29921,2.81135,30
29922,3.141085,30
29923,3.536297,22
29924,2.938836,30
29925,1.161572,30
29926,4.325812,29
29927,3.391967,30
29928,4.368326,26
29929,1.997925,30
29930,4.213141,18
29931,3.283605,30
29932,3.381021,30
29933,1.205945,30
29934,3.414981,30
29935,3.329037,30
29936,-0.683338,19
29937,4.169737,30
29938,3.137405,30
29939,3.259343,30
29940,3.803652,26
29941,0.729871,30
29942,3.204754,30
29943,3.293184,30
29944,3.228698,30
29945,1.846393,29
29946,3.98351,23
29947,3.267745,30
29948,3.190371,30
29949,2.714735,30
29950,3.073234,30
29951,1.170724,30
29952,3.124949,30
29953,3.407262,30
29954,2.712343,30
29955,1.055193,30
29956,3.21035,30
29957,2.640392,30
29958,3.635638,19
29959,3.284951,27
29960,4.251369,20
29961,4.201945,22
29962,4.005046,30
29963,3.296637,30
29964,2.709489,16
29965,3.854113,13
29966,3.254931,30
29967,3.733725,16
29968,3.299668,30
29969,3.210827,30
29970,3.22035,30
29971,4.017886,29
29972,3.91478,29
29973,3.237895,30
29974,3.057902,30
29975,2.012435,14
29976,3.806719,18
29977,3.29891,22
29978,3.300034,30
29979,3.769932,26
29980,2.713356,21
29981,2.229757,30
29982,2.140804,29
29983,3.223366,30
29984,3.07234,30
29985,1.836395,30
29986,3.273099,30
29987,3.386801,30
29988,0.947355,18
29989,3.117162,30
29990,1.336666,13
29991,4.315668,28
29992,2.753352,23
29993,3.286155,30
29994,3.359185,30
29995,3.373214,30
29996,4.277572,27
29997,2.77671,25
29998,3.250522,30
29999,3.397106,30
30000,3.13202,30
30001,4.072238,16
30002,3.412341,30
30003,3.111492,30
30004,2.571323,25
30005,3.348068,30
30006,3.046634,30
30007,3.796387,19
30008,4.255854,28
30009,1.373526,30
30010,3.217128,30
30011,4.121857,21
30012,3.216499,30
30013,3.110063,30
30014,2.722665,30
30015,2.787998,13
30016,4.000088,13
30017,3.058667,30
30018,4.166422,19
30019,4.339067,25
30020,3.04417,30
30021,1.959124,30
30022,4.355385,23
30023,4.001893,14
30024,4.482151,29
30025,3.357689,30
30026,3.7229,15
30027,3.618501,17
30028,2.844092,30
30029,3.25743,30
30030,3.399236,30
30031,4.113905,25
30032,2.859289,30
30033,4.192322,27
30034,2.834571,15
30035,1.382933,30
30036,3.423763,30
30037,3.162518,30
30038,2.142845,30
30039,3.405346,30
30040,3.394098,30
30041,3.203839,30
30042,0.09549,30
30043,2.240523,26
30044,3.33837,30
30045,4.168842,29
30046,4.300682,18
30047,3.419432,30
30048,3.413177,30
30049,1.255387,30
30050,3.397016,30
30051,1.949436,30
30052,4.029992,26
30053,1.951981,30
30054,3.268229,30
30055,3.395635,30
30056,3.323718,30
30057,3.564758,22
30058,4.032051,19
30059,4.280308,16
30060,3.166524,30
30061,-0.18554,30
30062,3.029364,30
30063,3.335966,30
30064,3.319711,30
30065,4.14922,14
30066,3.285136,30
30067,2.194352,30
30068,2.405516,16
30069,3.468232,30
30070,3.396514,30
30071,3.311906,30
30072,2.755595,12
30073,2.78669,20
30074,3.099669,30
30075,4.08796,15
30076,3.398729,30
30077,1.977232,30
30078,3.337701,30
30079,3.375913,20
30080,2.991687,30
30081,3.155306,14
30082,4.219463,28
30083,2.088291,30
30084,0.354388,28
30085,4.076937,21
30086,4.184494,22
30087,2.541128,30
30088,1.25785,30
30089,3.750534,24
30090,2.898012,17
30091,-0.178597,30
30092,3.27945,30
30093,4.037147,12
30094,3.339007,30
30095,4.061203,27
30096,3.2084,30
30097,3.398049,30
30098,2.059203,30
30099,2.634443,30
30100,3.379063,30
30101,4.305337,24
30102,3.28128,30
30103,2.82268,30
30104,2.115956,30
30105,4.275065,20
30106,3.213798,30
30107,3.38389,30
30108,3.40503,30
30109,3.319265,30
30110,3.385144,30
30111,4.195276,30
30112,1.145831,30
30113,3.29209,30
30114,3.423573,30
30115,3.344118,30
30116,2.684599,16
30117,3.057512,30
30118,3.136095,30
30119,1.75299,23
30120,3.275833,30
30121,0.972454,30
30122,3.355035,30
30123,2.15886,18
30124,1.681943,8
30125,4.323726,18
30126,3.379589,30
30127,3.396136,30
30128,-0.525215,17
30129,3.282517,30
30130,1.102605,30
30131,3.346088,30
30132,3.227849,30
30133,3.314095,30
30134,4.280001,29
30135,3.712243,14
30136,3.13442,30
30137,1.366391,30
30138,3.375186,30
30139,4.361883,19
30140,2.902235,22
30141,3.432263,30
30142,2.872977,13
30143,2.713006,12
30144,3.276155,30
30145,2.30628,26
30146,3.153307,30
30147,3.440881,30
30148,4.148633,23
30149,3.336247,30
30150,2.899281,15
30151,3.897992,23
30152,4.28675,16
30153,4.120513,28
30154,4.332167,20
30155,1.245396,30
30156,1.306307,30
30157,3.918372,12
30158,3.302137,30
30159,4.081054,12
30160,3.317584,30
30161,2.614555,30
30162,1.33675,30
30163,4.11076,13
30164,3.044073,30
30165,3.917606,25
30166,3.278172,30
30167,3.150864,30
30168,4.127303,29
30169,3.429349,30
30170,3.188647,30
30171,0.99608,30
30172,3.272468,30
30173,2.141407,30
30174,1.113394,30
30175,3.16094,30
30176,1.0106,30
30177,3.408591,30
30178,3.160215,30
30179,1.297448,30
30180,4.187142,15
30181,4.259614,24
30182,4.187509,19
30183,4.305176,15
30184,3.391884,30
30185,3.394783,30
30186,3.087659,16
30187,4.277791,21
30188,4.416546,17
30189,3.889,27
30190,3.830182,15
30191,4.27423,30
30192,3.307954,24
30193,4.151783,13
30194,2.969495,30
30195,2.932025,30
30196,2.128648,30
30197,3.368864,30
30198,3.415274,30
30199,4.102541,27
30200,4.130722,17
30201,2.127955,30
30202,2.975858,30
30203,4.232555,16
30204,-0.11038,30
30205,2.977597,30
30206,3.365568,30
30207,3.37536,30
30208,3.874994,30
30209,3.203027,30
30210,3.325991,30
30211,3.998948,19
30212,4.04753,19
30213,2.424667,11
30214,3.808286,26
30215,4.061952,26
30216,3.06303,15
30217,4.147202,26
30218,2.971635,30
30219,4.276918,27
30220,4.387378,17
30221,3.199743,30
30222,4.321319,20
30223,4.232774,18
30224,3.360322,30
30225,4.04507,12
30226,3.436939,30
30227,-0.901365,30
30228,3.157372,23
30229,3.253995,30
30230,3.003957,12
30231,3.30861,30
30232,3.202835,30
30233,-0.565832,30
30234,3.13574,30
30235,3.173176,30
30236,4.024673,21
30237,3.383496,26
30238,4.004809,29
30239,3.341182,30
30240,2.110159,30
30241,0.915319,30
30242,4.199191,17
30243,2.759427,30
30244,2.090638,30
30245,3.057439,30
30246,1.498841,30
30247,3.879374,30
30248,4.127486,12
30249,3.280636,30
30250,2.089349,30
30251,2.774325,19
30252,4.294737,18
30253,3.333689,30
30254,2.111574,30
30255,3.281304,30
30256,3.345767,30
30257,3.01822,30
30258,3.433129,30
30259,1.813212,30
30260,1.333454,30
30261,4.107453,28
30262,4.059012,23
30263,3.009869,30
30264,3.683302,23
30265,2.042059,15
30266,3.016376,30
30267,3.247126,30
30268,3.291322,30
30269,3.356527,30
30270,3.421219,30
30271,2.810346,16
30272,3.07333,30
30273,3.092779,30
30274,1.766324,30
30275,1.444672,30
30276,4.09211,14
30277,3.217641,30
30278,3.327202,30
30279,3.054313,30
30280,4.228413,18
30281,4.341914,16
30282,1.005223,30
30283,2.747181,29
30284,4.380465,24
30285,1.289722,30
30286,0.223911,30
30287,3.438603,30
30288,3.737213,22
30289,3.257512,30
30290,3.757188,12
30291,3.177242,30
30292,3.190154,30
30293,3.009992,30
30294,3.982227,23
30295,4.119371,16
30296,4.003807,15
30297,3.382309,30
30298,3.951886,18
30299,2.084813,30
30300,3.043899,30
30301,0.895282,30
30302,4.299057,21
30303,3.30169,30
30304,3.335958,30
30305,3.179632,30
30306,3.31269,30
30307,3.397868,30
30308,3.140645,30
30309,4.112927,26
30310,4.158844,22
30311,3.356595,30
30312,4.235149,21
30313,2.954443,21
30314,4.142218,24
30315,2.726515,12
30316,3.120549,30
30317,3.306607,30
30318,3.345541,30
30319,3.134774,30
30320,3.382803,30
30321,4.071952,17
30322,3.305427,30
30323,3.378013,30
30324,4.147412,30
30325,4.160851,17
30326,2.730818,13
30327,3.251081,30
30328,3.25127,30
30329,3.25844,30
30330,3.390355,30
30331,4.269713,23
30332,2.766628,30
30333,2.010479,26
30334,3.247464,30
30335,3.244689,30
30336,3.028409,30
30337,2.023017,30
30338,3.396494,30
30339,3.107603,30
30340,2.877095,30
30341,3.268588,30
30342,4.273011,28
30343,3.267968,30
30344,3.00752,30
30345,3.263417,30
30346,3.359319,30
30347,4.268888,30
30348,3.19742,30
30349,2.983127,12
30350,3.316697,30
30351,1.098188,30
30352,4.09565,25
30353,2.602656,30
30354,3.288581,30
30355,3.310298,30
30356,3.262707,30
30357,4.030696,27
30358,1.389793,30
30359,3.389835,30
30360,3.370644,30
30361,-2.237459,26
30362,1.321338,30
30363,2.190732,22
30364,3.151566,30
30365,1.294899,30
30366,3.043169,30
30367,3.275007,30
30368,4.241348,21
30369,2.787739,14
30370,3.358177,30
30371,2.709907,30
30372,2.828307,23
30373,4.082779,29
30374,2.251563,30
30375,4.202437,27
30376,3.14467,30
30377,3.167254,18
30378,3.006116,30
30379,3.138057,30
30380,3.356171,30
30381,2.947271,15
30382,3.822181,23
30383,4.265526,18
30384,3.298679,30
30385,3.163958,30
30386,3.088632,30
30387,2.967898,30
30388,3.357519,30
30389,2.310757,14
30390,4.054573,30
30391,3.948604,28
30392,4.266184,18
30393,3.317771,30
30394,3.286074,30
30395,2.737821,9
30396,3.270082,30
30397,3.426725,30
30398,2.258918,30
30399,3.299931,30
30400,3.238467,30
30401,4.162204,24
30402,3.298342,30
30403,3.028783,30
30404,3.176455,30
30405,2.020366,30
30406,1.024925,28
30407,3.30834,30
30408,3.922908,25
30409,3.38324,30
30410,3.318018,30
30411,3.199683,30
30412,3.02077,30
30413,2.595531,16
30414,3.411548,30
30415,3.103565,30
30416,2.473422,30
30417,1.953051,22
30418,3.956609,22
30419,3.139381,30
30420,4.127745,14
30421,4.157566,17
30422,3.41151,30
30423,3.372538,30
30424,1.948857,30
30425,3.54862,22
30426,1.297033,30
30427,3.148284,30
30428,4.270586,24
30429,3.905418,27
30430,3.338855,30
30431,3.35403,30
30432,2.993002,12
30433,3.413819,30
30434,3.344099,30
30435,2.045967,30
30436,3.286673,30
30437,3.412155,30
30438,3.31428,30
30439,3.208076,30
30440,4.247301,24
30441,3.057769,22
30442,4.046574,24
30443,3.186568,30
30444,3.30185,30
30445,3.125391,30
30446,4.220089,16
30447,3.203713,30
30448,4.162349,19
30449,3.342083,30
30450,3.422671,30
30451,1.666762,30
30452,2.826953,10
30453,2.142383,30
30454,3.211639,30
30455,3.393011,30
30456,3.26441,30
30457,4.171794,23
30458,3.918482,28
30459,3.827997,22
30460,0.899288,30
30461,3.142261,30
30462,2.837618,30
30463,4.105943,28
30464,2.15195,14
30465,3.150458,14
30466,2.822889,12
30467,4.30809,25
30468,3.190933,30
30469,2.976003,13
30470,1.095708,30
30471,3.009885,30
30472,0.694731,30
30473,2.072054,30
30474,4.198554,22
30475,4.177147,23
30476,3.198244,30
30477,4.007509,30
30478,3.231794,30
30479,4.221424,18
30480,3.963386,26
30481,2.537239,30
30482,1.197624,30
30483,-0.262667,30
30484,3.104294,30
30485,3.103334,11
30486,3.991055,19
30487,3.017525,30
30488,3.097666,30
30489,4.143156,17
30490,3.21474,30
30491,4.196831,20
30492,2.785543,30
30493,4.467784,19
30494,3.254345,30
30495,4.322509,19
30496,3.357344,30
30497,2.225756,25
30498,2.882559,30
30499,3.393854,30
30500,3.260637,30
30501,1.721011,30
30502,4.136204,21
30503,3.549824,20
30504,3.84717,30
30505,1.334648,30
30506,2.990752,17
30507,3.200125,30
30508,3.982453,27
30509,2.919019,16
30510,2.976814,30
30511,4.177956,22
30512,2.105087,30
30513,2.867445,27
30514,3.143533,30
30515,2.798,30
30516,3.430574,30
30517,4.220075,24
30518,4.064191,19
30519,3.158236,30
30520,3.348758,30
30521,3.322379,30
30522,1.244226,12
30523,3.065495,30
30524,3.314041,30
30525,4.132268,18
30526,2.106588,30
30527,3.122643,30
30528,3.348567,30
30529,4.022982,21
30530,4.255792,21
30531,4.445734,23
30532,4.255934,24
30533,1.828661,30
30534,4.135775,22
30535,2.788615,30
30536,3.261021,30
30537,2.999361,30
30538,3.31583,30
30539,4.064939,30
30540,2.925067,30
30541,3.216115,30
30542,3.17532,30
30543,2.990354,30
30544,4.001705,17
30545,3.224123,30
30546,3.34099,30
30547,1.292329,30
30548,1.95019,30
30549,3.409093,30
30550,4.088667,24
30551,3.267756,30
30552,3.048298,30
30553,3.302118,30
30554,3.399464,30
30555,1.389594,30
30556,4.203365,30
30557,-0.43118,9
30558,1.448396,30
30559,3.952409,30
30560,3.218759,30
30561,4.175365,18
30562,4.15769,20
30563,4.116745,22
30564,3.300909,30
30565,4.485738,22
30566,1.751204,21
30567,3.140526,30
30568,4.013285,21
30569,4.125205,18
30570,3.341086,30
30571,3.338552,30
30572,3.754961,27
30573,4.03887,29
30574,3.198975,30
30575,4.255326,24
30576,2.904129,30
30577,3.032048,30
30578,3.289317,30
30579,2.182621,30
30580,3.155741,30
30581,3.300766,30
30582,3.119505,30
30583,3.359298,30
30584,1.971357,23
30585,3.42105,30
30586,1.305328,30
30587,4.135176,24
30588,3.359294,30
30589,3.146086,30
30590,-0.126769,16
30591,-0.667344,30
30592,2.684162,30
30593,3.127149,30
30594,3.347232,30
30595,3.126248,30
30596,3.333064,30
30597,3.082466,30
30598,3.070618,30
30599,3.963564,27
30600,1.480492,13
30601,3.017164,13
30602,3.986364,23
30603,3.327615,30
30604,1.137539,30
30605,3.389392,30
30606,4.002624,29
30607,2.784405,16
30608,3.99122,22
30609,3.273548,30
30610,4.316651,18
30611,4.053905,15
30612,3.3647,30
30613,3.129398,30
30614,2.936567,30
30615,3.047638,15
30616,4.272827,21
30617,4.096198,22
30618,4.224753,25
30619,3.396076,22
30620,2.803741,30
30621,3.054936,30
30622,4.33965,21
30623,4.222983,15
30624,3.317901,30
30625,3.612474,13
30626,3.070892,22
30627,3.36152,30
30628,3.360447,30
30629,3.279133,30
30630,2.784419,21
30631,3.258961,30
30632,4.05118,17
30633,1.925588,30
30634,3.415655,30
30635,3.359173,30
30636,4.278142,19
30637,4.377663,22
30638,2.268705,30
30639,4.017234,29
30640,3.141115,30
30641,3.957612,28
30642,3.124824,30
30643,4.035843,23
30644,3.060193,30
30645,3.249109,30
30646,3.343157,30
30647,2.982509,30
30648,2.062049,30
30649,3.297811,30
30650,3.494433,20
30651,3.162137,30
30652,2.98615,30
30653,3.341559,30
30654,3.344445,30
30655,2.973731,30
30656,3.270716,30
30657,3.799842,14
30658,3.484826,14
30659,2.238789,16
30660,3.116463,30
30661,2.337018,30
30662,-0.105138,30
30663,4.218322,25
30664,3.336902,30
30665,4.312247,16
30666,2.309012,29
30667,3.109089,30
30668,3.217165,30
30669,3.16239,30
30670,1.379653,30
30671,4.475343,22
30672,3.196168,30
30673,3.316944,30
30674,3.308919,30
30675,3.320667,30
30676,4.399884,24
30677,4.201809,23
30678,3.248902,30
30679,3.635287,24
30680,3.258368,30
30681,2.753389,30
30682,3.063627,30
30683,0.401363,12
30684,2.011374,30
30685,3.308207,30
30686,3.327817,30
30687,3.640403,28
30688,1.143204,30
30689,3.309329,30
30690,3.34767,30
30691,3.353466,30
30692,4.164356,29
30693,3.357515,30
30694,3.295297,30
30695,3.157368,30
30696,3.225767,30
30697,3.323159,30
30698,3.449915,30
30699,4.224321,17
30700,3.176553,30
30701,3.716789,20
30702,2.912911,30
30703,1.213467,30
30704,3.908183,29
30705,3.239236,30
30706,3.262312,30
30707,3.00694,30
30708,3.202508,30
30709,3.06101,14
30710,2.01909,30
30711,3.290404,30
30712,4.069634,17
30713,1.52277,19
30714,1.781392,30
30715,3.24845,30
30716,2.409859,23
30717,4.050006,18
30718,3.124706,30
30719,2.17194,23
30720,3.915415,25
30721,3.403853,30
30722,3.030532,14
30723,3.274661,30
30724,3.399138,30
30725,3.19681,30
30726,1.152557,30
30727,3.404966,30
30728,3.31602,30
30729,3.971831,21
30730,0.771681,30
30731,3.1886,30
30732,3.088384,30
30733,2.844125,30
30734,1.239339,30
30735,3.192951,30
30736,3.085054,18
30737,2.844491,30
30738,3.184385,30
30739,3.020056,11
30740,3.341606,30
30741,4.223496,13
30742,0.562174,30
30743,2.97093,11
30744,3.087989,13
30745,3.979941,17
30746,3.676996,27
30747,3.971806,27
30748,3.201964,30
30749,2.055496,30
30750,3.227291,30
30751,3.279121,30
30752,3.244618,30
30753,3.214586,30
30754,4.155372,15
30755,3.403126,30
30756,0.903929,14
30757,2.97741,20
30758,2.960766,30
30759,4.112829,18
30760,3.399803,30
30761,3.293856,30
30762,3.219744,30
30763,1.983376,30
30764,3.309585,30
30765,4.023444,25
30766,3.437579,16
30767,3.262148,30
30768,3.978365,17
30769,4.084074,21
30770,3.383349,30
30771,3.312597,30
30772,3.401342,30
30773,4.096152,25
30774,4.157404,24
30775,3.159116,30
30776,3.229912,30
30777,2.185883,14
30778,3.26148,30
30779,3.801894,27
30780,3.301931,30
30781,3.291168,30
30782,2.84606,30
30783,3.361011,30
30784,3.025792,30
30785,3.326658,30
30786,2.853282,30
30787,3.41147,30
30788,4.36566,17
30789,3.347377,30
30790,2.032152,24
30791,3.289351,30
30792,1.310498,30
30793,3.311296,30
30794,2.965942,30
30795,2.982103,30
30796,3.114562,30
30797,3.156086,30
30798,1.189786,30
30799,2.720924,30
30800,1.674757,11
30801,2.803356,30
30802,3.064269,30
30803,3.101958,30
30804,1.885049,30
30805,3.404895,30
30806,4.009304,26
30807,4.103636,20
30808,3.269559,30
30809,3.198886,30
30810,2.740614,30
30811,3.355957,30
30812,3.357883,30
30813,3.18753,30
30814,4.072117,16
30815,3.199174,30
30816,3.245599,30
30817,2.998305,12
30818,4.349765,14
30819,4.216077,13
30820,4.302348,22
30821,3.911544,26
30822,4.206968,16
30823,1.193066,30
30824,3.341473,30
30825,4.298281,13
30826,4.401326,15
30827,3.123962,30
30828,1.02665,30
30829,3.183772,30
30830,3.088554,30
30831,3.127406,30
30832,3.166115,30
30833,4.259889,19
30834,3.136022,30
30835,3.397279,30
30836,2.09644,12
30837,3.344283,30
30838,2.78578,18
30839,1.871954,30
30840,3.21603,30
30841,1.316149,30
30842,3.365689,30
30843,3.391649,30
30844,1.993342,20
30845,2.148158,30
30846,4.081118,19
30847,3.833235,16
30848,3.733392,28
30849,1.161399,30
30850,2.549744,18
30851,2.888055,15
30852,3.22091,30
30853,3.987566,23
30854,0.996438,16
30855,0.827981,30
30856,3.230464,30
30857,3.31067,30
30858,2.563035,30
30859,1.533281,30
30860,3.16158,30
30861,3.31148,30
30862,2.699758,11
30863,3.201867,30
30864,3.061982,30
30865,3.111935,30
30866,3.353725,30
30867,4.23379,25
30868,2.194437,19
30869,3.081458,14
30870,4.218468,24
30871,4.450729,26
30872,1.315405,30
30873,-1.057322,30
30874,3.472893,30
30875,3.240448,30
30876,4.231945,22
30877,1.460174,30
30878,3.439878,30
30879,1.356907,30
30880,3.307712,30
30881,3.947677,17
30882,3.470095,15
30883,3.343101,30
30884,2.918057,30
30885,2.934749,30
30886,3.078081,30
30887,3.239855,30
30888,3.256063,30
30889,3.113362,25
30890,3.038589,30
30891,3.145528,20
30892,1.251322,30
30893,3.119909,30
30894,3.26106,30
30895,3.807769,29
30896,2.982291,30
30897,4.220642,28
30898,2.860041,10
30899,3.816286,23
30900,3.749709,20
30901,2.750345,30
30902,4.316961,17
30903,2.906611,30
30904,1.963172,30
30905,3.156647,30
30906,4.244457,22
30907,3.222905,30
30908,3.846209,21
30909,3.221862,30
30910,3.1968,30
30911,3.250606,30
30912,3.830975,29
30913,2.644267,30
30914,3.186401,30
30915,3.079919,30
30916,3.397109,30
30917,3.536634,20
30918,3.293341,30
30919,3.275688,30
30920,4.157525,23
30921,2.893887,30
30922,2.712833,30
30923,1.381977,30
30924,2.734064,14
30925,3.185601,30
30926,3.363711,30
30927,3.054789,30
30928,4.046664,15
30929,4.357568,23
30930,4.323833,24
30931,3.363629,30
30932,0.667229,20
30933,3.383797,30
30934,4.171179,14
30935,3.341703,30
30936,3.210701,30
30937,2.830981,30
30938,1.345111,30
30939,3.282304,30
30940,3.224509,30
30941,3.24216,30
30942,3.177812,30
30943,1.17758,30
30944,3.445978,30
30945,3.354015,30
30946,3.808727,30
30947,3.964466,25
30948,3.871148,19
30949,-1.033567,17
30950,3.364565,30
30951,3.324523,30
30952,1.794538,30
30953,4.384607,18
30954,3.226815,30
30955,3.275494,30
30956,1.825101,30
30957,2.147804,24
30958,3.289064,30
30959,3.215208,30
30960,3.260016,30
30961,1.248898,30
30962,3.378527,30
30963,3.265091,30
30964,3.270641,30
30965,4.062285,30
30966,3.972479,21
30967,3.292817,30
30968,3.199288,30
30969,3.281806,30
30970,3.825753,27
30971,3.123644,30
30972,0.86886,19
30973,3.274386,30
30974,3.315146,30
30975,3.314837,30
30976,4.271054,17
30977,3.19127,30
30978,3.325863,30
30979,3.680615,15
30980,3.376251,30
30981,3.144693,30
30982,3.238143,30
30983,3.246216,30
30984,4.065084,13
30985,3.333399,30
30986,3.21607,30
30987,4.174465,23
30988,4.35446,21
30989,3.286769,30
30990,3.099004,30
30991,3.638886,16
30992,3.653544,29
30993,3.988782,16
30994,3.218852,30
30995,2.714503,20
30996,3.39722,30
30997,3.423764,30
30998,3.445335,30
30999,1.924309,30
31000,4.046944,14
31001,3.155214,30
31002,3.258936,30
31003,3.24936,30
31004,3.261979,30
31005,3.903155,16
31006,3.314886,30
31007,3.440696,30
31008,-0.224195,21
31009,3.17367,30
31010,4.036104,28
31011,3.370621,30
31012,3.21399,30
31013,3.962068,16
31014,3.354019,30
31015,3.207317,30
31016,3.142741,30
31017,3.345298,30
31018,4.284182,16
31019,3.359547,30
31020,4.402079,20
31021,1.912023,29
31022,3.203148,30
31023,3.348655,30
31024,3.385383,30
31025,4.355584,22
31026,4.163711,28
31027,4.243701,23
31028,4.049053,17
31029,3.284003,30
31030,3.267934,30
31031,2.177133,16
31032,3.77331,19
31033,4.068871,23
31034,3.25776,30
31035,2.921587,16
31036,3.409103,30
31037,3.3417,30
31038,2.120069,20
31039,3.033949,21
31040,3.162735,30
31041,3.315851,30
31042,3.866082,14
31043,4.280233,25
31044,3.158458,30
31045,4.084496,30
31046,3.414601,30
31047,3.181993,30
31048,4.002633,19
31049,3.077986,30
31050,2.631895,30
31051,4.098771,14
31052,1.078127,30
31053,2.440631,15
31054,2.683334,30
31055,3.110657,30
31056,3.043689,21
31057,4.258926,23
31058,4.310597,24
31059,4.417872,24
31060,3.051365,30
31061,3.180495,30
31062,3.218722,30
31063,4.190995,17
31064,3.142445,30
31065,4.144654,30
31066,3.337344,30
31067,3.197235,30
31068,4.128864,25
31069,4.060333,25
31070,3.954308,27
31071,3.024888,30
31072,3.422665,30
31073,2.040436,30
31074,3.416172,30
31075,2.016359,19
31076,3.824695,25
31077,2.913449,13
31078,4.110037,17
31079,3.532226,27
31080,4.335456,23
31081,2.186497,23
31082,1.271445,30
31083,3.158921,30
31084,4.340726,19
31085,4.049764,29
31086,3.860745,28
31087,3.41877,30
31088,3.282081,30
31089,3.273767,30
31090,2.324011,12
31091,2.477918,30
31092,3.064783,30
31093,3.136808,30
31094,3.902215,30
31095,2.689414,30
31096,1.435566,30
31097,2.821814,30
31098,3.399844,30
31099,3.344879,30
31100,3.271355,30
31101,3.240645,30
31102,3.279423,30
31103,3.813183,22
31104,3.209333,30
31105,3.604666,27
31106,3.40875,30
31107,3.415448,30
31108,3.259148,30
31109,4.247103,29
31110,3.375666,30
31111,0.925217,24
31112,3.28907,30
31113,4.261264,23
31114,2.922942,30
31115,3.91419,17
31116,3.403114,30
31117,3.098709,30
31118,3.347634,30
31119,3.374749,30
31120,3.973698,26
31121,3.265738,30
31122,3.236239,30
31123,3.330823,30
31124,3.103098,30
31125,3.358883,30
31126,4.121759,23
31127,3.699144,27
31128,3.637983,26
31129,3.308107,30
31130,3.324611,30
31131,3.251725,30
31132,3.273055,30
31133,4.388187,20
31134,2.860597,30
31135,3.3914,18
31136,3.278572,30
31137,3.288943,30
31138,3.274292,30
31139,1.854361,26
31140,3.355707,30
31141,2.779462,30
31142,3.206998,30
31143,3.405469,30
31144,4.202378,17
31145,3.007946,12
31146,3.280189,30
31147,3.22471,30
31148,1.172183,30
31149,3.391162,30
31150,4.294555,14
31151,1.526708,17
31152,3.401885,30
31153,2.180398,30
31154,3.209139,30
31155,3.034332,30
31156,3.163958,30
31157,3.10126,30
31158,3.219668,30
31159,3.074208,30
31160,3.307967,30
31161,3.317374,30
31162,4.229035,20
31163,2.278553,30
31164,3.097033,30
31165,1.880744,30
31166,4.101799,22
31167,1.509637,15
31168,3.699631,29
31169,3.171087,30
31170,3.398689,30
31171,3.283727,30
31172,3.123028,30
31173,1.055761,30
31174,1.766761,12
31175,3.244172,30
31176,3.219718,30
31177,3.894778,28
31178,0.884922,16
31179,3.380102,30
31180,3.295939,30
31181,3.96876,30
31182,4.115484,13
31183,4.255151,15
31184,2.833235,30
31185,3.154947,30
31186,1.010978,30
31187,3.353438,30
31188,3.17434,30
31189,3.201597,30
31190,2.89733,14
31191,3.129428,30
31192,4.089361,12
31193,3.044619,30
31194,2.907719,16
31195,3.387006,23
31196,3.31878,30
31197,2.506306,30
31198,3.986146,25
31199,3.241131,30
31200,1.982314,14
31201,1.11328,30
31202,4.219782,18
31203,4.260954,22
31204,3.353304,30
31205,3.713224,28
31206,2.030413,28
31207,4.214404,20
31208,3.290738,30
31209,1.656812,30
31210,3.318177,30
31211,4.263485,20
31212,3.18085,30
31213,3.267411,30
31214,4.18314,22
31215,3.226675,30
31216,1.369712,11
31217,3.223379,30
31218,3.338863,30
31219,3.194313,30
31220,3.186152,30
31221,3.562294,26
31222,3.952701,17
31223,1.380325,30
31224,3.200915,30
31225,4.154456,22
31226,3.419094,30
31227,3.904989,27
31228,3.194762,30
31229,4.336945,19
31230,4.002589,26
31231,3.272335,30
31232,3.982642,23
31233,2.954978,30
31234,2.285701,17
31235,3.376789,30
31236,3.410519,30
31237,3.387255,30
31238,2.70636,23
31239,3.257842,30
31240,3.366941,30
31241,4.241487,28
31242,4.331387,24
31243,3.360502,30
31244,3.113444,30
31245,4.209792,22
31246,4.125772,18
31247,2.961371,17
31248,3.214341,30
31249,3.099017,30
31250,3.292665,30
31251,4.169836,29
31252,3.457679,30
31253,3.072204,15
31254,3.169417,30
31255,4.094678,15
31256,3.06268,30
31257,3.482815,19
31258,2.911776,30
31259,4.19639,28
31260,2.89935,12
31261,4.713057,27
31262,3.947603,16
31263,3.378432,30
31264,3.208959,30
31265,3.361468,30
31266,2.790768,22
31267,3.062691,30
31268,3.204466,30
31269,3.179781,30
31270,2.972955,21
31271,3.099852,20
31272,2.779166,30
31273,2.852025,22
31274,3.394736,30
31275,3.175945,30
31276,4.16523,24
31277,3.135914,30
31278,3.381452,30
31279,2.670357,30
31280,2.375426,21
31281,3.408397,30
31282,3.134775,30
31283,3.209107,30
31284,3.731985,15
31285,1.026073,14
31286,4.178993,22
31287,-0.093718,30
31288,3.715938,23
31289,3.51176,12
31290,3.070397,30
31291,3.422158,17
31292,3.715836,17
31293,3.056358,30
31294,3.318997,30
31295,4.105703,27
31296,4.295752,19
31297,3.579305,29
31298,4.005876,25
31299,2.957428,30
31300,3.117877,30
31301,3.232464,30
31302,3.326816,30
31303,2.631625,24
31304,2.973873,11
31305,2.787583,24
31306,3.266811,30
31307,3.879554,29
31308,4.094289,17
31309,2.709542,17
31310,3.40334,30
31311,2.722924,30
31312,4.137282,15
31313,4.137965,15
31314,3.087952,30
31315,2.684009,30
31316,4.201986,27
31317,3.290235,30
31318,4.049236,15
31319,4.036769,15
31320,3.380659,30
31321,3.165644,30
31322,3.078875,11
31323,3.438442,30
31324,2.01381,30
31325,3.241364,30
31326,4.420127,23
31327,3.385294,30
31328,2.644617,30
31329,3.256926,30
31330,3.234356,30
31331,1.975443,16
31332,3.973754,25
31333,3.032403,30
31334,3.387343,30
31335,3.285445,30
31336,3.415094,30
31337,3.18443,30
31338,3.145303,30
31339,3.489269,28
31340,3.172992,30
31341,2.969798,30
31342,3.064523,22
31343,3.003549,30
31344,4.089576,23
31345,3.453805,15
31346,3.714529,23
31347,3.166497,30
31348,2.928009,26
31349,2.926727,29
31350,3.548328,20
31351,2.929968,30
31352,3.257863,30
31353,0.116341,30
31354,3.249068,30
31355,4.294721,15
31356,3.324792,30
31357,1.90088,30
31358,4.062022,23
31359,1.33137,30
31360,2.89171,15
31361,2.957753,19
31362,2.050591,30
31363,4.325688,21
31364,3.938876,15
31365,3.363766,30
31366,2.915683,16
31367,3.288358,30
31368,3.725665,16
31369,3.3469,30
31370,1.851059,26
31371,-1.957359,30
31372,3.53084,13
31373,4.190129,15
31374,4.125362,16
31375,3.283136,30
31376,3.965608,21
31377,4.364264,14
31378,3.233318,30
31379,4.104061,25
31380,3.295211,30
31381,4.105099,16
31382,3.405442,17
31383,2.629851,29
31384,1.307325,30
31385,3.193896,30
31386,3.106193,18
31387,3.425638,30
31388,3.267651,30
31389,3.360559,30
31390,4.12517,20
31391,4.167857,22
31392,4.125703,21
31393,2.939699,12
31394,4.094715,29
31395,3.189921,30
31396,3.311294,30
31397,3.247117,30
31398,3.410529,30
31399,3.165669,30
31400,3.030642,16
31401,3.354544,30
31402,3.120165,11
31403,3.374051,30
31404,3.27263,30
31405,3.011033,30
31406,3.408418,30
31407,3.309668,30
31408,4.191534,18
31409,4.252182,26
31410,3.363676,30
31411,4.089172,27
31412,3.120342,30
31413,3.445398,30
31414,3.013209,30
31415,3.323216,30
31416,4.403146,29
31417,4.327957,22
31418,1.832909,30
31419,0.189964,30
31420,3.188817,30
31421,3.230416,30
31422,4.341435,16
31423,3.257312,30
31424,1.264929,30
31425,4.060041,21
31426,3.345164,30
31427,3.391286,30
31428,3.399891,30
31429,3.365389,30
31430,4.117002,28
31431,4.211756,27
31432,3.91752,24
31433,3.914292,23
31434,3.190761,30
31435,4.006359,26
31436,3.173734,30
31437,3.16432,30
31438,3.435667,30
31439,3.400044,30
31440,4.167415,15
31441,-0.772306,30
31442,3.365355,30
31443,3.051706,20
31444,1.721647,20
31445,3.050263,30
31446,3.116392,30
31447,3.392053,30
31448,3.909429,24
31449,4.029758,18
31450,3.414733,30
31451,4.315728,19
31452,1.934041,30
31453,3.914563,23
31454,1.989305,30
31455,3.090562,30
31456,3.338995,30
31457,4.314503,20
31458,2.961081,14
31459,3.045271,30
31460,2.967188,26
31461,3.926657,23
31462,4.409611,21
31463,2.101994,26
31464,3.223084,30
31465,3.39997,30
31466,3.062693,30
31467,4.310244,22
31468,1.415025,30
31469,3.322911,30
31470,1.390524,30
31471,4.169763,16
31472,3.957567,27
31473,3.408299,30
31474,3.202569,30
31475,3.381662,30
31476,2.068609,19
31477,3.890733,28
31478,3.165921,30
31479,3.722007,27
31480,1.602864,20
31481,3.351938,30
31482,3.221444,30
31483,3.408674,30
31484,3.276549,30
31485,4.278897,22
31486,4.185792,26
31487,4.353678,24
31488,4.326333,21
31489,3.299167,30
31490,4.192324,22
31491,3.407471,30
31492,3.767113,14
31493,4.083977,19
31494,3.372548,30
31495,1.913661,29
31496,3.324862,30
31497,3.356092,30
31498,3.100925,30
31499,3.287579,30
31500,1.754562,30
31501,0.88162,30
31502,4.275126,14
31503,4.193774,12
31504,3.401911,14
31505,0.991619,30
31506,3.102491,19
31507,3.217674,18
31508,2.201019,30
31509,3.340812,30
31510,3.37782,30
31511,3.314888,30
31512,3.332313,30
31513,4.216087,21
31514,3.817876,26
31515,3.117319,30
31516,3.966126,26
31517,2.122505,30
31518,3.434928,30
31519,4.100173,17
31520,3.145382,30
31521,4.269558,19
31522,3.368124,30
31523,3.27422,30
31524,4.24007,23
31525,3.294053,30
31526,4.097357,26
31527,1.969715,30
31528,3.722154,22
31529,3.389237,30
31530,3.426619,30
31531,3.367693,30
31532,1.210187,30
31533,3.375274,30
31534,3.206577,30
31535,4.245931,15
31536,4.027523,12
31537,4.020916,20
31538,3.365332,30
31539,4.279467,22
31540,1.41274,30
31541,4.172375,18
31542,3.063605,30
31543,2.960148,30
31544,2.898496,21
31545,3.087069,17
31546,3.437874,30
31547,3.155574,30
31548,3.122609,30
31549,1.325545,30
31550,3.273065,16
31551,3.386329,30
31552,3.1647,30
31553,1.405833,30
31554,2.090221,30
31555,3.319432,30
31556,3.213364,30
31557,3.097287,30
31558,3.43034,30
31559,2.470626,24
31560,4.212131,19
31561,3.613496,25
31562,3.887572,21
31563,4.233982,21
31564,2.754325,21
31565,1.340482,30
31566,3.406276,30
31567,3.695247,16
31568,3.118846,30
31569,2.868706,12
31570,2.932855,30
31571,3.2606,30
31572,3.321336,30
31573,0.992863,30
31574,3.079455,30
31575,1.653719,30
31576,3.061805,26
31577,3.153649,30
31578,0.063997,23
31579,3.399732,30
31580,4.42028,17
31581,3.387285,30
31582,3.284105,30
31583,3.395796,30
31584,1.328781,30
31585,1.901144,30
31586,4.066168,27
31587,3.405596,30
31588,3.451896,11
31589,1.738122,30
31590,3.221567,30
31591,0.085443,30
31592,3.363321,30
31593,4.194825,25
31594,4.175597,19
31595,3.15029,30
31596,4.133293,24
31597,3.2922,30
31598,3.080023,15
31599,3.40038,30
31600,3.387119,30
31601,1.789016,30
31602,-0.598651,30
31603,3.331905,30
31604,3.263993,30
31605,3.383149,30
31606,3.27549,30
31607,3.397182,30
31608,3.384025,30
31609,3.321798,30
31610,2.234055,11
31611,4.247319,20
31612,1.335013,30
31613,2.175993,30
31614,3.948551,29
31615,3.152158,30
31616,3.211732,30
31617,3.339415,30
31618,-0.148127,30
31619,1.231371,30
31620,2.627635,26
31621,4.249253,24
31622,4.150895,22
31623,3.316808,30
31624,4.249055,18
31625,1.090154,30
31626,3.168948,30
31627,4.217055,17
31628,2.952623,30
31629,0.596331,30
31630,3.32209,30
31631,3.291135,30
31632,1.761689,11
31633,3.302536,30
31634,3.244525,16
31635,1.000474,30
31636,2.706363,18
31637,3.225172,30
31638,3.983502,25
31639,0.440463,30
31640,2.304328,26
31641,3.403875,30
31642,1.291579,30
31643,2.119209,30
31644,3.04188,30
31645,1.038481,17
31646,3.267509,30
31647,3.400961,30
31648,3.419787,30
31649,3.449474,30
31650,3.602333,21
31651,3.29942,30
31652,3.149212,30
31653,2.967621,30
31654,2.509489,30
31655,3.391093,30
31656,3.169532,24
31657,4.065763,14
31658,3.398472,30
31659,3.324367,30
31660,4.185465,24
31661,3.086495,30
31662,1.500603,13
31663,3.287514,30
31664,4.332477,16
31665,3.09805,30
31666,4.156399,16
31667,3.026282,30
31668,1.195459,30
31669,4.207415,18
31670,4.349685,27
31671,4.23515,24
31672,4.276228,17
31673,3.261069,30
31674,1.348822,30
31675,3.263217,30
31676,3.413179,30
31677,3.324654,30
31678,3.044764,20
31679,3.303278,30
31680,2.967738,30
31681,3.184455,30
31682,3.388397,30
31683,2.959282,30
31684,3.335619,30
31685,3.386695,30
31686,3.391255,30
31687,3.37256,30
31688,4.018662,28
31689,4.335049,21
31690,4.072225,19
31691,4.029454,17
31692,4.337972,17
31693,3.15114,30
31694,4.165387,19
31695,3.890011,20
31696,1.805055,30
31697,4.019344,18
31698,4.251824,24
31699,3.305413,30
31700,2.956699,30
31701,3.394283,30
31702,2.967421,14
31703,2.515877,30
31704,4.374608,19
31705,2.223006,15
31706,1.253592,30
31707,3.350309,30
31708,3.369882,30
31709,3.225202,30
31710,3.121717,30
31711,4.079368,23
31712,4.393088,21
31713,3.394203,30
31714,3.363522,30
31715,3.325193,30
31716,3.27485,30
31717,3.246904,30
31718,2.652598,30
31719,3.039515,16
31720,3.213259,30
31721,3.244653,30
31722,4.166495,18
31723,1.224411,30
31724,4.398543,26
31725,3.401421,30
31726,3.41581,30
31727,2.648444,30
31728,3.351885,30
31729,3.276571,30
31730,2.985916,10
31731,3.982993,17
31732,1.210129,30
31733,2.897544,16
31734,3.240198,30
31735,3.915463,16
31736,3.221599,30
31737,3.401808,30
31738,3.005427,30
31739,3.369545,30
31740,3.314039,30
31741,3.956635,15
31742,3.206351,30
31743,2.161617,30
31744,4.265534,20
31745,3.758808,16
31746,0.875557,22
31747,2.915053,11
31748,3.348173,30
31749,4.219992,14
31750,4.352986,21
31751,2.990762,30
31752,2.059402,29
31753,1.604726,30
31754,3.1491,30
31755,3.366223,30
31756,3.44125,30
31757,2.093805,15
31758,3.357011,30
31759,4.177121,26
31760,3.099888,30
31761,3.250245,30
31762,1.635177,30
31763,3.301633,30
31764,1.390568,30
31765,3.233217,30
31766,3.325369,30
31767,3.330257,30
31768,4.378723,23
31769,3.393591,30
31770,2.829143,19
31771,3.379482,30
31772,3.422102,30
31773,4.232356,25
31774,3.119284,30
31775,3.302232,30
31776,4.383506,26
31777,3.403342,30
31778,4.109458,25
31779,3.265375,30
31780,3.062639,30
31781,3.214203,30
31782,3.346181,30
31783,3.363999,30
31784,3.249057,30
31785,4.398377,26
31786,3.311141,30
31787,1.909287,30
31788,2.262419,19
31789,3.973886,26
31790,1.78991,30
31791,2.967614,19
31792,3.185026,30
31793,3.390503,30
31794,4.083752,20
31795,2.11211,24
31796,-0.635683,30
31797,3.06427,30
31798,3.24809,30
31799,2.860286,25
31800,3.123676,30
31801,4.146372,17
31802,2.898127,30
31803,3.411055,30
31804,3.315162,30
31805,3.403921,30
31806,3.224567,30
31807,2.434029,21
31808,3.070014,30
31809,3.247276,30
31810,3.132983,30
31811,3.279393,30
31812,3.318161,30
31813,1.300004,30
31814,4.196408,22
31815,0.987168,30
31816,3.285742,30
31817,3.092866,30
31818,3.670336,19
31819,3.359791,30
31820,2.99845,30
31821,3.558007,26
31822,3.091452,30
31823,2.940063,30
31824,1.536804,15
31825,4.357285,17
31826,3.275973,30
31827,3.283731,30
31828,2.996884,21
31829,1.290976,30
31830,1.967932,30
31831,3.180358,30
31832,4.119487,29
31833,3.096644,30
31834,3.3217,30
31835,3.380125,30
31836,4.16094,21
31837,4.351457,26
31838,3.355058,30
31839,4.446019,18
31840,4.324958,21
31841,4.142026,18
31842,3.404533,30
31843,4.182907,27
31844,3.335782,30
31845,0.363674,22
31846,3.265158,30
31847,3.099598,30
31848,2.879082,26
31849,3.272305,30
31850,4.240698,16
31851,3.370884,30
31852,3.928242,24
31853,2.003144,30
31854,2.90105,30
31855,4.339604,15
31856,3.360498,30
31857,3.979148,15
31858,3.306487,30
31859,4.372732,14
31860,4.252972,14
31861,3.323951,30
31862,4.246158,16
31863,3.303259,30
31864,3.192516,30
31865,2.937063,11
31866,4.051144,20
31867,3.60658,16
31868,3.365721,30
31869,3.197912,30
31870,4.124224,13
31871,2.891792,30
31872,4.338903,21
31873,3.354686,30
31874,3.97745,17
31875,4.168243,16
31876,4.16268,16
31877,1.448464,20
31878,-0.073486,30
31879,4.366517,16
31880,3.308506,30
31881,3.413163,30
31882,4.042635,24
31883,3.363411,30
31884,4.197432,15
31885,3.361282,30
31886,4.19183,30
31887,4.044002,14
31888,3.353947,30
31889,3.852009,22
31890,3.136316,30
31891,2.766016,30
31892,1.152968,30
31893,4.361995,17
31894,1.558592,30
31895,4.020218,28
31896,3.327679,30
31897,1.211843,30
31898,2.865119,30
31899,3.281301,30
31900,3.063533,30
31901,4.306619,15
31902,1.840371,29
31903,3.415153,30
31904,4.131629,12
31905,3.913582,28
31906,3.284979,30
31907,3.17366,30
31908,3.389637,30
31909,4.143767,18
31910,3.312932,30
31911,3.206374,30
31912,1.316004,30
31913,4.344431,22
31914,4.223335,16
31915,3.150177,30
31916,4.218887,26
31917,4.31209,20
31918,3.302845,30
31919,1.127772,30
31920,3.195333,30
31921,3.685312,14
31922,3.444591,30
31923,1.877519,30
31924,3.197248,30
31925,1.369423,30
31926,3.104983,16
31927,3.316855,30
31928,-5.961492,30
31929,4.24681,22
31930,0.771682,13
31931,1.069804,30
31932,3.976263,18
31933,4.180369,18
31934,1.104245,30
31935,2.713398,10
31936,3.961183,14
31937,3.99973,22
31938,4.24526,24
31939,4.064572,21
31940,3.979679,24
31941,3.261637,30
31942,4.054815,15
31943,4.225658,16
31944,3.398437,30
31945,3.27594,30
31946,3.350687,30
31947,2.792659,18
31948,3.660418,14
31949,3.36505,30
31950,4.110866,29
31951,3.165566,30
31952,3.147429,30
31953,3.23864,30
31954,3.390303,30
31955,3.240644,30
31956,3.206667,30
31957,4.080003,14
31958,4.080145,22
31959,3.389262,30
31960,4.205988,28
31961,2.877325,12
31962,3.571219,12
31963,3.193192,30
31964,3.316643,30
31965,3.331453,30
31966,2.512265,29
31967,4.294069,22
31968,3.14936,30
31969,3.21419,30
31970,3.417613,30
31971,1.616142,30
31972,4.145483,30
31973,1.393916,30
31974,3.080285,12
31975,3.893445,18
31976,4.205204,23
31977,3.444719,14
31978,3.356592,30
31979,3.391432,30
31980,3.206351,30
31981,3.286308,30
31982,4.346312,15
31983,3.26979,30
31984,4.29608,23
31985,1.412815,30
31986,3.785946,27
31987,3.191029,30
31988,2.382244,30
31989,3.240929,30
31990,3.707203,26
31991,2.74225,30
31992,3.273967,30
31993,4.223544,23
31994,3.97648,28
31995,2.394162,19
31996,3.262911,30
31997,4.261222,26
31998,2.141179,30
31999,3.825305,29
32000,3.383162,30
32001,3.340184,30
32002,4.17934,30
32003,1.391063,30
32004,3.024994,30
32005,3.390954,30
32006,3.372578,30
32007,4.390297,18
32008,2.837596,30
32009,2.082761,30
32010,3.204202,30
32011,3.099012,30
32012,1.179715,30
32013,3.984294,18
32014,3.312426,30
32015,3.247464,30
32016,3.051608,30
32017,3.853104,26
32018,3.899933,27
32019,3.300388,30
32020,2.369268,21
32021,3.040483,30
32022,3.833134,28
32023,3.852209,30
32024,3.174999,30
32025,4.188714,19
32026,2.974965,30
32027,2.626997,30
32028,3.390795,30
32029,2.746775,30
32030,2.042923,18
32031,2.5205,19
32032,4.510383,18
32033,2.105599,29
32034,1.372192,30
32035,3.121668,30
32036,2.627021,30
32037,3.961751,21
32038,3.265747,30
32039,3.104405,12
32040,4.119072,13
32041,4.096907,19
32042,2.836754,14
32043,3.385498,30
32044,4.458781,23
32045,3.275634,30
32046,4.142363,30
32047,3.355311,30
32048,3.355333,30
32049,3.276359,30
32050,4.217692,13
32051,3.222289,30
32052,3.182503,30
32053,3.271088,30
32054,0.192271,29
32055,3.384225,30
32056,3.133113,30
32057,2.994909,24
32058,3.881397,18
32059,3.137753,24
32060,3.301312,30
32061,3.206423,30
32062,4.356738,20
32063,3.186517,30
32064,3.292761,30
32065,1.361631,30
32066,3.997256,22
32067,3.035804,17
32068,3.416561,30
32069,3.056491,30
32070,4.023796,14
32071,3.633736,18
32072,2.879855,30
32073,0.699641,15
32074,3.387246,30
32075,3.003179,30
32076,3.351024,30
32077,3.310378,30
32078,3.397689,30
32079,4.293646,20
32080,3.067779,30
32081,3.563455,27
32082,3.887232,24
32083,3.087873,30
32084,3.056092,30
32085,3.278414,30
32086,3.32941,30
32087,3.252549,30
32088,3.281326,30
32089,3.23779,30
32090,2.808848,11
32091,4.167076,24
32092,3.358067,30
32093,4.393715,18
32094,0.09813,20
32095,3.459659,30
32096,3.968455,30
32097,3.336623,30
32098,3.067595,30
32099,3.309949,30
32100,3.387395,30
32101,3.291469,30
32102,-0.90725,30
32103,2.909152,12
32104,-0.094604,30
32105,3.452491,30
32106,2.970959,30
32107,4.268708,14
32108,3.36327,30
32109,2.868076,27
32110,1.390481,30
32111,2.162985,30
32112,3.067538,15
32113,4.270615,25
32114,4.189147,19
32115,3.217669,30
32116,1.695537,10
32117,3.300353,30
32118,3.321404,30
32119,4.130271,18
32120,3.253954,30
32121,3.17126,30
32122,3.182286,30
32123,3.443213,30
32124,4.22621,19
32125,3.198449,30
32126,3.376901,30
32127,2.732457,10
32128,3.46102,30
32129,3.157919,30
32130,3.287234,30
32131,2.912395,11
32132,4.324978,24
32133,3.300133,30
32134,3.251627,30
32135,3.115622,30
32136,3.068103,30
32137,4.313483,18
32138,4.171978,24
32139,4.232868,19
32140,3.303499,30
32141,3.015152,12
32142,4.35648,22
32143,3.387234,30
32144,3.431751,30
32145,2.805941,30
32146,4.383681,18
32147,4.336034,21
32148,2.86321,30
32149,1.299564,30
32150,2.863234,30
32151,4.16261,28
32152,4.190898,28
32153,2.889194,30
32154,3.320531,30
32155,3.412488,30
32156,1.364585,30
32157,3.314921,30
32158,3.116562,30
32159,3.1435,30
32160,2.918142,15
32161,3.24843,30
32162,2.967747,15
32163,2.215858,24
32164,3.308719,30
32165,4.200868,24
32166,1.233296,30
32167,4.237977,25
32168,1.674444,13
32169,3.264211,30
32170,3.138698,30
32171,0.97086,17
32172,3.275442,30
32173,4.151179,25
32174,3.218467,30
32175,3.215872,30
32176,3.192505,30
32177,3.228123,30
32178,3.158997,30
32179,3.191998,30
32180,3.36606,30
32181,3.200947,30
32182,3.130019,30
32183,3.30777,30
32184,3.296211,30
32185,4.090532,23
32186,2.599578,30
32187,3.107488,30
32188,1.981989,19
32189,1.335965,30
32190,4.297798,22
32191,3.200759,30
32192,-0.643488,30
32193,2.429264,10
32194,3.052664,30
32195,1.280232,30
32196,0.989952,30
32197,3.263974,30
32198,1.449441,30
32199,-0.484139,30
32200,2.992534,22
32201,1.898678,30
32202,3.173828,30
32203,4.272504,13
32204,4.183329,17
32205,2.925226,10
32206,3.362894,30
32207,3.922409,21
32208,4.272367,15
32209,3.025065,30
32210,3.33755,30
32211,1.231199,30
32212,3.257875,30
32213,1.217042,30
32214,3.123053,30
32215,3.277939,30
32216,3.220424,30
32217,3.30903,30
32218,3.261081,30
32219,3.281658,30
32220,4.076122,19
32221,4.28438,14
32222,4.103379,17
32223,3.932781,19
32224,3.346402,30
32225,3.087427,30
32226,1.447145,30
32227,1.030508,24
32228,4.124575,14
32229,3.302902,30
32230,3.435116,13
32231,3.154228,30
32232,4.360303,21
32233,3.240436,30
32234,3.261991,30
32235,3.796856,30
32236,4.366409,21
32237,4.461237,24
32238,3.138685,30
32239,2.976674,30
32240,3.142372,30
32241,3.23518,30
32242,4.3951,21
32243,4.037825,23
32244,1.411776,30
32245,1.316524,30
32246,3.257373,30
32247,3.204221,30
32248,3.034246,15
32249,3.251218,30
32250,3.417213,30
32251,3.221955,30
32252,2.972912,15
32253,2.865504,18
32254,3.899382,24
32255,3.099357,30
32256,3.239569,30
32257,3.068746,30
32258,2.913774,30
32259,2.679242,30
32260,3.407616,30
32261,3.26516,30
32262,4.280186,18
32263,3.691229,17
32264,2.976711,30
32265,4.292344,24
32266,3.271114,30
32267,3.85037,23
32268,3.039773,12
32269,3.327582,30
32270,3.249181,30
32271,3.036085,19
32272,3.248604,30
32273,3.867124,24
32274,1.299106,30
32275,3.31199,30
32276,4.16881,27
32277,4.216511,15
32278,3.293086,30
32279,1.66051,30
32280,3.259611,30
32281,3.374871,30
32282,1.812718,22
32283,3.136748,30
32284,4.249343,18
32285,4.009279,30
32286,3.267977,30
32287,3.275153,30
32288,2.855808,12
32289,2.767799,14
32290,2.089684,28
32291,3.853591,30
32292,3.29714,30
32293,4.279593,20
32294,3.085005,11
32295,3.365235,30
32296,3.46175,30
32297,1.59437,21
32298,2.265912,24
32299,4.161933,22
32300,3.262736,30
32301,1.337092,19
32302,3.279263,30
32303,4.161774,19
32304,2.268899,18
32305,2.98066,30
32306,3.780741,17
32307,4.052517,15
32308,3.087856,30
32309,2.868581,30
32310,2.207008,18
32311,1.368994,30
32312,1.990373,14
32313,3.258216,30
32314,3.296844,30
32315,4.254859,18
32316,3.334178,30
32317,2.451777,30
32318,3.395477,30
32319,2.748049,29
32320,4.088073,16
32321,3.114698,30
32322,3.327747,30
32323,3.448828,30
32324,1.182653,30
32325,1.867131,30
32326,2.776608,27
32327,1.679118,16
32328,3.417301,30
32329,2.985972,30
32330,3.34747,30
32331,3.248738,30
32332,4.203921,21
32333,2.2257,30
32334,4.172611,22
32335,4.113277,30
32336,1.443183,30
32337,3.982688,15
32338,3.289831,30
32339,4.086691,28
32340,3.853406,20
32341,2.692675,30
32342,3.284747,30
32343,3.273044,30
32344,4.352201,23
32345,3.203743,30
32346,2.924626,30
32347,3.222077,30
32348,4.066871,26
32349,3.421728,30
32350,1.929019,30
32351,4.247909,17
32352,3.360142,30
32353,3.473589,30
32354,3.295806,30
32355,3.427834,30
32356,1.405368,30
32357,3.270548,30
32358,4.088623,13
32359,4.189288,22
32360,3.882741,23
32361,4.132574,16
32362,3.282326,30
32363,3.140603,30
32364,3.559705,20
32365,3.405296,30
32366,3.965531,15
32367,3.189849,30
32368,3.39132,30
32369,3.114697,30
32370,2.342104,21
32371,3.215836,30
32372,3.444654,30
32373,0.919727,23
32374,4.031723,30
32375,1.481269,21
32376,4.261311,20
32377,3.315663,30
32378,1.477642,19
32379,3.269915,30
32380,2.179998,30
32381,3.328141,30
32382,4.222943,17
32383,3.397116,30
32384,3.067692,30
32385,3.161424,30
32386,3.344348,30
32387,3.161645,30
32388,3.236014,30
32389,3.308032,30
32390,3.28489,30
32391,3.910887,28
32392,2.82095,18
32393,3.409125,29
32394,4.018241,26
32395,2.512881,16
32396,3.389483,30
32397,3.360122,30
32398,3.389799,30
32399,3.304001,30
32400,4.159903,19
32401,4.216799,23
32402,3.271411,30
32403,4.363867,17
32404,3.253325,30
32405,3.090793,14
32406,3.204892,30
32407,3.06116,15
32408,3.247817,30
32409,1.317804,30
32410,4.311842,19
32411,4.23099,19
32412,3.980458,20
32413,4.010358,30
32414,4.210763,20
32415,1.285426,30
32416,3.235025,30
32417,3.06883,30
32418,4.199027,17
32419,4.219664,21
32420,3.982336,26
32421,4.1104,30
32422,1.241197,30
32423,3.925939,17
32424,4.191821,28
32425,0.893582,30
32426,2.724907,30
32427,3.202341,30
32428,3.74906,25
32429,3.394716,30
32430,3.138679,14
32431,4.01761,27
32432,3.094148,30
32433,4.195796,15
32434,4.215776,18
32435,4.221175,30
32436,3.987746,20
32437,3.061766,30
32438,3.267055,30
32439,3.129721,30
32440,4.070893,23
32441,3.417411,30
32442,3.627455,15
32443,4.237293,15
32444,3.252206,30
32445,3.36796,30
32446,4.253559,20
32447,4.028033,26
32448,1.337347,30
32449,2.984525,30
32450,3.256819,30
32451,3.787661,22
32452,2.163027,30
32453,3.318897,30
32454,4.108216,19
32455,3.346564,30
32456,3.274477,30
32457,3.395263,30
32458,3.235808,30
32459,2.774881,30
32460,3.315576,30
32461,3.229204,30
32462,4.216694,16
32463,3.388816,30
32464,3.187844,30
32465,3.398946,30
32466,2.023341,30
32467,3.258172,30
32468,3.024502,30
32469,3.430761,30
32470,2.594066,30
32471,3.678202,14
32472,3.22553,30
32473,1.834368,30
32474,2.887248,15
32475,2.323791,28
32476,4.071799,24
32477,3.398055,30
32478,4.19127,29
32479,3.749313,21
32480,3.208425,30
32481,4.028136,22
32482,4.227066,26
32483,1.953228,30
32484,3.364172,30
32485,1.411888,30
32486,3.916398,28
32487,3.332418,30
32488,3.14359,30
32489,4.02063,30
32490,3.743587,15
32491,3.227242,30
32492,4.023786,25
32493,4.35532,23
32494,3.218681,30
32495,3.314458,30
32496,2.153792,20
32497,3.312216,30
32498,3.896501,13
32499,3.37272,30
32500,3.288527,30
32501,3.281643,30
32502,3.853805,30
32503,3.245589,30
32504,4.070891,28
32505,3.359184,30
32506,3.002069,13
32507,3.373133,30
32508,4.224394,21
32509,4.270722,20
32510,4.12091,23
32511,3.079154,30
32512,3.125311,30
32513,2.981618,14
32514,3.391808,30
32515,4.087509,19
32516,3.931863,27
32517,3.994999,27
32518,3.778925,12
32519,3.400355,30
32520,4.012653,23
32521,3.456102,30
32522,3.236334,30
32523,4.080267,27
32524,3.115713,30
32525,4.135005,21
32526,4.190584,18
32527,3.049082,30
32528,3.172757,30
32529,3.416903,30
32530,3.411971,30
32531,3.118002,30
32532,4.189713,28
32533,0.997695,30
32534,3.984822,19
32535,3.263475,30
32536,2.796484,30
32537,3.262843,30
32538,3.523558,16
32539,4.073348,22
32540,3.319071,30
32541,3.230445,30
32542,2.959871,30
32543,1.155195,30
32544,2.902896,28
32545,4.113862,22
32546,1.186429,30
32547,4.016654,30
32548,1.722929,21
32549,3.373453,30
32550,4.291047,20
32551,1.786844,30
32552,3.620294,30
32553,4.217772,26
32554,3.268349,30
32555,3.946356,15
32556,3.34013,30
32557,3.164081,30
32558,3.333007,30
32559,3.122379,30
32560,1.928567,30
32561,3.092344,14
32562,3.294524,30
32563,3.017589,19
32564,3.303537,30
32565,4.022324,14
32566,3.346655,30
32567,2.580272,30
32568,3.229769,30
32569,3.274123,30
32570,4.216683,13
32571,3.304938,30
32572,2.887521,30
32573,4.432691,25
32574,3.291285,30
32575,3.45322,30
32576,3.382701,22
32577,3.025158,17
32578,3.36935,30
32579,1.357158,30
32580,3.036802,30
32581,3.799272,28
32582,3.406273,30
32583,3.353913,30
32584,3.363017,30
32585,3.173563,17
32586,3.93842,30
32587,3.247108,30
32588,3.286996,30
32589,2.089948,30
32590,4.063808,28
32591,4.244203,17
32592,3.341985,30
32593,1.627577,30
32594,4.307663,28
32595,4.367251,20
32596,4.341445,15
32597,4.229313,25
32598,1.81582,30
32599,3.019337,16
32600,3.886398,12
32601,0.28327,30
32602,3.293127,30
32603,3.079573,19
32604,4.003419,22
32605,3.366888,30
32606,3.085347,30
32607,4.066005,16
32608,1.371059,30
32609,3.152375,30
32610,3.249364,30
32611,3.236432,30
32612,2.980743,30
32613,1.270571,30
32614,4.203599,26
32615,3.179173,30
32616,3.120638,30
32617,4.323763,27
32618,4.285918,24
32619,4.235017,19
32620,4.372359,20
32621,3.447876,30
32622,4.339948,14
32623,3.193063,30
32624,3.324883,30
32625,3.332243,30
32626,3.028382,30
32627,3.36172,30
32628,2.789618,30
32629,4.357265,19
32630,3.215396,30
32631,3.401122,30
32632,3.247634,30
32633,3.202492,30
32634,3.307021,30
32635,4.168681,26
32636,3.344729,30
32637,3.166269,30
32638,3.371868,30
32639,2.774783,22
32640,3.299025,30
32641,4.292039,17
32642,2.806717,30
32643,2.896317,30
32644,3.00679,11
32645,4.380922,28
32646,3.991816,18
32647,3.203085,30
32648,2.901726,30
32649,4.08219,30
32650,3.269256,30
32651,4.404449,22
32652,2.990401,30
32653,3.14999,30
32654,4.027181,20
32655,4.230957,20
32656,2.37944,30
32657,3.379292,30
32658,3.284328,30
32659,2.907049,30
32660,1.832388,30
32661,4.232604,27
32662,3.092707,30
32663,3.284424,30
32664,3.259289,30
32665,3.272316,30
32666,4.242299,15
32667,2.206161,26
32668,1.410483,30
32669,4.354068,19
32670,4.325414,17
32671,4.087035,18
32672,4.092645,13
32673,3.324839,30
32674,3.412372,30
32675,1.355178,30
32676,4.187846,21
32677,4.325254,16
32678,3.387028,30
32679,3.979685,26
32680,4.267837,27
32681,2.443051,30
32682,3.449016,30
32683,3.391734,30
32684,2.117239,20
32685,1.257869,30
32686,4.176864,16
32687,3.018113,30
32688,3.406114,30
32689,3.168727,30
32690,1.316907,30
32691,3.843416,14
32692,3.88125,30
32693,1.935334,30
32694,3.292407,30
32695,3.939301,28
32696,4.105848,15
32697,2.014795,26
32698,4.335499,26
32699,1.430176,30
32700,4.266972,18
32701,3.367059,30
32702,4.411735,21
32703,4.386405,25
32704,3.181995,30
32705,3.039183,30
32706,4.310386,14
32707,3.386936,30
32708,2.107699,30
32709,4.278032,20
32710,3.413773,30
32711,3.265901,30
32712,4.130307,24
32713,1.018906,30
32714,3.249969,30
32715,3.941152,23
32716,3.226239,30
32717,4.247651,22
32718,3.085059,30
32719,3.227229,30
32720,1.178563,30
32721,2.378939,19
32722,0.679259,27
32723,1.32386,30
32724,3.286022,30
32725,-0.758717,30
32726,3.356201,30
32727,1.888115,30
32728,3.205157,30
32729,4.085251,17
32730,3.214611,30
32731,3.388225,30
32732,3.348217,30
32733,4.081444,24
32734,3.293311,30
32735,3.977372,13
32736,4.275632,17
32737,4.169562,27
32738,3.373563,30
32739,3.251689,30
32740,3.264557,30
32741,1.931282,13
32742,3.152616,30
32743,4.261309,19
32744,3.242718,30
32745,3.034185,30
32746,4.054778,28
32747,3.380899,30
32748,2.991656,30
32749,2.838514,30
32750,3.394588,30
32751,2.964524,30
32752,4.081006,18
32753,4.104441,13
32754,4.403527,23
32755,3.398514,30
32756,2.900154,30
32757,3.078323,18
32758,4.23305,17
32759,3.400833,30
32760,3.204564,30
32761,3.237954,30
32762,3.349231,30
32763,2.084559,30
32764,3.67278,15
32765,3.286884,30
32766,3.401134,30
32767,3.410813,30
32768,4.072862,29
32769,3.296273,30
32770,3.137992,30
32771,3.21118,30
32772,2.54885,30
32773,3.286663,30
32774,3.24386,30
32775,3.274353,30
32776,3.404046,30
32777,3.448684,30
32778,3.347791,30
32779,3.377339,30
32780,3.129594,30
32781,2.97073,11
32782,3.081784,30
32783,3.322009,30
32784,4.360962,28
32785,2.866652,30
32786,3.066644,30
32787,3.176432,30
32788,3.002281,30
32789,1.998674,18
32790,3.282758,30
32791,3.21696,30
32792,2.449839,19
32793,3.191501,30
32794,3.87617,23
32795,3.411616,30
32796,3.967662,24
32797,4.225301,29
32798,3.196914,30
32799,3.074191,30
32800,3.108792,30
32801,3.420665,30
32802,3.024906,27
32803,4.173457,28
32804,4.366786,22
32805,2.14688,30
32806,3.413844,30
32807,3.139583,30
32808,3.215982,30
32809,-0.690576,30
32810,1.309975,30
32811,3.142693,30
32812,3.397557,30
32813,4.266486,22
32814,2.953932,21
32815,3.304328,30
32816,3.455549,30
32817,4.229333,16
32818,3.724285,15
32819,3.175654,30
32820,3.38227,30
32821,3.268532,30
32822,3.937449,30
32823,4.089801,27
32824,3.851778,14
32825,3.059497,30
32826,1.186969,30
32827,3.27385,30
32828,3.898589,18
32829,3.154038,30
32830,2.352509,28
32831,4.254139,24
32832,4.299595,30
32833,4.242564,25
32834,3.381254,30
32835,0.871031,14
32836,4.117357,20
32837,2.960664,30
32838,3.221465,30
32839,3.395855,30
32840,3.92685,26
32841,3.407635,30
32842,3.394007,30
32843,3.332818,30
32844,3.38454,30
32845,3.308294,30
32846,4.104534,27
32847,4.206201,18
32848,3.30173,30
32849,1.360222,30
32850,0.157032,30
32851,3.430157,30
32852,1.399236,30
32853,3.171153,30
32854,4.250619,15
32855,3.195119,30
32856,3.402934,30
32857,2.878492,30
32858,2.856026,16
32859,4.174382,19
32860,4.36784,15
32861,3.180073,30
32862,3.532718,30
32863,3.006698,15
32864,4.17204,30
32865,3.326833,30
32866,3.222431,30
32867,4.060559,24
32868,4.380665,16
32869,3.667778,21
32870,3.419899,30
32871,2.954746,30
32872,4.035576,29
32873,1.367441,30
32874,4.231893,13
32875,4.271131,15
32876,3.293468,30
32877,3.306757,30
32878,3.052306,16
32879,3.422545,30
32880,3.330271,30
32881,3.118278,12
32882,3.417578,30
32883,3.381304,30
32884,1.072485,30
32885,3.959564,22
32886,3.144722,30
32887,3.420758,30
32888,1.056471,30
32889,1.280185,30
32890,3.402162,30
32891,3.046778,30
32892,3.287968,30
32893,4.377952,14
32894,3.385076,30
32895,4.273424,21
32896,4.233557,26
32897,3.276328,30
32898,3.327369,30
32899,4.098626,29
32900,3.381556,30
32901,3.370299,30
32902,3.376746,30
32903,3.81025,21
32904,1.313343,30
32905,1.243449,30
32906,3.388305,30
32907,1.308886,30
32908,3.156949,30
32909,2.766085,16
32910,3.730983,20
32911,2.121933,25
32912,3.301296,30
32913,3.775072,18
32914,2.880212,30
32915,3.020701,15
32916,3.420819,30
32917,3.320226,30
32918,3.37234,30
32919,3.366102,30
32920,4.347257,19
32921,3.854154,16
32922,4.409603,26
32923,3.221546,30
32924,3.058284,30
32925,2.669866,30
32926,4.396687,16
32927,3.253053,30
32928,3.307112,30
32929,3.256653,30
32930,3.275232,30
32931,3.829529,25
32932,3.37591,30
32933,3.307543,30
32934,3.278798,30
32935,3.219598,30
32936,3.404997,30
32937,4.26223,25
32938,3.351786,30
32939,0.871241,30
32940,4.026594,30
32941,4.301843,26
32942,3.407562,30
32943,1.447475,30
32944,0.718249,30
32945,3.072885,30
32946,4.285407,20
32947,3.076982,18
32948,3.449888,30
32949,0.973838,30
32950,2.81321,30
32951,4.170891,29
32952,3.118919,30
32953,2.878617,30
32954,4.174229,23
32955,3.101052,30
32956,1.374959,30
32957,1.936064,30
32958,1.347131,30
32959,3.122707,30
32960,4.215267,18
32961,4.200479,21
32962,3.226589,30
32963,3.437651,30
32964,3.270592,30
32965,4.057043,18
32966,3.327143,30
32967,4.045602,24
32968,3.261002,30
32969,1.179641,30
32970,3.368579,30
32971,4.117183,23
32972,3.742652,18
32973,3.20233,30
32974,4.386152,18
32975,4.220394,30
32976,3.404974,30
32977,4.221219,19
32978,3.043539,30
32979,3.406157,30
32980,4.334409,20
32981,3.242236,30
32982,3.153509,30
32983,1.369497,30
32984,2.416661,30
32985,3.371982,30
32986,3.383263,30
32987,1.301462,30
32988,3.330435,30
32989,2.87265,11
32990,3.258331,30
32991,1.346375,30
32992,2.812472,11
32993,3.441298,30
32994,4.279606,28
32995,3.338747,30
32996,4.254346,24
32997,2.120365,30
32998,1.913337,30
32999,3.256073,30
33000,3.397029,30
33001,3.29924,30
33002,0.987856,30
33003,2.993081,30
33004,3.138062,30
33005,3.258556,30
33006,4.408309,18
33007,3.060747,30
33008,-0.72871,30
33009,4.199989,14
33010,3.344238,30
33011,3.392623,30
33012,3.939873,28
33013,4.063949,28
33014,2.115299,30
33015,3.447896,30
33016,1.243901,30
33017,3.894305,26
33018,1.92661,30
33019,4.281005,18
33020,3.326158,30
33021,3.186848,23
33022,3.051429,30
33023,1.069059,30
33024,3.225792,30
33025,3.268579,30
33026,2.983634,12
33027,2.218308,29
33028,3.33978,30
33029,3.315226,30
33030,4.343606,25
33031,3.407202,30
33032,3.193296,30
33033,3.35904,30
33034,3.256861,30
33035,3.403661,30
33036,4.286894,24
33037,3.19121,30
33038,3.963529,16
33039,3.246374,30
33040,2.058504,30
33041,1.418824,30
33042,3.944015,30
33043,1.845828,30
33044,3.902313,21
33045,3.3408,30
33046,3.165555,30
33047,3.926221,28
33048,3.168201,22
33049,3.347628,30
33050,4.34122,22
33051,3.269183,30
33052,3.193421,30
33053,3.411442,30
33054,1.349724,30
33055,3.331688,30
33056,3.440033,30
33057,3.269174,30
33058,3.099182,30
33059,3.083465,30
33060,3.374151,30
33061,3.258293,30
33062,1.361485,30
33063,4.373139,16
33064,3.358525,30
33065,2.984058,15
33066,1.927863,28
33067,3.33604,30
33068,2.78946,15
33069,3.194978,25
33070,3.172024,30
33071,1.850415,27
33072,-0.612105,30
33073,3.229742,30
33074,3.23959,28
33075,2.050978,19
33076,1.766719,30
33077,3.429742,30
33078,4.021296,25
33079,3.380865,30
33080,3.366899,30
33081,3.737482,16
33082,1.341464,30
33083,3.312305,30
33084,1.106841,30
33085,2.828045,16
33086,2.951572,30
33087,3.210242,30
33088,3.055,19
33089,3.156019,30
33090,4.283799,23
33091,3.870798,13
33092,4.086344,29
33093,3.359931,30
33094,3.412126,30
33095,4.033409,16
33096,4.348908,23
33097,3.287798,30
33098,3.240917,30
33099,3.394026,30
33100,3.359001,30
33101,4.093022,30
33102,3.268437,30
33103,3.049068,30
33104,2.981726,12
33105,4.285312,24
33106,3.407765,30
33107,3.076214,19
33108,1.450982,30
33109,1.063501,30
33110,3.408678,30
33111,2.260418,19
33112,3.171161,30
33113,4.199115,29
33114,1.397708,30
33115,3.156576,30
33116,4.32689,16
33117,4.285266,24
33118,4.134035,30
33119,3.18173,30
33120,3.409563,30
33121,3.304116,30
33122,4.129757,28
33123,3.784695,16
33124,3.395212,30
33125,4.1962,16
33126,3.325583,30
33127,3.375769,30
33128,3.024359,12
33129,2.758285,19
33130,3.204391,30
33131,4.327375,15
33132,4.223728,24
33133,3.248458,30
33134,2.938055,30
33135,4.243373,25
33136,4.230277,27
33137,3.322735,30
33138,3.393291,30
33139,4.132582,28
33140,3.326822,30
33141,3.271383,30
33142,3.388361,30
33143,1.378404,30
33144,3.393571,30
33145,4.363244,24
33146,3.131593,30
33147,3.067231,30
33148,3.426134,30
33149,3.905458,28
33150,0.983936,23
33151,3.159222,30
33152,3.251292,30
33153,1.166591,30
33154,4.308794,18
33155,2.782694,30
33156,2.829595,20
33157,3.258172,30
33158,3.241099,30
33159,3.27424,30
33160,1.98849,30
33161,3.387354,30
33162,3.273681,30
33163,3.258981,30
33164,3.238215,30
33165,4.078162,20
33166,4.08752,29
33167,2.998728,30
33168,2.979848,30
33169,4.133539,24
33170,1.027412,30
33171,2.996865,30
33172,3.236622,30
33173,3.248771,30
33174,2.795522,30
33175,3.443742,30
33176,4.075368,19
33177,1.34738,30
33178,2.87448,30
33179,1.583927,17
33180,2.836853,14
33181,3.320123,30
33182,3.243906,30
33183,3.339956,30
33184,3.04039,30
33185,1.07115,18
33186,3.295501,30
33187,2.969249,30
33188,3.9338,24
33189,1.806586,30
33190,3.365124,30
33191,3.132589,30
33192,2.530631,30
33193,2.976922,13
33194,3.853029,26
33195,4.322821,24
33196,3.126929,30
33197,2.872223,30
33198,4.045497,12
33199,3.331707,30
33200,3.901186,21
33201,3.37732,30
33202,3.131209,30
33203,4.079699,25
33204,4.05375,19
33205,3.176337,30
33206,3.355978,30
33207,2.088223,30
33208,1.037854,18
33209,4.279952,21
33210,1.26358,30
33211,3.797018,29
33212,3.317263,30
33213,3.417631,30
33214,1.921817,30
33215,3.369891,30
33216,3.231472,30
33217,3.992333,23
33218,3.351447,30
33219,3.375671,30
33220,4.192286,17
33221,3.329853,30
33222,3.222372,30
33223,3.99096,23
33224,4.338268,23
33225,4.365201,17
33226,1.288401,30
33227,4.173062,20
33228,3.632272,23
33229,3.401423,30
33230,3.142551,30
33231,3.301968,30
33232,4.202725,16
33233,3.325168,30
33234,2.139835,15
33235,1.690958,20
33236,3.396002,30
33237,3.430799,30
33238,2.110925,30
33239,1.267254,30
33240,3.352641,30
33241,3.323672,30
33242,1.965253,30
33243,3.398486,30
33244,1.248852,30
33245,3.25167,21
33246,3.346138,30
33247,3.144219,30
33248,4.288311,22
33249,3.256997,30
33250,3.108315,16
33251,4.272935,22
33252,3.16631,30
33253,3.262983,30
33254,3.415606,30
33255,3.402028,30
33256,3.343705,30
33257,3.305757,30
33258,3.598212,18
33259,2.980467,14
33260,2.023781,30
33261,1.885986,30
33262,4.156881,15
33263,3.381781,30
33264,3.4919,17
33265,2.145403,26
33266,3.550125,21
33267,3.445321,30
33268,1.748021,16
33269,4.013249,17
33270,3.378275,30
33271,2.852564,15
33272,4.387673,21
33273,4.32025,16
33274,3.282353,30
33275,3.370687,30
33276,4.063662,30
33277,2.200618,26
33278,3.217722,30
33279,3.19769,30
33280,2.945476,27
33281,2.048165,30
33282,1.370416,30
33283,0.721378,30
33284,3.169292,30
33285,2.877015,13
33286,3.313301,30
33287,1.339353,30
33288,3.862357,29
33289,3.380605,30
33290,3.353296,30
33291,2.259491,30
33292,4.241595,23
33293,3.321524,30
33294,3.525204,25
33295,3.123028,17
33296,4.022057,25
33297,3.26374,30
33298,1.311924,30
33299,1.981725,29
33300,3.034456,13
33301,3.972163,28
33302,3.373869,30
33303,3.359453,30
33304,3.11446,15
33305,4.007627,24
33306,3.239684,30
33307,3.366917,30
33308,3.264915,30
33309,3.186562,30
33310,2.963578,30
33311,1.446388,15
33312,2.797355,15
33313,3.945285,30
33314,3.335352,30
33315,3.360333,30
33316,3.389791,30
33317,3.185016,30
33318,3.132041,30
33319,4.205745,13
33320,4.152204,22
33321,3.353471,30
33322,3.12654,30
33323,3.95791,19
33324,4.101135,21
33325,3.378545,30
33326,3.352913,30
33327,3.367539,30
33328,4.203063,16
33329,2.414519,29
33330,4.253259,16
33331,3.461716,30
33332,4.168877,19
33333,1.393829,30
33334,3.252939,30
33335,4.200044,19
33336,1.204311,30
33337,4.25869,18
33338,3.311859,30
33339,4.107905,28
33340,1.926033,30
33341,4.277526,27
33342,3.2492,30
33343,3.279506,30
33344,3.266456,30
33345,3.189084,30
33346,3.288106,30
33347,3.813416,24
33348,3.250989,30
33349,3.995523,19
33350,2.995553,30
33351,3.227308,30
33352,3.366898,30
33353,3.288701,30
33354,4.321413,15
33355,3.751243,20
33356,3.407634,30
33357,2.175687,30
33358,3.649287,22
33359,1.417072,30
33360,3.243373,30
33361,3.135504,30
33362,1.369777,30
33363,3.03203,22
33364,4.026619,15
33365,2.948269,30
33366,3.859715,26
33367,3.373672,30
33368,3.164798,30
33369,1.98433,30
33370,4.203605,15
33371,3.306776,30
33372,2.836627,15
33373,3.385866,30
33374,3.272873,30
33375,3.265348,30
33376,3.293955,30
33377,3.377821,30
33378,3.316362,30
33379,2.912814,14
33380,3.846363,28
33381,1.40846,30
33382,3.040994,20
33383,3.399881,30
33384,3.379354,30
33385,4.197754,21
33386,4.284941,25
33387,3.419922,30
33388,3.325504,30
33389,3.124346,14
33390,3.112114,30
33391,3.36702,30
33392,3.207932,30
33393,3.233201,30
33394,3.381524,30
33395,3.094938,30
33396,1.359957,30
33397,3.323761,30
33398,4.364867,19
33399,3.179971,30
33400,3.374726,30
33401,3.308311,30
33402,3.121764,30
33403,1.117877,30
33404,3.210085,30
33405,3.403336,30
33406,2.127758,30
33407,1.145689,30
33408,0.913828,30
33409,1.220275,30
33410,0.338572,28
33411,3.059909,12
33412,3.305619,30
33413,3.232295,30
33414,4.157586,25
33415,3.57158,25
33416,3.134425,30
33417,3.301496,30
33418,3.144965,15
33419,2.985307,30
33420,3.44094,30
33421,3.380909,30
33422,4.118724,19
33423,3.338515,30
33424,0.029062,30
33425,1.398541,30
33426,4.317809,20
33427,2.900563,17
33428,4.295819,18
33429,3.991064,21
33430,3.2593,30
33431,3.242406,30
33432,4.234558,17
33433,3.181791,30
33434,4.105895,29
33435,2.040864,30
33436,3.185049,30
33437,3.268055,30
33438,3.367054,30
33439,4.327042,17
33440,3.096757,13
33441,3.263828,30
33442,3.315304,30
33443,3.007869,30
33444,3.193275,30
33445,2.082104,30
33446,3.021276,11
33447,4.247859,30
33448,1.998844,30
33449,3.186756,30
33450,3.253673,30
33451,1.402154,30
33452,1.42457,30
33453,1.338887,30
33454,3.312473,30
33455,3.08416,30
33456,1.860324,30
33457,4.290282,20
33458,3.313657,30
33459,3.363659,30
33460,3.259833,30
33461,3.120406,30
33462,3.976336,26
33463,3.332134,30
33464,3.224375,30
33465,3.458566,30
33466,3.360209,30
33467,2.141923,30
33468,3.246136,30
33469,3.390407,30
33470,4.115141,27
33471,3.315139,30
33472,2.893597,14
33473,3.315341,30
33474,3.147989,30
33475,4.282094,29
33476,3.468238,24
33477,3.850416,21
33478,3.311994,30
33479,4.259384,22
33480,3.261304,30
33481,3.350688,30
33482,3.442078,28
33483,3.343009,30
33484,3.290563,30
33485,3.236317,30
33486,3.989449,29
33487,3.218003,30
33488,4.186137,14
33489,3.82545,27
33490,3.330976,30
33491,1.405063,30
33492,2.913808,30
33493,3.356116,30
33494,3.42895,30
33495,3.247292,30
33496,3.226121,30
33497,4.069548,17
33498,3.22847,30
33499,4.414896,21
33500,4.049937,20
33501,3.328582,30
33502,4.471241,23
33503,3.288381,30
33504,1.002613,30
33505,3.445085,30
33506,3.371525,30
33507,3.204229,30
33508,2.322231,21
33509,4.24709,16
33510,3.009867,30
33511,3.263969,30
33512,4.047361,27
33513,3.345358,30
33514,1.394732,30
33515,4.03604,18
33516,1.97638,28
33517,1.257712,30
33518,0.029328,30
33519,3.163243,30
33520,3.262418,30
33521,2.410257,17
33522,4.101212,15
33523,3.097882,30
33524,3.209191,30
33525,4.28335,24
33526,2.321009,30
33527,4.303283,22
33528,3.254566,30
33529,1.7404,19
33530,4.2245,18
33531,3.884429,27
33532,3.411183,30
33533,3.397283,30
33534,3.199088,30
33535,1.415721,30
33536,3.610332,14
33537,1.263,30
33538,3.41024,30
33539,3.296477,30
33540,4.160862,22
33541,4.128902,22
33542,4.106195,24
33543,3.232019,30
33544,3.114436,30
33545,3.334333,30
33546,4.215681,15
33547,3.394734,30
33548,2.899942,12
33549,2.280607,21
33550,3.443871,30
33551,4.387785,25
33552,3.26655,30
33553,3.438191,30
33554,3.706999,30
33555,3.982506,26
33556,4.215832,28
33557,4.27075,15
33558,3.379271,30
33559,3.244031,30
33560,2.89532,16
33561,3.041943,23
33562,3.199139,30
33563,3.354256,30
33564,4.32567,22
33565,3.693939,29
33566,3.209542,30
33567,3.177559,30
33568,2.801005,9
33569,3.094165,30
33570,3.154587,30
33571,3.75439,29
33572,4.395244,20
33573,1.157006,30
33574,2.994871,25
33575,3.341814,30
33576,3.236089,30
33577,3.418412,30
33578,3.21955,30
33579,3.704985,13
33580,4.132711,15
33581,3.408023,30
33582,3.269121,30
33583,4.361605,24
33584,3.283214,30
33585,4.280117,18
33586,3.360281,30
33587,3.737511,25
33588,3.383708,30
33589,1.120936,30
33590,3.200696,16
33591,1.870132,30
33592,3.264449,30
33593,4.362954,16
33594,4.065831,22
33595,3.36693,30
33596,3.301652,30
33597,3.890557,22
33598,3.242549,30
33599,3.33949,30
33600,3.702313,24
33601,1.196328,30
33602,2.16842,16
33603,3.516251,29
33604,2.900239,16
33605,3.221852,30
33606,4.455935,27
33607,3.401921,30
33608,3.342022,30
33609,3.286597,30
33610,-1.879808,17
33611,4.341105,20
33612,4.186242,21
33613,4.279441,16
33614,1.948614,29
33615,4.267413,16
33616,1.353692,30
33617,3.297627,30
33618,4.106378,30
33619,3.311339,30
33620,3.256248,30
33621,3.457239,30
33622,3.252516,30
33623,4.088995,30
33624,4.304741,29
33625,3.32643,30
33626,3.94981,25
33627,2.75974,30
33628,2.953602,30
33629,3.251927,30
33630,3.218441,30
33631,4.091474,17
33632,3.678413,15
33633,2.956133,17
33634,3.218451,30
33635,4.276777,23
33636,3.102839,30
33637,0.741863,30
33638,2.777064,30
33639,3.379504,30
33640,3.911157,28
33641,-0.989445,30
33642,3.199876,30
33643,4.233116,19
33644,3.280888,30
33645,1.264149,30
33646,2.794058,19
33647,1.304983,30
33648,1.286254,30
33649,4.20143,18
33650,4.247732,16
33651,3.156621,13
33652,3.975956,19
33653,4.342258,24
33654,3.302838,30
33655,3.126359,30
33656,2.698489,21
33657,4.245622,18
33658,3.048973,13
33659,1.991202,30
33660,3.269534,30
33661,1.35492,30
33662,1.265945,30
33663,1.794028,30
33664,3.079375,21
33665,1.333805,30
33666,3.379413,30
33667,2.04541,30
33668,1.96629,30
33669,3.357508,30
33670,4.345249,15
33671,3.34788,30
33672,1.121816,15
33673,1.803565,17
33674,3.404006,30
33675,4.063131,21
33676,3.157006,14
33677,4.102694,25
33678,3.367534,30
33679,3.402809,30
33680,4.249513,20
33681,3.331261,30
33682,3.221353,30
33683,4.158929,23
33684,3.341084,30
33685,4.228723,20
33686,3.263703,30
33687,3.379567,30
33688,4.018433,28
33689,1.172882,30
33690,3.206967,30
33691,3.453326,30
33692,3.441025,30
33693,3.340023,30
33694,3.19463,30
33695,2.93175,11
33696,3.260001,30
33697,2.885671,22
33698,3.067806,20
33699,4.226458,20
33700,3.861078,19
33701,1.895993,27
33702,0.757443,24
33703,3.048887,30
33704,-0.595939,30
33705,4.161537,26
33706,2.203953,22
33707,4.179811,17
33708,4.382983,25
33709,4.075885,23
33710,1.319394,30
33711,3.340042,30
33712,3.20729,30
33713,3.022928,25
33714,3.29058,30
33715,3.14036,30
33716,2.787731,30
33717,3.286136,30
33718,3.102776,30
33719,3.210557,30
33720,4.201144,28
33721,4.003709,16
33722,3.361781,30
33723,4.229868,17
33724,4.335444,21
33725,3.057721,30
33726,1.379912,30
33727,3.419495,20
33728,4.094703,30
33729,3.975033,30
33730,2.077338,28
33731,2.882054,10
33732,2.955522,30
33733,3.948827,27
33734,2.844824,15
33735,4.133956,16
33736,2.878397,30
33737,4.304389,19
33738,3.284902,30
33739,2.436766,25
33740,3.261044,30
33741,3.36001,30
33742,1.557294,18
33743,3.22438,30
33744,1.356076,30
33745,4.220146,14
33746,4.322197,18
33747,2.344763,21
33748,4.173489,30
33749,1.375788,30
33750,3.264667,23
33751,3.071717,25
33752,3.356102,30
33753,-0.623186,29
33754,4.412055,16
33755,4.148336,21
33756,4.18626,30
33757,4.179242,20
33758,3.2889,30
33759,3.261311,30
33760,3.117341,16
33761,3.201877,30
33762,3.550469,16
33763,4.120697,25
33764,4.126032,15
33765,3.436454,30
33766,3.509982,13
33767,3.311901,30
33768,-0.810945,30
33769,3.192651,30
33770,3.441055,30
33771,3.36964,30
33772,3.528166,16
33773,0.955147,15
33774,1.893942,30
33775,3.120932,30
33776,4.265276,23
33777,4.226327,20
33778,3.385004,30
33779,3.059622,30
33780,3.277429,30
33781,3.365426,30
33782,3.347048,30
33783,3.606601,17
33784,2.96298,14
33785,4.177605,22
33786,3.100278,19
33787,3.257784,30
33788,4.32167,17
33789,4.201038,20
33790,3.88749,19
33791,3.366165,30
33792,3.190693,30
33793,3.229136,30
33794,3.394086,30
33795,3.381625,30
33796,3.278388,30
33797,3.247124,30
33798,3.23652,30
33799,3.142185,30
33800,3.449755,30
33801,3.330853,30
33802,3.349671,30
33803,3.210395,30
33804,4.365814,26
33805,4.121819,16
33806,4.11971,17
33807,3.403714,30
33808,4.252955,21
33809,1.405247,30
33810,2.044475,28
33811,2.846174,13
33812,2.347878,25
33813,3.288572,30
33814,3.389129,30
33815,1.300119,30
33816,3.292657,30
33817,3.36501,30
33818,3.356546,30
33819,3.168362,30
33820,3.277462,30
33821,3.346659,30
33822,3.383939,30
33823,3.066854,12
33824,3.058406,30
33825,3.275676,30
33826,3.970586,25
33827,3.325675,30
33828,3.263801,30
33829,4.372319,24
33830,3.265352,30
33831,2.66522,11
33832,1.091686,20
33833,3.344723,30
33834,3.43167,17
33835,3.159704,30
33836,3.354228,30
33837,3.912831,11
33838,2.7757,15
33839,2.961747,30
33840,1.974245,30
33841,3.079006,30
33842,3.782588,23
33843,1.957328,30
33844,3.278211,30
33845,1.324128,30
33846,4.304997,22
33847,1.978586,30
33848,3.311887,30
33849,1.847108,30
33850,3.171012,30
33851,3.317792,30
33852,1.041187,14
33853,3.141307,30
33854,3.344549,30
33855,3.189141,30
33856,4.214423,13
33857,3.28644,30
33858,3.378243,30
33859,3.28545,30
33860,4.169512,15
33861,3.815492,28
33862,3.123599,30
33863,3.357212,30
33864,4.318668,29
33865,-0.724391,30
33866,3.393849,30
33867,3.123986,20
33868,3.203374,30
33869,4.263488,17
33870,3.180016,30
33871,4.16011,29
33872,1.139174,30
33873,3.312016,30
33874,4.399812,25
33875,3.631995,20
33876,4.125244,18
33877,0.947625,30
33878,3.312755,30
33879,3.241345,30
33880,4.188799,17
33881,3.295804,30
33882,4.182531,21
33883,3.119128,23
33884,2.899829,30
33885,-0.673157,30
33886,3.949602,30
33887,3.371627,30
33888,3.330077,30
33889,4.385489,19
33890,3.186697,30
33891,4.106285,30
33892,3.346311,30
33893,2.642015,30
33894,3.321551,30
33895,4.069857,17
33896,2.348293,21
33897,3.356532,30
33898,4.3119,21
33899,1.525826,30
33900,4.136718,22
33901,4.161549,27
33902,3.346964,30
33903,3.347089,30
33904,3.328075,30
33905,3.343525,30
33906,2.727708,11
33907,3.256429,30
33908,3.46513,20
33909,3.157864,30
33910,1.942794,30
33911,3.458538,30
33912,3.386223,30
33913,4.264328,23
33914,3.267122,30
33915,2.643962,12
33916,1.094556,30
33917,3.103215,30
33918,3.97761,12
33919,3.24143,30
33920,3.141929,30
33921,4.076166,18
33922,3.188481,30
33923,4.130255,22
33924,3.183523,30
33925,2.991428,13
33926,3.143182,30
33927,1.973829,30
33928,3.255695,30
33929,4.138314,18
33930,3.363078,30
33931,2.885462,30
33932,3.401203,30
33933,4.306121,20
33934,3.284025,30
33935,4.095952,20
33936,1.287523,30
33937,3.407034,30
33938,3.380107,30
33939,2.161344,17
33940,3.307515,30
33941,1.28556,30
33942,3.341185,30
33943,3.154559,30
33944,3.299172,30
33945,3.223441,30
33946,3.404331,30
33947,3.340021,30
33948,3.30671,30
33949,4.163197,23
33950,3.337272,30
33951,3.895137,17
33952,3.080315,20
33953,3.197938,30
33954,4.353499,24
33955,4.077961,19
33956,3.397191,30
33957,3.191866,30
33958,3.897362,20
33959,3.224607,30
33960,3.341849,30
33961,4.143212,20
33962,3.314711,30
33963,3.326718,30
33964,3.083815,30
33965,3.069871,30
33966,1.394426,30
33967,3.473355,13
33968,1.083652,30
33969,1.39285,30
33970,3.235999,30
33971,3.201072,30
33972,2.310576,30
33973,3.065923,30
33974,4.212345,20
33975,3.338629,30
33976,2.066646,30
33977,3.341464,30
33978,3.458918,30
33979,3.321667,30
33980,1.321421,30
33981,3.31778,30
33982,3.230861,30
33983,3.789967,24
33984,4.224235,30
33985,2.847538,30
33986,4.272587,18
33987,3.048043,30
33988,1.173838,30
33989,3.089744,30
33990,4.366394,21
33991,3.091465,30
33992,3.330497,30
33993,2.944305,18
33994,3.37374,30
33995,3.327314,30
33996,2.26094,27
33997,4.260436,25
33998,3.317907,30
33999,3.376698,30
34000,4.353939,25
34001,3.468972,30
34002,2.857516,30
34003,4.00488,20
34004,2.676235,30
34005,3.394031,30
34006,1.952729,20
34007,3.179055,30
34008,3.955017,25
34009,3.351836,30
34010,4.365959,26
34011,3.987881,18
34012,1.474785,24
34013,1.175744,30
34014,4.123419,22
34015,3.527555,14
34016,1.347749,30
34017,1.934599,30
34018,3.170366,30
34019,1.394093,30
34020,4.410371,23
34021,4.087597,20
34022,3.959385,28
34023,3.468716,30
34024,0.78019,14
34025,2.031591,30
34026,3.338417,30
34027,3.224709,30
34028,3.712801,22
34029,3.163363,30
34030,2.861594,29
34031,3.32599,30
34032,3.221966,30
34033,1.033326,22
34034,4.127092,17
34035,2.998156,13
34036,3.294849,30
34037,4.012176,27
34038,3.179559,30
34039,3.968366,30
34040,3.174092,30
34041,3.268913,30
34042,3.054398,27
34043,4.120196,15
34044,0.911641,17
34045,1.323516,30
34046,4.045984,26
34047,4.194192,29
34048,3.580043,28
34049,3.214716,30
34050,3.06266,15
34051,3.074565,30
34052,3.747986,28
34053,3.164294,30
34054,3.334462,30
34055,2.00816,15
34056,3.790299,15
34057,3.21018,30
34058,4.31264,21
34059,4.058617,26
34060,3.292297,30
34061,3.480166,28
34062,3.704372,13
34063,3.271034,30
34064,2.996387,24
34065,3.301084,15
34066,2.311543,30
34067,3.244105,30
34068,3.379924,30
34069,4.201763,28
34070,3.349142,30
34071,4.218511,26
34072,3.299295,30
34073,1.821205,30
34074,3.251379,30
34075,1.605867,25
34076,1.871175,30
34077,3.954313,25
34078,3.231719,30
34079,4.18986,23
34080,4.225794,23
34081,3.267331,30
34082,3.32404,30
34083,1.973211,30
34084,2.089712,29
34085,3.343006,30
34086,3.723446,15
34087,3.168223,30
34088,3.325293,30
34089,3.25469,30
34090,3.292145,30
34091,1.394222,30
34092,2.136666,21
34093,3.28739,30
34094,3.308304,30
34095,4.121222,14
34096,3.578969,17
34097,4.000511,26
34098,3.448898,30
34099,3.286157,30
34100,3.372104,30
34101,3.774959,15
34102,3.05524,16
34103,3.368605,30
34104,3.359904,30
34105,4.409411,17
34106,3.936559,30
34107,3.423204,30
34108,3.846539,17
34109,3.294207,30
34110,3.285395,30
34111,3.048785,30
34112,2.270105,24
34113,4.103764,19
34114,2.689966,30
34115,3.292542,30
34116,4.104409,27
34117,3.915744,27
34118,3.396693,30
34119,3.287883,30
34120,3.369724,30
34121,2.125716,30
34122,3.317123,30
34123,1.218973,30
34124,3.335874,30
34125,3.21413,30
34126,4.162128,16
34127,3.318511,30
34128,3.372469,30
34129,3.34629,30
34130,3.371303,30
34131,3.017953,30
34132,1.732101,30
34133,2.822774,16
34134,3.39651,30
34135,2.978166,30
34136,3.764278,20
34137,1.260837,30
34138,4.387238,23
34139,3.917486,26
34140,3.394959,30
34141,3.743607,26
34142,2.180039,15
34143,1.306754,30
34144,-0.315159,16
34145,2.069132,24
34146,3.354211,30
34147,3.170069,30
34148,3.2585,30
34149,1.325006,30
34150,3.350989,30
34151,3.415025,11
34152,4.096131,16
34153,3.171502,30
34154,3.256367,30
34155,3.296919,30
34156,1.287425,30
34157,3.247381,30
34158,2.815218,17
34159,3.307208,30
34160,3.258907,30
34161,3.338735,30
34162,4.122153,15
34163,4.086287,29
34164,3.248465,30
34165,3.227571,30
34166,4.269602,23
34167,3.547996,30
34168,4.06253,16
34169,3.291296,30
34170,3.366025,30
34171,3.8118,27
34172,4.20464,21
34173,1.038503,30
34174,3.150726,13
34175,2.894678,30
34176,3.262815,30
34177,3.392607,30
34178,3.935364,30
34179,4.018837,25
34180,3.184543,30
34181,3.390326,30
34182,4.189278,22
34183,1.393286,13
34184,4.335413,19
34185,3.123417,22
34186,4.101489,21
34187,4.244117,22
34188,3.273727,30
34189,3.982689,26
34190,3.044725,30
34191,3.177491,30
34192,3.271024,30
34193,4.190055,21
34194,3.340832,30
34195,4.029662,26
34196,3.326125,30
34197,1.312789,30
34198,3.033742,30
34199,3.679827,22
34200,3.110021,30
34201,2.194116,30
34202,3.163533,30
34203,3.383211,30
34204,2.931775,12
34205,3.708003,20
34206,-0.177227,30
34207,1.659357,30
34208,3.952107,26
34209,4.118837,23
34210,3.346884,30
34211,3.208032,30
34212,2.00049,28
34213,3.382363,30
34214,4.204536,23
34215,3.312495,30
34216,2.772521,27
34217,3.404084,30
34218,3.088877,30
34219,1.399929,30
34220,3.314786,30
34221,3.136895,30
34222,3.089146,30
34223,3.342257,30
34224,1.186748,30
34225,2.957621,16
34226,2.70245,30
34227,4.242976,22
34228,1.718184,30
34229,4.073917,30
34230,3.074912,30
34231,4.304451,22
34232,4.227047,18
34233,3.391511,30
34234,3.374982,30
34235,3.123608,30
34236,4.300494,18
34237,3.947546,27
34238,1.973467,25
34239,3.733196,16
34240,3.333122,30
34241,4.098229,16
34242,2.746174,30
34243,3.374137,30
34244,3.04393,18
34245,1.249884,30
34246,4.298878,25
34247,3.02512,30
34248,3.241513,30
34249,3.275203,30
34250,4.367074,18
34251,2.10411,30
34252,0.209618,25
34253,4.17067,21
34254,2.920862,27
34255,3.875989,28
34256,4.224075,15
34257,3.320687,30
34258,3.397435,30
34259,4.125607,22
34260,3.093614,30
34261,3.397372,30
34262,3.272228,30
34263,3.052507,30
34264,2.673237,13
34265,2.315127,23
34266,4.200558,22
34267,3.213038,30
34268,3.363439,30
34269,3.309063,30
34270,3.504349,11
34271,1.392583,30
34272,4.227054,15
34273,3.357592,30
34274,3.187072,30
34275,3.166907,30
34276,4.236293,19
34277,3.380272,30
34278,3.33046,30
34279,2.976076,15
34280,3.352834,30
34281,-1.50308,30
34282,3.375715,30
34283,4.163178,13
34284,1.24721,30
34285,0.036584,30
34286,3.21689,30
34287,2.943804,30
34288,3.406536,30
34289,4.366946,24
34290,3.32367,30
34291,2.891938,12
34292,3.693266,13
34293,4.224108,26
34294,2.079414,20
34295,2.836092,13
34296,4.020764,24
34297,3.378818,30
34298,3.225029,30
34299,0.882564,19
34300,4.298327,19
34301,3.268175,30
34302,3.934738,26
34303,2.743115,15
34304,4.284787,27
34305,2.635638,30
34306,3.232302,30
34307,1.203948,30
34308,2.917621,30
34309,4.317931,19
34310,3.320709,30
34311,3.281898,30
34312,3.559659,29
34313,3.800139,26
34314,3.409913,26
34315,3.920738,24
34316,3.194965,30
34317,3.271869,30
34318,3.163972,30
34319,4.11213,21
34320,4.174998,24
34321,3.288425,30
34322,3.421893,30
34323,3.392685,30
34324,2.405491,30
34325,3.392579,30
34326,2.741517,30
34327,1.178899,30
34328,4.061509,20
34329,2.639916,30
34330,3.83241,16
34331,3.237746,30
34332,0.98708,30
34333,2.96423,30
34334,2.944355,30
34335,3.703621,17
34336,3.006293,30
34337,3.022338,30
34338,3.365213,23
34339,3.325605,30
34340,3.241594,30
34341,3.194367,30
34342,1.080555,30
34343,4.403643,23
34344,3.344364,30
34345,1.417767,17
34346,2.695828,30
34347,3.113628,12
34348,3.144082,30
34349,3.366078,30
34350,3.410545,30
34351,4.193514,17
34352,2.595844,30
34353,2.980479,14
34354,4.068114,22
34355,4.025184,14
34356,3.116628,30
34357,2.067671,28
34358,3.286617,30
34359,3.200982,30
34360,3.173449,30
34361,3.186379,30
34362,2.882093,15
34363,3.343429,30
34364,3.142361,30
34365,4.343044,17
34366,3.297063,30
34367,3.219263,30
34368,4.060462,19
34369,3.139223,30
34370,3.376768,30
34371,3.265853,30
34372,4.074074,15
34373,-0.385847,30
34374,1.661704,14
34375,3.210806,30
34376,1.927133,22
34377,3.00958,30
34378,3.310666,30
34379,2.434145,30
34380,3.574801,19
34381,4.011251,21
34382,3.267328,30
34383,3.224745,30
34384,2.09807,30
34385,4.400645,23
34386,2.747424,28
34387,3.913898,12
34388,3.354646,30
34389,3.865797,26
34390,3.840749,21
34391,1.743198,10
34392,4.372351,21
34393,3.073897,30
34394,1.893552,30
34395,3.171671,30
34396,2.713738,30
34397,4.183837,29
34398,3.961626,12
34399,3.884658,27
34400,2.946405,30
34401,3.60434,27
34402,4.3024,18
34403,2.356021,12
34404,3.139976,30
34405,2.87031,20
34406,3.956929,23
34407,3.066216,30
34408,4.063613,26
34409,2.440227,30
34410,0.737812,30
34411,2.181802,30
34412,3.390035,30
34413,3.218193,30
34414,3.331868,30
34415,3.808093,28
34416,3.253396,30
34417,3.330114,30
34418,3.44824,30
34419,4.291934,21
34420,1.268436,30
34421,3.28581,30
34422,3.190643,25
34423,3.27186,30
34424,3.532211,27
34425,4.099022,21
34426,3.273493,30
34427,1.886704,30
34428,3.254378,30
34429,3.027399,12
34430,2.993278,13
34431,1.50878,30
34432,3.241632,30
34433,2.170067,26
34434,3.366165,30
34435,4.04761,15
34436,3.257796,30
34437,4.105994,24
34438,2.959021,30
34439,2.799878,30
34440,3.992934,24
34441,3.399436,30
34442,3.05467,30
34443,2.470157,30
34444,4.119416,14
34445,3.243834,30
34446,4.191606,26
34447,1.329462,30
34448,3.076912,19
34449,4.159337,21
34450,4.009355,20
34451,3.940809,27
34452,3.39989,30
34453,4.093208,18
34454,3.360884,30
34455,1.918167,30
34456,3.127092,30
34457,3.686448,18
34458,3.371289,30
34459,3.307744,30
34460,3.26258,30
34461,3.103206,30
34462,0.605172,30
34463,3.12373,12
34464,3.185015,30
34465,3.123204,30
34466,3.267071,30
34467,3.049089,30
34468,2.235083,16
34469,4.026423,29
34470,2.158415,25
34471,3.392662,30
34472,3.219773,30
34473,4.011245,25
34474,3.172548,30
34475,3.316929,30
34476,3.726564,30
34477,4.012546,30
34478,3.113627,30
34479,3.141366,30
34480,4.287259,17
34481,1.851344,30
34482,3.288057,30
34483,3.352229,30
34484,3.358862,30
34485,3.367251,30
34486,4.331086,15
34487,3.3606,30
34488,4.062125,22
34489,1.400517,30
34490,2.906398,16
34491,3.856609,14
34492,4.242015,28
34493,3.414344,30
34494,3.582351,20
34495,3.048502,30
34496,1.211701,30
34497,3.423182,30
34498,3.296883,30
34499,3.31654,30
34500,3.982926,26
34501,3.099004,30
34502,3.246834,30
34503,3.219403,30
34504,3.255021,30
34505,3.254536,30
34506,4.166874,22
34507,3.049036,30
34508,3.362909,30
34509,3.36636,30
34510,3.364782,30
34511,3.224343,30
34512,2.010538,30
34513,3.391203,30
34514,2.156125,30
34515,3.072371,30
34516,3.967911,28
34517,4.274923,22
34518,3.878272,29
34519,3.202689,30
34520,3.288385,30
34521,3.311725,30
34522,3.369315,30
34523,4.398078,15
34524,2.994359,30
34525,3.414446,30
34526,3.307907,30
34527,3.924166,23
34528,1.338864,30
34529,1.305053,30
34530,3.211016,30
34531,2.293816,22
34532,3.3055,30
34533,3.897486,17
34534,3.024962,22
34535,3.254902,30
34536,3.119167,30
34537,4.191128,21
34538,3.375637,30
34539,3.188458,30
34540,4.401815,23
34541,3.719527,22
34542,3.872974,30
34543,3.785436,27
34544,3.372041,30
34545,1.89503,30
34546,3.394113,30
34547,3.202677,30
34548,3.158898,30
34549,3.377442,30
34550,3.883658,30
34551,3.205445,30
34552,2.801745,29
34553,3.280501,30
34554,3.988415,19
34555,3.064633,30
34556,3.330076,30
34557,2.980791,10
34558,4.208292,25
34559,3.356572,30
34560,4.130097,28
34561,3.153518,19
34562,3.367464,30
34563,4.167701,26
34564,2.873724,13
34565,1.124933,30
34566,3.091338,30
34567,3.235073,30
34568,4.148399,13
34569,1.250275,30
34570,2.934303,10
34571,4.337277,21
34572,4.144526,21
34573,4.351353,26
34574,3.397001,30
34575,2.097139,26
34576,3.037191,30
34577,3.306553,30
34578,1.934524,30
34579,3.367294,30
34580,3.345679,30
34581,2.752756,30
34582,3.354428,30
34583,1.497352,24
34584,1.015158,28
34585,3.313268,30
34586,3.207217,30
34587,3.43702,30
34588,4.265587,28
34589,3.371636,30
34590,0.969738,18
34591,4.316554,21
34592,3.395236,30
34593,3.427949,30
34594,3.395536,30
34595,3.387559,30
34596,3.281432,30
34597,3.369573,30
34598,3.259021,30
34599,1.902782,30
34600,3.177042,30
34601,2.151058,30
34602,3.840071,29
34603,2.927105,30
34604,1.250687,30
34605,3.373471,30
34606,3.085963,19
34607,4.18656,16
34608,4.129729,19
34609,2.034412,30
34610,3.9433,27
34611,2.011047,30
34612,3.32619,30
34613,1.764143,10
34614,4.2767,21
34615,4.150181,17
34616,2.812086,18
34617,3.167059,30
34618,3.374234,30
34619,2.374508,21
34620,2.998627,30
34621,3.308124,30
34622,4.184277,21
34623,3.501466,14
34624,3.36047,30
34625,3.265403,30
34626,3.298604,30
34627,3.211928,30
34628,3.422264,30
34629,3.029275,30
34630,3.179855,30
34631,0.420618,12
34632,3.94319,18
34633,3.176845,30
34634,1.218319,30
34635,3.447351,30
34636,4.246952,28
34637,4.126368,29
34638,3.582258,12
34639,3.164384,30
34640,2.661853,17
34641,3.239508,30
34642,2.441511,21
34643,2.958141,30
34644,3.307728,30
34645,2.656099,30
34646,2.383937,28
34647,3.353,30
34648,3.258964,30
34649,1.087748,12
34650,3.0527,30
34651,2.830413,20
34652,2.784528,21
34653,3.728139,14
34654,4.007637,14
34655,3.193257,30
34656,3.260858,30
34657,2.980062,25
34658,3.24368,30
34659,3.90153,22
34660,2.118371,17
34661,3.366249,30
34662,3.24833,30
34663,3.433037,30
34664,3.518892,16
34665,4.265855,20
34666,3.158785,30
34667,3.367422,30
34668,1.051699,16
34669,4.171139,22
34670,3.883236,29
34671,3.290466,30
34672,3.299912,30
34673,1.316353,30
34674,2.736107,30
34675,3.287664,30
34676,3.360499,30
34677,3.29898,30
34678,1.890976,30
34679,3.128176,30
34680,2.245123,20
34681,3.215154,30
34682,2.949905,18
34683,3.957864,19
34684,3.192241,30
34685,2.860592,19
34686,3.417999,30
34687,4.249658,14
34688,3.52409,24
34689,3.886841,30
34690,3.28319,30
34691,3.43376,30
34692,2.937719,30
34693,3.049373,13
34694,2.843804,18
34695,3.218094,30
34696,4.377201,14
34697,3.412276,30
34698,3.333315,30
34699,3.564923,28
34700,3.316977,30
34701,3.226081,30
34702,4.082781,17
34703,2.952624,22
34704,4.295024,16
34705,4.159452,18
34706,3.278392,30
34707,3.42252,30
34708,3.243174,30
34709,4.231384,30
34710,3.343317,30
34711,3.920811,24
34712,3.359165,30
34713,4.051341,22
34714,2.986978,21
34715,3.231904,30
34716,1.606415,20
34717,3.318405,30
34718,3.349436,30
34719,4.143215,21
34720,2.809399,12
34721,4.051643,17
34722,2.055503,30
34723,3.382138,30
34724,3.907632,29
34725,3.265925,30
34726,1.139211,30
34727,2.580587,30
34728,3.296532,30
34729,3.43762,30
34730,3.256922,30
34731,1.408231,30
34732,2.973995,13
34733,2.122655,22
34734,3.27054,30
34735,3.358023,30
34736,3.099343,30
34737,1.413537,30
34738,3.238532,30
34739,3.14461,30
34740,3.397459,30
34741,3.196894,30
34742,3.193861,30
34743,3.275702,30
34744,3.4049,30
34745,3.437353,30
34746,2.816153,14
34747,0.99673,20
34748,4.03531,30
34749,4.075605,21
34750,3.278057,30
34751,3.412942,30
34752,1.299809,30
34753,3.306255,30
34754,3.26882,30
34755,3.765446,16
34756,3.001991,15
34757,3.300104,30
34758,3.159045,30
34759,3.228716,30
34760,3.391844,30
34761,4.256758,20
34762,3.974434,30
34763,1.381888,30
34764,2.877277,30
34765,4.014159,11
34766,2.941546,30
34767,4.145871,19
34768,4.028682,14
34769,3.154318,30
34770,1.601399,30
34771,3.982959,14
34772,3.115739,30
34773,3.300021,30
34774,3.402504,30
34775,3.303984,30
34776,3.342319,30
34777,3.321926,30
34778,3.34248,30
34779,3.626407,19
34780,2.907798,30
34781,3.199991,30
34782,2.948093,13
34783,1.399786,30
34784,3.203606,30
34785,4.110712,25
34786,1.31447,30
34787,3.598913,12
34788,4.174745,21
34789,3.232061,30
34790,3.972286,24
34791,3.329493,30
34792,3.384585,30
34793,4.19546,15
34794,3.275041,30
34795,4.224667,24
34796,2.913805,30
34797,4.389788,19
34798,4.121561,21
34799,3.247504,30
34800,3.253213,30
34801,1.406847,30
34802,3.223972,30
34803,3.359779,30
34804,3.297609,30
34805,3.134864,30
34806,3.15368,30
34807,3.115717,30
34808,3.11068,12
34809,4.171812,15
34810,4.174835,29
34811,3.352734,30
34812,4.170578,17
34813,4.112624,25
34814,1.312498,30
34815,3.579253,16
34816,3.441305,30
34817,3.330638,30
34818,3.153444,30
34819,2.928934,24
34820,2.031586,30
34821,3.337129,30
34822,3.228837,30
34823,3.070241,30
34824,3.391636,30
34825,3.3408,30
34826,3.402035,30
34827,3.2007,30
34828,3.113563,30
34829,3.416,30
34830,0.99346,26
34831,1.48144,13
34832,2.703898,14
34833,1.871286,30
34834,2.019143,28
34835,3.140645,30
34836,3.339787,30
34837,3.334035,30
34838,4.031512,24
34839,1.418716,30
34840,3.42278,30
34841,4.343577,15
34842,4.272259,26
34843,3.273198,30
34844,3.288049,30
34845,1.386072,30
34846,3.357612,30
34847,3.39981,30
34848,3.209342,30
34849,3.346913,30
34850,3.208743,30
34851,1.156507,30
34852,3.198215,30
34853,1.196276,30
34854,3.634327,21
34855,3.229177,30
34856,2.164825,23
34857,3.276574,30
34858,3.442359,30
34859,3.198064,30
34860,4.102535,16
34861,3.339384,30
34862,1.378501,30
34863,4.280168,22
34864,3.122149,30
34865,2.408676,25
34866,4.288934,17
34867,3.311931,30
34868,3.25801,30
34869,3.40898,30
34870,0.542626,30
34871,3.451727,30
34872,3.204886,30
34873,1.267453,30
34874,4.063484,24
34875,2.835936,30
34876,1.408161,30
34877,3.289598,30
34878,4.273654,24
34879,3.408364,30
34880,3.388955,30
34881,3.229687,30
34882,2.153795,30
34883,3.239905,30
34884,2.326387,21
34885,1.217791,30
34886,3.258888,30
34887,2.996402,30
34888,3.291812,30
34889,4.209165,30
34890,3.098139,14
34891,4.283868,19
34892,3.21712,30
34893,3.411839,30
34894,3.318513,30
34895,3.303578,30
34896,3.147125,18
34897,4.203928,14
34898,1.201432,30
34899,3.37603,30
34900,2.080145,30
34901,3.2392,30
34902,3.106603,22
34903,3.368767,30
34904,3.273486,30
34905,3.22157,30
34906,3.304177,30
34907,3.017619,30
34908,3.356167,30
34909,3.088531,14
34910,3.183605,30
34911,3.418359,30
34912,3.115531,30
34913,3.953186,29
34914,2.915678,15
34915,3.344476,30
34916,3.220252,30
34917,3.292877,30
34918,4.374086,16
34919,3.330011,30
34920,4.197986,18
34921,3.343004,30
34922,3.218704,30
34923,4.156737,26
34924,1.289103,30
34925,4.334852,18
34926,3.806233,20
34927,3.114288,30
34928,3.249127,30
34929,2.953111,15
34930,3.413673,30
34931,3.956145,25
34932,3.261848,30
34933,3.395697,30
34934,3.373762,30
34935,2.133844,30
34936,4.338264,19
34937,3.304264,30
34938,3.382943,30
34939,3.365032,30
34940,2.188609,30
34941,3.01033,16
34942,3.249601,30
34943,3.779823,30
34944,3.170294,30
34945,3.670872,24
34946,3.40225,30
34947,3.639901,25
34948,3.277865,30
34949,3.297245,30
34950,3.380866,30
34951,3.105966,17
34952,4.128862,15
34953,2.112782,30
34954,-0.512852,30
34955,3.33571,30
34956,4.20969,24
34957,4.199773,25
34958,3.256222,30
34959,1.241719,30
34960,3.202404,30
34961,4.073674,26
34962,3.651057,16
34963,3.98586,27
34964,2.881629,30
34965,3.267344,30
34966,2.482299,30
34967,3.619559,19
34968,4.221994,20
34969,3.241038,30
34970,0.582111,19
34971,3.323802,30
34972,4.278212,24
34973,3.255042,30
34974,1.180999,30
34975,3.353902,30
34976,4.365224,17
34977,3.841108,22
34978,1.395891,30
34979,4.247587,16
34980,4.281006,22
34981,4.184762,15
34982,3.95613,24
34983,3.354938,30
34984,3.976614,21
34985,4.133083,16
34986,3.449536,30
34987,1.886772,30
34988,3.369976,30
34989,3.334171,30
34990,4.330534,17
34991,3.43034,30
34992,3.188473,30
34993,3.332046,30
34994,1.180389,30
34995,3.881191,26
34996,3.359131,30
34997,3.402205,30
34998,3.222347,30
34999,4.216336,26
35000,1.550047,30
35001,3.081618,12
35002,3.089112,30
35003,3.156611,30
35004,1.906064,30
35005,3.387371,30
35006,3.307259,30
35007,2.741873,29
35008,3.36321,30
35009,2.735624,30
35010,1.984783,30
35011,4.23916,17
35012,2.339032,22
35013,3.123083,30
35014,4.23888,17
35015,3.390737,30
35016,4.178322,22
35017,3.339798,30
35018,4.066223,30
35019,3.389558,30
35020,3.348404,30
35021,3.093518,30
35022,4.364893,22
35023,0.990443,30
35024,4.258209,28
35025,3.35282,30
35026,2.235597,30
35027,3.269944,30
35028,3.394425,30
35029,3.979254,28
35030,3.324732,30
35031,3.181927,30
35032,3.113313,12
35033,1.296951,30
35034,4.094336,18
35035,3.286319,30
35036,3.367383,30
35037,4.118157,25
35038,1.320077,30
35039,3.399408,30
35040,3.215216,30
35041,3.362516,30
35042,2.197755,26
35043,1.351636,30
35044,0.803212,20
35045,3.353272,30
35046,4.216873,17
35047,3.073113,12
35048,2.914564,30
35049,3.365314,30
35050,1.270397,30
35051,3.613521,29
35052,2.996165,12
35053,4.090168,21
35054,4.283744,21
35055,3.011238,14
35056,-0.977237,30
35057,4.121764,18
35058,3.451295,30
35059,4.072978,27
35060,3.412499,30
35061,3.897253,22
35062,3.413165,30
35063,3.457777,30
35064,3.360865,30
35065,3.411018,30
35066,4.260419,22
35067,4.136297,20
35068,3.152724,30
35069,3.198885,28
35070,3.240239,30
35071,3.413366,30
35072,3.442253,30
35073,3.420733,30
35074,2.242804,23
35075,3.296568,30
35076,3.306822,30
35077,3.252422,30
35078,1.34679,30
35079,2.349949,14
35080,3.329833,30
35081,3.295402,30
35082,3.743114,18
35083,1.928833,30
35084,3.198307,30
35085,3.19642,30
35086,2.979173,30
35087,1.314314,30
35088,3.35504,30
35089,2.350209,22
35090,3.231201,30
35091,3.324792,30
35092,3.355171,30
35093,3.344053,30
35094,3.394887,30
35095,3.459862,30
35096,3.021182,30
35097,4.176507,28
35098,3.060182,30
35099,2.027993,20
35100,3.128109,24
35101,4.388852,25
35102,0.913989,13
35103,3.199445,30
35104,3.962619,27
35105,3.165306,30
35106,3.235364,30
35107,3.196335,30
35108,3.206159,30
35109,4.319639,19
35110,3.0862,30
35111,2.712478,14
35112,3.276416,30
35113,2.632043,30
35114,3.349073,30
35115,3.67055,18
35116,3.903106,28
35117,-0.049023,30
35118,2.056364,30
35119,3.863109,28
35120,3.654166,13
35121,3.226281,30
35122,3.430172,30
35123,3.325384,30
35124,3.788572,23
35125,3.345364,30
35126,3.357387,30
35127,3.356406,30
35128,3.936145,21
35129,3.248403,30
35130,3.304305,30
35131,3.3943,30
35132,3.858618,24
35133,3.257582,30
35134,3.126785,30
35135,1.7415,15
35136,3.76224,17
35137,1.545088,26
35138,4.270669,28
35139,3.355559,30
35140,3.292626,30
35141,2.0117,30
35142,4.323165,19
35143,1.527276,30
35144,4.23399,26
35145,3.960502,30
35146,1.622169,9
35147,3.410032,30
35148,3.26143,30
35149,3.266555,30
35150,3.964919,28
35151,1.123622,30
35152,3.098305,30
35153,3.04774,30
35154,3.998326,14
35155,3.506221,28
35156,3.262196,30
35157,3.450512,30
35158,3.124866,30
35159,3.927515,24
35160,4.094005,14
35161,2.182705,20
35162,3.869169,25
35163,1.274807,30
35164,2.985085,24
35165,3.080627,30
35166,3.350576,30
35167,-0.088989,18
35168,2.891163,27
35169,3.195111,30
35170,3.221517,30
35171,3.796636,29
35172,3.30801,30
35173,3.370471,30
35174,3.295965,30
35175,4.156007,21
35176,3.248091,30
35177,3.070064,30
35178,3.211749,30
35179,3.28704,30
35180,3.821984,18
35181,3.267177,30
35182,2.689731,30
35183,4.179673,16
35184,1.203549,30
35185,3.376996,30
35186,2.876449,26
35187,1.340044,30
35188,3.055462,30
35189,3.316868,30
35190,3.907678,18
35191,3.315072,30
35192,2.995766,30
35193,3.017302,30
35194,3.285212,30
35195,3.233763,30
35196,4.252986,14
35197,4.287138,18
35198,3.277423,30
35199,3.118129,30
35200,2.063524,30
35201,3.454176,30
35202,4.196037,27
35203,0.97133,13
35204,3.194896,30
35205,4.258802,23
35206,4.112337,14
35207,3.324491,30
35208,3.410064,30
35209,3.006372,12
35210,4.283462,16
35211,3.403403,30
35212,3.330586,30
35213,3.360011,30
35214,3.362375,30
35215,2.57242,30
35216,3.383595,30
35217,3.285189,30
35218,3.33713,30
35219,3.401739,30
35220,3.133655,30
35221,1.88858,30
35222,3.554726,13
35223,3.195539,30
35224,3.736946,27
35225,3.270393,30
35226,4.154905,25
35227,1.990438,30
35228,3.082585,15
35229,3.458931,14
35230,3.071237,30
35231,0.964825,19
35232,3.286024,30
35233,4.22416,26
35234,3.440677,30
35235,3.330883,30
35236,3.214774,30
35237,3.423031,30
35238,4.379855,18
35239,3.364395,30
35240,3.907847,17
35241,3.391899,30
35242,3.366159,30
35243,2.959804,30
35244,3.289453,30
35245,4.173091,26
35246,4.4194,20
35247,3.928677,27
35248,4.350075,18
35249,3.271271,30
35250,3.550566,15
35251,3.395439,30
35252,2.056547,30
35253,3.398892,30
35254,3.294478,30
35255,4.337054,27
35256,3.325196,30
35257,4.211639,21
35258,1.237092,30
35259,3.695509,26
35260,3.392385,30
35261,3.424288,30
35262,1.603799,30
35263,1.812432,27
35264,4.319431,19
35265,3.397407,30
35266,2.933936,23
35267,4.123899,19
35268,4.142015,15
35269,3.229607,30
35270,3.330211,30
35271,3.323443,30
35272,3.387626,30
35273,4.4146,19
35274,4.299825,21
35275,3.248183,30
35276,2.929447,14
35277,4.113299,19
35278,1.932501,30
35279,3.015626,14
35280,3.960549,29
35281,4.044578,29
35282,3.407799,30
35283,3.423889,30
35284,2.980057,25
35285,3.031906,30
35286,4.104579,28
35287,2.245322,24
35288,3.354829,30
35289,3.423922,30
35290,3.405008,30
35291,1.595547,13
35292,3.3592,30
35293,3.410189,30
35294,4.216558,15
35295,3.177812,30
35296,3.421699,30
35297,3.195191,30
35298,1.474699,15
35299,3.251778,30
35300,1.35638,30
35301,3.17112,30
35302,3.304353,30
35303,4.169028,20
35304,3.401159,30
35305,3.076313,21
35306,3.953379,12
35307,3.965491,26
35308,3.525682,23
35309,4.138471,16
35310,3.309194,30
35311,3.267397,30
35312,1.174473,12
35313,3.096715,30
35314,3.444241,19
35315,4.347258,26
35316,3.05468,30
35317,2.215311,22
35318,3.397296,30
35319,3.396771,30
35320,-0.698231,30
35321,3.267329,30
35322,3.231836,30
35323,2.755652,30
35324,3.034036,13
35325,4.238609,19
35326,1.309837,30
35327,3.291654,30
35328,1.948991,30
35329,3.404711,30
35330,3.381572,30
35331,4.218108,17
35332,4.148146,30
35333,3.256348,30
35334,3.063257,30
35335,3.090972,30
35336,4.382965,24
35337,3.37885,30
35338,0.772462,21
35339,3.276811,30
35340,3.358218,30
35341,3.424353,30
35342,4.123103,23
35343,3.971373,28
35344,3.300699,30
35345,3.36071,30
35346,3.164538,30
35347,3.302291,30
35348,3.053214,27
35349,2.077114,30
35350,3.155351,30
35351,3.435964,30
35352,0.739498,30
35353,3.236081,30
35354,4.387653,24
35355,3.36485,30
35356,1.737125,23
35357,2.981218,30
35358,3.302121,30
35359,2.741885,30
35360,4.015485,13
35361,2.916905,11
35362,3.150566,30
35363,3.22405,30
35364,2.906955,22
35365,3.347418,30
35366,3.427201,30
35367,4.264491,22
35368,3.403706,30
35369,3.041941,30
35370,3.449161,30
35371,3.081319,30
35372,4.295764,30
35373,0.844273,30
35374,3.255535,30
35375,3.032327,30
35376,3.260567,30
35377,4.009989,29
35378,2.969984,30
35379,3.076259,16
35380,3.951902,30
35381,3.29802,30
35382,4.204373,16
35383,4.251659,25
35384,3.125122,30
35385,3.930405,20
35386,3.689875,17
35387,4.096595,22
35388,4.246222,16
35389,4.198362,29
35390,1.853479,23
35391,1.656082,26
35392,2.9658,30
35393,3.024981,13
35394,4.192446,25
35395,3.281495,30
35396,4.132021,19
35397,4.304408,26
35398,1.856447,30
35399,4.296292,22
35400,4.10802,24
35401,3.283083,30
35402,4.050769,15
35403,2.391001,23
35404,3.168806,30
35405,2.483488,11
35406,3.744611,27
35407,3.437436,30
35408,3.210826,30
35409,3.358,30
35410,2.71928,30
35411,4.11295,17
35412,1.743623,28
35413,3.370857,30
35414,4.289632,23
35415,4.35779,25
35416,3.191901,30
35417,4.01129,25
35418,1.073907,30
35419,3.043302,30
35420,1.79821,29
35421,2.510192,30
35422,2.494645,20
35423,3.127511,30
35424,3.242621,30
35425,1.110984,30
35426,2.806608,30
35427,3.985174,22
35428,2.257854,17
35429,3.33584,30
35430,3.368331,30
35431,3.43902,30
35432,1.775082,30
35433,3.188227,30
35434,4.045263,23
35435,4.197781,22
35436,4.248425,21
35437,3.14681,30
35438,1.367031,30
35439,3.285949,30
35440,3.246589,30
35441,2.694868,30
35442,3.334285,30
35443,3.303077,30
35444,1.734717,30
35445,3.40875,30
35446,3.052792,11
35447,4.290836,18
35448,3.349184,30
35449,3.374563,30
35450,3.888676,18
35451,2.047031,30
35452,3.203946,30
35453,3.282226,30
35454,3.327559,30
35455,3.332177,30
35456,2.426688,16
35457,2.882393,30
35458,4.124795,21
35459,4.25395,23
35460,3.326816,30
35461,3.195251,30
35462,3.26098,30
35463,3.892274,18
35464,3.288217,30
35465,3.303439,30
35466,-0.576766,30
35467,4.296752,26
35468,3.277024,23
35469,1.525574,30
35470,3.433725,30
35471,3.417459,30
35472,3.148282,30
35473,3.094585,26
35474,2.641531,30
35475,1.711257,21
35476,4.277215,25
35477,2.986946,30
35478,3.376403,30
35479,3.242626,30
35480,2.37022,24
35481,3.222336,30
35482,2.883268,12
35483,3.127771,30
35484,3.205659,30
35485,4.364836,19
35486,3.277066,30
35487,3.182173,30
35488,4.204509,23
35489,1.265017,30
35490,1.465991,30
35491,3.3366,30
35492,3.348445,30
35493,3.385689,30
35494,3.164528,30
35495,3.355745,30
35496,1.282692,30
35497,3.237578,30
35498,4.156558,30
35499,3.69796,23
35500,2.726761,30
35501,3.407436,30
35502,3.328419,30
35503,3.080344,17
35504,3.344696,30
35505,3.380201,30
35506,3.302892,30
35507,3.058547,30
35508,3.230471,30
35509,4.134347,20
35510,2.790468,30
35511,4.034884,28
35512,3.293838,30
35513,2.181213,24
35514,4.125243,24
35515,3.00534,14
35516,2.371179,26
35517,3.232658,30
35518,4.122331,27
35519,2.132001,29
35520,1.393564,30
35521,3.276461,30
35522,4.023708,30
35523,3.282671,30
35524,3.387703,30
35525,3.219512,30
35526,3.316963,30
35527,3.138657,30
35528,3.171594,30
35529,3.170414,30
35530,1.109327,30
35531,3.394091,30
35532,4.123545,15
35533,4.415611,24
35534,2.942049,14
35535,3.462658,30
35536,3.220992,30
35537,4.307675,23
35538,4.105687,25
35539,2.154311,30
35540,2.993544,13
35541,3.193133,30
35542,3.313128,30
35543,4.358604,19
35544,3.20815,30
35545,3.339072,30
35546,4.266354,23
35547,1.234621,30
35548,3.546697,20
35549,3.210186,30
35550,2.676978,30
35551,3.225931,30
35552,3.527958,19
35553,3.975504,14
35554,3.397862,30
35555,3.259518,30
35556,3.25568,30
35557,3.768784,29
35558,2.591534,30
35559,-0.581055,30
35560,3.158891,30
35561,3.384259,30
35562,3.015692,19
35563,4.125462,27
35564,4.246096,27
35565,3.222402,30
35566,2.324938,30
35567,3.449245,30
35568,3.374488,30
35569,4.056101,19
35570,2.766414,14
35571,3.411764,30
35572,4.267044,30
35573,3.302313,30
35574,3.317749,30
35575,3.432688,30
35576,4.103549,30
35577,3.149317,30
35578,0.274195,30
35579,2.835284,11
35580,4.206057,22
35581,3.214327,30
35582,2.347807,28
35583,4.402412,26
35584,3.675474,17
35585,3.215882,30
35586,3.149428,30
35587,3.543757,23
35588,3.346445,14
35589,3.252155,30
35590,1.9689,30
35591,2.73492,13
35592,1.791446,30
35593,2.014431,30
35594,3.566303,23
35595,3.261631,30
35596,3.319194,30
35597,4.197751,13
35598,4.125858,22
35599,3.195239,30
35600,3.315881,30
35601,3.167363,30
35602,3.389756,30
35603,3.885402,28
35604,4.069572,25
35605,4.124731,26
35606,3.370682,30
35607,2.849129,16
35608,2.902073,20
35609,2.830585,30
35610,3.322869,30
35611,2.666523,30
35612,3.390159,30
35613,2.339106,21
35614,3.292246,30
35615,1.33737,30
35616,3.693751,29
35617,4.164521,23
35618,1.901839,30
35619,2.039332,30
35620,3.93794,29
35621,4.124798,29
35622,3.19532,30
35623,3.395374,30
35624,4.033177,25
35625,1.088025,18
35626,3.393407,30
35627,3.762245,27
35628,3.501548,17
35629,3.236517,30
35630,3.254956,30
35631,3.723343,21
35632,4.206396,19
35633,3.243187,30
35634,4.395532,22
35635,2.068856,30
35636,3.103975,30
35637,3.290481,30
35638,3.303861,30
35639,3.035852,30
35640,1.305855,30
35641,4.14755,28
35642,1.270766,30
35643,3.054471,30
35644,4.360402,22
35645,4.216374,19
35646,4.152984,30
35647,4.242122,29
35648,3.380683,30
35649,4.324461,27
35650,4.070836,17
35651,2.945509,30
35652,4.206158,19
35653,3.129142,30
35654,3.29141,30
35655,3.329376,30
35656,2.012744,30
35657,3.261521,30
35658,4.233013,22
35659,1.400015,30
35660,3.111109,30
35661,3.297233,30
35662,4.372814,18
35663,3.17125,30
35664,1.324773,30
35665,3.035182,14
35666,3.018329,30
35667,2.674373,30
35668,3.223526,30
35669,2.139181,26
35670,3.34341,30
35671,3.284352,30
35672,3.258819,30
35673,2.324907,30
35674,3.331174,30
35675,3.794774,29
35676,3.566549,15
35677,2.207296,30
35678,4.444745,20
35679,4.193951,14
35680,4.274322,20
35681,1.24309,30
35682,1.389499,30
35683,3.348445,30
35684,3.24472,30
35685,3.204839,30
35686,3.375919,30
35687,3.381613,30
35688,3.143697,30
35689,3.392972,30
35690,3.240194,30
35691,4.05483,29
35692,3.394752,30
35693,4.263994,15
35694,4.194298,28
35695,4.255568,14
35696,3.260902,30
35697,4.109552,13
35698,3.001829,30
35699,3.117131,30
35700,3.250207,30
35701,3.409061,30
35702,4.123035,21
35703,1.624604,30
35704,1.400694,30
35705,4.374875,26
35706,3.388176,30
35707,4.145887,21
35708,3.262745,30
35709,1.273542,30
35710,1.195724,30
35711,3.344259,30
35712,2.107015,30
35713,3.25246,30
35714,4.158595,25
35715,3.181369,30
35716,3.343577,30
35717,3.378875,30
35718,3.317412,30
35719,4.263603,26
35720,4.284038,16
35721,4.168035,21
35722,3.36148,30
35723,3.026209,16
35724,1.288541,30
35725,3.189964,30
35726,3.272093,30
35727,4.284545,18
35728,4.229526,18
35729,3.323394,30
35730,3.251056,30
35731,3.306591,30
35732,4.169344,26
35733,0.563504,30
35734,4.039405,16
35735,3.189146,30
35736,1.345063,30
35737,3.24192,30
35738,3.985824,20
35739,4.229856,15
35740,4.112037,29
35741,3.324879,30
35742,4.031095,14
35743,2.85834,25
35744,3.086165,30
35745,2.590314,29
35746,3.236409,30
35747,4.041727,24
35748,2.977123,17
35749,4.165032,23
35750,3.020999,16
35751,4.077718,17
35752,3.252558,30
35753,3.809327,21
35754,3.338517,30
35755,3.228453,30
35756,3.351903,30
35757,4.411978,18
35758,3.258366,30
35759,4.041966,26
35760,3.345676,30
35761,3.396318,30
35762,3.176141,30
35763,-0.63693,30
35764,3.213442,30
35765,3.009298,14
35766,4.013765,30
35767,3.256433,30
35768,2.962656,30
35769,3.196811,30
35770,4.16155,28
35771,2.075684,30
35772,3.125461,30
35773,3.235542,30
35774,3.245027,30
35775,2.828576,11
35776,4.115571,22
35777,3.148785,30
35778,3.316075,30
35779,-0.96963,30
35780,3.342342,30
35781,1.331667,30
35782,3.018497,30
35783,3.428674,30
35784,3.438649,30
35785,4.219754,14
35786,3.241672,30
35787,3.319668,30
35788,3.349929,30
35789,4.188638,20
35790,3.673309,30
35791,4.239852,28
35792,2.149856,27
35793,4.356449,26
35794,3.27342,30
35795,4.399975,24
35796,2.560692,30
35797,3.121543,30
35798,2.80462,20
35799,4.120307,21
35800,2.329222,30
35801,3.261989,30
35802,3.0394,30
35803,4.214,25
35804,3.221244,30
35805,3.002909,30
35806,3.922716,14
35807,3.385119,30
35808,4.234511,22
35809,3.226678,30
35810,2.716137,10
35811,4.111684,24
35812,3.233917,30
35813,3.154606,30
35814,3.346015,30
35815,3.305552,30
35816,2.951986,12
35817,1.964205,30
35818,3.079712,30
35819,3.296217,30
35820,3.940562,28
35821,3.309067,30
35822,3.220016,30
35823,3.36744,30
35824,2.205257,28
35825,2.982095,15
35826,3.967514,17
35827,1.942745,29
35828,4.277954,15
35829,3.655859,16
35830,3.245513,30
35831,3.771914,29
35832,-0.730252,30
35833,3.399582,30
35834,4.147826,16
35835,3.712724,14
35836,4.053891,14
35837,3.22224,30
35838,3.87744,16
35839,4.30927,24
35840,3.205128,30
35841,4.221373,26
35842,3.050496,30
35843,3.241461,30
35844,3.239948,30
35845,1.389691,30
35846,3.069473,30
35847,3.709683,22
35848,2.373581,25
35849,4.18679,26
35850,3.529931,16
35851,3.365792,30
35852,3.075148,15
35853,3.365647,30
35854,1.288226,30
35855,3.2312,30
35856,3.316839,30
35857,3.394413,30
35858,2.358874,27
35859,3.295629,30
35860,3.160864,30
35861,3.396948,30
35862,4.194925,29
35863,3.35611,30
35864,3.611759,20
35865,3.330482,30
35866,3.991381,17
35867,3.335865,30
35868,3.227612,30
35869,4.200519,17
35870,-0.081401,30
35871,4.310327,18
35872,3.316062,30
35873,3.326015,30
35874,2.969913,13
35875,3.325861,30
35876,3.072924,30
35877,1.339313,30
35878,4.078829,27
35879,3.28456,30
35880,3.166139,30
35881,3.408172,19
35882,3.141287,12
35883,3.373849,30
35884,2.960236,30
35885,4.119231,22
35886,4.301309,23
35887,3.303255,30
35888,3.311198,30
35889,2.689772,25
35890,4.313849,16
35891,4.012685,23
35892,3.350147,30
35893,3.386372,30
35894,3.910706,15
35895,3.246189,30
35896,3.752527,25
35897,4.067655,17
35898,3.119528,30
35899,3.251161,30
35900,2.967962,30
35901,3.264071,30
35902,1.344743,26
35903,3.134729,30
35904,3.225448,30
35905,2.686218,16
35906,3.355295,30
35907,2.821986,20
35908,3.136438,30
35909,3.431477,30
35910,3.415757,18
35911,1.173092,30
35912,3.331839,30
35913,3.111507,30
35914,3.247558,30
35915,4.179387,22
35916,2.028935,25
35917,2.858371,30
35918,1.124341,30
35919,2.047709,30
35920,3.208968,30
35921,3.455682,30
35922,3.1035,30
35923,3.279308,30
35924,2.837766,30
35925,1.977431,30
35926,4.194589,17
35927,2.097011,29
35928,3.366295,30
35929,3.209149,30
35930,4.265956,18
35931,3.955882,14
35932,3.275726,30
35933,3.193156,30
35934,4.365572,22
35935,3.17053,30
35936,3.103103,30
35937,4.187672,22
35938,3.325889,30
35939,3.977122,30
35940,3.23198,30
35941,3.364386,30
35942,3.097804,30
35943,2.155331,14
35944,4.098046,29
35945,3.138439,30
35946,3.0899,12
35947,4.378318,25
35948,4.213018,22
35949,3.133956,30
35950,3.032618,30
35951,4.270863,29
35952,3.977083,22
35953,3.160632,30
35954,2.976311,22
35955,3.091914,30
35956,3.911723,22
35957,2.999223,30
35958,1.122053,30
35959,3.050363,30
35960,3.370841,30
35961,4.262645,29
35962,3.249816,30
35963,0.915334,30
35964,2.647332,30
35965,1.182146,30
35966,3.120505,30
35967,4.21977,15
35968,1.012499,22
35969,3.147668,30
35970,4.308807,23
35971,1.75684,30
35972,2.984703,11
35973,3.191997,30
35974,4.217472,26
35975,2.904831,21
35976,4.163889,28
35977,4.159895,21
35978,4.081031,20
35979,3.134485,30
35980,4.259884,29
35981,3.552579,17
35982,3.120964,30
35983,4.378603,25
35984,3.296388,30
35985,4.256379,18
35986,-0.885512,30
35987,4.026901,24
35988,4.132759,28
35989,2.620886,30
35990,3.128512,30
35991,4.169302,28
35992,3.258006,30
35993,2.27078,23
35994,4.320743,26
35995,4.135408,20
35996,3.365042,30
35997,4.365705,17
35998,4.040439,14
35999,3.536046,13
36000,4.180305,22
36001,1.937278,26
36002,2.881455,17
36003,1.148107,13
36004,3.138408,30
36005,3.41905,30
36006,3.149495,30
36007,3.933182,27
36008,3.071265,15
36009,3.46918,21
36010,4.09936,20
36011,4.215199,17
36012,4.178211,15
36013,3.237534,30
36014,3.035215,30
36015,2.940215,30
36016,3.532516,15
36017,3.362147,30
36018,4.383269,25
36019,1.152465,30
36020,3.354407,30
36021,3.158865,30
36022,2.416083,30
36023,3.929017,23
36024,3.638775,18
36025,3.817232,19
36026,3.410026,30
36027,3.214455,30
36028,2.801607,30
36029,1.974325,30
36030,3.324284,30
36031,3.384127,30
36032,1.139656,30
36033,4.261281,22
36034,3.401935,30
36035,3.366983,30
36036,3.251884,30
36037,2.922231,18
36038,3.046899,30
36039,4.06453,20
36040,1.284768,30
36041,4.291385,21
36042,3.230513,30
36043,3.978848,30
36044,3.38358,30
36045,3.897475,29
36046,-0.752322,30
36047,4.208345,19
36048,1.328033,30
36049,1.367652,30
36050,4.072763,15
36051,4.215731,30
36052,2.756843,30
36053,3.259453,30
36054,3.053144,30
36055,1.065401,30
36056,3.394085,30
36057,3.398428,30
36058,3.506176,15
36059,3.2642,30
36060,3.147836,30
36061,2.960706,30
36062,2.14763,14
36063,3.886034,22
36064,3.200677,30
36065,3.890819,24
36066,4.300945,19
36067,2.927768,16
36068,3.119997,30
36069,3.242548,30
36070,1.873186,30
36071,1.73426,17
36072,3.341891,30
36073,4.278005,21
36074,3.293272,30
36075,3.357624,30
36076,2.803025,22
36077,1.386687,30
36078,3.335279,30
36079,2.217295,16
36080,4.295421,18
36081,4.341292,23
36082,3.256762,30
36083,1.278363,30
36084,2.144011,30
36085,3.282421,30
36086,3.049862,28
36087,2.988756,30
36088,3.951799,17
36089,2.747007,30
36090,1.668194,30
36091,4.266228,20
36092,3.102971,30
36093,2.895244,19
36094,4.35371,24
36095,2.867485,19
36096,3.927992,21
36097,3.349563,30
36098,2.830271,29
36099,1.208763,30
36100,2.090591,30
36101,4.306562,18
36102,3.408129,30
36103,3.289385,30
36104,2.879027,30
36105,3.389786,30
36106,1.720338,12
36107,3.078103,30
36108,4.085981,27
36109,3.309587,30
36110,4.243828,30
36111,3.233832,30
36112,1.207965,30
36113,0.033876,30
36114,2.933762,30
36115,1.188938,30
36116,3.034127,16
36117,3.167826,30
36118,-0.398242,30
36119,3.310402,30
36120,4.212228,15
36121,3.403807,30
36122,1.268459,30
36123,4.221636,21
36124,3.231266,30
36125,4.260618,26
36126,1.797467,17
36127,3.297965,30
36128,2.923204,16
36129,4.014022,26
36130,3.393025,30
36131,0.979531,30
36132,3.279037,30
36133,3.997512,17
36134,3.260451,30
36135,3.380281,30
36136,3.399752,30
36137,3.761227,26
36138,4.047835,20
36139,3.23208,30
36140,1.693297,30
36141,4.259731,23
36142,3.407809,30
36143,3.293587,30
36144,3.244235,30
36145,3.401678,30
36146,3.415667,30
36147,4.082462,19
36148,3.68595,27
36149,3.176516,30
36150,-10.14372,30
36151,4.265248,30
36152,4.285268,30
36153,3.202483,30
36154,1.851942,30
36155,4.164754,30
36156,2.303454,30
36157,2.387874,30
36158,2.031627,30
36159,3.333655,30
36160,2.953353,13
36161,1.621651,30
36162,0.332956,30
36163,2.839279,26
36164,3.140697,30
36165,4.029016,22
36166,3.092531,30
36167,1.012066,18
36168,3.294891,30
36169,3.348016,30
36170,3.159972,30
36171,3.860651,19
36172,3.459708,13
36173,3.936373,26
36174,4.009358,27
36175,3.071292,12
36176,3.225159,30
36177,3.312928,30
36178,3.186298,30
36179,3.397371,30
36180,3.280484,30
36181,1.319866,30
36182,3.172202,30
36183,3.256622,30
36184,4.267464,25
36185,1.510495,21
36186,3.395871,30
36187,4.419187,25
36188,1.416259,30
36189,2.271806,17
36190,3.298151,30
36191,3.33498,30
36192,3.153252,30
36193,1.40496,30
36194,3.992949,18
36195,3.7258,23
36196,1.951878,30
36197,1.26957,30
36198,4.355698,26
36199,-0.84622,22
36200,3.356163,30
36201,4.060958,22
36202,3.443911,30
36203,3.254486,30
36204,4.188685,18
36205,4.317967,24
36206,1.352662,30
36207,3.191511,30
36208,3.750114,16
36209,3.983289,28
36210,2.971182,21
36211,4.013357,22
36212,3.437558,30
36213,3.322866,30
36214,3.272071,30
36215,3.396189,30
36216,3.08616,30
36217,3.407275,30
36218,4.029501,16
36219,3.19149,30
36220,4.099632,30
36221,4.454412,28
36222,3.401721,30
36223,4.431056,19
36224,2.092035,30
36225,3.376484,30
36226,3.278997,30
36227,3.095891,17
36228,3.269823,30
36229,3.409888,30
36230,3.366705,30
36231,3.194682,30
36232,3.399913,30
36233,3.357861,30
36234,4.012712,17
36235,3.365945,30
36236,4.411,21
36237,3.413665,30
36238,3.371969,30
36239,2.709117,30
36240,4.327288,24
36241,2.558325,29
36242,3.188359,30
36243,3.390911,30
36244,3.35154,30
36245,3.354218,30
36246,3.114966,18
36247,3.524086,20
36248,3.598107,19
36249,3.152963,30
36250,4.113042,17
36251,3.367146,30
36252,3.104869,15
36253,4.176131,27
36254,3.228974,30
36255,4.240683,26
36256,4.160512,27
36257,3.873712,18
36258,4.237001,17
36259,3.415822,30
36260,3.351222,30
36261,3.195351,30
36262,4.174691,27
36263,3.361424,30
36264,3.513114,14
36265,3.256296,30
36266,2.169272,30
36267,3.313046,30
36268,4.01462,18
36269,3.393469,30
36270,-0.603201,30
36271,3.407312,30
36272,1.630595,21
36273,2.934902,30
36274,2.989496,15
36275,3.337028,30
36276,4.331251,29
36277,3.406487,30
36278,1.366316,30
36279,3.823164,30
36280,3.331206,30
36281,3.060041,30
36282,4.32965,16
36283,3.168385,30
36284,2.846687,13
36285,3.148026,30
36286,2.351327,30
36287,2.850115,14
36288,2.386301,30
36289,3.367317,30
36290,3.360809,30
36291,3.404179,30
36292,3.206862,30
36293,2.338715,30
36294,3.321089,30
36295,3.332437,30
36296,1.116222,30
36297,4.353257,24
36298,2.093136,30
36299,3.250519,30
36300,3.138782,30
36301,3.406129,30
36302,3.388406,30
36303,4.04139,25
36304,3.180801,30
36305,3.321008,30
36306,3.284853,30
36307,4.360959,23
36308,3.267336,30
36309,-0.034701,30
36310,4.224193,20
36311,4.320896,17
36312,4.397026,27
36313,3.205869,30
36314,1.977586,30
36315,3.201629,30
36316,2.425221,30
36317,4.327995,24
36318,4.248171,26
36319,4.285144,18
36320,3.243616,30
36321,3.088409,18
36322,3.306258,30
36323,3.063761,30
36324,2.96016,21
36325,3.399609,30
36326,3.058576,16
36327,3.415784,30
36328,3.249528,30
36329,3.276829,30
36330,2.973344,13
36331,4.15653,17
36332,3.570796,25
36333,4.119776,27
36334,1.950692,30
36335,3.359356,30
36336,3.396652,30
36337,3.409964,30
36338,3.189914,30
36339,2.259477,18
36340,3.222141,30
36341,4.140249,15
36342,3.293172,30
36343,4.068236,30
36344,3.401654,30
36345,4.045246,19
36346,2.947796,11
36347,3.104646,30
36348,1.235754,30
36349,3.338348,30
36350,3.338465,30
36351,3.205269,30
36352,4.369077,25
36353,4.021506,25
36354,3.272879,30
36355,3.12521,30
36356,2.530424,30
36357,3.037779,17
36358,3.174882,30
36359,3.07207,21
36360,4.14873,12
36361,4.156269,23
36362,4.248666,25
36363,3.301755,30
36364,4.267999,17
36365,3.087111,21
36366,3.243773,30
36367,4.258104,19
36368,4.301431,26
36369,3.220143,30
36370,3.430113,30
36371,2.8802,19
36372,1.606358,30
36373,3.288084,30
36374,4.145679,30
36375,4.163662,28
36376,3.281963,30
36377,3.288502,30
36378,3.142505,30
36379,2.899115,30
36380,1.353952,30
36381,4.083459,27
36382,3.313133,30
36383,4.350187,15
36384,3.405601,30
36385,3.989242,24
36386,1.257906,30
36387,1.284554,30
36388,3.361845,30
36389,2.89822,15
36390,4.129666,26
36391,4.182901,22
36392,3.212671,30
36393,4.073255,14
36394,2.838064,30
36395,4.323866,21
36396,3.635589,29
36397,4.204995,26
36398,1.351384,30
36399,3.428411,30
36400,4.006933,22
36401,3.15636,30
36402,2.353598,18
36403,3.253738,30
36404,3.376955,30
36405,3.332858,30
36406,3.07934,30
36407,1.010384,30
36408,3.220487,30
36409,4.06236,15
36410,4.259958,28
36411,4.380697,18
36412,-0.39884,30
36413,4.260712,17
36414,1.389905,30
36415,3.419608,30
36416,3.433482,30
36417,4.242402,29
36418,3.916168,24
36419,4.398702,17
36420,3.735073,29
36421,3.402854,30
36422,2.036334,30
36423,3.06741,30
36424,3.39948,30
36425,3.228535,30
36426,3.193061,30
36427,3.343138,30
36428,1.075373,30
36429,3.322227,30
36430,1.979791,30
36431,4.100293,18
36432,0.334279,13
36433,3.024845,30
36434,3.127799,30
36435,2.9764,23
36436,4.213525,24
36437,3.195282,30
36438,1.941527,19
36439,2.901883,13
36440,2.821451,30
36441,2.878738,17
36442,3.162835,30
36443,2.199414,24
36444,4.276928,14
36445,3.415975,30
36446,1.362384,30
36447,3.364747,30
36448,3.398909,30
36449,1.393604,30
36450,3.261924,30
36451,3.974742,20
36452,2.471756,30
36453,3.30462,30
36454,3.391078,30
36455,2.894788,30
36456,3.967782,26
36457,3.940337,15
36458,1.93133,30
36459,3.369173,30
36460,3.399605,30
36461,3.228715,30
36462,1.328153,30
36463,3.459623,30
36464,3.255936,30
36465,2.933712,21
36466,3.009098,18
36467,3.171929,30
36468,4.313726,27
36469,3.196603,30
36470,1.319603,30
36471,1.020124,17
36472,2.270975,30
36473,4.221855,30
36474,3.301098,30
36475,3.14703,21
36476,3.318982,30
36477,3.404075,30
36478,4.210124,15
36479,4.27236,25
36480,4.049521,28
36481,3.197522,30
36482,3.425664,30
36483,3.290597,30
36484,3.073686,15
36485,3.335578,30
36486,3.292506,30
36487,3.24066,30
36488,3.027463,30
36489,1.852239,30
36490,3.633251,18
36491,3.068722,21
36492,1.826161,30
36493,-1.54475,30
36494,3.225665,30
36495,3.355317,30
36496,4.214681,20
36497,4.210063,19
36498,1.452969,30
36499,3.237086,30
36500,3.193408,30
36501,3.097218,30
36502,3.428229,30
36503,1.426186,30
36504,1.470751,30
36505,3.329935,30
36506,4.348055,17
36507,3.198555,30
36508,3.261349,30
36509,3.418671,30
36510,3.198896,30
36511,4.147818,28
36512,4.136981,21
36513,4.243304,15
36514,4.114744,19
36515,3.175847,30
36516,2.986591,15
36517,1.3567,30
36518,1.366893,30
36519,4.144535,19
36520,3.012938,15
36521,2.217707,23
36522,2.772106,30
36523,3.358647,30
36524,3.039672,14
36525,3.270351,30
36526,4.20808,18
36527,4.141514,20
36528,3.254784,30
36529,4.3048,17
36530,4.220294,18
36531,3.172878,30
36532,3.404891,30
36533,1.916169,30
36534,1.404247,30
36535,3.371332,30
36536,3.387912,30
36537,3.398715,30
36538,3.022472,30
36539,1.42188,30
36540,3.312947,30
36541,3.746031,18
36542,3.214864,30
36543,3.219045,30
36544,1.21136,30
36545,3.569135,19
36546,2.795599,13
36547,2.968191,18
36548,4.288022,23
36549,3.389061,30
36550,1.262838,30
36551,4.054813,29
36552,4.009372,20
36553,1.434686,30
36554,3.015299,30
36555,4.320479,18
36556,3.341592,30
36557,3.413754,30
36558,3.354926,30
36559,2.849104,19
36560,-1.221861,30
36561,4.224743,20
36562,3.959119,26
36563,3.271166,30
36564,3.893166,18
36565,3.379145,30
36566,3.039635,30
36567,3.749941,30
36568,4.279631,26
36569,3.341712,30
36570,1.966202,30
36571,3.400528,30
36572,3.882121,25
36573,3.438778,30
36574,2.964547,30
36575,3.909578,24
36576,3.926873,28
36577,3.8886,30
36578,3.242002,30
36579,3.125402,27
36580,2.146582,22
36581,3.369612,30
36582,2.769914,13
36583,4.148182,21
36584,3.418757,30
36585,3.38049,30
36586,4.138153,25
36587,1.416414,30
36588,3.058642,30
36589,3.377406,30
36590,4.34893,29
36591,4.235914,21
36592,3.019458,18
36593,4.153324,20
36594,3.31747,30
36595,1.162503,30
36596,3.314899,30
36597,3.321813,30
36598,3.281977,30
36599,3.618126,15
36600,3.676832,14
36601,3.031659,20
36602,4.356635,28
36603,3.298322,30
36604,3.346289,30
36605,4.148379,21
36606,3.305904,30
36607,3.981482,27
36608,3.371713,30
36609,4.39416,18
36610,3.422772,30
36611,2.357922,21
36612,3.053296,13
36613,3.211124,30
36614,3.282539,30
36615,3.737108,20
36616,3.357309,30
36617,3.236769,30
36618,3.051322,21
36619,3.320534,30
36620,3.254387,30
36621,3.79471,30
36622,2.868622,12
36623,2.791213,30
36624,2.210781,30
36625,3.228948,30
36626,4.343435,23
36627,3.412596,30
36628,3.373508,30
36629,3.27969,30
36630,3.342732,30
36631,4.254989,20
36632,4.224763,25
36633,3.187897,30
36634,3.373584,30
36635,3.325792,30
36636,1.32046,30
36637,3.286724,30
36638,-0.836001,18
36639,3.3027,30
36640,3.280746,30
36641,2.360002,17
36642,3.309394,30
36643,3.320149,30
36644,2.802346,15
36645,3.115529,30
36646,3.72964,21
36647,3.880766,30
36648,3.250894,30
36649,4.369667,17
36650,3.348317,30
36651,4.10571,28
36652,3.24334,30
36653,3.403579,30
36654,3.370798,30
36655,3.112963,30
36656,3.395446,30
36657,3.357477,30
36658,3.355211,30
36659,4.119178,15
36660,3.307807,30
36661,3.362725,30
36662,3.247529,30
36663,2.091681,30
36664,3.406686,30
36665,3.352159,30
36666,1.098369,30
36667,4.406473,24
36668,3.420735,30
36669,4.167445,17
36670,3.109734,24
36671,3.039607,14
36672,3.313886,30
36673,1.665829,19
36674,2.229469,29
36675,3.305802,30
36676,4.382434,21
36677,3.156088,30
36678,4.167726,18
36679,2.236641,28
36680,3.226075,30
36681,3.350885,30
36682,3.392561,30
36683,3.287314,30
36684,4.283284,23
36685,2.969042,30
36686,3.281496,30
36687,3.374694,30
36688,3.278223,30
36689,4.110397,29
36690,3.057594,30
36691,3.364383,30
36692,3.076672,30
36693,3.376504,30
36694,2.937654,20
36695,2.358197,17
36696,3.284945,30
36697,3.278912,30
36698,2.812536,30
36699,3.207704,30
36700,1.999222,30
36701,2.449271,30
36702,3.228004,30
36703,3.317106,30
36704,3.283454,30
36705,3.069016,18
36706,4.210276,21
36707,3.375142,30
36708,1.408713,30
36709,4.112717,26
36710,3.984736,19
36711,-1.639213,21
36712,-0.270375,7
36713,3.435799,30
36714,3.637121,23
36715,3.134349,30
36716,2.123591,24
36717,3.402995,30
36718,3.014928,30
36719,4.292207,27
36720,3.363524,30
36721,3.16325,30
36722,4.170021,19
36723,3.30729,30
36724,3.948085,13
36725,3.27813,30
36726,0.752273,30
36727,3.651176,15
36728,1.864935,30
36729,3.209345,30
36730,2.043679,30
36731,2.171686,30
36732,3.30367,30
36733,3.263862,30
36734,3.250025,30
36735,2.240584,25
36736,4.117324,22
36737,4.085904,30
36738,3.206341,30
36739,2.096713,10
36740,2.077189,29
36741,2.73948,13
36742,4.228863,19
36743,4.310258,23
36744,2.256162,23
36745,3.398155,30
36746,3.147352,30
36747,4.264813,25
36748,3.721755,26
36749,1.399136,30
36750,4.256592,17
36751,3.193035,30
36752,3.273506,30
36753,3.03095,30
36754,3.154604,30
36755,3.406335,30
36756,3.401983,30
36757,3.406344,30
36758,3.289136,30
36759,4.322005,24
36760,3.311484,30
36761,3.373383,30
36762,3.280298,30
36763,3.38528,30
36764,3.321359,30
36765,3.336425,30
36766,4.171466,18
36767,3.256856,30
36768,3.35385,30
36769,-3.300033,30
36770,3.21685,30
36771,3.218386,30
36772,3.369113,30
36773,4.270772,17
36774,4.016013,29
36775,3.952403,27
36776,4.082631,25
36777,3.330389,30
36778,3.018478,30
36779,3.36494,30
36780,3.332216,30
36781,3.261779,30
36782,3.266648,30
36783,3.395344,30
36784,3.387986,30
36785,2.965888,30
36786,3.036809,30
36787,3.236872,30
36788,3.398252,30
36789,3.388508,30
36790,3.369139,30
36791,3.273576,30
36792,3.311515,30
36793,1.719524,11
36794,1.30752,30
36795,4.107497,20
36796,3.06289,30
36797,1.208004,30
36798,3.232273,30
36799,3.38258,30
36800,3.387234,30
36801,3.038864,30
36802,3.433003,30
36803,3.376387,30
36804,3.19482,30
36805,3.71582,23
36806,3.333125,30
36807,3.095942,30
36808,3.361385,30
36809,4.135927,12
36810,3.825817,28
36811,4.256333,21
36812,4.24667,27
36813,1.741177,30
36814,4.240238,23
36815,3.171511,30
36816,3.217723,30
36817,3.329338,30
36818,3.278065,26
36819,4.047178,14
36820,2.294586,27
36821,3.100271,30
36822,3.187812,30
36823,3.084779,15
36824,3.20902,30
36825,3.086258,30
36826,3.664335,13
36827,2.942657,30
36828,4.313823,21
36829,3.28718,30
36830,2.913211,30
36831,4.144355,17
36832,3.371946,30
36833,3.324555,30
36834,4.277103,30
36835,3.334916,30
36836,3.326414,30
36837,3.192008,30
36838,4.22349,14
36839,3.327372,30
36840,4.135027,29
36841,3.382111,30
36842,3.955113,27
36843,4.219853,19
36844,3.181264,30
36845,3.070383,30
36846,3.239097,30
36847,1.329777,10
36848,3.32084,30
36849,3.32316,30
36850,1.39373,30
36851,3.113713,30
36852,3.249242,30
36853,4.173336,24
36854,3.735166,28
36855,3.383911,30
36856,1.379419,30
36857,4.261525,19
36858,3.291826,30
36859,3.238178,30
36860,3.333334,30
36861,4.16594,24
36862,2.082758,28
36863,2.743149,10
36864,4.215942,16
36865,3.226994,30
36866,4.129113,20
36867,3.063752,12
36868,4.152056,26
36869,3.338951,30
36870,4.174671,18
36871,3.417242,30
36872,4.132364,25
36873,3.421159,30
36874,1.300277,30
36875,3.027808,26
36876,2.900997,29
36877,3.379511,30
36878,1.949581,30
36879,0.148172,30
36880,1.301247,30
36881,4.198763,25
36882,4.264892,15
36883,4.373052,17
36884,3.401665,30
36885,3.036025,30
36886,3.009416,22
36887,3.157154,30
36888,-0.717949,30
36889,4.11566,28
36890,3.670558,24
36891,4.285016,23
36892,3.384802,30
36893,3.410067,30
36894,3.088102,18
36895,3.142257,30
36896,3.06315,17
36897,3.167316,30
36898,3.186154,30
36899,4.355328,24
36900,2.386826,23
36901,2.629906,30
36902,3.2766,30
36903,3.404697,30
36904,3.343608,30
36905,3.376385,30
36906,4.210034,25
36907,4.255682,25
36908,3.057555,11
36909,2.86821,10
36910,3.268394,30
36911,4.330595,23
36912,2.654203,10
36913,1.738828,15
36914,3.266246,30
36915,2.079332,22
36916,3.440055,30
36917,3.142873,30
36918,3.879066,18
36919,1.378656,30
36920,3.345375,30
36921,3.241632,30
36922,3.328722,30
36923,3.326963,30
36924,3.413657,30
36925,3.1067,30
36926,1.4048,30
36927,3.44857,16
36928,4.0778,15
36929,3.429233,30
36930,3.353699,30
36931,3.354819,30
36932,3.430653,30
36933,3.04815,30
36934,3.414059,30
36935,4.367824,17
36936,3.917162,23
36937,3.656725,21
36938,2.595225,30
36939,3.297602,30
36940,3.169778,30
36941,4.060561,14
36942,3.114788,30
36943,3.380113,30
36944,4.104371,29
36945,3.391274,30
36946,3.521662,27
36947,0.015938,30
36948,1.881193,13
36949,3.138483,30
36950,3.87596,14
36951,4.000831,29
36952,1.222759,30
36953,3.369171,30
36954,2.975481,17
36955,3.266927,30
36956,3.208211,30
36957,2.826677,13
36958,3.396458,30
36959,4.132243,30
36960,3.047043,30
36961,4.242324,26
36962,3.299525,30
36963,1.200599,30
36964,4.253704,26
36965,3.128315,30
36966,3.058698,30
36967,3.201226,30
36968,2.681004,30
36969,4.27315,15
36970,3.357989,30
36971,3.060828,23
36972,4.074,20
36973,3.571339,24
36974,3.12366,30
36975,4.130948,30
36976,4.396488,20
36977,-0.241896,30
36978,1.29708,30
36979,3.280374,30
36980,4.222234,26
36981,3.25718,30
36982,3.228609,30
36983,3.920223,30
36984,1.290017,30
36985,3.316692,30
36986,3.182389,30
36987,3.288151,30
36988,3.179482,30
36989,3.449152,30
36990,3.364929,30
36991,3.09429,16
36992,3.314698,30
36993,1.385298,30
36994,3.38644,30
36995,3.394942,30
36996,3.859125,10
36997,4.191711,20
36998,2.198433,29
36999,3.321962,30
37000,4.335057,27
37001,1.976597,30
37002,2.947052,24
37003,3.286739,30
37004,4.214856,29
37005,3.906418,28
37006,3.351748,15
37007,3.244024,30
37008,1.319525,30
37009,3.379942,30
37010,4.307923,14
37011,3.43411,17
37012,4.175946,17
37013,2.857344,30
37014,3.305454,30
37015,4.30769,19
37016,0.7125,14
37017,4.330042,22
37018,2.748788,11
37019,3.363465,30
37020,3.202506,30
37021,2.893683,12
37022,4.16126,24
37023,3.37773,30
37024,3.331495,30
37025,4.286006,28
37026,3.242931,30
37027,3.252298,30
37028,4.347754,23
37029,2.76446,29
37030,3.214843,30
37031,3.295295,30
37032,3.290258,30
37033,4.013985,19
37034,3.170721,30
37035,1.449405,30
37036,3.270465,30
37037,2.916547,30
37038,3.301202,30
37039,3.347271,30
37040,3.013134,30
37041,3.279979,30
37042,3.247814,30
37043,3.165544,30
37044,4.170053,21
37045,0.944987,24
37046,3.443124,30
37047,2.416985,18
37048,4.20617,27
37049,3.138798,30
37050,3.36283,30
37051,4.109443,24
37052,3.299235,30
37053,3.286059,30
37054,2.792697,16
37055,4.111799,26
37056,3.412194,30
37057,3.111079,22
37058,3.916891,15
37059,3.058524,30
37060,4.095074,12
37061,3.346897,30
37062,4.256584,25
37063,3.24762,30
37064,3.112335,30
37065,3.389054,30
37066,1.941875,30
37067,1.392696,30
37068,1.371842,30
37069,3.409661,30
37070,2.953507,23
37071,4.133008,22
37072,4.224582,20
37073,3.937058,29
37074,3.2999,30
37075,3.838864,30
37076,4.169688,17
37077,4.07202,30
37078,4.303834,23
37079,4.037517,28
37080,2.976677,14
37081,1.216523,30
37082,3.035273,26
37083,3.337168,30
37084,3.388038,30
37085,3.153354,24
37086,2.84724,24
37087,3.372091,30
37088,3.240923,30
37089,2.85488,30
37090,4.115992,16
37091,3.246392,30
37092,3.342529,30
37093,1.36991,30
37094,3.298707,30
37095,3.400476,30
37096,0.054293,30
37097,3.117013,30
37098,3.343955,30
37099,1.420369,30
37100,4.323739,22
37101,3.235391,30
37102,3.097386,30
37103,3.258606,30
37104,3.199964,30
37105,3.284261,30
37106,3.317286,30
37107,3.286786,30
37108,3.213995,30
37109,3.498768,22
37110,3.352436,30
37111,4.187972,23
37112,1.285063,30
37113,3.311248,30
37114,4.280291,25
37115,3.243667,30
37116,3.344202,30
37117,3.85398,26
37118,3.206949,30
37119,3.791873,26
37120,3.091608,30
37121,3.053958,30
37122,3.236514,30
37123,3.38298,30
37124,3.35409,30
37125,4.178469,23
37126,4.282822,18
37127,3.417374,30
37128,3.101344,30
37129,3.055504,12
37130,3.01344,13
37131,3.157618,30
37132,2.85347,12
37133,4.264847,20
37134,3.35638,30
37135,4.210044,27
37136,3.400837,30
37137,4.373897,22
37138,3.227775,30
37139,3.301853,30
37140,3.162613,30
37141,3.959753,14
37142,2.751227,30
37143,3.290269,30
37144,3.326116,30
37145,3.68348,23
37146,1.337782,30
37147,2.988203,15
37148,3.271988,30
37149,0.492984,30
37150,2.95132,30
37151,4.203022,27
37152,3.221295,30
37153,3.17605,30
37154,3.243052,30
37155,3.371974,30
37156,3.427781,30
37157,-0.040574,30
37158,2.910917,19
37159,3.427596,30
37160,3.031173,30
37161,3.374616,30
37162,4.333974,22
37163,4.086141,22
37164,3.419606,30
37165,3.295745,30
37166,3.354028,30
37167,2.31904,20
37168,2.853376,17
37169,3.745162,15
37170,4.185533,28
37171,3.270743,30
37172,1.406431,30
37173,3.426496,30
37174,3.942692,30
37175,1.3869,30
37176,3.320717,30
37177,1.463641,30
37178,3.211227,30
37179,4.27426,25
37180,3.231686,30
37181,3.266795,30
37182,1.173419,30
37183,3.394467,30
37184,3.219346,30
37185,3.237051,30
37186,2.346124,24
37187,2.691298,30
37188,3.240449,30
37189,4.015119,17
37190,-0.024855,30
37191,3.302044,30
37192,3.322025,30
37193,1.363855,30
37194,3.001487,16
37195,3.255281,30
37196,1.109975,30
37197,3.332458,30
37198,3.320644,30
37199,4.052059,22
37200,3.261105,30
37201,3.411868,30
37202,3.405424,30
37203,4.31046,24
37204,2.604814,30
37205,4.411697,27
37206,1.380961,30
37207,3.614593,19
37208,3.337527,30
37209,3.344389,30
37210,4.037166,11
37211,3.208785,30
37212,4.039169,30
37213,3.181653,30
37214,4.18056,25
37215,3.135003,30
37216,4.37963,23
37217,3.286299,30
37218,4.131669,23
37219,3.271371,30
37220,3.318851,30
37221,1.960096,30
37222,3.545082,17
37223,3.016516,14
37224,4.341713,24
37225,1.068624,30
37226,3.179424,30
37227,3.392663,30
37228,3.835316,15
37229,4.411611,26
37230,4.017471,19
37231,2.900051,30
37232,4.074976,20
37233,3.44617,30
37234,3.261018,30
37235,3.247021,30
37236,3.278964,30
37237,3.33982,30
37238,3.638119,21
37239,3.393467,30
37240,3.378154,30
37241,3.220393,30
37242,3.351133,30
37243,0.451632,18
37244,3.006166,30
37245,3.347734,30
37246,2.766949,30
37247,0.588392,13
37248,3.326713,30
37249,3.370863,30
37250,3.888772,28
37251,3.306081,30
37252,4.116352,17
37253,3.983561,24
37254,3.220237,30
37255,3.196435,23
37256,2.899858,30
37257,3.428642,30
37258,2.28568,29
37259,4.192767,27
37260,4.327053,27
37261,4.138574,13
37262,3.200481,30
37263,4.111167,14
37264,3.232801,30
37265,4.099313,23
37266,1.08123,30
37267,3.30608,30
37268,3.307419,30
37269,3.280974,30
37270,-0.551021,30
37271,3.009599,30
37272,4.086994,17
37273,3.324945,30
37274,3.911919,13
37275,3.367937,30
37276,4.112325,23
37277,3.12998,30
37278,3.083836,30
37279,3.336547,30
37280,1.161563,30
37281,4.253225,20
37282,3.073012,30
37283,3.129218,30
37284,3.262301,30
37285,3.269426,30
37286,4.355374,21
37287,3.948699,29
37288,3.044065,30
37289,4.278289,17
37290,3.38747,30
37291,3.43351,30
37292,3.395468,30
37293,3.399486,30
37294,3.026424,30
37295,3.356381,30
37296,3.410449,30
37297,4.014414,29
37298,3.749348,17
37299,3.278529,30
37300,4.14954,15
37301,1.36737,30
37302,3.401627,30
37303,3.259483,30
37304,4.099013,22
37305,3.265099,30
37306,3.338184,30
37307,4.325275,17
37308,3.325967,30
37309,3.28329,30
37310,3.335401,30
37311,3.376262,30
37312,3.051301,30
37313,4.037006,21
37314,3.419367,30
37315,1.712515,19
37316,3.31281,30
37317,3.656782,18
37318,3.437058,30
37319,3.343349,30
37320,3.884763,28
37321,3.12608,30
37322,3.226973,30
37323,3.221545,30
37324,3.157349,30
37325,3.205317,30
37326,4.01222,27
37327,3.296743,30
37328,3.705762,25
37329,1.204974,30
37330,3.238876,30
37331,2.904586,25
37332,0.440552,30
37333,3.23101,30
37334,3.383886,30
37335,2.837984,30
37336,2.878003,16
37337,1.21107,30
37338,4.23633,15
37339,3.38293,30
37340,3.234456,30
37341,2.510339,30
37342,4.056388,19
37343,3.422706,30
37344,4.090183,28
37345,2.859186,17
37346,3.397666,30
37347,4.237449,23
37348,1.400563,30
37349,3.402837,30
37350,4.310015,17
37351,1.314282,30
37352,2.830043,11
37353,4.34785,26
37354,3.309551,30
37355,3.330895,30
37356,2.078673,26
37357,3.931072,29
37358,-0.685135,30
37359,3.05682,30
37360,3.361901,30
37361,4.107168,22
37362,3.822575,29
37363,3.42124,30
37364,3.158417,30
37365,3.440874,30
37366,3.192911,30
37367,3.216309,30
37368,3.458212,30
37369,3.358054,30
37370,3.291174,30
37371,3.505644,15
37372,3.409354,30
37373,3.297435,30
37374,1.406818,30
37375,3.287268,19
37376,4.290316,23
37377,3.961117,24
37378,3.259997,30
37379,3.100713,30
37380,1.2542,30
37381,1.308374,30
37382,3.374938,30
37383,4.149699,18
37384,4.157691,30
37385,1.089844,30
37386,3.240924,30
37387,4.437531,24
37388,3.769571,14
37389,3.232447,30
37390,1.9997,30
37391,3.211164,30
37392,3.321083,30
37393,4.394048,24
37394,3.340166,30
37395,3.355635,30
37396,2.513654,30
37397,4.142757,23
37398,1.812203,30
37399,2.571294,17
37400,3.401515,30
37401,2.955565,29
37402,3.182612,30
37403,4.377407,22
37404,4.221477,22
37405,4.144244,27
37406,3.082779,30
37407,3.335793,30
37408,3.381481,30
37409,3.967884,23
37410,3.145947,12
37411,3.291376,30
37412,1.747272,25
37413,3.238399,30
37414,3.264645,30
37415,3.184216,30
37416,3.286876,30
37417,3.355548,30
37418,3.908104,29
37419,2.95364,17
37420,4.243376,26
37421,2.18154,30
37422,3.391101,30
37423,3.182878,30
37424,3.177541,30
37425,3.992773,24
37426,1.491718,30
37427,4.116893,21
37428,3.309435,30
37429,3.224348,30
37430,3.98761,20
37431,1.974064,30
37432,4.040926,29
37433,2.754011,30
37434,3.35041,30
37435,2.210492,30
37436,3.166768,30
37437,3.393967,21
37438,3.367353,30
37439,3.390114,30
37440,-0.719216,30
37441,3.23077,30
37442,3.243134,30
37443,2.157746,30
37444,3.365051,30
37445,3.33058,30
37446,3.947482,17
37447,3.368629,30
37448,3.276553,30
37449,4.267395,28
37450,3.478667,17
37451,3.403005,30
37452,2.968181,23
37453,3.381939,30
37454,0.519098,18
37455,3.183062,30
37456,4.096217,30
37457,3.364687,30
37458,4.107903,24
37459,3.056912,12
37460,3.350088,30
37461,3.354911,30
37462,3.171912,30
37463,3.647162,27
37464,3.161163,30
37465,2.688106,16
37466,3.039146,25
37467,4.194425,23
37468,3.163901,30
37469,3.245461,30
37470,3.137764,30
37471,3.042229,24
37472,2.122913,30
37473,3.958977,19
37474,4.011399,30
37475,3.4454,30
37476,3.227024,30
37477,3.455582,30
37478,2.054647,30
37479,3.378392,30
37480,3.430467,30
37481,3.280278,30
37482,3.36975,30
37483,4.09704,20
37484,4.193869,24
37485,2.108777,30
37486,2.726455,30
37487,3.866602,30
37488,4.227625,29
37489,1.375972,30
37490,3.199484,30
37491,3.375298,30
37492,3.189156,30
37493,1.244342,30
37494,3.564045,24
37495,3.198031,30
37496,1.289606,30
37497,2.071098,30
37498,0.920538,30
37499,3.389902,14
37500,4.382063,26
37501,3.027719,30
37502,3.677525,18
37503,3.3126,30
37504,4.279821,23
37505,3.412171,30
37506,3.150998,30
37507,3.307943,30
37508,3.33729,30
37509,2.024675,30
37510,4.190427,17
37511,4.085485,26
37512,3.32847,30
37513,4.213517,20
37514,4.051467,25
37515,3.383207,30
37516,4.349721,23
37517,3.032123,21
37518,3.148575,12
37519,3.862711,15
37520,3.219147,30
37521,-0.204965,20
37522,3.047768,25
37523,3.384617,30
37524,4.415811,25
37525,3.372654,30
37526,3.347383,30
37527,4.1029,18
37528,3.323335,30
37529,3.345118,30
37530,1.197228,30
37531,3.447114,24
37532,3.143371,30
37533,3.164497,30
37534,3.235923,30
37535,3.321328,30
37536,3.262929,30
37537,4.052148,17
37538,4.258947,16
37539,3.12021,23
37540,3.308405,30
37541,3.831944,24
37542,3.820202,12
37543,3.209872,30
37544,3.309943,30
37545,4.137846,28
37546,4.095188,21
37547,4.041665,14
37548,3.249057,30
37549,2.395685,19
37550,4.003885,17
37551,3.403211,30
37552,4.166727,22
37553,4.24946,26
37554,1.328803,30
37555,3.145536,30
37556,2.803553,18
37557,4.178491,20
37558,3.276619,30
37559,2.038149,30
37560,3.328768,30
37561,0.772399,11
37562,3.266224,30
37563,3.282925,30
37564,3.276361,30
37565,3.366347,30
37566,3.049479,13
37567,-0.796717,30
37568,2.673554,13
37569,3.336929,30
37570,4.218479,17
37571,3.412055,30
37572,4.303482,18
37573,1.389188,30
37574,1.723843,19
37575,3.549872,23
37576,4.174249,19
37577,3.241136,30
37578,3.699199,15
37579,3.13916,30
37580,3.198056,30
37581,3.384419,30
37582,3.210253,30
37583,4.082008,21
37584,2.04057,30
37585,2.488624,18
37586,2.618007,30
37587,3.342779,30
37588,3.440982,30
37589,4.04288,16
37590,4.105723,23
37591,4.002267,15
37592,3.3888,19
37593,3.426617,30
37594,3.39281,30
37595,2.568494,13
37596,3.351814,30
37597,3.341393,30
37598,3.24018,30
37599,3.349191,30
37600,3.189838,30
37601,3.265611,30
37602,1.383034,30
37603,3.985291,26
37604,3.18132,30
37605,3.170346,30
37606,3.222656,30
37607,3.293329,30
37608,4.109348,27
37609,3.205751,30
37610,3.254006,30
37611,3.20954,30
37612,4.30436,23
37613,4.35413,26
37614,3.190097,30
37615,4.297611,27
37616,3.346597,30
37617,3.282619,30
37618,3.390236,30
37619,3.353993,30
37620,3.387727,30
37621,3.270178,30
37622,4.301468,26
37623,-0.505412,18
37624,3.406903,30
37625,4.078651,16
37626,3.407961,30
37627,4.272314,29
37628,1.885541,30
37629,4.213989,23
37630,3.283927,30
37631,2.033782,30
37632,3.18865,30
37633,3.800761,18
37634,3.342254,30
37635,4.116631,28
37636,2.729511,30
37637,3.151169,30
37638,3.045816,30
37639,1.311211,30
37640,2.95517,30
37641,4.01987,25
37642,3.260967,30
37643,1.927695,30
37644,3.398815,30
37645,3.450826,30
37646,1.979816,30
37647,4.007686,17
37648,3.447043,26
37649,3.277558,30
37650,2.782995,19
37651,1.323019,30
37652,1.93464,19
37653,2.918081,17
37654,2.9559,30
37655,3.397103,30
37656,3.310647,30
37657,0.206431,30
37658,3.224679,30
37659,3.172478,30
37660,4.000197,30
37661,2.975091,20
37662,3.259266,30
37663,-0.046463,30
37664,2.257892,30
37665,3.269717,30
37666,1.367805,30
37667,3.262545,30
37668,3.216841,30
37669,1.726242,30
37670,1.106397,30
37671,3.390475,30
37672,3.374011,30
37673,3.418732,30
37674,3.300516,30
37675,3.949307,30
37676,3.291703,30
37677,4.177827,21
37678,2.902827,19
37679,0.764622,30
37680,4.114894,23
37681,3.312996,19
37682,3.259427,30
37683,2.886395,13
37684,3.275883,30
37685,1.261234,30
37686,4.254248,17
37687,3.274293,30
37688,4.163466,29
37689,4.260874,15
37690,3.310514,30
37691,3.026003,30
37692,1.194618,30
37693,3.14695,30
37694,3.463129,14
37695,-2.228567,30
37696,4.322495,20
37697,4.268642,25
37698,3.358614,30
37699,3.412775,30
37700,4.160643,30
37701,3.244198,30
37702,1.414213,30
37703,1.06864,26
37704,3.423689,30
37705,2.568825,30
37706,3.325036,30
37707,3.376522,30
37708,4.337557,25
37709,3.412538,30
37710,3.98934,27
37711,1.996407,26
37712,3.240847,30
37713,3.325276,30
37714,1.824283,30
37715,3.261371,30
37716,4.037732,14
37717,1.188001,30
37718,3.981066,18
37719,1.327075,30
37720,3.108554,16
37721,3.440594,30
37722,3.399294,30
37723,3.210722,30
37724,3.039825,14
37725,-0.753349,30
37726,4.354095,21
37727,3.35667,30
37728,3.342652,30
37729,1.32348,30
37730,4.006694,30
37731,3.316784,30
37732,4.229765,23
37733,3.339428,30
37734,4.099594,17
37735,2.301176,24
37736,3.006761,30
37737,3.26473,30
37738,1.395865,17
37739,1.413304,30
37740,3.250484,30
37741,3.354736,30
37742,2.10567,30
37743,2.316838,21
37744,3.18577,30
37745,0.147577,30
37746,3.309028,30
37747,3.267164,30
37748,4.088025,23
37749,3.345362,30
37750,3.395644,30
37751,4.101227,26
37752,3.202214,30
37753,4.223037,22
37754,3.196002,30
37755,3.273966,30
37756,0.989335,13
37757,3.269849,30
37758,3.886443,27
37759,1.284376,30
37760,1.315877,30
37761,3.211647,30
37762,2.312146,30
37763,3.29342,30
37764,3.321207,30
37765,3.327996,30
37766,3.055259,12
37767,3.231096,30
37768,1.374405,30
37769,1.127004,30
37770,4.209199,28
37771,4.202365,19
37772,3.2833,30
37773,3.444623,30
37774,3.147613,30
37775,3.185739,30
37776,4.365857,22
37777,4.353208,29
37778,4.182131,15
37779,1.135977,30
37780,4.0911,18
37781,3.061662,30
37782,4.335456,23
37783,4.321627,20
37784,3.249294,30
37785,4.285662,28
37786,3.836189,28
37787,1.317881,30
37788,1.236952,30
37789,3.281145,30
37790,3.370162,21
37791,0.949585,30
37792,3.291109,30
37793,4.231214,22
37794,2.845339,19
37795,3.028569,12
37796,3.317954,30
37797,4.122412,18
37798,3.551646,17
37799,3.242165,30
37800,4.553807,26
37801,3.141553,30
37802,3.349895,30
37803,2.992096,30
37804,4.307259,22
37805,2.019072,30
37806,3.367511,30
37807,1.35727,30
37808,3.194553,30
37809,3.276693,30
37810,3.194964,30
37811,3.624782,19
37812,3.43954,30
37813,3.464985,30
37814,1.142246,30
37815,3.145928,30
37816,0.88031,23
37817,3.295945,30
37818,4.2467,26
37819,1.768207,30
37820,3.434879,30
37821,3.375747,30
37822,4.34769,15
37823,3.207465,21
37824,3.335795,30
37825,3.249483,30
37826,3.194922,30
37827,3.124908,17
37828,4.433572,25
37829,1.241378,30
37830,3.327318,30
37831,2.838109,30
37832,3.040794,30
37833,2.892559,11
37834,0.630353,30
37835,3.141559,30
37836,3.356629,30
37837,4.027349,16
37838,1.970823,17
37839,3.392484,30
37840,4.30583,23
37841,3.10608,30
37842,3.440058,30
37843,2.162013,30
37844,3.399265,30
37845,4.177,27
37846,4.394549,22
37847,3.386926,30
37848,4.312323,26
37849,3.116535,20
37850,4.15961,25
37851,4.311256,20
37852,2.591817,13
37853,3.69843,30
37854,2.156742,30
37855,3.231968,30
37856,3.437177,30
37857,4.273365,17
37858,3.400764,30
37859,3.243808,30
37860,3.154757,30
37861,2.719229,16
37862,2.017011,30
37863,2.985868,30
37864,3.995247,18
37865,3.107176,30
37866,3.417615,30
37867,4.041591,18
37868,2.963232,30
37869,4.267327,29
37870,2.851533,29
37871,3.306301,30
37872,3.213388,30
37873,4.121293,21
37874,3.130002,30
37875,4.322423,19
37876,4.171566,19
37877,3.230592,30
37878,2.671177,30
37879,3.595579,17
37880,3.220809,30
37881,3.296454,30
37882,3.413049,30
37883,1.244645,30
37884,2.261936,25
37885,2.840942,13
37886,3.345133,30
37887,3.321502,30
37888,4.360407,23
37889,3.26645,30
37890,4.017886,25
37891,2.657331,23
37892,3.113302,30
37893,-1.210674,22
37894,3.282244,30
37895,3.419602,30
37896,2.295848,22
37897,3.259487,30
37898,2.819353,24
37899,3.717291,23
37900,1.090016,30
37901,3.202678,30
37902,2.002379,30
37903,4.178635,26
37904,3.33743,30
37905,3.37991,30
37906,3.367446,30
37907,3.29926,30
37908,3.341966,30
37909,2.170912,30
37910,1.302028,30
37911,3.451048,30
37912,3.36811,30
37913,3.20691,30
37914,4.021936,24
37915,4.182124,17
37916,2.115488,30
37917,3.005527,30
37918,4.231408,13
37919,4.290604,26
37920,3.449811,30
37921,4.144891,18
37922,3.390392,30
37923,3.179468,30
37924,4.177764,28
37925,3.531544,17
37926,3.23723,30
37927,3.282746,30
37928,3.921899,14
37929,3.207854,30
37930,3.337117,30
37931,4.436904,23
37932,4.204473,19
37933,3.264118,30
37934,3.207037,30
37935,3.141545,30
37936,4.168003,29
37937,3.624424,17
37938,-2.071871,30
37939,3.351498,30
37940,3.195603,30
37941,3.283587,30
37942,3.315099,30
37943,4.095733,29
37944,3.431443,27
37945,3.324987,30
37946,3.641741,28
37947,2.749116,30
37948,1.081442,30
37949,3.040428,30
37950,3.965869,17
37951,4.202608,15
37952,3.280389,30
37953,4.121203,13
37954,3.420209,30
37955,3.266983,30
37956,3.263737,30
37957,2.888877,30
37958,3.052296,24
37959,2.079701,23
37960,3.331629,30
37961,1.467678,30
37962,3.095852,23
37963,3.234755,30
37964,4.314558,16
37965,3.865823,13
37966,3.07981,16
37967,3.283644,30
37968,3.964108,14
37969,3.157192,11
37970,3.266105,30
37971,2.538914,18
37972,4.206829,24
37973,2.134841,16
37974,3.035161,30
37975,2.019562,30
37976,1.941155,30
37977,0.016844,30
37978,3.411572,30
37979,-0.225613,30
37980,3.954067,30
37981,3.410621,30
37982,3.958173,15
37983,3.250434,30
37984,3.325297,30
37985,2.870671,19
37986,-2.646097,18
37987,3.499941,14
37988,3.399463,30
37989,3.121837,30
37990,3.775018,30
37991,3.209905,30
37992,0.70348,13
37993,3.966636,27
37994,4.004236,30
37995,2.996672,30
37996,3.361117,30
37997,2.820553,12
37998,3.212215,30
37999,3.249654,30
38000,3.308452,30
38001,3.322113,30
38002,3.221227,30
38003,4.028079,30
38004,4.193918,13
38005,3.240251,30
38006,4.305496,24
38007,4.322435,24
38008,3.16507,30
38009,3.232556,30
38010,3.877073,16
38011,2.787041,30
38012,3.123472,30
38013,3.360661,30
38014,2.762414,14
38015,-1.380486,21
38016,3.703946,16
38017,3.291653,30
38018,3.727992,15
38019,3.335729,30
38020,1.317805,30
38021,4.20973,15
38022,4.159802,20
38023,2.884126,16
38024,4.221977,25
38025,3.155559,30
38026,4.083616,22
38027,1.334755,30
38028,3.355535,30
38029,3.291485,30
38030,2.939073,12
38031,-0.596935,30
38032,3.01609,16
38033,1.499327,18
38034,4.377062,16
38035,3.005938,30
38036,4.388067,23
38037,3.187106,30
38038,3.216855,30
38039,3.162457,30
38040,1.42817,30
38041,3.03469,15
38042,-0.197402,30
38043,4.272977,16
38044,3.106479,30
38045,3.867987,17
38046,4.056626,28
38047,3.223624,30
38048,3.196832,30
38049,3.2207,30
38050,3.408586,30
38051,3.337918,30
38052,3.381574,30
38053,3.366783,30
38054,3.4101,30
38055,3.194949,30
38056,3.432163,30
38057,4.32692,25
38058,3.145991,30
38059,3.3709,30
38060,3.058394,30
38061,4.392091,29
38062,3.236224,30
38063,3.104672,30
38064,3.430441,30
38065,3.111174,30
38066,4.025027,18
38067,3.181823,30
38068,1.172202,30
38069,4.225329,19
38070,3.258598,30
38071,3.23724,30
38072,3.246643,30
38073,3.401789,30
38074,2.999191,30
38075,3.343367,30
38076,3.214061,30
38077,2.921213,30
38078,3.077775,30
38079,3.169699,30
38080,3.323572,30
38081,3.363332,30
38082,0.11407,30
38083,2.025917,30
38084,3.238786,30
38085,3.155203,30
38086,4.133418,16
38087,2.699056,30
38088,4.264633,22
38089,3.193432,30
38090,3.976074,23
38091,4.296831,18
38092,4.062731,18
38093,3.857936,28
38094,3.387624,30
38095,3.371373,30
38096,3.420705,30
38097,3.162638,30
38098,4.184056,19
38099,2.970079,30
38100,2.273461,17
38101,3.340335,30
38102,1.384761,30
38103,3.416388,30
38104,2.681894,15
38105,3.31377,30
38106,1.793168,30
38107,1.064504,13
38108,2.967008,30
38109,3.082983,15
38110,4.296285,17
38111,3.987118,13
38112,3.360031,30
38113,3.296136,30
38114,4.299646,24
38115,3.426423,30
38116,4.229184,24
38117,3.346985,30
38118,3.12613,30
38119,3.146965,30
38120,3.97461,20
38121,3.188101,30
38122,3.366022,30
38123,3.405906,30
38124,2.980977,30
38125,2.264444,18
38126,3.012112,19
38127,3.188587,30
38128,2.935111,19
38129,2.610096,30
38130,3.234286,30
38131,3.666603,18
38132,3.365055,30
38133,3.974728,20
38134,3.985811,23
38135,2.889102,24
38136,1.157705,30
38137,3.408574,30
38138,3.219659,30
38139,1.227564,30
38140,3.382442,30
38141,3.178031,30
38142,4.049042,26
38143,3.324523,30
38144,3.089564,20
38145,2.730295,12
38146,4.232056,16
38147,2.765295,30
38148,3.142533,30
38149,3.020778,21
38150,3.206321,30
38151,2.026767,30
38152,3.297965,30
38153,2.870127,16
38154,2.967246,17
38155,3.190199,30
38156,3.314527,30
38157,4.277605,28
38158,3.389741,30
38159,4.082851,29
38160,4.220063,22
38161,3.392339,30
38162,4.36799,23
38163,1.453892,30
38164,3.405533,30
38165,3.558264,18
38166,3.17271,30
38167,3.109843,30
38168,3.241868,30
38169,4.060513,28
38170,3.251034,30
38171,3.036734,30
38172,3.15712,30
38173,1.634546,13
38174,3.344091,30
38175,3.737138,20
38176,3.139614,30
38177,4.074751,26
38178,4.196932,21
38179,3.20611,30
38180,3.483521,24
38181,3.402888,30
38182,3.360511,30
38183,4.300654,17
38184,4.16035,29
38185,3.592282,20
38186,4.175831,22
38187,3.3368,30
38188,3.319018,30
38189,3.308145,30
38190,3.40124,30
38191,1.319727,30
38192,3.004727,30
38193,1.38381,30
38194,1.34994,30
38195,2.335283,30
38196,3.051269,18
38197,2.047172,30
38198,3.378826,30
38199,3.15069,30
38200,3.23778,30
38201,2.023434,30
38202,3.226677,30
38203,4.098514,23
38204,4.091776,14
38205,3.311434,30
38206,1.875511,30
38207,3.391719,30
38208,3.1094,18
38209,2.756681,30
38210,1.738249,30
38211,3.22399,30
38212,4.168857,26
38213,3.975825,16
38214,3.329415,30
38215,4.3105,21
38216,4.291822,28
38217,4.238006,27
38218,3.023586,21
38219,2.911129,30
38220,3.082585,23
38221,3.324111,30
38222,4.251819,27
38223,3.1092,12
38224,4.103538,29
38225,3.345959,30
38226,3.277324,30
38227,3.139647,30
38228,3.216365,30
38229,2.049426,26
38230,3.332683,30
38231,-2.085885,30
38232,4.235383,26
38233,3.3317,30
38234,4.126586,18
38235,4.170138,22
38236,3.344612,30
38237,3.224891,30
38238,3.391929,30
38239,4.199846,21
38240,3.356364,30
38241,3.253587,30
38242,3.160246,30
38243,1.019927,30
38244,3.519839,13
38245,3.354921,30
38246,3.272968,30
38247,3.163739,30
38248,3.237068,30
38249,3.698343,27
38250,3.085865,30
38251,0.904715,21
38252,2.585944,30
38253,3.665528,24
38254,3.276895,30
38255,4.200743,18
38256,0.712249,27
38257,4.142468,20
38258,4.326276,17
38259,3.265396,30
38260,3.938127,25
38261,3.966611,25
38262,3.249135,30
38263,4.36228,22
38264,1.83552,30
38265,4.288955,20
38266,3.168081,30
38267,3.220338,30
38268,3.388675,30
38269,3.263117,30
38270,4.086629,23
38271,2.108603,30
38272,4.249545,19
38273,2.832068,22
38274,3.034032,16
38275,4.398209,25
38276,1.329396,30
38277,3.322595,30
38278,3.070618,30
38279,2.788628,30
38280,3.286651,30
38281,1.155599,30
38282,4.077896,27
38283,3.075299,25
38284,3.160785,30
38285,3.568347,18
38286,3.071227,20
38287,3.362078,30
38288,2.688615,21
38289,2.261883,18
38290,4.360192,20
38291,3.163505,30
38292,3.528144,22
38293,3.169771,30
38294,4.040793,28
38295,3.366104,30
38296,4.112616,23
38297,1.920699,30
38298,3.261196,30
38299,3.036091,30
38300,2.319894,30
38301,0.863401,24
38302,3.227034,30
38303,3.936416,26
38304,3.40599,30
38305,4.176485,18
38306,3.615104,22
38307,-0.251603,30
38308,1.326992,30
38309,2.821514,13
38310,4.253252,22
38311,4.383439,20
38312,3.017286,30
38313,4.191058,18
38314,3.907596,23
38315,2.551218,19
38316,0.611686,14
38317,3.637011,20
38318,3.156008,18
38319,1.215345,30
38320,3.284589,30
38321,3.000995,11
38322,4.163345,26
38323,4.257509,22
38324,1.733047,30
38325,3.885739,28
38326,3.356691,30
38327,3.396517,30
38328,3.030046,12
38329,3.208298,30
38330,3.283507,30
38331,2.729996,30
38332,3.021843,30
38333,3.26765,30
38334,3.364121,30
38335,4.335614,17
38336,2.925237,13
38337,4.251627,30
38338,3.451294,20
38339,3.350374,30
38340,3.392682,30
38341,3.374667,30
38342,2.731907,11
38343,1.043931,30
38344,3.234122,30
38345,3.180806,30
38346,4.056746,20
38347,3.264609,30
38348,4.211415,17
38349,2.164745,30
38350,1.839151,30
38351,4.153469,23
38352,3.298427,30
38353,3.211413,30
38354,3.033091,30
38355,3.405682,30
38356,3.164469,30
38357,4.10123,28
38358,3.315209,30
38359,4.448559,19
38360,3.008616,30
38361,3.392083,30
38362,3.374031,30
38363,4.255192,29
38364,2.740304,30
38365,3.381128,30
38366,4.130719,22
38367,4.19272,23
38368,3.284433,30
38369,4.146148,28
38370,3.3822,30
38371,3.332205,30
38372,3.338521,30
38373,3.346354,30
38374,3.223714,30
38375,2.023099,20
38376,3.075235,15
38377,4.013437,14
38378,4.373492,24
38379,2.153092,27
38380,3.342819,30
38381,3.24602,30
38382,3.919384,27
38383,3.053706,11
38384,3.119288,30
38385,3.376975,30
38386,3.302499,30
38387,2.787337,30
38388,3.111008,30
38389,2.453422,30
38390,3.3267,30
38391,3.541569,19
38392,1.333587,30
38393,3.572383,29
38394,4.283184,24
38395,4.078085,21
38396,1.225639,30
38397,3.350889,30
38398,4.268605,19
38399,2.074574,30
38400,1.312461,30
38401,3.244064,30
38402,2.530817,30
38403,3.338773,30
38404,3.318908,30
38405,1.72256,30
38406,3.249914,30
38407,3.334764,30
38408,0.464394,30
38409,3.310513,30
38410,4.051073,26
38411,1.414418,30
38412,3.167609,30
38413,2.671495,11
38414,3.302754,30
38415,4.211911,30
38416,1.374805,30
38417,3.24358,30
38418,4.086457,26
38419,4.322936,27
38420,2.187759,30
38421,1.997463,30
38422,3.443828,30
38423,1.875946,10
38424,3.231133,30
38425,3.40948,30
38426,3.405061,30
38427,3.451931,15
38428,3.180272,30
38429,3.363426,30
38430,3.123907,30
38431,3.136499,30
38432,3.329415,30
38433,4.125728,26
38434,3.367847,30
38435,3.327579,30
38436,1.291796,30
38437,3.374127,30
38438,4.34505,25
38439,4.321869,22
38440,3.126496,30
38441,2.550867,23
38442,4.319503,21
38443,3.037609,20
38444,3.68546,28
38445,3.120924,30
38446,3.341898,30
38447,2.030343,30
38448,1.817794,30
38449,4.153993,19
38450,4.075868,28
38451,3.35011,30
38452,3.335399,30
38453,3.408718,30
38454,-0.001087,30
38455,3.22033,30
38456,2.21989,30
38457,2.138712,30
38458,3.308708,30
38459,3.222282,30
38460,3.286032,30
38461,3.227516,30
38462,3.234221,30
38463,3.29227,30
38464,3.353027,30
38465,3.014972,12
38466,2.15645,18
38467,3.27166,30
38468,3.309719,30
38469,4.158185,26
38470,3.113034,30
38471,1.892624,30
38472,4.103482,15
38473,3.265614,30
38474,1.280356,30
38475,0.968364,30
38476,0.756876,19
38477,1.239847,30
38478,3.308218,30
38479,3.366947,30
38480,2.858452,13
38481,3.18444,30
38482,4.195228,14
38483,3.368739,30
38484,3.307739,30
38485,3.222399,30
38486,1.948232,30
38487,2.681519,12
38488,0.609182,30
38489,3.117474,30
38490,3.869002,22
38491,3.373271,30
38492,3.345183,30
38493,3.371985,30
38494,2.863833,15
38495,3.144435,30
38496,3.993854,28
38497,2.9483,11
38498,2.697035,21
38499,3.087068,29
38500,3.40103,30
38501,3.098681,13
38502,3.019799,30
38503,1.388301,30
38504,4.135628,19
38505,4.043549,25
38506,3.332358,30
38507,3.3602,30
38508,3.101107,20
38509,0.924198,30
38510,-0.768962,30
38511,3.2574,30
38512,3.260902,30
38513,4.333441,14
38514,3.157829,30
38515,3.404096,30
38516,3.268506,30
38517,4.063881,13
38518,3.215039,30
38519,3.381131,30
38520,3.080803,18
38521,3.714625,15
38522,-0.356082,15
38523,3.252012,30
38524,3.162442,30
38525,3.158354,30
38526,3.344466,30
38527,4.27436,27
38528,3.242239,30
38529,3.716406,19
38530,3.943702,22
38531,2.929943,17
38532,2.299898,30
38533,4.233434,15
38534,3.238596,30
38535,3.351247,30
38536,4.266922,24
38537,3.601293,21
38538,3.212504,30
38539,3.125577,30
38540,3.305694,30
38541,4.089643,21
38542,4.09073,14
38543,2.930342,28
38544,3.230991,30
38545,3.293831,30
38546,4.136518,25
38547,2.957748,17
38548,3.215506,30
38549,4.276655,30
38550,3.392366,30
38551,4.17213,19
38552,4.292855,29
38553,1.394415,30
38554,1.756634,11
38555,4.124122,24
38556,3.256038,30
38557,3.226028,30
38558,0.860545,30
38559,3.287665,30
38560,3.166004,30
38561,1.349932,30
38562,3.737095,16
38563,3.399539,30
38564,-0.699468,30
38565,3.272342,30
38566,3.274939,30
38567,3.338633,30
38568,2.849102,27
38569,3.254513,30
38570,4.334448,22
38571,3.444874,30
38572,3.283629,30
38573,4.324179,25
38574,3.356053,30
38575,4.097677,26
38576,4.184745,24
38577,3.116345,17
38578,3.351994,30
38579,3.072536,30
38580,3.279206,30
38581,2.21092,30
38582,4.197063,24
38583,4.054116,15
38584,2.554112,30
38585,3.347018,30
38586,4.328111,19
38587,3.125944,21
38588,2.983825,14
38589,3.002571,23
38590,3.174381,30
38591,4.513392,26
38592,3.402103,30
38593,2.087888,30
38594,3.0784,18
38595,3.871856,17
38596,3.400012,30
38597,3.269654,30
38598,3.225034,30
38599,3.555676,21
38600,2.749543,29
38601,3.284484,30
38602,4.202881,30
38603,3.394698,30
38604,3.391339,30
38605,2.01271,30
38606,1.249401,30
38607,3.447134,30
38608,-0.640429,30
38609,4.263593,25
38610,2.113231,30
38611,3.231684,30
38612,3.390462,30
38613,3.346876,30
38614,3.294297,30
38615,3.312991,30
38616,3.262092,30
38617,3.208836,30
38618,3.240703,30
38619,3.283902,30
38620,3.346918,30
38621,3.328879,30
38622,3.19781,30
38623,1.188643,30
38624,3.695822,14
38625,3.268781,30
38626,3.289876,30
38627,4.276635,28
38628,2.934005,19
38629,3.046939,30
38630,2.962566,13
38631,3.182711,30
38632,2.029292,30
38633,3.357601,30
38634,3.39239,30
38635,0.856323,19
38636,4.294353,16
38637,3.328025,30
38638,3.415677,30
38639,3.352106,30
38640,3.136524,18
38641,3.292556,30
38642,3.272027,30
38643,3.106701,15
38644,4.325039,20
38645,4.2568,14
38646,3.989645,16
38647,1.294599,30
38648,3.214209,30
38649,3.272752,30
38650,1.493563,15
38651,2.076418,30
38652,4.239362,25
38653,3.280552,30
38654,3.794718,16
38655,3.221696,30
38656,3.36658,30
38657,3.21498,30
38658,1.351683,30
38659,4.202219,20
38660,3.402,30
38661,3.951373,16
38662,3.896657,26
38663,4.152807,24
38664,3.119729,30
38665,3.307615,30
38666,3.338189,30
38667,2.889402,30
38668,3.325718,30
38669,3.619687,15
38670,3.672494,17
38671,3.251999,30
38672,1.271384,30
38673,3.136532,30
38674,4.000223,29
38675,3.260067,30
38676,3.319971,30
38677,3.205861,30
38678,2.015112,30
38679,3.359282,30
38680,3.386245,30
38681,3.239735,30
38682,4.021419,22
38683,4.250561,25
38684,3.262775,30
38685,4.125209,15
38686,2.66929,30
38687,3.397261,30
38688,2.099843,30
38689,2.142453,16
38690,1.289569,30
38691,3.385265,30
38692,3.136512,30
38693,3.932964,16
38694,2.029374,30
38695,4.340014,16
38696,4.188896,25
38697,1.24033,30
38698,3.03002,22
38699,3.276934,30
38700,4.06637,18
38701,3.960519,22
38702,4.083483,30
38703,1.277582,30
38704,3.34426,30
38705,4.249045,30
38706,1.315117,30
38707,3.243796,30
38708,3.089448,30
38709,2.189789,30
38710,3.372425,30
38711,3.312209,30
38712,3.261389,30
38713,1.306429,30
38714,3.283112,30
38715,3.66149,15
38716,4.199008,16
38717,3.376251,30
38718,3.359931,30
38719,4.350209,27
38720,2.957424,30
38721,1.124831,30
38722,4.018032,28
38723,3.023231,13
38724,4.444263,23
38725,4.15525,17
38726,4.281895,28
38727,3.636943,14
38728,3.286119,30
38729,3.193314,30
38730,3.311743,30
38731,1.398393,30
38732,4.179922,29
38733,3.204598,16
38734,2.004582,30
38735,4.42744,23
38736,4.344362,25
38737,2.621243,28
38738,3.180995,30
38739,3.859093,30
38740,1.250908,30
38741,2.092929,16
38742,2.169457,30
38743,3.385023,30
38744,3.203143,30
38745,4.015263,18
38746,3.616152,24
38747,4.196747,25
38748,4.25711,17
38749,3.818025,30
38750,3.231142,30
38751,3.359158,30
38752,3.226258,30
38753,4.2206,24
38754,3.411447,30
38755,3.301451,30
38756,2.946799,17
38757,3.573232,29
38758,3.384461,30
38759,3.362335,30
38760,3.107425,30
38761,3.980654,28
38762,4.344615,21
38763,3.332752,30
38764,3.197613,30
38765,4.166087,13
38766,-0.640291,30
38767,4.193369,27
38768,4.025285,23
38769,3.402661,30
38770,2.939353,23
38771,3.212011,30
38772,3.201131,30
38773,4.227177,21
38774,3.414446,30
38775,3.398709,30
38776,3.041537,16
38777,2.990758,15
38778,3.169614,30
38779,3.198576,30
38780,2.835697,30
38781,1.246814,30
38782,4.272937,28
38783,3.681438,30
38784,2.081468,30
38785,2.021785,30
38786,4.097791,21
38787,1.222217,30
38788,3.415445,30
38789,1.801297,16
38790,4.195191,27
38791,3.317332,30
38792,2.948213,20
38793,1.367012,30
38794,3.343991,30
38795,3.827006,25
38796,3.940799,21
38797,3.291643,30
38798,3.302951,30
38799,4.24162,20
38800,3.37944,30
38801,3.232872,30
38802,3.352925,30
38803,3.229732,30
38804,4.16636,26
38805,2.152536,30
38806,4.197496,19
38807,4.038731,27
38808,4.227708,19
38809,3.185216,30
38810,4.136325,20
38811,2.772769,14
38812,3.458031,30
38813,3.247732,30
38814,3.130717,30
38815,3.581459,19
38816,4.208541,24
38817,3.355832,30
38818,3.658173,18
38819,3.255001,30
38820,2.111412,30
38821,2.036022,29
38822,3.321692,30
38823,4.185021,30
38824,4.139079,25
38825,-0.650056,30
38826,3.347909,30
38827,3.187063,30
38828,3.026245,30
38829,3.327962,30
38830,4.191895,25
38831,3.392136,30
38832,3.223836,30
38833,3.276891,30
38834,4.01544,26
38835,3.326173,30
38836,4.068077,17
38837,3.354054,30
38838,3.321147,30
38839,-0.244059,30
38840,2.336302,20
38841,3.285213,30
38842,1.815217,30
38843,4.033327,29
38844,3.327299,30
38845,3.390855,30
38846,2.177009,30
38847,3.420678,30
38848,4.108341,20
38849,3.237808,30
38850,3.401902,30
38851,3.288532,30
38852,4.035652,20
38853,3.191482,30
38854,3.163828,30
38855,3.338951,30
38856,1.349095,30
38857,4.190046,21
38858,3.651699,21
38859,3.036768,30
38860,3.849651,27
38861,4.318335,26
38862,3.396264,30
38863,2.088259,30
38864,3.436166,30
38865,2.244093,30
38866,3.218523,30
38867,4.028805,14
38868,3.449767,30
38869,3.425,30
38870,3.386171,30
38871,3.438405,30
38872,2.251556,19
38873,3.073675,17
38874,3.057847,12
38875,3.311965,30
38876,3.291867,30
38877,4.346424,22
38878,3.17939,30
38879,3.05336,14
38880,3.217145,30
38881,3.212566,30
38882,3.333,30
38883,3.184869,30
38884,3.39789,30
38885,4.165291,23
38886,4.317785,17
38887,3.250781,30
38888,3.346801,30
38889,3.31572,30
38890,2.4721,30
38891,2.827958,13
38892,2.982653,15
38893,3.284882,30
38894,4.350784,24
38895,3.343914,30
38896,1.362947,30
38897,3.274422,30
38898,1.39513,30
38899,3.249067,30
38900,3.236109,30
38901,3.03603,30
38902,3.4034,30
38903,3.16123,30
38904,3.419116,30
38905,3.358519,30
38906,1.179048,30
38907,3.165132,30
38908,0.663435,25
38909,4.134656,17
38910,3.52793,20
38911,3.337107,30
38912,4.156005,17
38913,3.192763,30
38914,3.33474,30
38915,3.415862,30
38916,3.290114,30
38917,4.09208,19
38918,3.433168,30
38919,3.160089,30
38920,2.021398,30
38921,4.167771,25
38922,3.437146,30
38923,2.998541,30
38924,3.329423,30
38925,3.38249,30
38926,4.275937,24
38927,1.034728,16
38928,1.22336,30
38929,3.376006,30
38930,4.146889,20
38931,3.264249,30
38932,3.400574,30
38933,3.28413,30
38934,3.62843,18
38935,3.427811,30
38936,3.273814,30
38937,4.370991,21
38938,3.390481,30
38939,0.079131,30
38940,3.733849,22
38941,1.232137,30
38942,4.156658,29
38943,4.267856,22
38944,3.369187,30
38945,3.313283,30
38946,3.282117,30
38947,3.158095,30
38948,4.014997,23
38949,3.382445,30
38950,1.647938,11
38951,3.146431,30
38952,4.205949,16
38953,3.242836,30
38954,3.46198,19
38955,3.325557,30
38956,-2.550492,11
38957,3.402873,30
38958,1.808251,28
38959,3.324227,30
38960,3.435782,30
38961,2.192787,28
38962,4.123496,30
38963,3.939556,27
38964,3.126021,30
38965,3.213883,30
38966,3.228227,30
38967,3.40364,30
38968,1.376045,30
38969,3.311272,30
38970,2.984941,17
38971,3.102286,23
38972,3.295395,30
38973,3.212769,30
38974,3.230752,30
38975,2.647691,30
38976,3.626275,22
38977,2.908332,30
38978,3.28181,30
38979,3.360026,30
38980,1.405976,30
38981,3.76351,18
38982,3.08849,30
38983,3.662352,17
38984,3.146332,30
38985,2.364629,30
38986,3.428737,30
38987,3.295266,30
38988,1.862264,30
38989,3.886452,29
38990,3.273998,30
38991,2.512356,30
38992,3.364425,30
38993,2.976348,30
38994,3.212994,30
38995,2.89095,30
38996,3.253355,30
38997,3.413345,30
38998,3.450031,30
38999,3.392332,30
39000,4.126213,14
39001,3.219121,30
39002,3.445059,30
39003,3.101809,17
39004,4.095349,16
39005,4.076917,24
39006,3.933947,20
39007,3.426631,30
39008,3.266313,30
39009,2.38923,30
39010,3.253943,30
39011,0.924543,21
39012,3.560624,15
39013,3.347622,30
39014,3.526988,18
39015,0.985729,19
39016,1.226593,30
39017,4.312074,25
39018,2.19961,30
39019,3.409859,30
39020,3.280331,30
39021,3.319126,30
39022,3.818212,28
39023,3.367031,30
39024,4.300114,25
39025,3.272599,30
39026,3.367704,30
39027,3.118709,30
39028,2.586318,30
39029,4.097387,26
39030,3.225337,30
39031,3.413757,30
39032,3.255805,14
39033,3.332138,30
39034,3.542415,19
39035,1.217537,30
39036,3.810479,29
39037,4.213269,20
39038,4.096557,24
39039,3.286481,30
39040,3.315457,30
39041,1.274924,30
39042,3.976777,25
39043,3.05082,30
39044,3.366709,30
39045,4.32875,23
39046,3.392069,30
39047,1.11073,30
39048,4.385557,17
39049,4.364504,20
39050,3.202607,30
39051,4.152099,25
39052,3.29948,30
39053,3.13325,30
39054,3.078532,23
39055,3.452239,30
39056,3.238946,30
39057,2.233643,24
39058,3.392958,30
39059,3.204195,30
39060,3.368562,30
39061,3.212825,30
39062,3.378867,30
39063,3.278201,30
39064,4.226959,26
39065,3.097298,30
39066,2.633907,22
39067,4.308975,16
39068,4.285194,17
39069,3.233766,30
39070,3.412151,30
39071,1.256399,30
39072,3.06636,20
39073,4.117049,17
39074,3.327517,30
39075,4.183157,18
39076,4.084879,29
39077,3.277192,30
39078,3.315993,30
39079,3.16633,30
39080,3.413975,30
39081,3.026677,30
39082,3.277996,30
39083,3.267743,30
39084,4.278331,21
39085,3.158817,11
39086,3.346235,30
39087,3.391431,30
39088,3.149003,30
39089,2.433569,30
39090,3.40458,30
39091,2.993428,11
39092,4.110114,20
39093,3.467478,16
39094,3.302906,30
39095,3.233707,30
39096,4.295805,29
39097,3.202887,30
39098,1.309781,30
39099,2.984777,12
39100,3.193856,30
39101,3.196513,30
39102,3.390697,30
39103,3.956646,28
39104,3.263387,30
39105,1.283246,30
39106,3.718117,14
39107,3.112107,30
39108,4.357867,26
39109,4.29844,27
39110,2.845584,19
39111,2.776023,13
39112,3.392296,30
39113,3.160902,30
39114,3.209825,30
39115,2.034793,15
39116,3.938432,21
39117,3.318162,30
39118,3.411979,30
39119,2.977331,12
39120,3.322911,30
39121,3.322943,30
39122,4.331354,26
39123,3.305201,30
39124,4.222027,18
39125,3.364616,30
39126,4.296607,26
39127,3.103722,15
39128,1.985639,30
39129,4.313203,20
39130,3.214659,30
39131,3.421642,30
39132,4.006561,21
39133,1.985028,30
39134,3.23956,30
39135,1.307128,30
39136,2.949315,19
39137,3.143093,30
39138,4.364109,16
39139,3.778224,14
39140,3.060222,26
39141,1.429363,30
39142,3.425814,30
39143,3.831466,13
39144,2.697006,30
39145,3.343336,30
39146,3.298048,30
39147,3.42791,30
39148,2.921445,30
39149,3.977066,19
39150,1.812887,30
39151,4.028654,18
39152,4.002597,19
39153,1.70257,22
39154,3.36512,30
39155,1.283504,30
39156,3.347869,30
39157,2.631024,18
39158,4.273336,13
39159,1.355342,30
39160,3.288436,30
39161,4.238212,23
39162,4.185329,27
39163,2.24849,27
39164,4.174371,19
39165,1.734015,22
39166,3.267958,30
39167,3.426428,30
39168,2.201951,18
39169,3.334858,17
39170,3.130261,30
39171,3.375399,30
39172,4.088428,17
39173,3.892813,28
39174,2.157207,30
39175,1.769901,30
39176,3.378214,30
39177,3.34653,30
39178,0.996331,30
39179,3.390575,30
39180,4.300376,19
39181,3.291358,30
39182,3.078005,11
39183,4.180392,19
39184,3.344394,30
39185,3.206816,30
39186,4.315768,22
39187,2.008273,30
39188,3.334357,30
39189,2.98059,12
39190,4.271905,27
39191,2.926735,27
39192,4.253951,21
39193,1.306036,30
39194,3.215533,30
39195,4.046545,27
39196,0.234749,29
39197,4.34707,24
39198,2.28075,23
39199,4.351625,16
39200,3.239951,30
39201,4.050168,18
39202,2.961315,22
39203,4.175919,15
39204,3.336627,30
39205,3.370275,30
39206,3.372254,30
39207,4.27123,20
39208,3.260708,30
39209,3.259649,30
39210,2.635582,30
39211,3.142787,30
39212,3.282615,30
39213,3.087156,20
39214,2.4598,20
39215,3.280233,30
39216,4.246097,26
39217,2.777295,13
39218,3.737135,15
39219,3.272928,30
39220,2.841619,18
39221,4.206242,24
39222,3.389526,30
39223,-0.018716,30
39224,4.341546,24
39225,4.218015,16
39226,2.15766,30
39227,3.414366,30
39228,3.325364,30
39229,3.344498,30
39230,4.115971,18
39231,2.934789,13
39232,3.178716,30
39233,3.294257,30
39234,4.346107,17
39235,4.208706,20
39236,3.316161,30
39237,1.338301,30
39238,3.217653,30
39239,1.365751,30
39240,4.123772,20
39241,2.08394,30
39242,3.194655,30
39243,3.398556,30
39244,4.168179,25
39245,3.419708,30
39246,3.183693,30
39247,2.905089,18
39248,2.830345,17
39249,4.194324,19
39250,1.874933,30
39251,3.350492,30
39252,3.383536,30
39253,4.005369,27
39254,3.210127,30
39255,3.212012,30
39256,3.396417,30
39257,3.446593,30
39258,3.399614,30
39259,3.112607,30
39260,2.822431,30
39261,4.24029,26
39262,3.37061,30
39263,3.353593,30
39264,1.578642,8
39265,3.893562,16
39266,3.443491,30
39267,4.020392,30
39268,4.543316,24
39269,1.033472,30
39270,3.152125,30
39271,2.987762,23
39272,4.224364,15
39273,3.228685,30
39274,3.022531,30
39275,2.980381,17
39276,1.317337,30
39277,3.160033,30
39278,3.963338,13
39279,3.253568,30
39280,4.097252,26
39281,3.754411,22
39282,4.285853,18
39283,3.268137,30
39284,4.243633,20
39285,3.022356,24
39286,3.980504,14
39287,1.43052,30
39288,3.233037,30
39289,3.320553,30
39290,3.151002,30
39291,3.118589,30
39292,3.171893,30
39293,3.404042,30
39294,4.353253,30
39295,3.246385,30
39296,4.297486,25
39297,4.002402,30
39298,3.431417,30
39299,3.26548,30
39300,4.354389,19
39301,3.398928,30
39302,4.195315,17
39303,2.998463,30
39304,2.85041,30
39305,3.243682,30
39306,4.002718,19
39307,4.201898,29
39308,3.085481,30
39309,3.288402,30
39310,4.112811,16
39311,3.322085,30
39312,4.193902,26
39313,3.320517,30
39314,3.239886,30
39315,3.401348,30
39316,3.471877,16
39317,3.4238,16
39318,3.42011,30
39319,3.033533,30
39320,3.257756,30
39321,3.390313,30
39322,3.185505,30
39323,3.328492,30
39324,2.978459,30
39325,-0.704336,30
39326,4.214116,29
39327,3.413732,30
39328,1.220678,30
39329,1.226582,30
39330,3.318991,30
39331,4.153961,27
39332,2.857572,15
39333,3.065739,30
39334,1.393181,30
39335,3.187581,30
39336,3.398776,30
39337,4.253291,21
39338,3.236706,30
39339,3.537388,15
39340,4.156935,28
39341,1.854738,30
39342,0.941442,26
39343,1.559776,22
39344,3.294643,30
39345,4.20291,27
39346,2.12425,30
39347,3.39246,30
39348,3.331904,30
39349,4.126469,20
39350,3.39217,30
39351,1.948987,30
39352,3.228175,30
39353,1.726121,11
39354,4.30418,20
39355,3.479171,24
39356,4.076881,17
39357,3.39079,30
39358,1.607016,30
39359,3.124524,30
39360,2.812698,30
39361,2.050386,30
39362,3.447892,30
39363,3.329776,30
39364,3.353733,30
39365,2.931835,30
39366,3.289737,30
39367,3.000772,21
39368,3.033682,26
39369,4.226094,14
39370,4.284061,18
39371,3.242459,30
39372,3.3664,30
39373,3.264673,30
39374,2.826327,12
39375,3.171447,30
39376,2.978589,30
39377,3.217025,30
39378,1.175952,30
39379,3.330284,30
39380,3.388784,30
39381,2.988945,30
39382,4.23934,24
39383,4.301601,18
39384,4.254862,25
39385,4.099766,29
39386,3.298883,12
39387,3.247561,30
39388,3.007133,13
39389,3.206418,30
39390,4.007656,19
39391,4.132246,30
39392,3.269202,30
39393,2.018829,30
39394,2.31576,30
39395,3.143378,30
39396,3.425409,30
39397,4.335464,24
39398,3.225741,30
39399,3.316734,30
39400,4.152065,20
39401,3.297534,30
39402,3.923765,17
39403,3.361902,30
39404,4.358345,24
39405,4.079528,28
39406,3.074839,25
39407,2.760453,18
39408,3.336614,30
39409,3.305598,30
39410,3.145056,30
39411,4.055198,23
39412,3.347198,30
39413,2.301076,25
39414,3.284328,30
39415,3.395749,30
39416,3.317062,30
39417,3.348246,30
39418,3.12671,30
39419,2.960602,16
39420,3.240798,30
39421,3.329862,30
39422,3.29434,30
39423,3.138453,30
39424,3.034656,18
39425,4.143595,27
39426,2.695536,30
39427,4.311336,20
39428,1.337697,30
39429,3.314194,30
39430,3.244007,30
39431,3.936137,27
39432,3.123722,30
39433,3.524897,22
39434,3.211154,30
39435,3.150336,30
39436,4.035913,28
39437,4.00186,28
39438,3.877898,24
39439,1.030027,30
39440,4.247267,18
39441,3.017644,30
39442,3.384907,30
39443,2.906034,30
39444,2.347568,30
39445,1.262379,30
39446,3.200082,30
39447,1.393055,30
39448,3.414053,30
39449,3.414235,30
39450,3.399579,30
39451,4.315274,24
39452,3.662421,26
39453,3.054077,30
39454,1.300645,30
39455,4.070516,30
39456,3.977143,29
39457,4.043054,24
39458,3.98542,17
39459,3.294785,30
39460,4.070855,26
39461,4.251171,19
39462,1.782269,13
39463,3.545714,17
39464,2.994069,16
39465,3.27592,30
39466,3.13559,30
39467,2.331983,30
39468,3.438396,30
39469,3.05648,30
39470,3.308565,30
39471,4.312274,18
39472,3.134688,30
39473,3.232737,30
39474,3.162975,30
39475,3.303083,30
39476,3.188563,30
39477,3.320575,30
39478,3.396029,30
39479,3.167655,30
39480,3.018148,30
39481,3.471952,20
39482,2.779119,30
39483,3.070797,30
39484,3.155079,30
39485,3.993834,21
39486,1.113022,30
39487,4.19189,29
39488,3.233168,30
39489,2.255908,20
39490,3.35481,30
39491,3.150297,30
39492,3.109051,30
39493,2.904806,19
39494,4.160543,25
39495,3.524679,20
39496,3.298462,30
39497,3.710866,29
39498,3.258429,30
39499,3.407184,30
39500,3.374562,30
39501,3.907954,15
39502,3.189305,16
39503,3.614027,22
39504,3.134032,30
39505,3.329564,30
39506,3.969671,26
39507,4.236351,27
39508,2.569504,30
39509,3.295508,30
39510,-0.794849,30
39511,3.123219,30
39512,3.138203,30
39513,1.187784,30
39514,4.109224,27
39515,3.21122,30
39516,3.287604,30
39517,3.6643,28
39518,3.312423,30
39519,3.308828,30
39520,3.170921,30
39521,3.91837,30
39522,3.290048,30
39523,3.290459,30
39524,4.146577,13
39525,3.280448,30
39526,2.913508,17
39527,3.342395,30
39528,1.497123,30
39529,3.108754,30
39530,3.383107,30
39531,3.376611,30
39532,3.300167,30
39533,3.289804,30
39534,3.148294,30
39535,3.074755,30
39536,4.206405,15
39537,2.304822,30
39538,2.209439,30
39539,4.58647,28
39540,2.168445,20
39541,3.198086,30
39542,1.049405,30
39543,3.39223,30
39544,3.250773,30
39545,2.007407,25
39546,4.062602,28
39547,3.267174,30
39548,3.374113,30
39549,2.881103,30
39550,4.181223,23
39551,1.287267,30
39552,3.31976,30
39553,2.1378,20
39554,4.426968,26
39555,4.310154,22
39556,3.322562,30
39557,3.281238,30
39558,1.937964,30
39559,4.260157,23
39560,3.244957,30
39561,3.165907,30
39562,3.249143,30
39563,3.281117,30
39564,1.28502,30
39565,4.074428,24
39566,3.349564,30
39567,3.3383,30
39568,3.440683,30
39569,3.290477,30
39570,3.072147,30
39571,2.589034,28
39572,4.117094,30
39573,4.167002,13
39574,-0.269153,30
39575,3.334537,30
39576,2.978518,30
39577,4.262276,28
39578,2.966377,11
39579,3.330213,30
39580,3.228574,30
39581,3.262678,30
39582,3.368298,30
39583,3.226636,30
39584,3.388958,13
39585,3.374104,30
39586,3.385532,30
39587,3.893683,26
39588,1.919451,30
39589,4.396411,22
39590,4.266165,29
39591,3.276581,30
39592,4.25381,26
39593,3.218623,30
39594,4.027978,22
39595,3.431083,30
39596,3.380454,30
39597,3.155098,30
39598,3.287586,30
39599,3.404961,30
39600,4.307553,25
39601,4.40194,22
39602,3.258661,30
39603,3.977505,20
39604,4.095142,26
39605,3.303972,30
39606,3.327018,30
39607,3.022872,29
39608,1.736724,14
39609,4.325923,23
39610,4.158384,27
39611,-0.612086,30
39612,3.14211,15
39613,4.181006,20
39614,3.279846,30
39615,3.340867,30
39616,2.98542,22
39617,3.021515,30
39618,3.610176,14
39619,4.195374,18
39620,3.29377,30
39621,3.566992,19
39622,0.998534,30
39623,2.523644,20
39624,3.994704,27
39625,2.769958,30
39626,4.317388,24
39627,4.136464,22
39628,3.372049,30
39629,2.165062,24
39630,3.275276,30
39631,2.609318,30
39632,4.311697,25
39633,3.200134,30
39634,3.193277,30
39635,4.212569,19
39636,3.61091,17
39637,1.38713,30
39638,3.249077,30
39639,3.800017,22
39640,4.280849,20
39641,3.29542,30
39642,3.211614,30
39643,3.181246,30
39644,3.393357,30
39645,3.398994,30
39646,3.05136,22
39647,4.100342,17
39648,3.204342,30
39649,3.288153,30
39650,3.070864,24
39651,3.094404,30
39652,3.243397,30
39653,3.380562,30
39654,4.367783,20
39655,0.101001,30
39656,3.248174,30
39657,3.326708,30
39658,4.266846,28
39659,3.291234,30
39660,3.697069,26
39661,4.271684,17
39662,2.826767,12
39663,1.443812,30
39664,4.060711,30
39665,3.38639,30
39666,2.687214,30
39667,2.781953,27
39668,1.15904,30
39669,3.257287,30
39670,1.60027,29
39671,3.211263,30
39672,3.316428,30
39673,3.255033,30
39674,3.425511,30
39675,3.040774,14
39676,3.376373,30
39677,3.275774,30
39678,3.11506,30
39679,3.275818,30
39680,3.227901,30
39681,2.920288,17
39682,2.931444,30
39683,3.043564,30
39684,3.966663,27
39685,3.320602,30
39686,4.31706,24
39687,3.335765,30
39688,2.862419,13
39689,3.507672,16
39690,4.019127,14
39691,3.255729,30
39692,3.061335,30
39693,4.240304,22
39694,4.213394,24
39695,3.221438,30
39696,3.074449,30
39697,2.76752,16
39698,3.299156,30
39699,3.266978,30
39700,3.242096,30
39701,3.429103,30
39702,3.380096,30
39703,4.103564,26
39704,3.193975,30
39705,3.390856,30
39706,3.4029,17
39707,3.326148,30
39708,3.433832,30
39709,2.883957,30
39710,2.904047,19
39711,3.098846,30
39712,3.323358,30
39713,3.374212,30
39714,1.325632,30
39715,4.431151,28
39716,3.375978,30
39717,3.229127,30
39718,3.229055,30
39719,3.354698,30
39720,3.318485,30
39721,1.802568,15
39722,3.032334,22
39723,3.341504,30
39724,3.349935,30
39725,4.25185,14
39726,3.325485,30
39727,3.391172,30
39728,3.359976,30
39729,1.240198,30
39730,3.138023,30
39731,1.950322,30
39732,3.402171,30
39733,3.25938,30
39734,3.580703,30
39735,1.940204,30
39736,3.298359,30
39737,3.421905,30
39738,1.014601,30
39739,3.240741,30
39740,3.26548,30
39741,4.238183,24
39742,3.170207,30
39743,3.26175,30
39744,3.431308,30
39745,3.238243,30
39746,4.116666,18
39747,2.726977,20
39748,3.919592,27
39749,4.074794,27
39750,3.321162,30
39751,3.220884,30
39752,1.174623,30
39753,4.323251,17
